/* generated by tools/gen_cjk_dict.py from jieba dict.txt */
/* do not edit by hand */
#ifndef WHALEUI_CJK_DICT_LITE_H
#define WHALEUI_CJK_DICT_LITE_H

struct CjkWordGroup { const char* head;
                     const char* const* tails; int count; };

static const char* const t0[] = {
    "\xE4\xB8\xAA",
    "\xE4\xBA\x9B",
    "\xE7\xA7\x8D",
    "\xE8\x88\xAC",
    "\xE5\xAE\x9A",
    "\xE6\xA0\xB7",
    "\xE6\xAC\xA1",
    "\xE7\x9B\xB4",
    "\xE5\x88\x87",
    "\xE5\xA3\xB0",
    "\xE8\xB5\xB7",
    "\xE7\x82\xB9",
    "\xE4\xB8\x8B",
    "\xE6\x9D\xA1",
    "\xE4\xBD\x8D",
    "\xE5\x8F\xA5",
    "\xE5\xA4\xA9",
    "\xE5\xB9\xB4",
    "\xE9\x98\xB5",
    "\xE8\xBE\xB9",
    "\xE5\x9D\x97",
    "\xE7\x89\x87",
    "\xE5\x8F\xAA",
    "\xE9\x9D\xA2",
    "\xE5\xBA\xA7",
    "\xE4\xBB\xB6",
    "\xE7\xBA\xA7",
    "\xE5\x9C\xBA",
    "\xE7\x9C\xBC",
    "\xE5\xBC\xA0",
    "\xE4\xB8\xAD",
    "\xE5\xAE\xB6",
    "\xE8\x87\xB4",
    "\xE6\x97\xB6",
    "\xE6\xAD\xA5",
    "\xE6\x97\xA6",
    "\xE9\x83\xA8\xE5\x88\x86",
    "\xE7\xB3\xBB\xE5\x88\x97",
    "\xE6\x8A\x8A",
    "\xE5\x90\x8D",
    "\xE5\x8D\x8A",
    "\xE6\xAE\xB5",
    "\xE6\x89\xB9",
    "\xE5\xB8\xA6",
    "\xE9\x81\x93",
    "\xE6\x94\xAF",
    "\xE9\xA1\xB5",
    "\xE5\x8F\xA3",
    "\xE4\xBB\xBD",
    "\xE7\x95\xAA",
    "\xE7\x94\x9F",
    "\xE5\xA4\xA7",
    "\xE4\xBC\x9A\xE5\x84\xBF",
    "\xE4\xBC\x9A",
    "\xE8\x82\xA1",
    "\xE9\x83\xA8",
    "\xE6\x96\xB9\xE9\x9D\xA2",
    "\xE8\xB7\xAF",
    "\xE7\xB1\xBB",
    "\xE9\xA1\xB9",
    "\xE5\xA5\x97",
    "\xE6\x8B\x9B",
    "\xE6\xA0\xB9",
    "\xE9\xBD\x90",
    "\xE5\xB1\x82",
    "\xE5\xBA\xA6",
    "\xE5\x9B\x9E",
    "\xE5\xAF\xB9",
    "\xE9\x81\x8D",
    "\xE5\xA4\x84",
    "\xE4\xB8\x8B\xE5\xAD\x90",
    "\xE9\xA1\xBF",
    "\xE8\xBA\xAB",
    "\xE6\x97\xA5",
    "\xE9\x97\xA8",
    "\xE6\x96\xB9",
    "\xE4\xBB\xA3",
    "\xE4\xB8\xAA\xE4\xB8\xAA",
    "\xE9\xA2\x97",
    "\xE7\xBE\xA4",
    "\xE5\x8F\xA3\xE6\xB0\x94",
    "\xE5\x89\xAF",
    "\xE5\xA4\xB4",
    "\xE8\xBE\x88\xE5\xAD\x90",
    "\xE4\xB8\xAA\xE6\x9C\x88",
    "\xE5\x8F\x8C",
    "\xE4\xB8\x80",
    "\xE6\x89\x8B",
    "\xE5\xA4\x9C",
    "\xE8\xA1\x8C",
    "\xE5\xBE\x8B",
    "\xE5\x88\x80",
    "\xE4\xBD\x93",
    "\xE5\x90\x91",
    "\xE6\x9C\xAC",
    "\xE6\x9D\xAF",
    "\xE5\xB9\x85",
    "\xE7\xBA\xBF",
    "\xE6\xB5\x81",
    "\xE5\xB0\x8F",
    "\xE6\xB4\xBE",
    "\xE5\xB0\x81",
    "\xE5\x88\x86",
    "\xE9\x97\xB4",
    "\xE5\x89\x91",
    "\xE4\xB8\x9D",
    "\xE4\xBD\x93\xE5\x8C\x96",
    "\xE7\xAC\x94",
    "\xE8\xBE\x86",
    "\xE7\xAF\x87",
    "\xE5\x88\xBB",
    "\xE5\x86\x8D",
    "\xE5\x9B\xA2",
    "\xE8\x84\x9A",
    "\xE7\xA2\x97",
    "\xE5\x85\xAB",
    "\xE6\x9E\x9A",
    "\xE7\x82\xB9\xE5\x84\xBF",
    "\xE5\x90\x8C",
    "\xE8\xB4\xAF",
    "\xE6\x97\x81",
    "\xE8\xB6\x9F",
    "\xE5\x91\xA8",
    "\xE6\x9E\xB6",
    "\xE5\x80\x8D",
    "\xE8\xBD\xAE",
    "\xE5\x87\xBA",
    "\xE4\xBA\x8C",
    "\xE5\x8C\xB9",
    "\xE4\xBA\x8B",
    "\xE5\xA0\x86",
    "\xE5\xBF\x83",
    "\xE7\x81\xAF",
    "\xE8\x89\x98",
    "\xE6\x9D\xA5",
    "\xE5\x88\x99",
    "\xE4\xB8\xBE",
    "\xE9\x99\xA2\xE5\x88\xB6",
    "\xE6\x8B\xB3",
    "\xE5\x93\x81",
    "\xE9\xA6\x96",
    "\xE5\xAE\xB6\xE4\xBA\xBA",
    "\xE5\x9C\x88",
    "\xE6\x89\x80",
    "\xE5\x8F\xB7",
    "\xE8\x84\xB8",
    "\xE9\x98\x9F",
    "\xE6\x97\xA9",
    "\xE7\xAD\x89",
    "\xE4\xB8\x96",
    "\xE5\x91\xB3",
    "\xE8\xB7\xAF\xE4\xB8\x8A",
    "\xE5\x93\x8D",
    "\xE6\xA0\xAA",
    "\xE6\x96\xA4",
    "\xE7\xAB\xAF",
    "\xE7\x82\xB9\xE7\x82\xB9",
    "\xE7\xBB\x84",
    "\xE4\xBE\xA7",
    "\xE5\x85\xB1",
    "\xE6\x97\xB6\xE6\x9C\x9F",
    "\xE4\xB8\xB2",
    "\xE6\xA3\xB5",
    "\xE9\x9A\x85",
    "\xE5\x9D\x97\xE5\x84\xBF",
    "\xE6\x88\x98",
    "\xE6\x9C\x9F",
    "\xE5\x91\x98",
    "\xE6\x9C\x88",
    "\xE6\x9E\x9D",
    "\xE6\x96\xB0",
    "\xE5\x8F\xB0",
    "\xE6\xA8\xA1\xE4\xB8\x80\xE6\xA0\xB7",
    "\xE7\xB2\x92",
    "\xE6\x8E\x92",
    "\xE8\xBF\x9E",
    "\xE7\xBB\x8F",
    "\xE5\xB9\x95",
    "\xE5\x8F\x91",
    "\xE6\x9C\xB5",
    "\xE5\x8A\xA8\xE4\xB8\x8D\xE5\x8A\xA8",
    "\xE5\x8D\x83",
    "\xE5\x88\x86\xE9\x92\x9F",
    "\xE6\x9D\x9F",
    "\xE4\xBC\x99",
    "\xE8\xA7\x92",
    "\xE6\x99\x83",
    "\xE5\xB1\x8A",
    "\xE7\x99\xBE",
    "\xE6\x96\x87",
    "\xE6\x97\xB6\xE9\x97\xB4",
    "\xE5\x85\xB7",
};

static const char* const t1[] = {
    "\xE8\x83\xBD\xE9\x80\x9A",
    "\xE6\x80\x9D\xE7\x94\x9C",
};

static const char* const t2[] = {
    "\xE5\xB9\xB4",
    "\xE6\x9C\x88",
    "\xE4\xB8\xAA",
};

static const char* const t3[] = {
    "\xE5\x85\x83",
    "\xE5\x90\xA8",
    "\xE4\xBA\xA9",
    "\xE5\x85\xAC\xE9\xA1\xB7",
    "\xE5\xB2\x81",
    "\xE7\xBE\x8E\xE5\x85\x83",
    "\xE5\xB9\xB3\xE6\x96\xB9\xE7\xB1\xB3",
    "\xE5\x8E\x86",
    "\xE4\xB8\x80",
    "\xE5\xB9\xB4",
    "\xE5\xAE\xB6",
    "\xE5\xA4\x9A\xE4\xBA\xA9",
    "\xE7\xAB\x8B\xE6\x96\xB9\xE7\xB1\xB3",
    "\xE4\xB8\x87",
    "\xE8\xBE\x86",
    "\xE5\x8D\x83\xE7\x93\xA6",
    "\xE7\x89\xA9",
    "\xE4\xBD\x99",
    "\xE5\x88\x86",
    "\xE9\x87\x8C",
    "\xE5\x85\xAC\xE6\x96\xA4",
    "\xE4\xBA\xBA\xE6\xAC\xA1",
    "\xE5\x90\x91",
    "\xE8\x82\xA1",
    "\xE5\xB0\xBE",
};

static const char* const t4[] = {
    "\xE5\xA4\xAB",
};

static const char* const t5[] = {
    "\xE4\xB8\xAA",
    "\xE5\xB9\xB4",
    "\xE5\xB3\xA1",
    "\xE5\x88\x86",
    "\xE7\xBA\xA7",
    "\xE5\xA4\xA9",
    "\xE5\xB1\x82",
    "\xE7\xA7\x8D",
    "\xE6\x9C\x88",
    "\xE6\xAC\xA1",
    "\xE8\x97\x8F",
    "\xE9\x9D\xA2",
    "\xE4\xBD\x8D",
    "\xE5\x9B\xBD",
    "\xE5\x90\x88",
    "\xE5\x8D\x81\xE5\xB9\xB4",
    "\xE5\x8D\x81",
    "\xE6\x97\xA5",
    "\xE8\xB7\xAF",
    "\xE5\x90\x8D",
    "\xE8\xA7\x92\xE6\xB4\xB2",
    "\xE5\x85\x83",
    "\xE5\xBA\xA7\xE9\x97\xA8",
    "\xE7\xB1\xBB",
    "\xE5\x8D\x83",
    "\xE5\x86\x9B",
    "\xE8\xA7\x92",
    "\xE5\xAE\xB6",
    "\xE4\xB8\xAD\xE5\x85\xA8\xE4\xBC\x9A",
    "\xE4\xB8\xAD",
    "\xE6\x88\xB7",
    "\xE5\x93\x81",
    "\xE5\xBA\xA7",
    "\xE5\xB0\xBA",
    "\xE8\xA7\x92\xE5\xBD\xA2",
    "\xE9\xA1\xB9",
    "\xE8\x80\x85",
};

static const char* const t6[] = {
    "\xE6\xB5\xB7",
    "\xE8\xBF\xB0",
    "\xE9\x9D\xA2",
    "\xE6\x9D\xA5",
    "\xE5\x8D\x87",
    "\xE5\x8E\xBB",
    "\xE7\xBA\xA7",
    "\xE5\xB8\x82",
    "\xE5\x8D\x88",
    "\xE6\xB6\xA8",
    "\xE4\xB8\x8B",
    "\xE5\xB9\xB4",
    "\xE6\xB5\xB7\xE5\xB8\x82",
    "\xE6\xB8\xB8",
    "\xE5\x89\x8D",
    "\xE7\x8F\xAD",
    "\xE5\xB8\x9D",
    "\xE5\x8F\xB8",
    "\xE9\xA9\xAC",
    "\xE5\xB1\x82",
    "\xE7\xA9\xBA",
    "\xE6\xAC\xA1",
    "\xE5\xAD\xA6",
    "\xE5\x8D\x8A\xE5\x9C\xBA",
    "\xE5\x8D\x8A\xE5\xB9\xB4",
    "\xE7\xBD\x91",
    "\xE5\xB1\xB1",
    "\xE4\xB9\xA6",
    "\xE5\x8F\xB0",
    "\xE6\x96\xB9",
    "\xE5\xB0\x86",
    "\xE6\x8A\xA5",
    "\xE7\xBA\xBF",
    "\xE8\xAF\xBE",
    "\xE6\xBC\x94",
    "\xE5\x91\xA8",
    "\xE8\xBE\xB9",
    "\xE4\xBB\xBB",
    "\xE9\x97\xA8",
};

static const char* const t7[] = {
    "\xE6\x9D\xA5",
    "\xE5\x8E\xBB",
    "\xE9\x99\x8D",
    "\xE5\x8D\x88",
    "\xE9\x9D\xA2",
    "\xE5\xB2\x97",
    "\xE4\xBB\xA4",
    "\xE6\xB8\xB8",
    "\xE7\xBA\xA7",
    "\xE5\xB1\x9E",
    "\xE8\xBD\xBD",
    "\xE8\xBE\xBE",
    "\xE8\xBE\x96",
    "\xE5\x88\x97",
    "\xE9\xA9\xAC",
    "\xE8\xB7\x8C",
    "\xE6\x89\x8B",
    "\xE5\x8D\x8A\xE5\xB9\xB4",
    "\xE5\x8D\x8A\xE5\x9C\xBA",
    "\xE5\xB1\xB1",
    "\xE6\xBB\x91",
    "\xE8\x90\xBD",
    "\xE8\xAE\xBE",
    "\xE6\x97\xAC",
    "\xE6\xAC\xA1",
    "\xE7\x8F\xAD",
    "\xE9\x94\x85",
    "\xE9\x83\xA8",
    "\xE8\xBE\xB9",
    "\xE5\xB1\x82",
    "\xE6\xB0\xB4",
    "\xE8\xBD\xA6",
    "\xE9\x9B\xA8",
    "\xE8\xB0\x83",
};

static const char* const t8[] = {
    "\xE6\x98\xAF",
    "\xE8\x83\xBD",
    "\xE5\x90\x8C",
    "\xE4\xBC\x9A",
    "\xE8\xBF\x87",
    "\xE6\x96\xAD",
    "\xE7\x9F\xA5",
    "\xE8\xA6\x81",
    "\xE6\x95\xA2",
    "\xE4\xBB\x85",
    "\xE5\x88\xB0",
    "\xE5\x8F\xAF",
    "\xE5\xB0\x91",
    "\xE5\x86\x8D",
    "\xE5\xBE\x97",
    "\xE8\xB6\xB3",
    "\xE4\xBA\x86",
    "\xE9\x94\x99",
    "\xE8\x82\xAF",
    "\xE5\xA5\xBD",
    "\xE7\xAE\xA1",
    "\xE4\xB9\x85",
    "\xE4\xBD\x86",
    "\xE6\x83\xB3",
    "\xE7\xA6\x81",
    "\xE5\xBF\x85",
    "\xE5\x9C\xA8",
    "\xE8\xA1\x8C",
    "\xE7\x94\xB1\xE5\xBE\x97",
    "\xE5\xBE\x97\xE4\xB8\x8D",
    "\xE7\x94\xA8",
    "\xE8\xAE\xB8",
    "\xE5\xA4\x9F",
    "\xE5\xA6\x82",
    "\xE8\xAE\xA9",
    "\xE8\xAE\xBA",
    "\xE8\xA7\x81",
    "\xE5\x8F\x98",
    "\xE5\x85\x8D",
    "\xE5\x81\x9C",
    "\xE4\xB8\x8B",
    "\xE4\xBD\x8F",
    "\xE8\x89\xAF",
    "\xE8\xAF\xA5",
    "\xE6\xBB\xA1",
    "\xE5\xB9\xB8",
    "\xE5\x88\xA9",
    "\xE9\xA1\xBE",
    "\xE6\x98\x93",
    "\xE9\x9A\xBE",
    "\xE7\xAE\x97",
    "\xE6\x80\x95",
    "\xE6\x96\x99",
    "\xE5\xAE\x89",
    "\xE5\x8F\x8A",
    "\xE5\xA6\xA8",
    "\xE8\x83\xBD\xE4\xB8\x8D",
    "\xE8\xA7\x89",
    "\xE8\xBF\x9C",
    "\xE5\xAE\x9C",
    "\xE5\x87\x86",
    "\xE7\x84\xB6",
    "\xE6\x88\x90",
    "\xE4\xBB\x85\xE4\xBB\x85",
    "\xE5\x90\x8C\xE4\xBA\x8E",
    "\xE7\xAD\x89",
    "\xE4\xBE\xBF",
    "\xE5\xB0\x8F",
    "\xE6\x9B\xBE",
    "\xE5\xB7\xB2",
    "\xE5\x90\x83",
    "\xE6\x97\xB6",
    "\xE5\xB0\xBD",
    "\xE5\xA0\xAA",
    "\xE6\xAD\xA2",
    "\xE8\xAF\xAD",
    "\xE6\x83\x9C",
    "\xE8\x87\xB4",
    "\xE4\xB8\x80",
    "\xE5\xA5\xBD\xE6\x84\x8F\xE6\x80\x9D",
    "\xE6\x9C\x8D",
    "\xE6\x98\x8E",
    "\xE5\x8F\x98\xE8\xB5\x84\xE6\x9C\xAC",
    "\xE5\xA4\xA7",
    "\xE4\xB8\xAD",
    "\xE4\xBB\x85\xE5\xA6\x82\xE6\xAD\xA4",
    "\xE5\xAE\x9A",
    "\xE5\xA4\x9A\xE6\x97\xB6",
    "\xE7\x94\xB1",
    "\xE7\x90\x86",
    "\xE5\xAF\xB9",
    "\xE8\x80\x90\xE7\x83\xA6",
    "\xE7\x9F\xA5\xE4\xB8\x8D\xE8\xA7\x89",
    "\xE5\xBD\x93",
    "\xE5\xAE\xB9",
    "\xE5\x8F\xAF\xE9\x81\xBF\xE5\x85\x8D",
    "\xE8\x87\xB3\xE4\xBA\x8E",
    "\xE5\xBF\x8D",
    "\xE5\x88\xA9\xE4\xBA\x8E",
    "\xE4\xB9\x85\xE5\x89\x8D",
    "\xE5\xB1\x88",
    "\xE7\x94\xB1\xE8\x87\xAA\xE4\xB8\xBB",
    "\xE8\xB4\xA5",
    "\xE5\xB9\xB3",
    "\xE9\x80\x9A",
    "\xE5\xBE\x97\xE5\xB7\xB2",
    "\xE8\xB6\xB3\xE4\xBB\xA5",
    "\xE5\x90\x88",
    "\xE9\x80\x82",
    "\xE5\xBF\x85\xE8\xA6\x81",
    "\xE5\x85\x89",
    "\xE5\x9C\xA8\xE4\xB9\x8E",
    "\xE8\xA7\xA3",
    "\xE5\xA6\xA5",
    "\xE8\x83\x9C",
    "\xE5\xBF\xAB",
    "\xE5\x90\x88\xE7\x90\x86",
};

static const char* const t9[] = {
    "\xE5\x85\xB6",
    "\xE6\xAD\xA4\xE5\x90\x8C\xE6\x97\xB6",
    "\xE4\xBC\x9A",
};

static const char* const t10[] = {
    "\xE5\xB8\xAE",
};

static const char* const t11[] = {
    "\xE4\xB8\x9A",
    "\xE5\xAE\xB6",
    "\xE9\x97\xA8",
    "\xE9\xA2\x98",
    "\xE5\x88\xB6",
    "\xE7\xBA\xBF",
    "\xE5\x88\xA9",
    "\xE6\x94\xBF",
    "\xE7\xA7\x91",
    "\xE7\x94\xA8",
    "\xE5\x8C\xBA",
    "\xE9\xA1\xB9",
    "\xE7\xA7\x91\xE5\xAD\xA6\xE6\xA0\xA1",
    "\xE8\x91\x97",
};

static const char* const t12[] = {
    "\xE8\xAF\xB4",
};

static const char* const t13[] = {
    "\xE7\x95\x8C",
    "\xE7\xBA\xAA",
    "\xE4\xB8\x8A",
    "\xE7\x95\x8C\xE6\x9D\xAF",
    "\xE4\xBA\xBA",
    "\xE7\xBA\xAA\xE6\x9C\xAB",
    "\xE9\x97\xB4",
    "\xE8\xA2\xAD",
    "\xE7\x95\x8C\xE5\x90\x84\xE5\x9C\xB0",
    "\xE4\xBF\x97",
    "\xE4\xBB\xA3",
};

static const char* const t14[] = {
    "\xE9\x99\xB5",
    "\xE5\xA4\x84\xE6\x9C\xBA",
};

static const char* const t15[] = {
    "\xE5\x8A\xA1",
    "\xE7\xBB\xA9",
    "\xE4\xBD\x99",
    "\xE5\x86\x85\xE4\xBA\xBA\xE5\xA3\xAB",
    "\xE5\xB7\xB2",
};

static const char* const t16[] = {
    "\xE6\x9E\x97",
    "\xE4\xB9\xA6",
};

static const char* const t17[] = {
    "\xE8\xA5\xBF",
    "\xE5\x8C\x97",
    "\xE9\x83\xA8",
    "\xE5\x8D\x97",
    "\xE6\x96\xB9",
    "\xE4\xBA\xAC",
    "\xE6\xB1\x89",
    "\xE6\xB9\x96",
    "\xE5\x8D\x97\xE4\xBA\x9A",
    "\xE5\x8D\x97\xE9\x83\xA8",
    "\xE7\xBB\x8F",
    "\xE4\xBE\xA7",
    "\xE9\xA3\x8E",
    "\xE4\xBA\xA4\xE6\xB0\x91\xE5\xB7\xB7",
    "\xE4\xBA\x9A",
    "\xE5\x8C\x97\xE9\x83\xA8",
    "\xE6\xB5\xB7",
    "\xE5\x8C\x97\xE5\xA4\xA7\xE5\xAD\xA6",
    "\xE8\xBE\xB9",
    "\xE5\xB2\xB3",
    "\xE6\xAC\xA7",
    "\xE6\x99\x8B",
    "\xE5\x9F\x8E",
    "\xE5\x8D\x87",
    "\xE5\xB2\xB8",
    "\xE5\x8C\x97\xE5\x9C\xB0\xE5\x8C\xBA",
};

static const char* const t18[] = {
    "\xE6\xAF\xAB",
};

static const char* const t19[] = {
    "\xE7\x9B\xB8",
};

static const char* const t20[] = {
    "\xE4\xB8\xAA",
    "\xE7\xA7\x8D",
    "\xE4\xBE\xA7",
    "\xE6\xAC\xA1",
    "\xE5\xB9\xB4",
    "\xE4\xBD\x8D",
    "\xE8\x80\x85",
    "\xE5\xB2\xB8",
    "\xE5\x8F\xAA",
    "\xE5\xA4\xA9",
    "\xE6\x9D\xA1",
    "\xE5\x90\x8D",
    "\xE8\xBE\xB9",
    "\xE4\xBB\xA3",
    "\xE5\xBA\xA7",
    "\xE7\xB1\xBB",
    "\xE9\x99\xA2\xE5\x88\xB6",
    "\xE9\x9D\xA2",
    "\xE5\x9C\xB0",
    "\xE5\xB1\x8A",
    "\xE5\x8F\xA5",
    "\xE5\xAE\xB6",
    "\xE5\xB1\x82",
    "\xE6\x97\x81",
    "\xE6\xAD\xA5",
    "\xE9\x99\xA2",
    "\xE7\xBA\xA7",
    "\xE6\xB9\x96",
    "\xE6\x94\xAF",
    "\xE4\xBB\xB6",
    "\xE7\xAB\xAF",
    "\xE6\x89\x8B",
    "\xE5\xA3\xB0",
    "\xE4\xB8\x8B",
    "\xE9\x81\x93",
    "\xE5\x9D\x97",
    "\xE7\x9C\xBC",
    "\xE7\x82\xB9",
    "\xE8\xA1\x8C",
    "\xE5\xA4\xB4",
    "\xE6\x96\xB9",
    "\xE6\xA0\x96",
    "\xE6\xA0\xB9",
    "\xE8\xB7\xAF",
    "\xE9\xA1\xB9",
    "\xE4\xBC\x9A",
    "\xE7\xBF\xBC",
};

static const char* const t21[] = {
    "\xE9\x87\x8D",
    "\xE6\xA0\xBC",
    "\xE8\x82\x83",
    "\xE5\x8E\x89",
    "\xE5\xB3\xBB",
    "\xE5\xAF\x86",
    "\xE8\xB0\xA8",
    "\xE7\xA6\x81",
    "\xE5\xAF\x92",
};

static const char* const t22[] = {
    "\xE5\xA4\xB1",
};

static const char* const t23[] = {
    "\xE4\xBA\xBA",
    "\xE5\x88\xAB",
    "\xE4\xBD\x93",
    "\xE4\xB8\xAA",
    "\xE6\x80\xA7",
    "\xE8\x82\xA1",
    "\xE5\xA4\xB4",
};

static const char* const t24[] = {
    "\xE5\xA4\xB4",
};

static const char* const t25[] = {
    "\xE5\x9B\xBD",
    "\xE5\xBF\x83",
    "\xE5\xA4\xAE",
    "\xE5\xAD\xA6",
    "\xE9\x97\xB4",
    "\xE9\x83\xA8",
    "\xE5\x85\xB1\xE4\xB8\xAD\xE5\xA4\xAE",
    "\xE5\x85\xB1",
    "\xE5\x8E\x9F",
    "\xE5\x8D\x8E\xE6\xB0\x91\xE6\x97\x8F",
    "\xE5\x8D\x8E",
    "\xE6\x9C\x9F",
    "\xE5\x9B\xBD\xE9\x98\x9F",
    "\xE5\xA4\x96",
    "\xE6\x96\x87",
    "\xE7\xAD\x89",
    "\xE5\x8D\x8E\xE9\x97\xA8",
    "\xE5\x8D\x88",
    "\xE7\xBA\xBA",
    "\xE6\x96\xB9",
    "\xE6\xAF\x92",
    "\xE5\x8F\xB6",
    "\xE8\xBD\xB4\xE7\xBA\xBF",
    "\xE5\x9B\xBD\xE6\x94\xBF\xE5\xBA\x9C",
    "\xE5\xB1\xB1\xE5\x85\xAC\xE5\x9B\xAD",
    "\xE4\xB8\x9C",
    "\xE5\xB1\xB1",
    "\xE8\x8D\xAF",
    "\xE4\xBA\x9A",
    "\xE5\x8C\xBB",
    "\xE5\xB0\x8F\xE5\xAD\xA6",
    "\xE5\xB9\xB4",
    "\xE8\xB7\xAF",
    "\xE6\xB8\xB8",
    "\xE5\x8D\x97\xE9\x83\xA8",
    "\xE6\x97\xA5",
    "\xE6\x97\xAC",
    "\xE6\x96\xAD",
    "\xE7\xBA\xA7",
    "\xE4\xB8\x96\xE7\xBA\xAA",
    "\xE6\xAE\xB5",
    "\xE5\x8D\x8E\xE6\xB0\x91\xE5\x9B\xBD",
    "\xE5\x8D\x8E\xE9\xB2\x9F",
    "\xE9\x98\x9F",
    "\xE5\xAF\x86\xE5\xBA\xA6",
    "\xE4\xB8\x93",
    "\xE6\xB4\xB2",
    "\xE6\x9E\xA2",
    "\xE5\xB0\x86",
    "\xE5\x9E\x8B",
    "\xE5\xA4\xAE\xE5\x86\x9B\xE5\xA7\x94",
    "\xE5\xB0\x8F\xE4\xBC\x81\xE4\xB8\x9A",
    "\xE5\x85\xB4",
    "\xE4\xB8\x8B\xE6\xB8\xB8",
    "\xE4\xB9\xA6\xE7\x9C\x81",
    "\xE5\x8D\x97",
    "\xE9\x81\x93",
    "\xE4\xBB\x8B",
    "\xE5\xB0\x8F",
    "\xE9\x80\x94",
    "\xE4\xBA\xA7\xE9\x98\xB6\xE7\xBA\xA7",
    "\xE5\x92\x8C",
    "\xE5\x86\x9B",
    "\xE6\x96\xB0\xE7\xBD\x91",
    "\xE5\xB1\xB1\xE5\xA0\x82",
    "\xE5\x8D\x8E\xE5\x92\x8C\xE9\x92\x9F",
};

static const char* const t26[] = {
    "\xE5\xAF\x8C",
    "\xE4\xBA\xA7",
};

static const char* const t27[] = {
    "\xE6\x97\xB6",
    "\xE5\xBA\x8A",
    "\xE8\xBF\x91",
    "\xE6\xAD\xBB",
};

static const char* const t28[] = {
    "\xE9\xBA\xA6",
    "\xE6\xB1\x9F\xE5\x8F\xA3",
};

static const char* const t29[] = {
    "\xE4\xBA\x86",
    "\xE4\xB8\xBB",
    "\xE4\xBB\x80\xE4\xB9\x88",
    "\xE4\xBD\x95",
    "\xE9\xA6\x96",
    "\xE6\xAD\xA2",
    "\xE6\x9C\x9F",
    "\xE5\x90\x8D",
    "\xE7\x9D\x80",
    "\xE6\xB0\x91",
    "\xE5\x87\x86",
    "\xE6\x95\xB0",
    "\xE9\x87\x8D",
    "\xE5\xAE\xB3",
};

static const char* const t30[] = {
    "\xE8\xA6\x81",
    "\xE5\xB8\xAD",
    "\xE4\xBB\xBB",
    "\xE5\xBC\xA0",
    "\xE6\x8C\x81",
    "\xE4\xBA\xBA",
    "\xE5\x8A\xA8",
    "\xE6\x84\x8F",
    "\xE7\xAE\xA1",
    "\xE4\xBD\x93",
    "\xE9\xA2\x98",
    "\xE5\x8A\x9B",
    "\xE4\xB9\x89",
    "\xE6\x8C\x81\xE4\xBA\xBA",
    "\xE6\x9D\x83",
    "\xE5\xB8\xAD\xE5\x9B\xA2",
    "\xE5\xAF\xBC",
    "\xE5\x9C\xBA",
    "\xE5\xB3\xB0",
    "\xE7\xBC\x96",
    "\xE8\xA7\x82",
    "\xE6\xB5\x81",
    "\xE5\x8A\x9E",
    "\xE6\xBC\x94",
    "\xE8\xA7\x92",
    "\xE6\x95\x99\xE7\xBB\x83",
    "\xE5\xB8\x85",
    "\xE5\xAD\x90",
    "\xE4\xBA\xBA\xE5\x85\xAC",
};

static const char* const t31[] = {
    "\xE8\xA1\x8C",
    "\xE5\x8A\x9E",
    "\xE5\x8A\xA8",
    "\xE6\x8E\xAA",
    "\xE4\xBA\xBA",
    "\xE6\x8A\xA5",
    "\xE6\xAD\xA2",
};

static const char* const t32[] = {
    "\xE6\x98\xAF",
    "\xE8\x87\xB3",
};

static const char* const t33[] = {
    "\xE5\x92\x8C\xE5\x9B\xA2",
    "\xE5\x8A\xA1",
    "\xE5\x86\x9B",
    "\xE5\x8A\xA1\xE6\x95\x99\xE8\x82\xB2",
    "\xE7\x88\xB6",
};

static const char* const t34[] = {
    "\xE9\x97\xB4",
    "\xE4\xB8\x80",
    "\xE5\x90\x8E",
    "\xE4\xB8\xAD",
    "\xE5\x89\x8D",
    "\xE4\xB8\x8B",
    "\xE5\xA4\x96",
    "\xE4\xB8\x8A",
    "\xE6\x89\x80\xE4\xBB\xA5",
    "\xE9\x99\x85",
    "\xE7\xB1\xBB",
    "\xE5\x86\x85",
    "\xE6\xB1\x9F",
    "\xE7\x94\xA8",
};

static const char* const t35[] = {
    "\xE5\x85\x8B\xE5\x85\xB0",
    "\xE4\xBA\x91",
    "\xE9\xBE\x9F",
};

static const char* const t36[] = {
    "\xE5\x99\xA8",
    "\xE5\x9B\xAD",
    "\xE8\xA7\x82",
    "\xE9\x98\x9F",
    "\xE4\xBA\x8E",
    "\xE8\xB6\xA3",
};

static const char* const t37[] = {
    "\xE6\x99\x93\xE9\x98\xB3",
    "\xE6\x9C\xA8",
};

static const char* const t38[] = {
    "\xE4\xB9\x96",
};

static const char* const t39[] = {
    "\xE6\x9C\xBA",
    "\xE5\x9D\x90",
    "\xE5\xAE\xA2",
};

static const char* const t40[] = {
    "\xE9\x86\x87",
};

static const char* const t41[] = {
    "\xE5\xB9\xB4",
    "\xE6\x9B\xB2\xE5\x9B\x9E\xE8\x82\xA0",
    "\xE6\x9C\x88",
    "\xE6\xB1\x9F",
    "\xE4\xB8\xAA",
    "\xE9\x97\xB4",
};

static const char* const t42[] = {
    "\xE4\xB8\x90",
};

static const char* const t43[] = {
    "\xE8\xAE\xB8",
    "\xE5\xA5\xBD",
    "\xE5\xB0\xB1\xE6\x98\xAF\xE8\xAF\xB4",
    "\xE7\xBD\xA2",
};

static const char* const t44[] = {
    "\xE6\x83\xAF",
    "\xE4\xBF\x97",
    "\xE6\x80\xA7",
};

static const char* const t45[] = {
    "\xE6\x9D\x91",
    "\xE9\x95\xBF",
    "\xE9\x95\x87",
    "\xE9\x95\x87\xE4\xBC\x81\xE4\xB8\x9A",
    "\xE4\xB8\x8B",
    "\xE4\xBA\xB2",
};

static const char* const t46[] = {
    "\xE8\xAE\xB0",
    "\xE5\x86\x99",
    "\xE6\xB3\x95",
    "\xE7\xB1\x8D",
    "\xE7\x94\xBB",
    "\xE6\x88\xBF",
    "\xE9\x9D\xA2",
    "\xE7\x94\x9F",
    "\xE6\x9C\xAC",
    "\xE9\x99\xA2",
    "\xE7\x9B\xAE",
};

static const char* const t47[] = {
    "\xE5\x8D\x96",
};

static const char* const t48[] = {
    "\xE6\x89\x93",
};

static const char* const t49[] = {
    "\xE6\x88\xBF",
};

static const char* const t50[] = {
    "\xE9\x9A\x86",
};

static const char* const t51[] = {
    "\xE8\xA7\xA3",
    "\xE4\xB8\x8D\xE8\xB5\xB7",
};

static const char* const t52[] = {
    "\xE4\xBB\xA5",
};

static const char* const t53[] = {
    "\xE5\x8F\x96",
    "\xE5\xA4\xBA",
    "\xE8\xAE\xBA",
    "\xE8\xAE\xAE",
    "\xE6\x89\xA7",
    "\xE5\x90\xB5",
    "\xE7\x9B\xB8",
    "\xE7\xAB\xAF",
};

static const char* const t54[] = {
    "\xE6\x83\x85",
    "\xE4\xB8\x9A",
    "\xE4\xBB\xB6",
    "\xE5\x8A\xA1",
    "\xE5\xAE\x9E",
    "\xE7\x89\xA9",
    "\xE5\xAE\x9E\xE4\xB8\x8A",
    "\xE9\xA1\xB9",
    "\xE5\x84\xBF",
    "\xE6\x95\x85",
    "\xE5\x85\x88",
    "\xE5\xAE\x9C",
    "\xE8\xBF\xB9",
    "\xE5\x8A\xA1\xE6\x89\x80",
    "\xE5\x8F\x98",
    "\xE4\xBE\x8B",
    "\xE5\x90\x8E",
    "\xE6\x80\x81",
};

static const char* const t55[] = {
    "\xE4\xBA\xBA",
    "\xE5\xB9\xB4",
    "\xE7\xBA\xA7",
    "\xE5\x8D\x81",
    "\xE8\x80\x85",
    "\xE5\x8D\x81\xE5\xB9\xB4",
    "\xE8\xB7\xAF",
    "\xE6\x9C\x88",
    "\xE6\xAC\xA1",
    "\xE4\xBD\x8D",
    "\xE5\x93\xA5",
    "\xE4\xB8\x96",
    "\xE6\x9D\xA5",
    "\xE6\xB0\xA7\xE5\x8C\x96\xE7\xA2\xB3",
    "\xE5\x8D\x81\xE4\xB8\x83\xE5\xB9\xB4",
    "\xE6\x88\x98",
    "\xE4\xB8\xAD",
    "\xE5\x8D\x81\xE5\x9B\x9B\xE5\xB9\xB4",
    "\xE7\x88\xB7",
};

static const char* const t56[] = {
    "\xE6\x98\xAF",
};

static const char* const t57[] = {
    "\xE6\x8D\x9F",
};

static const char* const t58[] = {
    "\xE5\x8D\x97",
    "\xE9\x9B\x86",
    "\xE9\x9B\xBE",
    "\xE6\xAF\x8D",
    "\xE5\x8D\x97\xE7\x9C\x81",
};

static const char* const t59[] = {
    "\xE7\x9B\xB8",
    "\xE8\x81\x94\xE7\xBD\x91",
    "\xE5\x8A\xA8",
    "\xE5\x8A\xA9",
    "\xE4\xB8\x8D",
};

static const char* const t60[] = {
    "\xE5\xB9\xB4",
    "\xE4\xB8\x80",
    "\xE4\xB8\xAA",
    "\xE4\xBB\xA3",
    "\xE6\x9C\x88",
    "\xE5\x88\x86",
    "\xE9\x97\xB4",
    "\xE5\x9B\x9B\xE8\xBF\x90\xE5\x8A\xA8",
    "\xE8\xA1\x8C",
    "\xE4\xBF\x9D",
    "\xE5\x9B\x9B",
    "\xE5\x8D\x81",
    "\xE8\x89\xB2\xE5\x9C\x9F",
    "\xE5\xB2\xB3",
    "\xE6\x98\x9F\xE7\xBA\xA2\xE6\x97\x97",
    "\xE5\xA4\xA7",
    "\xE7\x99\xBE",
    "\xE9\x87\x8C",
    "\xE5\x8D\x83",
};

static const char* const t61[] = {
    "\xE5\x86\x88\xE5\xB1\xB1",
};

static const char* const t62[] = {
    "\xE6\xB4\xB2",
    "\xE7\x83\xAD\xE5\xB8\xA6",
    "\xE8\xBF\x90\xE4\xBC\x9A",
    "\xE5\xA4\xAA\xE5\x9C\xB0\xE5\x8C\xBA",
    "\xE5\x8E\x86\xE5\xB1\xB1\xE5\xA4\xA7",
};

static const char* const t63[] = {
    "\xE5\x9B\xBD",
};

static const char* const t64[] = {
    "\xE9\x80\x9A",
    "\xE6\xB5\x81",
    "\xE6\x98\x93",
    "\xE6\x8D\xA2",
    "\xE7\xBB\x99",
    "\xE5\xBE\x80",
    "\xE6\xB6\x89",
    "\xE6\x9B\xBF",
    "\xE4\xBB\x98",
    "\xE4\xBB\xA3",
    "\xE8\xB0\x88",
    "\xE5\x8F\x89",
    "\xE6\x88\x98",
    "\xE9\x94\x99",
    "\xE6\x98\x93\xE6\x89\x80",
    "\xE7\x95\x8C",
    "\xE9\x94\x8B",
    "\xE9\x85\x8D",
    "\xE7\x95\x8C\xE5\xA4\x84",
    "\xE7\xBA\xB3",
};

static const char* const t65[] = {
    "\xE5\x93\x81",
    "\xE7\x94\x9F",
    "\xE4\xB8\x9A",
    "\xE9\x87\x8F",
    "\xE5\x80\xBC",
    "\xE5\x8D\xB5",
    "\xE7\x89\xA9",
    "\xE4\xB8\x9A\xE5\x8C\x96",
    "\xE5\x9C\xB0",
    "\xE5\x8C\xBA",
    "\xE4\xBA\x8E",
    "\xE6\x9D\x83",
    "\xE8\x83\xBD",
};

static const char* const t66[] = {
    "\xE5\x88\xA9",
};

static const char* const t67[] = {
    "\xE5\x8F\x97",
    "\xE6\x9C\x89",
    "\xE7\x94\xA8",
};

static const char* const t68[] = {
    "\xE5\x9F\x8E",
    "\xE5\xB8\x88",
    "\xE5\x89\xA7",
    "\xE5\xB9\xBF\xE9\x93\x81\xE8\xB7\xAF",
    "\xE5\xB9\xBF\xE7\xBA\xBF",
    "\xE5\xB1\xB1\xE5\x8E\xBF",
};

static const char* const t69[] = {
    "\xE7\x9B\xB8",
};

static const char* const t70[] = {
    "\xE8\x87\xAA",
    "\xE5\x85\xB5",
    "\xE7\x8E\x8B",
    "\xE6\x88\x9A",
    "\xE5\x88\x87",
    "\xE4\xBA\xBA",
    "\xE4\xBF\xA1",
    "\xE7\x9C\xBC",
    "\xE5\xBE\x81",
    "\xE6\x89\x8B",
    "\xE5\xB1\x9E",
    "\xE5\xAF\x86",
    "\xE8\xBA\xAB",
    "\xE7\x83\xAD",
    "\xE8\xBF\x91",
    "\xE7\x94\x9F",
};

static const char* const t71[] = {
    "\xE6\xB0\x91",
    "\xE4\xBB\xAC",
    "\xE5\x8F\xA3",
    "\xE5\x91\x98",
    "\xE6\xB0\x91\xE6\x94\xBF\xE5\xBA\x9C",
    "\xE5\xA4\xA7",
    "\xE7\x89\xA9",
    "\xE7\xB1\xBB",
    "\xE6\x95\xB0",
    "\xE6\x89\x8D",
    "\xE5\xAE\xB6",
    "\xE6\xB0\x91\xE6\xB3\x95\xE9\x99\xA2",
    "\xE5\xA3\xAB",
    "\xE5\xA4\xA7\xE4\xBB\xA3\xE8\xA1\xA8",
    "\xE7\x94\x9F",
    "\xE9\xA9\xAC",
    "\xE4\xBD\x93",
    "\xE5\x9D\x87",
    "\xE6\xB0\x91\xE5\xB8\x81",
    "\xE5\xB7\xA5",
    "\xE4\xBA\xBA",
    "\xE7\xBE\xA4",
    "\xE5\x8A\x9B",
    "\xE9\x80\x89",
    "\xE9\x97\xB4",
    "\xE4\xB8\xBA",
    "\xE6\xB0\x91\xE5\x85\xAC\xE7\xA4\xBE",
    "\xE5\x8F\xA3\xE6\x95\xB0",
    "\xE5\xBF\x83",
    "\xE8\xBA\xAB",
    "\xE4\xBA\x8B",
    "\xE9\x80\xA0",
    "\xE6\xB0\x91\xE6\x97\xA5\xE6\x8A\xA5",
    "\xE6\x96\x87",
    "\xE6\xA0\xBC",
    "\xE6\x80\xA7",
    "\xE5\xBD\xB1",
    "\xE6\xB0\x91\xE5\x86\x9B\xE9\x98\x9F",
    "\xE6\xAC\xA1",
    "\xE6\xB0\x91\xE5\x9B\xA2\xE4\xBD\x93",
    "\xE5\xAD\xA6",
    "\xE7\xA7\xB0",
    "\xE9\x99\x85\xE5\x85\xB3\xE7\xB3\xBB",
    "\xE8\xA1\x8C\xE9\x81\x93",
};

static const char* const t72[] = {
    "\xE5\x85\x83",
    "\xE7\xBE\x8E\xE5\x85\x83",
    "\xE7\xAB\x8B\xE6\x96\xB9\xE7\xB1\xB3",
    "\xE5\x90\xA8",
};

static const char* const t73[] = {
    "\xE4\xB9\x88",
    "\xE4\xB9\x88\xE6\xA0\xB7",
};

static const char* const t74[] = {
    "\xE5\x85\x84",
};

static const char* const t75[] = {
    "\xE4\xBB\x85",
    "\xE6\xAC\xA1\xE4\xBA\x8E",
    "\xE4\xBE\x9B\xE5\x8F\x82\xE8\x80\x83",
};

static const char* const t76[] = {
    "\xE4\xBA\xBA",
};

static const char* const t77[] = {
    "\xE6\x81\xA8",
    "\xE4\xBA\xBA",
};

static const char* const t78[] = {
    "\xE5\xA4\xA9",
    "\xE6\x97\xA5",
    "\xE5\xB9\xB4",
    "\xE5\x90\x8E",
    "\xE6\x99\x9A",
    "\xE5\xA4\x9C",
    "\xE5\x84\xBF",
};

static const char* const t79[] = {
    "\xE7\xBB\x8D",
    "\xE8\xB4\xA8",
    "\xE4\xBA\x8E",
    "\xE5\x85\xA5",
};

static const char* const t80[] = {
    "\xE7\x84\xB6",
    "\xE6\x97\xA7",
};

static const char* const t81[] = {
    "\xE8\x80\x8C",
    "\xE4\xBA\x8B",
    "\xE6\xAD\xA4",
    "\xE6\x9D\xA5",
    "\xE6\x9C\xAA",
    "\xE4\xB8\x8D",
    "\xE4\xB8\x9A",
    "\xE5\x89\x8D",
    "\xE5\xB0\x8F",
    "\xE4\xB8\xAD",
    "\xE6\x9D\xA5\xE4\xB8\x8D",
    "\xE6\xB2\xA1",
    "\xE5\xAE\xB9",
};

static const char* const t82[] = {
    "\xE5\xBA\x93",
};

static const char* const t83[] = {
    "\xE7\xBB\x86",
};

static const char* const t84[] = {
    "\xE4\xBB\xAC",
    "\xE4\xBA\xBA",
    "\xE5\xA6\x88\xE7\x9A\x84",
    "\xE5\xAE\xB6",
    "\xE7\x94\xA8",
};

static const char* const t85[] = {
    "\xE5\x87\xBA",
};

static const char* const t86[] = {
    "\xE6\xA1\x83",
    "\xE6\xA1\x83\xE5\xB8\x82",
    "\xE4\xBA\xBA",
};

static const char* const t87[] = {
    "\xE8\xA1\xA8",
    "\xE6\x9B\xBF",
    "\xE7\xA0\x81",
    "\xE7\x90\x86",
    "\xE8\xA1\xA8\xE5\x9B\xA2",
    "\xE8\xA1\xA8\xE5\xA4\xA7\xE4\xBC\x9A",
    "\xE4\xBB\xB7",
    "\xE8\xA1\xA8\xE4\xBD\x9C",
    "\xE8\xA1\xA8\xE6\x80\xA7",
    "\xE8\xB0\xA2",
    "\xE7\x90\x86\xE4\xBA\xBA",
    "\xE6\x95\xB0",
};

static const char* const t88[] = {
    "\xE7\x8B\x90\xE5\x86\xB2",
    "\xE4\xBA\xBA",
    "\xE7\x8B\x90",
};

static const char* const t89[] = {
    "\xE5\x8F\x8A",
    "\xE4\xB8\x8A",
    "\xE5\x90\x8E",
    "\xE6\x9D\xA5",
    "\xE5\x89\x8D",
    "\xE4\xB8\x8B",
    "\xE4\xB8\xBA",
    "\xE5\xA4\x96",
    "\xE4\xBE\xBF",
    "\xE5\x8C\x97",
    "\xE8\x89\xB2\xE5\x88\x97",
    "\xE5\xBE\x80",
    "\xE5\x8D\x97",
    "\xE8\x87\xB4",
    "\xE8\x87\xB3",
    "\xE6\xAD\xA4",
    "\xE5\x85\x8D",
    "\xE4\xB8\x9C",
    "\xE5\x86\x85",
    "\xE8\xA5\xBF",
    "\xE7\xA4\xBA",
    "\xE8\x87\xB3\xE4\xBA\x8E",
    "\xE6\xB1\x82",
    "\xE9\x98\xB2",
};

static const char* const t90[] = {
    "\xE5\xBC\x8F",
    "\xE5\x99\xA8",
    "\xE4\xBB\x97",
    "\xE8\xA1\xA8",
};

static const char* const t91[] = {
    "\xE8\xA3\x81",
};

static const char* const t92[] = {
    "\xE5\x80\xBC",
    "\xE6\xA0\xBC",
    "\xE9\x92\xB1",
    "\xE5\x80\xBC\xE8\xA7\x82",
};

static const char* const t93[] = {
    "\xE5\x8A\xA1",
    "\xE4\xBD\x95",
    "\xE6\x9C\x9F",
    "\xE5\x85\x8D",
    "\xE8\x81\x8C",
    "\xE5\x91\xBD",
    "\xE4\xBD\x95\xE4\xBA\xBA",
    "\xE6\x95\x99",
    "\xE6\x84\x8F",
    "\xE7\x94\xA8",
};

static const char* const t94[] = {
    "\xE9\xA2\x9D",
};

static const char* const t95[] = {
    "\xE4\xBD\x9B",
};

static const char* const t96[] = {
    "\xE4\xB8\x9A",
    "\xE5\x9B\xBE",
    "\xE4\xB8\x9A\xE5\xAE\xB6",
};

static const char* const t97[] = {
    "\xE6\x9C\x97",
    "\xE6\x8B\x89\xE5\x85\x8B",
    "\xE6\x96\xAF\xE5\x85\xB0\xE6\x95\x99",
    "\xE6\x96\xAF\xE5\x85\xB0",
};

static const char* const t98[] = {
    "\xE6\x81\xAF",
    "\xE9\x97\xB2",
};

static const char* const t99[] = {
    "\xE4\xBA\xBA",
    "\xE5\xA4\x9A",
    "\xE5\xB0\x86",
    "\xE8\xAE\xAE\xE9\x99\xA2",
};

static const char* const t100[] = {
    "\xE5\x8A\xBF",
    "\xE7\xA7\x80",
    "\xE8\x89\xAF",
    "\xE8\xB4\xA8",
    "\xE7\x82\xB9",
    "\xE5\x85\x88",
    "\xE6\x83\xA0",
    "\xE7\xBE\x8E",
    "\xE8\xB6\x8A",
    "\xE5\x8C\x96",
    "\xE5\xBC\x82",
    "\xE4\xBA\x8E",
};

static const char* const t101[] = {
    "\xE4\xBC\xB4",
    "\xE8\xAE\xA1",
};

static const char* const t102[] = {
    "\xE8\xAE\xAE",
    "\xE4\xB8\x8A",
    "\xE8\xA7\x81",
    "\xE8\xB0\x88",
    "\xE9\x95\xBF",
    "\xE8\xAE\xA1",
    "\xE5\x91\x98",
    "\xE5\x90\x8C",
    "\xE5\x9C\xBA",
    "\xE5\x90\x8E",
    "\xE6\x99\xA4",
    "\xE8\xAE\xAE\xE5\xAE\xA4",
    "\xE8\xAE\xA1\xE5\xB8\x88",
    "\xE5\x90\x88",
    "\xE6\x88\x98",
    "\xE8\xAF\x95",
};

static const char* const t103[] = {
    "\xE5\xA4\xA7",
};

static const char* const t104[] = {
    "\xE7\xBB\x9F",
    "\xE6\x92\xAD",
    "\xE8\xAF\xB4",
    "\xE6\x9D\xA5",
    "\xE9\x80\x92",
    "\xE5\x85\xA5",
    "\xE5\xAA\x92",
    "\xE5\x87\xBA",
    "\xE5\xA5\x87",
    "\xE5\x88\xB0",
    "\xE6\x8E\x88",
    "\xE8\xBE\x93",
    "\xE8\xBE\xBE",
    "\xE9\x80\x81",
    "\xE4\xB8\x96",
    "\xE6\x9F\x93\xE7\x97\x85",
    "\xE4\xBB\xA4",
    "\xE9\x97\xBB",
    "\xE7\xBB\x99",
    "\xE6\x84\x9F\xE5\x99\xA8",
    "\xE5\x8A\xA8",
};

static const char* const t105[] = {
    "\xE5\xAE\xB3",
    "\xE5\x8F\xA3",
    "\xE5\xBF\x83",
    "\xE4\xBA\xA1",
    "\xE5\x8A\xBF",
};

static const char* const t106[] = {
    "\xE6\x95\xA6",
    "\xE7\x90\x86",
};

static const char* const t107[] = {
    "\xE8\xA3\x85",
};

static const char* const t108[] = {
    "\xE4\xBC\xAF",
};

static const char* const t109[] = {
    "\xE8\xAE\xA1",
};

static const char* const t110[] = {
    "\xE9\x9A\x8F",
    "\xE7\x94\x9F",
    "\xE6\x9C\x89",
};

static const char* const t111[] = {
    "\xE6\x89\x8B",
    "\xE5\x87\xBA",
    "\xE5\xB1\x95",
};

static const char* const t112[] = {
    "\xE5\x80\x99",
};

static const char* const t113[] = {
    "\xE4\xB9\x8E",
    "\xE7\x9A\x84",
    "\xE5\x9C\xB0",
};

static const char* const t114[] = {
    "\xE6\x98\xAF",
};

static const char* const t115[] = {
    "\xE4\xBA\x8E",
    "\xE7\xBD\xAE",
    "\xE5\xB1\x85",
};

static const char* const t116[] = {
    "\xE5\xA3\xB0",
    "\xE4\xBA\x8E",
    "\xE5\xA4\xB4",
    "\xE4\xB8\x8B",
    "\xE6\xB8\xA9",
};

static const char* const t117[] = {
    "\xE6\x88\xBF",
    "\xE5\xAE\x85",
    "\xE9\x99\xA2",
    "\xE5\xAE\xBF",
    "\xE5\xA4\x84",
};

static const char* const t118[] = {
    "\xE7\xB3\xBB",
    "\xE8\x82\xB2",
    "\xE5\x88\xB6",
    "\xE7\x8E\xB0",
    "\xE5\x86\x85",
    "\xE9\xAA\x8C",
    "\xE7\xA7\xAF",
    "\xE9\x87\x8D",
    "\xE4\xBC\x9A",
    "\xE5\x8A\x9B",
    "\xE8\xB4\xA8",
    "\xE8\x82\xB2\xE5\x9C\xBA",
    "\xE6\x93\x8D",
    "\xE6\xA0\xBC",
    "\xE9\x95\xBF",
    "\xE6\xA3\x80",
    "\xE8\xA1\xA8",
};

static const char* const t119[] = {
    "\xE5\x86\xB5",
    "\xE5\xBF\x85",
    "\xE5\xA4\x84",
    "\xE4\xBB\xA5",
    "\xE7\xAD\x89",
    "\xE6\x97\xB6",
    "\xE4\xB8\x8D",
    "\xE5\x9C\xA8",
    "\xE6\x95\x85",
    "\xE4\xBA\xBA",
    "\xE4\xBA\x8B",
};

static const char* const t120[] = {
    "\xE7\xA7\x8D",
    "\xE5\x9C\xB0",
    "\xE5\xAE\xB6",
    "\xE4\xB8\x8B",
    "\xE4\xB8\x87",
    "\xE9\xA2\x9D",
};

static const char* const t121[] = {
    "\xE6\x95\x99",
};

static const char* const t122[] = {
    "\xE4\xB8\xBA",
    "\xE7\x94\xA8",
    "\xE6\x88\x98",
    "\xE5\x93\x81",
    "\xE5\x87\xBA",
    "\xE8\x80\x85",
    "\xE5\xAE\xB6",
    "\xE4\xB8\x9A",
    "\xE9\xA3\x8E",
    "\xE7\x89\xA9",
    "\xE6\x96\x87",
};

static const char* const t123[] = {
    "\xE4\xBB\xAC",
    "\xE5\xA5\xBD",
    "\xE5\xAE\xB6",
};

static const char* const t124[] = {
    "\xE6\x9C\x8D",
};

static const char* const t125[] = {
    "\xE8\x82\xB4",
};

static const char* const t126[] = {
    "\xE7\x94\xA8",
    "\xE5\xBE\x97",
    "\xE5\x91\xBD",
    "\xE8\x80\x85",
    "\xE5\x8A\xB2",
    "\xE9\xA6\x86",
    "\xE5\x87\xBA",
    "\xE8\x8A\x82",
};

static const char* const t127[] = {
    "\xE5\x84\xBF",
};

static const char* const t128[] = {
    "\xE5\xA6\x82",
    "\xE5\xAD\x90",
    "\xE5\xA4\x96",
    "\xE8\xA1\x8C",
};

static const char* const t129[] = {
    "\xE5\x8D\xAB",
    "\xE9\x83\x8E",
    "\xE5\x80\x99",
};

static const char* const t130[] = {
    "\xE6\x97\x8F",
};

static const char* const t131[] = {
    "\xE5\xBA\x94",
    "\xE5\xA5\x89",
    "\xE7\xBB\x99",
    "\xE5\x85\xBB",
    "\xE6\xB1\x82",
};

static const char* const t132[] = {
    "\xE6\x8D\xAE",
    "\xE7\x84\xB6",
    "\xE7\x85\xA7",
    "\xE9\x9D\xA0",
    "\xE6\xB3\x95",
    "\xE6\xAC\xA1",
    "\xE8\xB5\x96",
    "\xE6\x97\xA7",
    "\xE6\x89\x98",
};

static const char* const t133[] = {
    "\xE5\xB9\xB8",
};

static const char* const t134[] = {
    "\xE5\xAF\x9F",
};

static const char* const t135[] = {
    "\xE9\x9D\xA2",
    "\xE8\xBA\xAB",
};

static const char* const t136[] = {
    "\xE7\x95\xA5",
    "\xE7\x95\xA5\xE8\x80\x85",
    "\xE5\x85\xA5",
    "\xE7\x8A\xAF",
    "\xE5\x8D\xA0",
    "\xE8\x9A\x80",
    "\xE7\x95\xA5\xE5\x86\x9B",
};

static const char* const t137[] = {
    "\xE6\x98\xAF",
    "\xE5\xAE\x9C",
    "\xE4\xBA\x8E",
    "\xE5\x88\xA9",
    "\xE6\x8D\xB7",
};

static const char* const t138[] = {
    "\xE8\xBF\x9B",
    "\xE4\xBD\xBF",
    "\xE6\x88\x90",
};

static const char* const t139[] = {
    "\xE7\xBD\x97\xE6\x96\xAF",
    "\xE5\x9B\xBD",
};

static const char* const t140[] = {
    "\xE7\xA7\xB0",
    "\xE5\x90\x8D",
};

static const char* const t141[] = {
    "\xE8\x99\x8F",
};

static const char* const t142[] = {
    "\xE6\x8A\xA4",
    "\xE6\x8C\x81",
    "\xE8\xAF\x81",
    "\xE9\x9A\x9C",
    "\xE5\xAD\x98",
    "\xE9\x99\xA9",
    "\xE7\x95\x99",
    "\xE5\x8D\xAB",
    "\xE5\x81\xA5",
    "\xE5\x85\xA8",
    "\xE5\xAE\x88",
    "\xE5\xAE\x9A",
    "\xE4\xBD\x8F",
    "\xE5\xAF\x86",
    "\xE5\xA7\x86",
    "\xE7\xAE\xA1",
    "\xE5\x8A\xA0\xE5\x88\xA9\xE4\xBA\x9A",
    "\xE4\xBD\x91",
    "\xE5\xAE\x89",
};

static const char* const t143[] = {
    "\xE4\xBC\xAF\xE7\x89\x99",
};

static const char* const t144[] = {
    "\xE6\x81\xAF",
    "\xE5\xBF\x83",
    "\xE5\x8F\xB7",
    "\xE4\xBB\xBB",
    "\xE4\xBB\xB0",
    "\xE7\x94\xA8",
    "\xE6\x81\xAF\xE5\x8C\x96",
    "\xE5\xA5\x89",
    "\xE5\xBF\xB5",
    "\xE8\xB4\xB7",
    "\xE4\xBB\xB6",
};

static const char* const t145[] = {
    "\xE6\x94\xB9",
    "\xE5\xBB\xBA",
    "\xE7\xBC\xAE",
    "\xE8\xA1\x8C",
    "\xE8\xAE\xA2",
    "\xE6\xAD\xA3",
    "\xE7\xAD\x91",
    "\xE7\x82\xBC",
    "\xE5\x85\xBB",
    "\xE5\xA4\x8D",
    "\xE7\x90\x86",
    "\xE8\x91\xBA",
};

static const char* const t146[] = {
    "\xE8\xBA\xAB",
};

static const char* const t147[] = {
    "\xE4\xB9\x90\xE9\x83\xA8",
};

static const char* const t148[] = {
    "\xE9\x80\x80",
    "\xE9\x9C\x89",
};

static const char* const t149[] = {
    "\xE8\x8B\xA5",
    "\xE4\xBD\xBF",
};

static const char* const t150[] = {
    "\xE9\x80\x89\xE4\xBA\xBA",
    "\xE8\xA1\xA5\xE5\xA7\x94\xE5\x91\x98",
};

static const char* const t151[] = {
    "\xE5\x8F\xA3",
    "\xE5\x8A\xA9",
    "\xE9\x89\xB4",
    "\xE6\xAC\xBE",
    "\xE4\xBB\xA5",
};

static const char* const t152[] = {
    "\xE5\xAF\xBC",
    "\xE8\xAE\xAE",
};

static const char* const t153[] = {
    "\xE5\xAF\x87",
};

static const char* const t154[] = {
    "\xE5\x8A\xA1",
    "\xE5\x88\xB8",
};

static const char* const t155[] = {
    "\xE5\xBE\x97",
    "\xE7\x8F\xAD",
};

static const char* const t156[] = {
    "\xE5\x90\x91",
    "\xE6\x96\x9C",
    "\xE5\x90\xAC",
};

static const char* const t157[] = {
    "\xE5\xAE\x9A",
    "\xE5\xA6\x82",
    "\xE8\xAE\xBE",
    "\xE8\xA3\x85",
    "\xE4\xBD\xBF",
    "\xE6\x9C\x9F",
};

static const char* const t158[] = {
    "\xE5\x81\x8F",
    "\xE9\x87\x8D",
    "\xE7\xA6\xBB",
};

static const char* const t159[] = {
    "\xE6\xB3\x95",
    "\xE5\x87\xBA",
    "\xE5\x88\xB0",
    "\xE5\xA5\xBD",
    "\xE9\xA5\xAD",
    "\xE6\x88\x90",
    "\xE4\xBA\x8B",
    "\xE4\xBA\xBA",
    "\xE6\xA2\xA6",
};

static const char* const t160[] = {
    "\xE6\xAD\xA2",
    "\xE7\x95\x99",
    "\xE4\xB8\x8B",
};

static const char* const t161[] = {
    "\xE5\xBA\xB7",
    "\xE5\x85\xA8",
    "\xE8\xBA\xAB",
    "\xE5\xA3\xAE",
};

static const char* const t162[] = {
    "\xE5\xB0\x94",
    "\xE7\x84\xB6",
};

static const char* const t163[] = {
    "\xE5\x81\xB7",
};

static const char* const t164[] = {
    "\xE8\xBF\x98",
};

static const char* const t165[] = {
    "\xE5\x84\xA1",
};

static const char* const t166[] = {
    "\xE5\xBE\xB7\xE8\xBE\x89",
};

static const char* const t167[] = {
    "\xE6\x99\x9A",
};

static const char* const t168[] = {
    "\xE6\x97\x8F",
};

static const char* const t169[] = {
    "\xE9\x87\x8F",
    "\xE5\xA4\x87",
    "\xE5\xAD\x98",
};

static const char* const t170[] = {
    "\xE4\xBF\x83",
    "\xE5\x8C\x96\xE5\x89\x82",
    "\xE5\x8C\x96",
};

static const char* const t171[] = {
    "\xE5\xAD\x90",
};

static const char* const t172[] = {
    "\xE6\x98\xAF",
};

static const char* const t173[] = {
    "\xE4\xBA\xBA",
};

static const char* const t174[] = {
    "\xE5\xB0\xB8",
};

static const char* const t175[] = {
    "\xE5\xAE\xB6",
};

static const char* const t176[] = {
    "\xE5\xAD\x90",
    "\xE7\xAB\xA5",
    "\xE5\xA5\xB3",
};

static const char* const t177[] = {
    "\xE8\x87\xAA",
};

static const char* const t178[] = {
    "\xE8\xAE\xB8",
};

static const char* const t179[] = {
    "\xE5\xB9\xB4",
    "\xE7\xB4\xA0",
    "\xE4\xBB\xA3",
    "\xE5\xA4\xA7\xE9\x83\xBD",
    "\xE6\x9C\x9D",
    "\xE5\xB8\x85",
    "\xE9\xA6\x96",
};

static const char* const t180[] = {
    "\xE5\xBC\x9F",
    "\xE9\x95\xBF",
};

static const char* const t181[] = {
    "\xE5\x88\x86",
    "\xE6\xBB\xA1",
    "\xE8\xB6\xB3",
    "\xE5\xBD\x93",
    "\xE5\xAE\x9E",
    "\xE6\xB2\x9B",
};

static const char* const t182[] = {
    "\xE7\x94\x9F",
    "\xE8\xBF\x9B",
    "\xE5\x90\x8E",
    "\xE5\x89\x8D",
    "\xE9\x94\x8B",
    "\xE8\xA1\x8C",
    "\xE6\x98\xAF",
    "\xE4\xBB\xA4",
    "\xE9\xA9\xB1",
    "\xE7\xA7\xA6",
    "\xE5\xA4\xA9",
};

static const char* const t183[] = {
    "\xE7\xBB\xAA",
    "\xE8\x8D\xA3",
    "\xE5\x8D\x8E",
    "\xE8\x8A\x92",
    "\xE8\xBE\x89",
    "\xE6\x98\x8E",
    "\xE5\xAD\xA6",
    "\xE6\xB3\xBD",
    "\xE7\xBA\xBF",
    "\xE7\x94\xB5",
    "\xE5\xBD\xA9",
    "\xE8\xB0\xB1",
    "\xE8\xB0\xB7",
    "\xE6\xBB\x91",
    "\xE4\xBA\xAE",
};

static const char* const t184[] = {
    "\xE6\x9C\x8D",
    "\xE9\x87\x8C\xE7\x89\xB9",
    "\xE5\x88\xB6",
};

static const char* const t185[] = {
    "\xE8\xB4\xB9",
    "\xE7\x96\xAB",
    "\xE5\xBE\x97",
};

static const char* const t186[] = {
    "\xE6\x8D\xA2",
};

static const char* const t187[] = {
    "\xE4\xB8\xAD\xE5\xA4\xAE",
    "\xE5\x91\x98",
    "\xE5\xA7\x94",
    "\xE5\x86\x85",
    "\xE7\xBB\x84\xE7\xBB\x87",
    "\xE6\x94\xBF",
    "\xE6\xB4\xBE",
    "\xE7\xBB\x84",
};

static const char* const t188[] = {
    "\xE4\xBE\xB5",
    "\xE5\xAD\xA6\xE7\x8E\x87",
    "\xE5\xAD\xA6",
    "\xE5\xA2\x83",
    "\xE5\x8F\xA3",
    "\xE5\xB8\x82",
    "\xE9\x80\x89",
    "\xE6\x89\x8B",
};

static const char* const t189[] = {
    "\xE5\x9B\xBD",
    "\xE7\x9C\x81",
    "\xE9\x83\xA8",
    "\xE9\x9D\xA2",
    "\xE5\xB8\x82",
    "\xE5\x9B\xBD\xE4\xBA\xBA\xE5\xA4\xA7",
    "\xE4\xBD\x93",
    "\xE7\x90\x83",
    "\xE8\xBA\xAB",
    "\xE5\xB9\xB4",
    "\xE4\xB8\x96\xE7\x95\x8C",
    "\xE9\x83\xBD",
    "\xE9\x95\xBF",
    "\xE5\x85\x9A",
    "\xE5\x9B\xBD\xE6\x94\xBF\xE5\x8D\x8F",
    "\xE5\xA2\x83",
    "\xE5\x86\x9B",
    "\xE6\xB0\x91",
    "\xE5\x8A\x9B",
    "\xE4\xBC\x9A",
    "\xE4\xB9\xA6",
    "\xE6\x96\xB0",
    "\xE7\x84\xB6",
    "\xE5\x8E\xBF",
    "\xE5\xAE\xB6",
    "\xE5\x9B\xBD\xE6\x80\xA7",
    "\xE7\x90\x83\xE5\x8C\x96",
    "\xE5\xB1\x80",
    "\xE5\x9C\xBA",
    "\xE7\xA7\xB0",
    "\xE6\x96\x87",
    "\xE6\x9D\x83\xE4\xBB\xA3\xE8\xA1\xA8",
    "\xE5\x9F\x8E",
    "\xE7\xBA\xBF",
};

static const char* const t190[] = {
    "\xE5\xB9\xB4",
    "\xE6\x88\x92",
    "\xE5\x9B\xBD\xE8\x81\x94\xE5\x86\x9B",
    "\xE6\x9C\x88",
    "\xE4\xB8\xAA",
    "\xE8\xB7\xAF\xE5\x86\x9B",
    "\xE8\xA7\x92",
    "\xE5\x8D\xA6",
    "\xE4\xB8\x80",
    "\xE6\x97\x97",
    "\xE5\xA4\xA7",
};

static const char* const t191[] = {
    "\xE5\x8F\xB8",
    "\xE9\x87\x8C",
    "\xE6\xB0\x91",
    "\xE8\xB7\xAF",
    "\xE5\x85\x83",
    "\xE5\xB8\x83",
    "\xE5\x85\x83\xE5\x89\x8D",
    "\xE5\xBC\x80",
    "\xE5\x9B\xAD",
    "\xE5\x85\xB1",
    "\xE6\x96\xA4",
    "\xE4\xB8\xBB",
    "\xE4\xBC\x97",
    "\xE5\xAE\x89",
    "\xE5\x91\x8A",
    "\xE5\xAD\x90",
    "\xE7\xA4\xBE",
    "\xE5\xB9\xB3",
    "\xE5\x8A\xA1\xE5\x91\x98",
    "\xE6\xAD\xA3",
    "\xE5\xBC\x8F",
    "\xE8\xAE\xA4",
    "\xE4\xBD\xBF",
    "\xE5\x85\xAC",
    "\xE7\xBA\xA6",
    "\xE6\x8A\xA5",
    "\xE5\x8A\xA1",
    "\xE8\x81\x8C",
    "\xE9\xA1\xB7",
    "\xE7\x94\x9F\xE6\xA1\xA5",
    "\xE5\xAF\x93",
    "\xE9\x81\x93",
    "\xE5\xAE\x89\xE5\xB1\x80",
    "\xE7\x84\xB6",
    "\xE7\xA7\xAF\xE9\x87\x91",
    "\xE6\x9C\x89",
    "\xE5\xAE\x89\xE5\x8E\xBF",
    "\xE7\xA7\x81",
};

static const char* const t192[] = {
    "\xE5\xB9\xB4",
    "\xE4\xB8\xAA",
    "\xE9\x83\xA8",
    "\xE6\x9C\x88",
};

static const char* const t193[] = {
    "\xE5\xB7\x9E",
    "\xE8\x8A\xB1",
};

static const char* const t194[] = {
    "\xE5\x90\x8C",
    "\xE4\xBA\xA7\xE5\x85\x9A",
    "\xE5\x92\x8C\xE5\x9B\xBD",
    "\xE5\x92\x8C",
    "\xE4\xBA\xA7\xE5\x9B\xBD\xE9\x99\x85",
    "\xE4\xBA\xA7\xE4\xB8\xBB\xE4\xB9\x89",
    "\xE4\xBA\xA7\xE5\x85\x9A\xE5\x91\x98",
    "\xE4\xBA\xA7\xE5\x85\x9A\xE4\xBA\xBA",
    "\xE6\x9C\x89",
    "\xE4\xBA\xAB",
    "\xE8\xAF\x86",
    "\xE8\xAE\xA1",
};

static const char* const t195[] = {
    "\xE7\xB3\xBB",
    "\xE4\xBA\x8E",
    "\xE9\x94\xAE",
    "\xE6\xB3\xA8",
    "\xE5\xBF\x83",
    "\xE9\x97\xAD",
    "\xE8\x8A\x82",
    "\xE8\x81\x94",
    "\xE6\x80\x80",
    "\xE7\xB3\xBB\xE4\xBA\xBA",
    "\xE5\x85\xAC",
    "\xE4\xB8\xAD",
    "\xE5\xA4\xB4",
    "\xE5\xB1\xB1",
    "\xE7\xA8\x8E",
    "\xE4\xB8\x8A",
    "\xE5\x88\x87",
    "\xE9\x97\xA8",
};

static const char* const t196[] = {
    "\xE8\xB6\xA3",
    "\xE5\xA5\x8B",
    "\xE5\xBB\xBA",
    "\xE8\xB5\xB7",
    "\xE5\x9B\xBD",
    "\xE8\xA1\xB0",
};

static const char* const t197[] = {
    "\xE5\x8A\x9B",
    "\xE5\x88\x83",
    "\xE5\x9B\xA2",
    "\xE5\x99\xA8",
    "\xE9\x83\xA8",
    "\xE9\xA9\xAC",
};

static const char* const t198[] = {
    "\xE4\xB8\xAD",
    "\xE4\xBB\x96",
    "\xE5\xAE\x9E",
    "\xE5\xAE\x83",
    "\xE4\xBD\x99",
    "\xE6\xAC\xA1",
    "\xE9\x97\xB4",
    "\xE4\xB8\x80",
    "\xE5\x90\x8E",
    "\xE6\x97\xB6",
    "\xE4\xBB\x96\xE4\xBA\xBA",
    "\xE7\x88\xB6",
};

static const char* const t199[] = {
    "\xE6\x9C\x89",
    "\xE4\xBD\x93",
    "\xE5\xA4\x87",
};

static const char* const t200[] = {
    "\xE5\x9E\x8B",
    "\xE7\xA4\xBC",
};

static const char* const t201[] = {
    "\xE6\xAE\x96",
    "\xE6\x88\x90",
    "\xE8\x80\x81",
};

static const char* const t202[] = {
    "\xE5\xA4\x87",
    "\xE4\xBB\xBB",
    "\xE5\xB9\xB6",
    "\xE6\x9C\x89",
    "\xE9\xA1\xBE",
    "\xE8\x81\x8C",
};

static const char* const t203[] = {
    "\xE5\xAE\xB9",
    "\xE9\x83\xA8",
    "\xE9\x98\x81",
    "\xE5\x9C\xB0",
    "\xE5\xBF\x83",
    "\xE5\xA4\x96",
    "\xE6\x88\x98",
    "\xE5\x8A\x9B",
    "\xE8\x92\x99\xE5\x8F\xA4",
    "\xE6\xB2\xB3",
    "\xE5\x8A\x9F",
    "\xE9\x99\x86",
    "\xE6\xB6\xB5",
    "\xE5\xAD\x98",
    "\xE8\xAE\xA7",
    "\xE5\x9F\x8E",
    "\xE5\x9C\xA8",
    "\xE6\x94\xBF",
    "\xE5\x88\x86\xE6\xB3\x8C",
};

static const char* const t204[] = {
    "\xE6\xAC\xA1",
    "\xE4\xB9\x9F",
    "\xE8\xAF\xB4",
    "\xE5\xBA\xA6",
    "\xE6\x9C\x89",
    "\xE7\x94\x9F",
    "\xE4\xB8\x89",
    "\xE7\x94\x9F\xE4\xBA\xA7",
    "\xE7\x8E\xB0",
    "\xE8\xA1\x8C",
};

static const char* const t205[] = {
    "\xE9\x99\xA9",
};

static const char* const t206[] = {
    "\xE4\xBD\x9C",
    "\xE4\xB8\x8B",
    "\xE9\x81\x93",
    "\xE6\x88\x90",
    "\xE5\x87\xBA",
    "\xE4\xBF\xA1",
};

static const char* const t207[] = {
    "\xE4\xBA\x8B",
    "\xE9\x98\x9F",
    "\xE8\xAD\xA6",
    "\xE4\xBA\xBA",
    "\xE9\x98\x80",
    "\xE5\xAE\x98",
    "\xE6\xB0\x91",
    "\xE5\x8C\xBA",
    "\xE9\xA9\xAC",
    "\xE6\x96\xB9",
    "\xE8\x88\xB0",
    "\xE4\xB8\xAD",
    "\xE5\xB8\x88",
    "\xE5\xA3\xAB",
    "\xE7\x94\xA8",
    "\xE9\x95\xBF",
    "\xE6\x94\xBF",
    "\xE8\xB4\xB9",
    "\xE5\x9B\xA2",
    "\xE8\x90\xA5",
    "\xE4\xBA\x8B\xE6\xB3\x95\xE9\x99\xA2",
};

static const char* const t208[] = {
    "\xE4\xB8\x9A",
    "\xE6\xB0\x91",
    "\xE6\x9D\x91",
    "\xE4\xBA\xA7\xE5\x93\x81",
    "\xE4\xBD\x9C\xE7\x89\xA9",
    "\xE4\xB8\x9A\xE9\x83\xA8",
    "\xE5\x8E\x86",
    "\xE5\x9C\xBA",
    "\xE7\x94\xB0",
    "\xE5\xA5\xB4",
    "\xE5\xAE\xB6",
};

static const char* const t209[] = {
    "\xE5\x86\x9B",
    "\xE4\xBB\xA5",
};

static const char* const t210[] = {
    "\xE6\x9E\x89",
};

static const char* const t211[] = {
    "\xE5\xAD\xA3",
    "\xE5\xA4\xA9",
};

static const char* const t212[] = {
    "\xE5\xB7\x9D",
    "\xE9\x9B\xAA",
    "\xE5\x86\xB7",
};

static const char* const t213[] = {
    "\xE7\xAA\x81",
    "\xE5\x87\xBB",
    "\xE5\x8A\xA8",
    "\xE7\xA0\xB4",
    "\xE5\x87\xBA",
    "\xE7\xA7\xAF\xE5\xB9\xB3\xE5\x8E\x9F",
    "\xE7\x9D\x80",
    "\xE5\xBC\x80",
};

static const char* const t214[] = {
    "\xE5\xAE\x9A",
    "\xE8\xAE\xAE",
    "\xE7\xAD\x96",
    "\xE5\xBF\x83",
    "\xE8\xB5\x9B",
    "\xE6\x88\x98",
    "\xE8\xAE\xA1",
    "\xE4\xB8\x8D\xE8\x83\xBD",
    "\xE4\xB8\x8D",
    "\xE5\xAE\x9A\xE6\x80\xA7",
    "\xE6\x84\x8F",
};

static const char* const t215[] = {
    "\xE4\xB8\x94",
};

static const char* const t216[] = {
    "\xE9\x87\x91",
};

static const char* const t217[] = {
    "\xE7\xAC\x91",
    "\xE9\x9D\x99",
    "\xE5\x8D\xB4",
    "\xE6\xB1\x97",
    "\xE5\x86\xB7\xE7\x9A\x84",
    "\xE6\x88\x98",
};

static const char* const t218[] = {
    "\xE5\x88\xA9\xE6\xB6\xA6",
};

static const char* const t219[] = {
    "\xE5\xA4\x87",
    "\xE7\xA1\xAE",
    "\xE5\x88\x99",
};

static const char* const t220[] = {
    "\xE8\xBE\xB1",
    "\xE6\x99\xA8",
    "\xE5\x8E\x89",
};

static const char* const t221[] = {
    "\xE5\xB0\x91",
    "\xE8\xBD\xBB",
    "\xE5\xBC\xB1",
    "\xE5\xB0\x8F",
    "\xE8\x82\xA5",
};

static const char* const t222[] = {
    "\xE8\x81\x9A",
    "\xE8\xA7\x86",
    "\xE7\xA5\x9E",
};

static const char* const t223[] = {
    "\xE4\xB8\xAA",
    "\xE4\xB9\x8E",
    "\xE5\xA4\xA9",
    "\xE5\xB9\xB4",
    "\xE5\x8F\xA5",
    "\xE6\xAC\xA1",
    "\xE7\xA7\x8D",
    "\xE4\xBD\x95",
    "\xE4\xBD\x8D",
    "\xE5\x8D\x81\xE5\xB9\xB4",
    "\xE6\xAD\xA5",
    "\xE4\xB8\x8B",
    "\xE5\x88\x86",
    "\xE5\xA3\xB0",
    "\xE6\x97\xA5",
    "\xE7\xBB\x8F",
    "\xE5\x90\x8D",
    "\xE6\x9D\xA1",
    "\xE7\x99\xBE\xE5\xB9\xB4",
    "\xE5\xAE\xB6",
    "\xE4\xB8\x87",
    "\xE5\x8D\x81\xE4\xB8\xAA",
    "\xE6\x97\xB6",
    "\xE4\xBB\xB6",
    "\xE5\x8F\xA3",
};

static const char* const t224[] = {
    "\xE6\x98\xAF",
};

static const char* const t225[] = {
    "\xE5\x87\xB0",
};

static const char* const t226[] = {
    "\xE5\x80\x9F",
};

static const char* const t227[] = {
    "\xE6\x97\x8B\xE5\xBD\x92\xE6\x9D\xA5",
};

static const char* const t228[] = {
    "\xE7\x8C\x9B",
    "\xE9\x99\xA9",
};

static const char* const t229[] = {
    "\xE6\x9D\xA5",
    "\xE7\x8E\xB0",
    "\xE5\x8E\xBB",
    "\xE5\x8F\xA3",
    "\xE7\x89\x88",
    "\xE5\xB8\xAD",
    "\xE5\x8F\x91",
    "\xE4\xBA\x8E",
    "\xE8\xBA\xAB",
    "\xE5\x94\xAE",
    "\xE5\x85\xA5",
    "\xE7\x94\x9F",
    "\xE5\x9C\x9F",
    "\xE9\x97\xA8",
    "\xE6\x89\x8B",
    "\xE5\xBE\x81",
    "\xE5\x8F\xB0",
    "\xE8\x89\xB2",
    "\xE4\xBB\xBB",
    "\xE7\x89\x88\xE7\xA4\xBE",
    "\xE5\x90\x8D",
    "\xE5\x9B\xBD",
    "\xE9\x9D\xA2",
    "\xE8\xB7\xAF",
    "\xE5\x8A\xA8",
    "\xE8\x87\xAA",
    "\xE5\xA2\x83",
    "\xE5\x8D\x96",
    "\xE5\x85\xB5",
    "\xE5\x87\xBB",
    "\xE5\x9C\xBA",
    "\xE8\xA1\x80",
};

static const char* const t230[] = {
    "\xE8\xB4\xA5",
    "\xE4\xB8\xAD",
    "\xE8\x90\xBD",
};

static const char* const t231[] = {
    "\xE6\x95\xB0",
};

static const char* const t232[] = {
    "\xE6\xB3\x95",
    "\xE5\xAD\x90",
    "\xE5\x89\x91",
};

static const char* const t233[] = {
    "\xE5\x88\xAB",
    "\xE5\xB8\x83",
    "\xE6\x9E\x90",
    "\xE4\xB8\xBA",
    "\xE9\x92\x9F",
    "\xE5\xAD\x90",
    "\xE9\x85\x8D",
    "\xE7\xB1\xBB",
    "\xE4\xBA\xAB",
    "\xE8\xA3\x82",
    "\xE7\xA6\xBB",
    "\xE6\x88\x90",
    "\xE6\x94\xAF",
    "\xE6\x95\xA3",
    "\xE6\xB3\x8C",
    "\xE8\xA7\xA3",
    "\xE5\x8C\x96",
    "\xE6\xB5\x81",
    "\xE6\x98\x8E",
    "\xE5\xB7\xA5",
    "\xE6\x95\xB0",
    "\xE5\xBC\x80",
    "\xE6\xAD\xA7",
    "\xE5\x89\xB2",
    "\xE8\xBE\xA8",
    "\xE5\x85\xAC\xE5\x8F\xB8",
    "\xE9\x87\x8F",
    "\xE6\xB0\xB4\xE5\xB2\xAD",
    "\xE9\x99\xA2",
    "\xE6\x95\xB0\xE7\xBA\xBF",
    "\xE6\x9E\x90\xE5\xB8\x88",
};

static const char* const t234[] = {
    "\xE5\xAE\x9E",
    "\xE5\x89\xB2",
};

static const char* const t235[] = {
    "\xE7\x89\xA9",
    "\xE7\x99\xBB",
};

static const char* const t236[] = {
    "\xE9\x83\xA8",
    "\xE4\xBA\x8B",
    "\xE7\xBD\x9A",
    "\xE6\xB3\x95",
};

static const char* const t237[] = {
    "\xE5\x88\x86",
};

static const char* const t238[] = {
    "\xE4\xB8\xBA",
    "\xE5\x85\xA5",
    "\xE8\xBD\xA6",
    "\xE5\xB8\xAD",
    "\xE5\xAE\x81",
    "\xE5\xBC\xBA",
    "\xE4\xB8\xBE",
    "\xE8\xA1\xA8",
};

static const char* const t239[] = {
    "\xE5\xA4\x87",
    "\xE5\xAE\x97\xE6\x95\x8F",
    "\xE5\xB0\x91\xE5\xA5\x87",
    "\xE9\x82\xA6",
    "\xE5\xAD\x90\xE5\x8D\x8E",
    "\xE9\x83\x8E\xE6\xB5\xA6",
};

static const char* const t240[] = {
    "\xE6\x89\x8D",
    "\xE5\x88\x9A",
    "\xE5\xA5\xBD",
};

static const char* const t241[] = {
    "\xE9\x80\xA0",
    "\xE4\xBD\x9C",
    "\xE6\x96\xB0",
    "\xE5\x8A\x9E",
    "\xE5\xBB\xBA",
    "\xE7\xAB\x8B",
    "\xE4\xB8\x9A",
    "\xE5\xBB\xBA\xE8\x80\x85",
    "\xE5\xA7\x8B\xE4\xBA\xBA",
    "\xE9\x80\xA0\xE6\x80\xA7",
    "\xE5\x88\xB6",
    "\xE6\x84\x8F",
};

static const char* const t242[] = {
    "\xE6\xAD\xA5",
    "\xE6\x9C\x9F",
    "\xE4\xB8\xAD",
    "\xE7\xBA\xA7",
    "\xE5\xB9\xB4",
    "\xE7\xBA\xA7\xE9\x98\xB6\xE6\xAE\xB5",
    "\xE6\x97\xB6",
    "\xE6\xAC\xA1",
};

static const char* const t243[] = {
    "\xE6\x96\xAD",
    "\xE5\x86\xB3",
    "\xE5\xA4\x84",
};

static const char* const t244[] = {
    "\xE7\x94\xA8",
    "\xE7\x9B\x8A",
    "\xE6\xB6\xA6",
    "\xE5\xAE\xB3",
    "\xE7\x8E\x87",
    "\xE6\x81\xAF",
    "\xE6\xB6\xA6\xE7\x8E\x87",
    "\xE7\xA8\x8E",
    "\xE4\xBA\x8E",
    "\xE6\x81\xAF\xE7\x8E\x87",
};

static const char* const t245[] = {
    "\xE4\xBA\xBA",
    "\xE7\x9A\x84",
    "\xE8\xAF\xB4",
    "\xE5\xA4\x84",
    "\xE5\x90\x8D",
    "\xE5\xA2\x85",
};

static const char* const t246[] = {
    "\xE5\xBA\x95",
    "\xE5\xA4\x84",
    "\xE8\xBE\xBE",
    "\xE6\x9D\xA5",
    "\xE4\xBD\x8D",
    "\xE6\x97\xB6\xE5\x80\x99",
};

static const char* const t247[] = {
    "\xE5\xBA\xA6",
    "\xE5\xAE\x9A",
    "\xE9\x80\xA0",
    "\xE4\xBD\x9C",
    "\xE6\x88\x90",
    "\xE7\xBA\xA6",
    "\xE5\x93\x81",
    "\xE8\xAE\xA2",
    "\xE6\xAD\xA2",
    "\xE8\x8D\xAF",
    "\xE5\xAF\xBC",
    "\xE8\xA3\x81",
    "\xE9\x80\xA0\xE4\xB8\x9A",
    "\xE5\x89\x82",
    "\xE6\x9C\x8D",
};

static const char* const t248[] = {
    "\xE9\x97\xA8",
};

static const char* const t249[] = {
    "\xE6\xBF\x80",
    "\xE5\x8F\xB2",
    "\xE5\x88\x80",
    "\xE5\xAE\xA2",
};

static const char* const t250[] = {
    "\xE6\x9C\x89",
    "\xE7\x94\xBB",
};

static const char* const t251[] = {
    "\xE9\x87\x8F",
};

static const char* const t252[] = {
    "\xE5\xBC\xB1",
    "\xE5\x87\x8F",
};

static const char* const t253[] = {
    "\xE9\x9D\xA2",
    "\xE6\x8F\x90",
    "\xE8\xBF\x9B",
    "\xE6\x9D\xA5",
    "\xE5\x90\x8E",
    "\xE5\xBE\x80",
    "\xE8\x80\x85",
    "\xE8\xBE\x88",
    "\xE6\x99\xAF",
    "\xE5\x8E\xBB",
    "\xE6\x9C\x9F",
    "\xE7\xBA\xBF",
    "\xE9\x80\x94",
    "\xE5\x88\x97",
    "\xE9\x94\x8B",
    "\xE5\xA4\x95",
    "\xE6\x89\x80\xE6\x9C\xAA\xE6\x9C\x89",
    "\xE6\x96\xB9",
    "\xE8\xBA\xAB",
    "\xE8\xBE\xB9",
    "\xE4\xB8\x80\xE5\xA4\xA9",
    "\xE6\xB2\xBF",
    "\xE4\xBA\xBA",
};

static const char* const t254[] = {
    "\xE6\xB3\x95",
};

static const char* const t255[] = {
    "\xE5\x89\x8A",
    "\xE5\xA4\xBA",
};

static const char* const t256[] = {
    "\xE7\x83\x88",
    "\xE6\x9C\xAC",
    "\xE9\x99\xA2",
    "\xE5\x9B\xA2",
    "\xE7\x9B\xAE",
    "\xE5\x9C\xBA",
    "\xE7\xA4\xBE",
    "\xE6\xAF\x92",
    "\xE7\x97\x9B",
};

static const char* const t257[] = {
    "\xE4\xB8\x8B",
    "\xE4\xBD\x99\xE4\xBB\xB7\xE5\x80\xBC",
    "\xE4\xBD\x99",
};

static const char* const t258[] = {
    "\xE5\x88\x80",
};

static const char* const t259[] = {
    "\xE6\x8D\xAE",
};

static const char* const t260[] = {
    "\xE9\x87\x8F",
    "\xE5\xBA\xA6",
    "\xE5\xAD\xA6",
    "\xE6\xB0\x94",
    "\xE6\xB1\x82",
    "\xE5\x9B\xBE",
    "\xE4\xBA\x89",
};

static const char* const t261[] = {
    "\xE8\xAF\xB4",
};

static const char* const t262[] = {
    "\xE6\xB3\x95",
    "\xE5\x85\xAC\xE5\xAE\xA4",
    "\xE4\xBA\x8B",
    "\xE7\x90\x86",
    "\xE4\xBA\x8B\xE5\xA4\x84",
    "\xE5\xAD\xA6",
    "\xE5\x85\xAC",
};

static const char* const t263[] = {
    "\xE8\x83\xBD",
    "\xE5\xA4\xAB",
    "\xE7\x8E\x87",
    "\xE5\x8A\x9B",
    "\xE8\x87\xA3",
    "\xE5\x8A\xB3",
    "\xE6\x95\x88",
    "\xE7\xBB\xA9",
    "\xE8\xAF\xBE",
};

static const char* const t264[] = {
    "\xE5\xBC\xBA",
    "\xE4\xB8\x8A",
    "\xE5\xB7\xA5",
    "\xE5\x85\xA5",
    "\xE4\xBB\xA5",
    "\xE9\x80\x9F",
    "\xE5\xBF\xAB",
    "\xE5\xA4\xA7",
    "\xE6\x8B\xBF\xE5\xA4\xA7",
    "\xE9\x87\x8D",
    "\xE7\xB4\xA7",
    "\xE7\x83\xAD",
    "\xE5\x89\xA7",
    "\xE4\xB9\x8B",
    "\xE6\xB7\xB1",
    "\xE7\x8F\xAD",
    "\xE7\x9B\x9F",
};

static const char* const t265[] = {
    "\xE5\xAE\x9E",
    "\xE5\xBF\x85",
};

static const char* const t266[] = {
    "\xE7\x89\xA9",
    "\xE5\x8A\x9B",
    "\xE4\xBD\x9C",
    "\xE6\x89\x8B",
    "\xE6\x80\x81",
    "\xE5\x91\x98",
    "\xE9\x9D\x99",
    "\xE6\x9C\xBA",
    "\xE6\x91\x87",
    "\xE5\xBC\xB9",
    "\xE8\x8D\xA1",
    "\xE8\xBA\xAB",
    "\xE5\x8A\x9B\xE5\xAD\xA6",
    "\xE4\xBA\xBA",
    "\xE7\x94\xA8",
    "\xE6\xA4\x8D\xE7\x89\xA9",
};

static const char* const t267[] = {
    "\xE7\x90\x86",
    "\xE6\x89\x8B",
    "\xE5\xAD\xA6",
};

static const char* const t268[] = {
    "\xE5\x8A\x9B",
};

static const char* const t269[] = {
    "\xE5\x8A\x9B",
};

static const char* const t270[] = {
    "\xE5\x8A\xA8",
    "\xE5\x8A\xA8\xE5\x8A\x9B",
    "\xE5\x8A\xA8\xE8\x80\x85",
    "\xE5\x8A\xA1",
};

static const char* const t271[] = {
    "\xE5\x8A\x9B",
    "\xE5\xA4\xB4",
    "\xE5\xBF\x85",
};

static const char* const t272[] = {
    "\xE6\xB0\x94",
    "\xE6\x95\xA2",
    "\xE5\xA3\xAB",
};

static const char* const t273[] = {
    "\xE5\xBC\xBA",
};

static const char* const t274[] = {
    "\xE7\xAB\xA0",
};

static const char* const t275[] = {
    "\xE6\x8E\xA2",
};

static const char* const t276[] = {
    "\xE9\x9B\x86",
};

static const char* const t277[] = {
    "\xE5\x8A\xB3",
};

static const char* const t278[] = {
    "\xE7\xBB\x93",
    "\xE5\xBD\x93",
};

static const char* const t279[] = {
    "\xE6\x8B\xAC",
    "\xE5\x90\xAB",
    "\xE5\x9B\xB4",
    "\xE8\xA2\xB1",
    "\xE8\xA3\xB9",
    "\xE8\xA3\x85",
};

static const char* const t280[] = {
    "\xE5\x8C\x86",
};

static const char* const t281[] = {
    "\xE5\xA5\xB4",
    "\xE7\x89\x99\xE5\x88\xA9",
};

static const char* const t282[] = {
    "\xE9\xA6\x96",
};

static const char* const t283[] = {
    "\xE5\xAD\xA6",
    "\xE5\xB7\xA5",
    "\xE7\x9F\xB3",
    "\xE5\x90\x88\xE7\x89\xA9",
    "\xE8\x82\xA5",
    "\xE4\xB8\xBA",
    "\xE8\xA7\xA3",
    "\xE7\x96\x97",
};

static const char* const t284[] = {
    "\xE4\xBA\xAC",
    "\xE9\x83\xA8",
    "\xE5\xB9\xB3",
    "\xE6\x96\xB9",
    "\xE4\xBA\xAC\xE5\xB8\x82",
    "\xE4\xBA\xAC\xE5\xA4\xA7\xE5\xAD\xA6",
    "\xE4\xBA\xAC\xE5\x9F\x8E",
    "\xE5\xA4\xA7",
    "\xE7\xBA\xAC",
    "\xE5\xAE\x8B",
    "\xE7\xBA\xA6",
    "\xE4\xB8\x8A",
    "\xE6\xB4\x8B",
    "\xE7\xBE\x8E",
    "\xE5\xB2\xB8",
    "\xE9\x97\xA8",
    "\xE9\x9D\xA2",
    "\xE6\xB4\x8B\xE5\x86\x9B\xE9\x98\x80",
    "\xE4\xBE\xA7",
    "\xE9\xAD\x8F",
    "\xE6\xB4\x8B\xE6\x94\xBF\xE5\xBA\x9C",
    "\xE9\x9D\x9E",
    "\xE6\xB5\xB7",
    "\xE4\xBC\x90",
    "\xE5\x90\x91",
};

static const char* const t285[] = {
    "\xE9\x85\x8D",
};

static const char* const t286[] = {
    "\xE5\x9F\x9F",
    "\xE5\x88\xAB",
    "\xE9\x95\xBF",
    "\xE5\x88\x86",
    "\xE5\x88\x92",
    "\xE9\x9B\x84\xE6\xA5\x9A",
};

static const char* const t287[] = {
    "\xE9\x99\xA2",
    "\xE7\x94\x9F",
    "\xE7\x96\x97",
    "\xE5\xAD\xA6",
    "\xE8\x8D\xAF",
    "\xE5\xB8\x88",
};

static const char* const t288[] = {
    "\xE9\xA2\x9D",
};

static const char* const t289[] = {
    "\xE5\x88\x86",
    "\xE5\xB9\xB4",
    "\xE5\xA0\xB0",
    "\xE5\xA0\xB0\xE5\xB8\x82",
    "\xE4\xBA\x94",
    "\xE5\x85\xAB\xE5\xB9\xB4",
    "\xE4\xBA\x94\xE5\xB9\xB4",
    "\xE4\xB8\x89",
    "\xE5\x9B\x9B",
    "\xE5\xA4\xA7",
    "\xE4\xBA\x8C",
    "\xE5\x85\xAB",
    "\xE5\x85\xAD",
    "\xE4\xB8\x80",
    "\xE6\x9C\x88",
    "\xE4\xB8\xAA",
    "\xE4\xB8\x83\xE5\xB9\xB4",
    "\xE8\xB6\xB3",
    "\xE4\xB8\x89\xE5\xB9\xB4",
    "\xE4\xBA\x8C\xE5\xB9\xB4",
    "\xE4\xB8\x80\xE4\xBA\x94",
    "\xE4\xB8\x83",
    "\xE4\xBA\x94\xE5\xA4\xA7",
    "\xE5\x87\xA0\xE4\xB8\xAA",
    "\xE4\xBA\x8C\xE6\x9C\x88",
    "\xE5\x87\xA0\xE5\xB9\xB4",
    "\xE4\xB8\x87",
    "\xE4\xB9\x9D\xE5\xB9\xB4",
    "\xE4\xB8\x80\xE6\x9C\x88",
    "\xE5\xA4\xA9",
    "\xE5\x85\xAD\xE5\xB9\xB4",
    "\xE4\xB8\x80\xE5\xB1\x8A",
    "\xE4\xB8\x80\xE5\xB9\xB4",
    "\xE5\x9B\x9B\xE5\xB9\xB4",
};

static const char* const t290[] = {
    "\xE7\xB1\xB3",
    "\xE4\xB8\x87",
    "\xE6\xAD\xA5",
    "\xE5\x85\x8B",
    "\xE5\xB9\xB4",
    "\xE5\x85\xAC\xE9\xA1\xB7",
    "\xE9\x87\x8C",
    "\xE5\xB0\xBA",
    "\xE5\x8F\xA4",
    "\xE5\xBC\xA0",
    "\xE6\x96\xA4",
    "\xE6\x88\xB7",
};

static const char* const t291[] = {
    "\xE7\xBA\xA7",
    "\xE9\xAB\x98",
    "\xE8\xB5\xB7",
    "\xE5\x80\xBC",
};

static const char* const t292[] = {
    "\xE9\x97\xA8",
    "\xE9\xA5\xAD",
};

static const char* const t293[] = {
    "\xE5\xA4\xA9",
    "\xE4\xB8\xAA",
    "\xE6\x99\x8C",
    "\xE5\xB9\xB4",
    "\xE7\x82\xB9",
    "\xE5\xB2\x9B",
    "\xE6\x95\xB0",
    "\xE5\xA4\x9C",
    "\xE5\xAF\xBC\xE4\xBD\x93",
    "\xE7\xA9\xBA",
    "\xE5\xBE\x84",
    "\xE6\x88\xAA",
    "\xE5\x86\xB3\xE8\xB5\x9B",
    "\xE6\x9C\x88",
};

static const char* const t294[] = {
    "\xE5\x8C\x97",
    "\xE8\xA1\xA8",
    "\xE5\xB1\xB1",
    "\xE5\xA4\x8F",
    "\xE4\xB8\xAD",
    "\xE4\xBE\xA8",
    "\xE7\x9B\x9B\xE9\xA1\xBF",
    "\xE4\xBA\xBA",
    "\xE4\xB8\x9C",
    "\xE5\xAE\xB9\xE5\x8E\xBF",
    "\xE5\x8D\x97",
};

static const char* const t295[] = {
    "\xE8\xAE\xAE",
    "\xE8\xB0\x83",
    "\xE4\xBC\x9A",
    "\xE5\xAE\x9A",
    "\xE5\x8A\xA9",
    "\xE5\x95\x86",
    "\xE5\x90\x8C",
    "\xE4\xBD\x9C",
};

static const char* const t296[] = {
    "\xE8\x81\x8C",
};

static const char* const t297[] = {
    "\xE8\xB6\x8A",
};

static const char* const t298[] = {
    "\xE4\xBD\x8D",
    "\xE7\x8B\xAC",
    "\xE7\xBA\xAF",
    "\xE8\xA1\x8C",
    "\xE4\xB8\x80",
    "\xE4\xB8\xAA",
    "\xE5\x85\x83",
    "\xE5\x88\x80",
    "\xE8\xAF\x8D",
    "\xE6\x9D\xBF",
    "\xE4\xBA\xBA",
};

static const char* const t299[] = {
    "\xE5\x9B\xBD\xE8\xB4\xBC",
    "\xE5\x9B\xBD",
};

static const char* const t300[] = {
    "\xE4\xBA\xAC",
    "\xE5\x8C\x97",
    "\xE9\x83\xA8",
    "\xE6\x96\xB9",
    "\xE6\xB5\xB7",
    "\xE4\xBA\xAC\xE5\xB8\x82",
    "\xE8\xB7\xAF",
    "\xE9\x9D\x9E",
    "\xE6\xB9\x96",
    "\xE9\x98\xB3",
    "\xE5\xAE\x8B",
    "\xE5\xB2\xB3",
    "\xE7\x8E\xAF\xE8\xB7\xAF",
    "\xE5\xB2\xB8",
    "\xE7\xAB\xAF",
    "\xE6\x9C\x9D",
    "\xE5\x8C\x97\xE6\x9C\x9D",
    "\xE9\x97\xA8",
    "\xE6\x98\x8C",
    "\xE9\x9D\xA2",
    "\xE6\x9E\x81",
    "\xE4\xBE\xA7",
    "\xE4\xBA\x9A",
    "\xE6\x96\xAF\xE6\x8B\x89\xE5\xA4\xAB",
    "\xE5\x8F\xA3",
    "\xE5\x8E\xBF",
    "\xE5\x94\x90",
    "\xE4\xB8\x8B",
    "\xE5\xB2\xA9\xE5\xAE\xAB",
    "\xE9\x80\x9A",
    "\xE7\xBE\x8E\xE6\xB4\xB2",
};

static const char* const t301[] = {
    "\xE5\xA3\xAB",
    "\xE7\x89\xA9\xE9\xA6\x86",
    "\xE8\xA7\x88\xE4\xBC\x9A",
    "\xE5\xAE\xA2",
};

static const char* const t302[] = {
    "\xE9\xA2\x86",
    "\xE6\x9C\x89",
    "\xE6\x8D\xAE",
    "\xE5\x9C\xB0",
    "\xE7\x94\xA8",
};

static const char* const t303[] = {
    "\xE8\xBD\xA6",
};

static const char* const t304[] = {
    "\xE4\xBF\x8A\xE4\xB9\x89",
};

static const char* const t305[] = {
    "\xE9\xB8\xA1",
};

static const char* const t306[] = {
    "\xE5\xAE\xA4",
};

static const char* const t307[] = {
    "\xE7\x94\x9F",
    "\xE6\x98\x9F",
    "\xE5\xA3\xAB",
    "\xE7\x94\x9F\xE9\x83\xA8",
    "\xE5\x85\xB5",
    "\xE9\x98\x9F",
};

static const char* const t308[] = {
    "\xE5\xBA\xA6",
    "\xE8\xB1\xA1",
    "\xE5\x88\xB7",
    "\xE5\xBA\xA6\xE6\xB4\x8B",
    "\xE5\xB0\xBC",
    "\xE7\xAC\xAC\xE5\xAE\x89\xE4\xBA\xBA",
};

static const char* const t309[] = {
    "\xE6\x9C\xBA",
    "\xE9\x99\xA9",
    "\xE5\xAE\xB3",
    "\xE6\x80\xA5",
    "\xE9\x9A\xBE",
    "\xE5\x8F\x8A",
};

static const char* const t310[] = {
    "\xE4\xBD\xBF",
    "\xE5\xB0\x86",
    "\xE4\xBE\xBF",
    "\xE4\xBD\x8D",
    "\xE5\x8F\xAF",
};

static const char* const t311[] = {
    "\xE6\x98\xAF",
    "\xE8\xAF\xB4",
};

static const char* const t312[] = {
    "\xE5\x95\x86",
    "\xE9\x95\xBF",
    "\xE5\xAE\xB6",
};

static const char* const t313[] = {
    "\xE5\x8F\xB2",
    "\xE4\xBB\xA3",
    "\xE6\x9D\xA5",
    "\xE6\x97\xB6",
    "\xE4\xBB\xBB",
    "\xE7\xBB\x8F",
    "\xE7\xA8\x8B",
    "\xE5\x8F\xB2\xE6\x80\xA7",
    "\xE5\xB1\x8A",
};

static const char* const t314[] = {
    "\xE5\xAE\xB3",
    "\xE5\xA3\xB0",
};

static const char* const t315[] = {
    "\xE5\x8A\x9B",
    "\xE8\xBF\xAB",
    "\xE7\xBC\xA9",
    "\xE5\x88\xB6",
    "\xE6\x8A\x91",
    "\xE4\xBD\x8E",
};

static const char* const t316[] = {
    "\xE6\x81\xB6",
};

static const char* const t317[] = {
    "\xE6\x89\x80",
};

static const char* const t318[] = {
    "\xE7\xB1\xB3",
};

static const char* const t319[] = {
    "\xE5\xBA\xA6",
};

static const char* const t320[] = {
    "\xE6\x9D\xA5",
    "\xE5\x9B\xA0",
    "\xE5\x88\x99",
    "\xE6\x96\x99",
    "\xE5\xA7\x8B",
    "\xE7\xA7\x8D",
    "\xE7\x90\x86",
    "\xE5\xAD\x90",
    "\xE6\x9C\x89",
    "\xE6\x9C\xAC",
    "\xE5\x90\x8D",
    "\xE5\x85\x88",
    "\xE7\xA7\x8D\xE5\x9C\xBA",
    "\xE6\x9D\x90\xE6\x96\x99",
    "\xE6\xB2\xB9",
    "\xE8\xB0\x85",
    "\xE5\xAD\x90\xE5\xBC\xB9",
    "\xE5\x9C\xB0",
    "\xE5\xAD\x90\xE6\xA0\xB8",
    "\xE5\x9E\x8B",
};

static const char* const t321[] = {
    "\xE6\x88\xBF",
};

static const char* const t322[] = {
    "\xE9\x97\xA8",
};

static const char* const t323[] = {
    "\xE6\x88\xBF",
};

static const char* const t324[] = {
    "\xE6\x9D\x80",
};

static const char* const t325[] = {
    "\xE5\xB9\xB4",
    "\xE4\xB8\x96",
    "\xE8\xBF\x87",
    "\xE5\xA4\x84",
};

static const char* const t326[] = {
    "\xE7\xBA\xA7",
    "\xE9\x95\xBF",
    "\xE5\xB8\x82",
    "\xE5\x9F\x8E",
    "\xE5\xA7\x94",
    "\xE7\xBA\xA7\xE5\xB8\x82",
    "\xE6\x94\xBF\xE5\xBA\x9C",
    "\xE5\xA2\x83",
    "\xE5\xB8\x82\xE5\x8C\xBA",
};

static const char* const t327[] = {
    "\xE5\x8A\xA0",
    "\xE4\xB8\x8E",
    "\xE8\x80\x83",
    "\xE8\xA7\x82",
    "\xE6\x95\xB0",
    "\xE8\xAE\xAE\xE9\x99\xA2",
    "\xE8\xB0\x8B",
    "\xE8\xB0\x8B\xE9\x95\xBF",
    "\xE8\xB5\x9B",
    "\xE8\xA7\x81",
    "\xE8\xB5\x9E",
    "\xE7\x85\xA7",
    "\xE6\x88\x98",
};

static const char* const t328[] = {
    "\xE7\xA7\xB0",
    "\xE5\x90\x8D",
};

static const char* const t329[] = {
    "\xE5\x85\xB6",
    "\xE6\x97\xB6",
};

static const char* const t330[] = {
    "\xE5\xA5\xBD",
    "\xE8\xB0\x8A",
};

static const char* const t331[] = {
    "\xE6\x96\xB9",
    "\xE6\x89\x8B",
    "\xE7\x9C\xBC",
    "\xE7\x9B\xAE",
    "\xE6\x8B\xA5",
    "\xE5\x96\x9C",
    "\xE8\xBE\xB9",
    "\xE8\x87\x82",
    "\xE9\x87\x8D",
    "\xE8\x85\xBF",
    "\xE5\x84\xBF",
};

static const char* const t332[] = {
    "\xE5\xAF\xB9",
    "\xE5\xBA\x94",
    "\xE6\x98\xA0",
    "\xE8\x80\x8C",
    "\xE5\xA4\x8D",
    "\xE6\x8A\x97",
    "\xE5\x8A\xA8",
    "\xE6\xAD\xA3",
    "\xE5\x87\xBB",
    "\xE9\x9D\xA9\xE5\x91\xBD",
    "\xE5\xB0\x84",
    "\xE5\xB8\x9D",
    "\xE5\x80\x92",
    "\xE4\xB9\x8B",
    "\xE5\x8A\xA8\xE6\xB4\xBE",
    "\xE6\xBD\x9C",
    "\xE5\x85\xB1",
    "\xE6\x94\xBB",
    "\xE6\x80\x9D",
    "\xE6\x89\x8B",
    "\xE9\xA6\x88",
    "\xE6\x84\x9F",
    "\xE5\x93\x8D",
};

static const char* const t333[] = {
    "\xE5\xB1\x95",
    "\xE7\x8E\xB0",
    "\xE7\x94\x9F",
    "\xE8\xA8\x80\xE4\xBA\xBA",
    "\xE8\xA1\xA8",
    "\xE5\xB8\x83",
    "\xE6\x8C\xA5",
    "\xE5\x87\xBA",
    "\xE8\xBE\xBE",
    "\xE5\x8A\xA8",
    "\xE5\xB0\x84",
    "\xE5\xB8\x83\xE4\xBC\x9A",
    "\xE8\x82\xB2",
    "\xE8\xA1\x8C",
    "\xE6\x98\x8E",
    "\xE5\x8A\xA8\xE6\x9C\xBA",
    "\xE8\xB5\xB7",
    "\xE6\x8E\x98",
    "\xE8\xA8\x80",
    "\xE6\x94\xBE",
    "\xE8\xBE\xBE\xE5\x9B\xBD\xE5\xAE\xB6",
    "\xE4\xBD\x9C",
    "\xE5\x85\x89",
    "\xE7\x97\x85",
    "\xE8\xA7\x89",
    "\xE7\x94\xB5",
    "\xE6\x89\xAC",
    "\xE6\x8A\x96",
    "\xE9\x80\x81",
    "\xE5\xB1\x95\xE8\xA7\x82",
    "\xE4\xBF\xA1",
    "\xE6\xBA\x90\xE5\x9C\xB0",
    "\xE4\xBF\xA1\xE4\xBA\xBA",
    "\xE5\xB1\x95\xE5\x8F\xB2",
    "\xE7\xBB\x99",
};

static const char* const t334[] = {
    "\xE5\x8F\x94",
    "\xE6\x83\xA0",
};

static const char* const t335[] = {
    "\xE5\xBE\x97",
    "\xE6\xB6\x88",
    "\xE5\x87\xBA",
    "\xE4\xBB\xA3",
    "\xE5\x86\xB3",
    "\xE8\x83\x9C",
    "\xE5\x90\x8D",
};

static const char* const t336[] = {
    "\xE5\x88\xB0",
    "\xE4\xBC\xA4",
    "\xE5\x91\xBD",
    "\xE7\x90\x86",
    "\xE8\xBF\x87",
    "\xE4\xB8\x8D\xE4\xBA\x86",
};

static const char* const t337[] = {
    "\xE5\x8C\x96",
    "\xE6\x88\x90",
    "\xE5\xBE\x97",
    "\xE9\x9D\xA9",
    "\xE5\x8A\xA8",
    "\xE4\xB8\xBA",
    "\xE6\x9B\xB4",
    "\xE9\x87\x8F",
    "\xE8\xBF\x81",
    "\xE5\xBD\xA2",
    "\xE6\x8D\xA2",
    "\xE6\x80\x81",
    "\xE8\xB4\xA8",
    "\xE6\xB3\x95",
    "\xE5\xBC\x82",
};

static const char* const t338[] = {
    "\xE8\xBF\xB0",
    "\xE5\x88\xA9\xE4\xBA\x9A",
};

static const char* const t339[] = {
    "\xE4\xB9\xB1",
};

static const char* const t340[] = {
    "\xE5\x91\xB3",
    "\xE5\xBE\x84",
    "\xE5\x8F\xB7",
    "\xE4\xB8\xAD",
    "\xE6\xB0\x94",
    "\xE8\xA2\x8B",
    "\xE5\xAD\x90",
    "\xE8\x85\x94",
    "\xE9\x9F\xB3",
    "\xE9\x87\x8C",
    "\xE5\xA4\xB4",
    "\xE5\xB2\xB8",
};

static const char* const t341[] = {
    "\xE4\xBB\xA3",
    "\xE8\x80\x81",
    "\xE5\xA2\x93",
    "\xE5\x9F\x8E",
    "\xE5\xBB\xBA\xE7\xAD\x91",
    "\xE6\x80\xAA",
    "\xE8\xBF\xB9",
    "\xE4\xBA\xBA",
    "\xE5\x85\xB8",
    "\xE5\xB7\xB4",
    "\xE4\xBB\x8A",
    "\xE5\xB8\x8C\xE8\x85\x8A",
    "\xE9\x83\xBD",
    "\xE7\xA7\xB0",
};

static const char* const t342[] = {
    "\xE5\xAD\x90",
};

static const char* const t343[] = {
    "\xE5\xA4\x96",
    "\xE4\xB8\x80\xE6\x96\xB9\xE9\x9D\xA2",
};

static const char* const t344[] = {
    "\xE5\xA4\xB4",
};

static const char* const t345[] = {
    "\xE8\xA6\x81",
    "\xE8\xA7\x81",
    "\xE8\x83\xBD",
    "\xE6\x9C\x89",
    "\xE5\xA5\xBD",
    "\xE6\x98\xAF",
    "\xE5\xBE\x97",
    "\xE6\x80\x95",
    "\xE4\xB8\x8D\xE8\xBF\x87",
    "\xE7\xAE\xA1",
    "\xE9\xA1\xBE",
};

static const char* const t346[] = {
    "\xE5\x81\x9A",
    "\xE4\xBD\x9C",
    "\xE5\xA3\xB0",
    "\xE5\x8D\x96",
};

static const char* const t347[] = {
    "\xE5\xBC\x80",
    "\xE9\x9B\x86",
    "\xE8\xA7\x81",
    "\xE5\x9B\x9E",
};

static const char* const t348[] = {
    "\xE4\xBB\xA5",
    "\xE8\x83\xBD",
    "\xE6\x98\xAF",
    "\xE6\x83\x9C",
    "\xE8\xA7\x81",
    "\xE6\x80\x95",
    "\xE6\x80\x9C",
    "\xE7\x94\xA8",
    "\xE8\x83\xBD\xE6\x80\xA7",
    "\xE9\x9D\xA0",
    "\xE8\xB0\x93",
    "\xE4\xB8\x8D",
    "\xE4\xB8\x8D\xE6\x98\xAF",
    "\xE7\x88\xB1",
    "\xE5\x8F\x98\xE8\xB5\x84\xE6\x9C\xAC",
    "\xE7\x9F\xA5",
    "\xE6\xAF\x94",
    "\xE7\xAC\x91",
    "\xE5\x8F\xA3",
    "\xE8\xA1\x8C",
    "\xE5\x8F\xAF",
    "\xE9\x9D\xA0\xE6\x80\xA7",
    "\xE6\x83\xB3\xE8\x80\x8C\xE7\x9F\xA5",
};

static const char* const t349[] = {
    "\xE6\xB9\xBE",
    "\xE4\xB8\x8A",
    "\xE9\x98\xB6",
    "\xE4\xB8\x8B",
    "\xE6\xB9\xBE\xE7\x9C\x81",
    "\xE5\x8C\x97",
};

static const char* const t350[] = {
    "\xE6\x96\x99",
    "\xE5\xAD\xA6",
    "\xE4\xB9\xA6",
    "\xE8\xAE\xB0",
    "\xE8\xAF\x97",
};

static const char* const t351[] = {
    "\xE6\x89\x8B",
    "\xE6\xB4\xBE",
    "\xE8\xBE\xB9",
    "\xE5\x80\xBE",
    "\xE4\xBE\xA7",
    "\xE8\x87\x82",
    "\xE7\xBF\xBC",
};

static const char* const t352[] = {
    "\xE5\xAD\x90",
    "\xE5\xA4\xA7\xE9\xB9\xB0",
    "\xE8\x8E\xB2\xE5\xAD\x90",
    "\xE7\x89\x87",
};

static const char* const t353[] = {
    "\xE7\xA7\xB0",
    "\xE5\x8F\xAC",
    "\xE7\xA0\x81",
    "\xE4\xBB\xA4",
};

static const char* const t354[] = {
    "\xE6\xB3\x95",
    "\xE4\xBB\xA4",
    "\xE4\xBB\xA4\xE9\x83\xA8",
    "\xE6\x9C\xBA",
    "\xE4\xBB\xA4\xE5\x91\x98",
    "\xE9\x95\xBF",
    "\xE9\xA9\xAC",
};

static const char* const t355[] = {
    "\xE6\x81\xAF",
};

static const char* const t356[] = {
    "\xE9\xA5\xAD",
    "\xE6\x83\x8A",
    "\xE6\xB3\x95",
};

static const char* const t357[] = {
    "\xE7\xA7\x8D",
    "\xE7\xBA\xA7",
    "\xE5\x9C\xB0",
    "\xE4\xB8\xAA",
    "\xE5\x9B\xBD",
    "\xE9\xA1\xB9",
    "\xE8\x87\xAA",
    "\xE7\xB1\xBB",
    "\xE9\x83\xA8",
    "\xE7\x9C\x81",
    "\xE4\xBD\x8D",
    "\xE4\xBA\xBA",
    "\xE7\x95\x8C",
    "\xE6\x97\x8F",
    "\xE6\xA0\xA1",
    "\xE5\xAE\xB6",
    "\xE5\xB8\x82",
    "\xE6\xB4\xBE",
    "\xE6\x96\xB9",
    "\xE5\xA4\x84",
    "\xE8\xB7\xAF",
    "\xE7\xA7\x8D\xE5\x90\x84\xE6\xA0\xB7",
    "\xE5\xB7\x9E",
    "\xE5\x88\xAB",
};

static const char* const t358[] = {
    "\xE5\x96\x9D",
};

static const char* const t359[] = {
    "\xE4\xBD\x9C",
    "\xE7\x90\x86",
    "\xE5\x90\x8C",
    "\xE6\xB3\x95",
    "\xE5\xB9\xB6",
    "\xE9\x80\x82",
    "\xE6\x88\x90",
    "\xE6\xA0\xBC",
    "\xE4\xB9\x8E",
    "\xE9\x87\x91",
    "\xE8\xB5\x84",
    "\xE8\xAE\xA1",
    "\xE5\x8A\x9B",
};

static const char* const t360[] = {
    "\xE7\xA5\xA5",
};

static const char* const t361[] = {
    "\xE6\x97\xB6",
    "\xE5\xBF\x97",
    "\xE6\xA0\xB7",
    "\xE6\x84\x8F",
    "\xE5\xAD\xA6",
    "\xE4\xB8\x80",
    "\xE5\xB9\xB4",
    "\xE4\xBA\x8B",
    "\xE6\xAF\x94",
    "\xE6\x9C\x9F",
    "\xE8\x83\x9E",
    "\xE7\x9B\x9F",
    "\xE6\x83\x85",
    "\xE6\xAD\xA5",
    "\xE4\xB8\x80\xE4\xB8\xAA",
    "\xE7\xAD\x89",
    "\xE4\xB9\x89\xE8\xAF\x8D",
    "\xE8\xA1\x8C",
    "\xE7\xB1\xBB",
    "\xE4\xBC\xB4",
    "\xE5\xB7\xA5\xE5\x90\x8C\xE9\x85\xAC",
    "\xE6\xB2\xBB",
};

static const char* const t362[] = {
    "\xE7\xA7\xB0",
    "\xE5\xAD\x97",
    "\xE5\x8F\xAB",
    "\xE7\x89\x8C",
    "\xE5\x9F\x8E",
    "\xE5\x8D\x95",
    "\xE9\xA2\x9D",
    "\xE7\x89\x87",
    "\xE4\xB9\x89",
    "\xE8\xB4\xB5",
    "\xE8\x83\x9C\xE5\x8F\xA4\xE8\xBF\xB9",
    "\xE4\xB8\xBA",
    "\xE8\xAF\x8D",
    "\xE4\xBA\xBA",
    "\xE8\x83\x9C\xE5\x8C\xBA",
    "\xE8\x83\x9C",
    "\xE8\xAA\x89",
    "\xE8\x8C\xB6",
    "\xE5\x89\xAF\xE5\x85\xB6\xE5\xAE\x9E",
    "\xE5\xB0\x86",
    "\xE5\x88\x97",
    "\xE5\xA3\xB0",
    "\xE4\xBC\x98",
    "\xE5\xAE\xB6",
    "\xE6\xAC\xA1",
};

static const char* const t363[] = {
    "\xE6\x9D\xA5",
    "\xE9\x9D\xA2",
    "\xE8\x80\x85",
    "\xE6\x9C\x9F",
    "\xE6\x9E\x9C",
    "\xE5\x8B\xA4",
    "\xE4\xBB\xA3",
    "\xE4\xB8\x96",
    "\xE4\xBA\xBA",
    "\xE6\x82\x94",
    "\xE8\xBE\xB9",
    "\xE8\xA3\x94",
    "\xE5\xAE\xAB",
    "\xE9\x80\x80",
    "\xE6\x96\xB9",
    "\xE5\xA4\x87",
    "\xE5\x8D\xAB",
};

static const char* const t364[] = {
    "\xE9\x83\xA8",
};

static const char* const t365[] = {
    "\xE8\x95\x83",
};

static const char* const t366[] = {
    "\xE5\x89\x8D",
    "\xE6\x9D\xA5",
    "\xE5\xBE\x80",
    "\xE4\xB8\x9C",
    "\xE4\xB8\x8A",
    "\xE7\x9D\x80",
    "\xE4\xB8\x8B",
    "\xE9\x98\xB3",
};

static const char* const t367[] = {
    "\xE4\xB8\xBB",
    "\xE7\x8E\x8B",
    "\xE5\xAD\x90",
};

static const char* const t368[] = {
    "\xE5\x90\x90\xE9\x87\x8F",
};

static const char* const t369[] = {
    "\xE5\x88\x99",
    "\xE5\xAE\x9A",
    "\xE8\xAE\xA4",
};

static const char* const t370[] = {
    "\xE5\x92\x90",
};

static const char* const t371[] = {
    "\xE9\x87\x8F",
    "\xE6\x9C\x89",
    "\xE4\xB9\x89",
};

static const char* const t372[] = {
    "\xE8\xAF\xB4",
    "\xE5\x88\xB0",
    "\xE8\xA7\x81",
    "\xE5\x8F\x96",
    "\xE5\x90\xAC",
    "\xE4\xBC\x97",
    "\xE5\x8A\x9B",
    "\xE4\xBB\x8E",
};

static const char* const t373[] = {
    "\xE5\x8A\xA8",
    "\xE7\x94\xA8",
    "\xE5\x8F\x91",
    "\xE7\xA4\xBA",
};

static const char* const t374[] = {
    "\xE4\xB8\x89\xE6\xA1\x82",
    "\xE6\x91\xA9\xE8\xA5\xBF",
    "\xE6\xB1\x9D\xE4\xB9\x89",
};

static const char* const t375[] = {
    "\xE6\x94\xB6",
    "\xE5\xBC\x95",
    "\xE5\x8F\x96",
    "\xE5\xBC\x95\xE5\x8A\x9B",
    "\xE7\x83\x9F",
};

static const char* const t376[] = {
    "\xE5\xAD\x90",
};

static const char* const t377[] = {
    "\xE7\x8E\xB0",
};

static const char* const t378[] = {
    "\xE8\xAF\x89",
    "\xE5\x88\xAB",
    "\xE8\xBE\x9E",
    "\xE7\x9F\xA5",
};

static const char* const t379[] = {
    "\xE5\x96\x8A",
};

static const char* const t380[] = {
    "\xE5\x90\x90",
};

static const char* const t381[] = {
    "\xE5\xB7\xA5",
};

static const char* const t382[] = {
    "\xE5\x9B\xB4",
    "\xE6\x81\xA9\xE6\x9D\xA5",
    "\xE6\x9C\x9F",
    "\xE8\xBE\xB9",
    "\xE5\xB9\xB4",
    "\xE4\xBC\xAF\xE9\x80\x9A",
    "\xE5\x88\x8A",
    "\xE8\xBD\xAC",
    "\xE8\x8A\xB7\xE8\x8B\xA5",
    "\xE6\x9C\xAB",
    "\xE9\x95\xBF",
    "\xE5\xB2\x81",
};

static const char* const t383[] = {
    "\xE9\x81\x93",
};

static const char* const t384[] = {
    "\xE5\x90\x9F",
};

static const char* const t385[] = {
    "\xE5\x90\xB8",
    "\xE5\x90\x81",
    "\xE5\xA3\xB0",
    "\xE5\x94\xA4",
    "\xE5\x8F\xAB",
    "\xE5\x91\xBC",
    "\xE5\x96\x8A",
    "\xE5\x95\xB8",
};

static const char* const t386[] = {
    "\xE4\xBB\xA4",
    "\xE8\xBF\x90",
    "\xE5\x90\x8D",
    "\xE9\xA2\x98",
    "\xE4\xB8\xAD",
};

static const char* const t387[] = {
    "\xE5\xB9\xB3",
    "\xE5\xB0\x9A",
    "\xE8\xB0\x90",
    "\xE7\xBA\xA6",
};

static const char* const t388[] = {
    "\xE5\x95\xA1",
};

static const char* const t389[] = {
    "\xE8\xAF\xA2",
};

static const char* const t390[] = {
    "\xE7\x89\x99",
    "\xE7\x89\x99\xE5\x88\x87\xE9\xBD\xBF",
};

static const char* const t391[] = {
    "\xE4\xBB\xAC",
    "\xE4\xBF\xA9",
};

static const char* const t392[] = {
    "\xE5\x97\xBD",
};

static const char* const t393[] = {
    "\xE5\xAE\x81",
    "\xE5\xAE\x81\xE5\xB8\x82",
    "\xE4\xB8\xB0",
};

static const char* const t394[] = {
    "\xE5\x96\x89",
};

static const char* const t395[] = {
    "\xE7\xA7\x8D",
    "\xE7\x89\x8C",
    "\xE5\xBE\xB7",
    "\xE8\xB4\xA8",
    "\xE4\xBD\x8D",
    "\xE7\xBA\xA7",
};

static const char* const t396[] = {
    "\xE5\x93\x88",
    "\xE5\x93\x88\xE5\xA4\xA7\xE7\xAC\x91",
    "\xE5\xB0\x94\xE6\xBB\xA8",
    "\xE5\xB0\xBC\xE6\x97\x8F",
};

static const char* const t397[] = {
    "\xE5\xBA\x94",
    "\xE8\xB5\xB7",
    "\xE5\xA3\xB0",
    "\xE4\xBA\xAE",
};

static const char* const t398[] = {
    "\xE5\xB7\xB4",
};

static const char* const t399[] = {
    "\xE5\x93\xA5",
};

static const char* const t400[] = {
    "\xE9\x87\x8C",
    "\xE4\xBA\x9B",
    "\xE5\x84\xBF",
    "\xE4\xB8\xAA",
    "\xE6\x80\x95",
};

static const char* const t401[] = {
    "\xE5\xA3\xB0",
    "\xE6\xB3\xA3",
};

static const char* const t402[] = {
    "\xE5\xAD\xA6",
    "\xE5\xAD\xA6\xE5\xAE\xB6",
};

static const char* const t403[] = {
    "\xE5\x92\xBD",
};

static const char* const t404[] = {
    "\xE4\xBB\xA3",
    "\xE5\x83\xA7",
    "\xE6\x9C\x9D",
};

static const char* const t405[] = {
    "\xE8\xB5\xB7",
};

static const char* const t406[] = {
    "\xE4\xB8\x80",
    "\xE6\x9C\x89",
    "\xE7\x8B\xAC",
};

static const char* const t407[] = {
    "\xE5\x93\x81",
    "\xE4\xB8\x9A",
    "\xE4\xBA\xBA",
    "\xE9\x87\x8F",
    "\xE8\xAE\xAE",
    "\xE5\x9F\x8E",
    "\xE5\x8A\xA1",
    "\xE5\xBA\x97",
    "\xE5\x9C\xBA",
    "\xE8\xB4\xB8",
    "\xE7\x94\xA8\xE8\xBD\xA6",
    "\xE5\x93\x81\xE7\xBB\x8F\xE6\xB5\x8E",
};

static const char* const t408[] = {
    "\xE9\x85\x92",
};

static const char* const t409[] = {
    "\xE5\x96\x83",
};

static const char* const t410[] = {
    "\xE4\xBA\x8E",
    "\xE4\xBA\xBA",
    "\xE8\x89\xAF",
};

static const char* const t411[] = {
    "\xE5\x98\x9B",
};

static const char* const t412[] = {
    "\xE5\x92\x99",
};

static const char* const t413[] = {
    "\xE5\xA3\xB0",
    "\xE9\x81\x93",
};

static const char* const t414[] = {
    "\xE6\xAC\xA2",
    "\xE7\x88\xB1",
    "\xE6\x82\xA6",
    "\xE4\xBA\x8B",
    "\xE5\x89\xA7",
};

static const char* const t415[] = {
    "\xE9\x81\x93",
    "\xE9\x85\x92",
};

static const char* const t416[] = {
    "\xE5\x87\xBA",
};

static const char* const t417[] = {
    "\xE5\xAD\x90",
};

static const char* const t418[] = {
    "\xE9\x9D\x96",
};

static const char* const t419[] = {
    "\xE5\x92\x90",
};

static const char* const t420[] = {
    "\xE7\xAC\x91",
};

static const char* const t421[] = {
    "\xE9\x87\x8C",
    "\xE5\x94\x87",
    "\xE5\xB7\xB4",
    "\xE8\xA7\x92",
};

static const char* const t422[] = {
    "\xE5\x98\xBF",
};

static const char* const t423[] = {
    "\xE5\xAE\x98",
    "\xE6\xA2\xB0",
    "\xE6\x9D\x90",
    "\xE7\x89\xA9",
};

static const char* const t424[] = {
    "\xE5\xA3\xB0",
};

static const char* const t425[] = {
    "\xE4\xB8\xAA",
    "\xE5\xA4\xA7",
    "\xE5\xB7\x9D",
    "\xE5\x91\xA8",
    "\xE5\xB9\xB4",
    "\xE6\x9C\x88",
    "\xE4\xB8\x8B",
    "\xE6\x96\xB9",
    "\xE5\xA4\x84",
    "\xE8\x82\xA2",
    "\xE9\x9D\xA2",
    "\xE4\xBA\xBA\xE5\xB8\xAE",
    "\xE5\xB7\x9D\xE7\x9C\x81",
    "\xE9\xA1\xB9",
    "\xE9\x80\x9A\xE5\x85\xAB\xE8\xBE\xBE",
    "\xE5\x90\x8D",
    "\xE9\x9D\xA2\xE5\x85\xAB\xE6\x96\xB9",
    "\xE7\xBA\xA7",
    "\xE4\xBD\x8D",
    "\xE5\x93\x81",
    "\xE4\xB8\xAD",
    "\xE7\xBA\xB5",
    "\xE5\x8D\x81",
    "\xE7\xBB\xB4",
};

static const char* const t426[] = {
    "\xE6\x9D\xA5",
    "\xE7\xAD\x94",
    "\xE5\x8E\xBB",
    "\xE5\x88\xB0",
    "\xE5\xA4\xB4",
    "\xE5\xAE\xB6",
    "\xE6\x97\x8F",
    "\xE5\x9B\xBD",
    "\xE8\xBF\x87",
    "\xE9\xA1\xBE",
    "\xE5\xBF\x86",
    "\xE5\xBD\x92",
    "\xE4\xBA\x8B",
    "\xE6\x8A\xA5",
    "\xE9\x81\xBF",
    "\xE8\xBA\xAB",
    "\xE6\x97\x8B",
    "\xE5\xBA\x94",
    "\xE6\x83\xB3",
    "\xE6\x94\xB6",
    "\xE5\xA4\x8D",
};

static const char* const t427[] = {
    "\xE4\xB8\xBA",
    "\xE6\xAD\xA4",
    "\xE7\xB4\xA0",
    "\xE8\x80\x8C",
    "\xE5\xAD\x90",
};

static const char* const t428[] = {
    "\xE4\xBD\x93",
    "\xE7\xBB\x93",
    "\xE9\x95\xBF",
    "\xE5\xAD\x90",
    "\xE9\x98\x9F",
    "\xE5\x9B\xA2",
    "\xE5\x9F\x8E",
};

static const char* const t429[] = {
    "\xE6\x9E\x97",
    "\xE8\x89\xBA\xE5\x9C\xBA",
};

static const char* const t430[] = {
    "\xE9\x9A\xBE",
    "\xE5\xA2\x83",
    "\xE6\x89\xB0",
    "\xE6\x83\x91",
};

static const char* const t431[] = {
    "\xE7\xBB\x95",
    "\xE5\xA2\x99",
    "\xE6\x94\xBB",
    "\xE5\x89\xBF",
    "\xE7\x9D\x80",
    "\xE6\xA3\x8B",
};

static const char* const t432[] = {
    "\xE5\xAE\x9A",
    "\xE7\x84\xB6",
    "\xE4\xBD\x93",
    "\xE5\xAE\x9A\xE8\xB5\x84\xE4\xBA\xA7",
    "\xE6\x9C\x89",
};

static const char* const t433[] = {
    "\xE5\xAE\xB6",
    "\xE9\x99\x85",
    "\xE5\x8A\xA1\xE9\x99\xA2",
    "\xE5\x86\x85",
    "\xE6\xB0\x91\xE5\x85\x9A",
    "\xE6\xB0\x91\xE7\xBB\x8F\xE6\xB5\x8E",
    "\xE6\xB0\x91",
    "\xE5\xA4\x96",
    "\xE9\x98\xB2",
    "\xE6\x9C\x89",
    "\xE5\xAE\xB6\xE7\xBA\xA7",
    "\xE7\x8E\x8B",
    "\xE5\xAE\xB6\xE6\x9C\xBA\xE5\x85\xB3",
    "\xE5\x9C\x9F",
    "\xE5\x86\x85\xE5\xA4\x96",
    "\xE5\x8A\xA1\xE5\xA7\x94\xE5\x91\x98",
    "\xE4\xBC\x9A",
    "\xE6\xB0\x91\xE6\x94\xBF\xE5\xBA\x9C",
    "\xE9\x98\xB2\xE9\x83\xA8",
    "\xE5\xB8\x88",
    "\xE5\xBE\xBD",
    "\xE6\x97\x97",
    "\xE6\x83\x85",
    "\xE9\x98\xB2\xE9\x83\xA8\xE9\x95\xBF",
    "\xE5\x85\xB1",
    "\xE4\xBA\xA7",
    "\xE9\x99\x85\xE5\x8C\x96",
    "\xE4\xBA\xBA",
    "\xE5\xAE\xB6\xE8\xAE\xA1\xE5\x88\x92",
    "\xE7\xAB\x8B",
    "\xE5\x8A\xA1",
    "\xE5\x85\xB1\xE5\x90\x88\xE4\xBD\x9C",
    "\xE8\x90\xA5",
    "\xE5\xAE\xB6\xE9\x98\x9F",
    "\xE7\xB1\x8D",
};

static const char* const t434[] = {
    "\xE7\x89\x87",
    "\xE6\xA1\x88",
    "\xE5\x86\x8C",
    "\xE4\xB9\xA6\xE9\xA6\x86",
    "\xE5\xBA\x93",
    "\xE4\xB9\xA6",
    "\xE5\x83\x8F",
    "\xE5\xBD\xA2",
    "\xE8\xB0\x8B",
};

static const char* const t435[] = {
    "\xE5\xBD\xA2",
    "\xE6\xBB\xA1",
    "\xE6\x9F\xB1",
    "\xE5\x9C\x86",
};

static const char* const t436[] = {
    "\xE5\xAD\x90",
};

static const char* const t437[] = {
    "\xE5\x9C\xB0",
    "\xE5\xA3\xA4",
    "\xE5\x8F\xB8",
    "\xE5\xAE\xB6\xE6\x97\x8F",
    "\xE8\x80\xB3\xE5\x85\xB6",
    "\xE5\xAE\xB6",
    "\xE7\x89\xB9\xE4\xBA\xA7",
    "\xE5\x9C\xB0\xE9\x9D\xA9\xE5\x91\xBD",
    "\xE5\x8C\xAA",
    "\xE5\xB1\x82",
    "\xE8\xB1\x86",
};

static const char* const t438[] = {
    "\xE5\x9C\xB0",
    "\xE6\x97\xA8",
    "\xE6\xB0\xB4",
    "\xE4\xBA\xBA",
    "\xE6\xAF\x8D",
};

static const char* const t439[] = {
    "\xE4\xBA\x8E",
    "\xE5\x86\x85",
    "\xE6\xA0\xA1",
    "\xE5\xA4\x96",
    "\xE5\x9C\xBA",
    "\xE7\xBA\xBF",
    "\xE5\xAE\xB6",
    "\xE4\xBD\x8D",
    "\xE8\x81\x8C",
    "\xE6\x89\x8B",
};

static const char* const t440[] = {
    "\xE6\x96\xB9",
    "\xE5\x8C\xBA",
    "\xE4\xBD\x8D",
    "\xE7\x90\x86",
    "\xE9\x9D\xA2",
    "\xE4\xB8\x8A",
    "\xE4\xB8\x8B",
    "\xE7\x90\x83",
    "\xE6\x96\xB9\xE6\x80\xA7",
    "\xE5\x9D\x80",
    "\xE5\x9B\xBE",
    "\xE5\x8A\xBF",
    "\xE8\xB4\xA8",
    "\xE5\xA4\x84",
    "\xE9\x9C\x87",
    "\xE5\xB8\xA6",
    "\xE7\x82\xB9",
    "\xE5\xBD\xA2",
    "\xE4\xB8\xBB",
    "\xE8\xB2\x8C",
    "\xE5\x9F\x9F",
    "\xE4\xB8\xAD\xE6\xB5\xB7",
    "\xE7\xA7\x9F",
    "\xE4\xB8\x8B\xE6\xB0\xB4",
    "\xE9\x93\x81",
    "\xE5\xB1\x82",
    "\xE6\xAD\xA5",
    "\xE8\xA1\xA8",
    "\xE7\xBA\xA7\xE5\xB8\x82",
    "\xE7\x90\x86\xE5\xAD\xA6",
    "\xE6\xAF\xAF",
    "\xE5\xA3\xB3",
    "\xE6\x9D\xBF",
    "\xE7\x8B\xB1",
    "\xE9\x87\x8C",
};

static const char* const t441[] = {
    "\xE6\x89\x80",
    "\xE5\x90\x88",
    "\xE9\x9D\xA2",
    "\xE6\x99\xAF",
    "\xE4\xB8\x8A",
    "\xE5\x9C\xB0",
};

static const char* const t442[] = {
    "\xE5\x8C\x80",
    "\xE8\xA1\xA1",
};

static const char* const t443[] = {
    "\xE4\xBA\xBA",
    "\xE4\xBA\x8B",
};

static const char* const t444[] = {
    "\xE5\x9C\xA8",
    "\xE4\xB8\x8B",
    "\xE6\xA0\x87",
    "\xE8\x90\xBD",
};

static const char* const t445[] = {
    "\xE6\x8C\x81",
    "\xE5\x86\xB3",
    "\xE5\xAE\x9A",
    "\xE5\xBC\xBA",
    "\xE5\xAE\x88",
    "\xE5\xAE\x9E",
    "\xE5\x9B\xBA",
    "\xE7\xA1\xAC",
};

static const char* const t446[] = {
    "\xE5\xA2\x93",
};

static const char* const t447[] = {
    "\xE5\x85\x8B",
};

static const char* const t448[] = {
    "\xE7\x9B\xB4",
    "\xE4\xBD\x93",
};

static const char* const t449[] = {
    "\xE5\x9C\xBE",
};

static const char* const t450[] = {
    "\xE6\x96\xAD",
};

static const char* const t451[] = {
    "\xE5\x8F\xB7",
};

static const char* const t452[] = {
    "\xE5\x8F\x8A",
};

static const char* const t453[] = {
    "\xE4\xBC\x8F",
    "\xE6\x80\xA8",
};

static const char* const t454[] = {
    "\xE5\xB8\x82",
    "\xE9\x82\xA6",
    "\xE6\xA5\xBC",
    "\xE4\xB9\xA1",
    "\xE9\x87\x8C",
    "\xE9\x95\x87",
    "\xE9\x97\xA8",
    "\xE5\x86\x85",
    "\xE5\xA2\x99",
    "\xE4\xB8\xAD",
    "\xE5\xA4\x96",
    "\xE5\x8C\xBA",
    "\xE5\x8C\x97",
    "\xE9\x83\x8A",
    "\xE5\xA4\xB4",
    "\xE5\xA0\xA1",
    "\xE6\xB1\xA0",
    "\xE5\x9E\xA3",
    "\xE4\xB8\x8B",
};

static const char* const t455[] = {
    "\xE5\x85\xBB",
    "\xE8\xAE\xAD",
    "\xE8\x82\xB2",
    "\xE8\xAE\xAD\xE7\x8F\xAD",
};

static const char* const t456[] = {
    "\xE6\x9C\xAC",
    "\xE7\xA1\x80",
    "\xE5\x9C\xB0",
    "\xE9\x87\x91",
    "\xE6\x9C\xAC\xE4\xB8\x8A",
    "\xE7\x9D\xA3\xE6\x95\x99",
    "\xE5\xB1\x82",
    "\xE5\x9B\xA0",
    "\xE4\xBA\x8E",
    "\xE9\x87\x91\xE4\xBC\x9A",
};

static const char* const t457[] = {
    "\xE7\xA7\xAF",
};

static const char* const t458[] = {
    "\xE7\xA7\xB0",
};

static const char* const t459[] = {
    "\xE5\xA1\x9E",
};

static const char* const t460[] = {
    "\xE6\x96\x99",
    "\xE9\x80\xA0",
};

static const char* const t461[] = {
    "\xE6\x8A\xA5",
    "\xE8\xA1\xA5",
    "\xE5\x86\x99",
};

static const char* const t462[] = {
    "\xE5\x86\x85",
    "\xE7\x95\x8C",
    "\xE5\xA4\x96",
    "\xE5\x9C\xB0",
};

static const char* const t463[] = {
    "\xE5\xAE\xA4",
    "\xE8\x91\xAC",
    "\xE5\x9C\xB0",
};

static const char* const t464[] = {
    "\xE4\xB8\x8A",
    "\xE5\xA3\x81",
};

static const char* const t465[] = {
    "\xE9\x95\xBF",
    "\xE5\x8A\xA0",
    "\xE5\xBC\xBA",
    "\xE5\x8A\xA0\xE5\x80\xBC",
    "\xE5\xA4\x9A",
    "\xE5\xA4\xA7",
    "\xE6\xB7\xBB",
    "\xE8\xAE\xBE",
    "\xE9\x95\xBF\xE7\x8E\x87",
    "\xE4\xBA\xA7",
    "\xE6\x94\xB6",
    "\xE8\x87\xB3",
    "\xE6\xAE\x96",
    "\xE8\xBF\x9B",
    "\xE5\x80\xBC",
    "\xE9\xAB\x98",
};

static const char* const t466[] = {
    "\xE8\xA5\xBF\xE5\x93\xA5",
    "\xE9\x95\x9C",
};

static const char* const t467[] = {
    "\xE7\x94\xBB",
    "\xE4\xB8\x8A",
};

static const char* const t468[] = {
    "\xE5\x85\xB5",
    "\xE6\xB0\x94",
};

static const char* const t469[] = {
    "\xE4\xB8\xBD",
    "\xE6\x97\x8F",
    "\xE5\xA4\xA7",
    "\xE8\xA7\x82",
};

static const char* const t470[] = {
    "\xE9\x9F\xB3",
    "\xE6\x98\x8E",
    "\xE5\x93\x8D",
    "\xE9\x81\x93",
    "\xE5\x8A\xBF",
    "\xE7\xA7\xB0",
    "\xE8\xAA\x89",
};

static const char* const t471[] = {
    "\xE7\x90\x86",
    "\xE4\xBA\x8E",
    "\xE5\xA4\x84",
    "\xE9\x95\xBF",
    "\xE7\xBD\x9A",
    "\xE7\xBD\xAE",
    "\xE5\x88\x86",
    "\xE5\xA2\x83",
    "\xE5\x9C\xA8",
    "\xE7\x90\x86\xE5\x99\xA8",
    "\xE6\xAD\xBB",
};

static const char* const t472[] = {
    "\xE6\xA1\x88",
};

static const char* const t473[] = {
    "\xE6\x9D\x82",
    "\xE4\xB9\xA0",
    "\xE5\x90\x88",
    "\xE5\x85\xB4",
    "\xE5\x88\xB6",
};

static const char* const t474[] = {
    "\xE5\xA4\xA9",
    "\xE5\xAD\xA3",
};

static const char* const t475[] = {
    "\xE4\xBA\xA4\xE9\x83\xA8",
    "\xE5\x9B\xBD",
    "\xE4\xBA\xA4",
    "\xE9\x9D\xA2",
    "\xE8\xB5\x84",
    "\xE8\xB4\xB8",
    "\xE7\x95\x8C",
    "\xE6\xB1\x87",
    "\xE9\x83\xA8",
    "\xE5\x9C\xB0",
    "\xE8\xAF\xAD",
    "\xE9\x95\xBF",
    "\xE5\x95\x86",
    "\xE8\xBE\xB9",
    "\xE6\x9D\xA5",
    "\xE8\xA1\xA8",
    "\xE5\x9B\xBD\xE4\xBA\xBA",
    "\xE5\x87\xBA",
    "\xE4\xBA\xBA",
    "\xE4\xBA\x8B",
    "\xE5\xBD\xA2",
    "\xE5\x9B\xB4",
    "\xE7\xA7\x91",
    "\xE6\x96\x87",
    "\xE8\xA7\x82",
    "\xE6\x8F\xB4",
    "\xE4\xBA\xA4\xE9\x83\xA8\xE9\x95\xBF",
    "\xE5\xA4\xB4",
    "\xE7\x9A\xAE",
    "\xE5\x8F\xB7",
    "\xE4\xBE\xA7",
};

static const char* const t476[] = {
    "\xE5\xB0\x91",
    "\xE5\xB9\xB4",
    "\xE7\xA7\x8D",
    "\xE6\xAC\xA1",
    "\xE6\x95\xB0",
    "\xE4\xB8\xAA",
    "\xE4\xB9\x88",
    "\xE5\x8D\x8A",
    "\xE5\xAE\xB6",
    "\xE4\xB9\x85",
    "\xE5\xB0\x94\xE8\xA1\xAE",
    "\xE5\x90\x8D",
    "\xE4\xBA\x8E",
    "\xE8\xB0\xA2",
    "\xE6\xA0\xB7",
    "\xE4\xB8\x87",
    "\xE7\x94\xA8",
    "\xE4\xBD\x99",
    "\xE6\x9D\xA1",
    "\xE5\xAA\x92\xE4\xBD\x93",
    "\xE9\xA1\xB9",
    "\xE5\x85\x83",
    "\xE6\x96\xB9",
    "\xE5\xBA\xA7",
    "\xE7\xB1\xB3",
};

static const char* const t477[] = {
    "\xE6\x99\x9A",
    "\xE9\x87\x8C",
    "\xE9\x97\xB4",
    "\xE6\x99\xAF",
};

static const char* const t478[] = {
    "\xE5\xAD\xA6",
    "\xE5\xAE\xB6",
    "\xE9\x87\x8F",
    "\xE4\xBC\x9A",
    "\xE9\x81\x93",
    "\xE5\x9E\x8B",
    "\xE9\x99\x86",
    "\xE8\x87\xA3",
    "\xE5\xB0\x8F",
    "\xE9\x83\xA8\xE5\x88\x86",
    "\xE5\xA3\xB0",
    "\xE4\xBA\x8B",
    "\xE6\x98\x8E",
    "\xE8\xA7\x84\xE6\xA8\xA1",
    "\xE5\xAD\xA6\xE7\x94\x9F",
    "\xE7\xBA\xA6",
    "\xE5\xA4\x9A\xE6\x95\xB0",
    "\xE4\xBA\xBA",
    "\xE5\xA4\xA7",
    "\xE6\xA6\x82",
    "\xE6\xA1\xA5",
    "\xE9\x97\xA8",
    "\xE5\xA4\x9A",
    "\xE5\x93\xA5",
    "\xE5\x86\x9B",
    "\xE5\xB8\x88",
    "\xE6\xB8\x85",
    "\xE8\xA1\x97",
    "\xE5\x85\xB8",
    "\xE5\x8F\xAB",
    "\xE5\x8A\x9B",
    "\xE6\x89\xB9",
    "\xE5\x8E\x85",
    "\xE5\xA4\xAB",
    "\xE9\x83\xBD",
    "\xE8\x87\xB4",
    "\xE6\xB0\x94",
    "\xE7\xB1\xB3",
    "\xE5\xAD\xA6\xE5\xA3\xAB",
    "\xE5\x9B\xBD",
    "\xE5\xB0\x86",
    "\xE5\x9C\xB0",
    "\xE4\xBD\x93",
    "\xE9\x98\x9F",
    "\xE5\xB9\x85",
    "\xE4\xB8\xBA",
    "\xE8\x83\x86",
    "\xE4\xBC\x97",
    "\xE6\xAE\xBF",
    "\xE8\xA5\xBF\xE6\xB4\x8B",
    "\xE4\xBD\xBF",
    "\xE4\xB8\x9A",
    "\xE7\xAC\x91",
    "\xE7\x89\x87",
    "\xE5\x88\xAB\xE5\xB1\xB1",
    "\xE6\x88\x98",
    "\xE6\xB5\xB7",
    "\xE6\xB1\x89",
    "\xE5\xB1\x80",
    "\xE5\xB1\x95\xE5\xAE\x8F\xE5\x9B\xBE",
    "\xE7\x88\xB7",
    "\xE4\xBC\x99\xE5\x84\xBF",
    "\xE8\xBF\x9E",
    "\xE4\xBA\x8E",
    "\xE5\x90\x83\xE4\xB8\x80\xE6\x83\x8A",
    "\xE8\xB5\x9B",
    "\xE7\x82\xAE",
    "\xE7\x90\x86",
    "\xE7\x9B\x98",
    "\xE5\x93\xAD",
    "\xE6\xA5\xBC",
    "\xE7\x8E\x8B",
    "\xE8\x84\x91",
    "\xE8\xB4\xA5",
    "\xE5\x9C\xA3",
    "\xE5\x90\x8D",
    "\xE9\x83\xA8",
    "\xE4\xBE\xA0",
    "\xE6\xB4\x8B",
    "\xE4\xB8\xBE",
    "\xE5\x8E\xA6",
    "\xE5\x88\x80",
    "\xE5\xB9\x85\xE5\xBA\xA6",
    "\xE5\xAD\x97",
    "\xE7\xBA\xA2",
    "\xE7\xBA\xB2",
    "\xE5\xA6\x88",
    "\xE6\x9D\x83",
    "\xE4\xBC\x99",
    "\xE5\xA7\x90",
    "\xE6\xA0\x91",
    "\xE5\x9D\x97",
    "\xE5\xA4\xA7\xE7\x9A\x84",
    "\xE4\xB8\xAD\xE5\x9E\x8B",
    "\xE5\xB1\xB1",
    "\xE9\x80\x89",
    "\xE4\xB8\x93",
    "\xE9\xA1\xBA",
    "\xE5\x8A\x9F",
    "\xE6\xB2\xB3",
    "\xE6\xB9\x96",
    "\xE6\xB1\x9F",
    "\xE8\xB7\x83\xE8\xBF\x9B",
    "\xE9\x9D\xA2\xE7\xA7\xAF",
    "\xE5\x90\x8C",
    "\xE9\x9D\xA9\xE5\x91\xBD",
    "\xE8\x82\x86",
    "\xE6\x96\xB9",
    "\xE5\x86\xB6",
    "\xE7\x81\xAB",
    "\xE7\x9F\xB3",
    "\xE8\x87\xAA\xE7\x84\xB6",
    "\xE5\xB0\x86\xE5\x86\x9B",
    "\xE9\x83\xBD\xE5\x9F\x8E",
    "\xE5\xA5\x96",
    "\xE6\xB2\xBD\xE5\x8F\xA3",
    "\xE7\x90\x86\xE5\xAF\xBA",
    "\xE5\xA0\xA4",
    "\xE6\xB9\xBE\xE7\x89\xB9",
    "\xE5\x85\x83\xE5\xB8\x85",
    "\xE9\x9B\xA8",
    "\xE6\x97\x97",
    "\xE4\xB9\xB1",
    "\xE6\x88\xB7",
    "\xE5\xA4\xA7\xE5\xB0\x8F\xE5\xB0\x8F",
    "\xE7\x90\x86\xE7\x9F\xB3",
    "\xE7\xA4\xBC",
};

static const char* const t479[] = {
    "\xE5\xAE\x89\xE9\x97\xA8",
    "\xE4\xB8\x8B",
    "\xE7\x84\xB6",
    "\xE6\xB4\xA5",
    "\xE9\x97\xA8",
    "\xE6\xB0\x94",
    "\xE5\x9C\xB0",
    "\xE5\xA4\xA9",
    "\xE7\xA9\xBA",
    "\xE5\xAD\x90",
    "\xE9\xB9\x85\xE6\xB4\xB2",
    "\xE4\xB8\xBB\xE6\x95\x99",
    "\xE9\x97\xA8\xE5\xB8\x82",
    "\xE5\xA0\x82",
    "\xE4\xB8\x8A",
    "\xE7\x84\xB6\xE6\xB0\x94",
    "\xE4\xBD\x93",
    "\xE5\xBA\x9C",
    "\xE8\x89\xB2",
    "\xE6\x96\x87",
    "\xE8\x8A\xB1",
    "\xE8\xB5\x8B",
    "\xE6\xB2\xB3\xE6\x9C\xBA\xE5\x9C\xBA",
    "\xE6\x98\x9F",
    "\xE5\xA4\xA7",
    "\xE5\xB1\xB1",
    "\xE6\xB2\xB3",
    "\xE7\x9A\x87",
    "\xE9\xBA\xBB",
    "\xE4\xBA\xAE",
    "\xE4\xB8\x8B\xE7\xAC\xAC\xE4\xB8\x80",
    "\xE5\x9C\xB0\xE4\xBC\x9A",
    "\xE9\xBB\x91",
    "\xE7\x94\x9F",
    "\xE9\xB9\x85",
    "\xE6\xA1\xA5",
    "\xE7\x9C\x9F",
    "\xE7\xAB\xBA",
    "\xE7\x8E\x8B",
    "\xE6\xB4\xA5\xE5\xB8\x82",
};

static const char* const t480[] = {
    "\xE9\x98\xB3",
    "\xE7\x9B\x91",
    "\xE5\xBA\x99",
    "\xE5\xA4\xAA",
    "\xE5\xAD\x90",
    "\xE5\x90\x8E",
    "\xE5\xB9\xB3\xE6\xB4\x8B",
    "\xE7\xA9\xBA",
    "\xE5\x8E\x9F",
    "\xE5\xBA\xB7",
    "\xE5\xB9\xB3",
    "\xE5\x92\x8C\xE6\xAE\xBF",
    "\xE5\x92\x8C",
    "\xE5\xAE\x88",
    "\xE5\xB8\x88",
    "\xE7\xA5\x96",
    "\xE6\xB9\x96",
};

static const char* const t481[] = {
    "\xE4\xBA\xBA",
    "\xE5\xA6\x87",
    "\xE5\xA6\xBB",
};

static const char* const t482[] = {
    "\xE8\xB4\xA5",
    "\xE5\x8E\xBB",
    "\xE4\xB8\x9A",
    "\xE6\x9C\x9B",
    "\xE8\xAF\xAF",
    "\xE5\x88\xA9",
    "\xE8\xB0\x83",
    "\xE8\xB8\xAA",
};

static const char* const t483[] = {
    "\xE5\x8F\x91",
    "\xE4\xB8\x8A",
    "\xE9\xA1\xB6",
    "\xE8\x84\x91",
    "\xE9\x83\xA8",
    "\xE9\xA2\x86",
    "\xE9\x99\x80",
    "\xE5\x84\xBF",
    "\xE7\x9B\xAE",
    "\xE7\x97\x9B",
};

static const char* const t484[] = {
    "\xE9\x99\xB5",
};

static const char* const t485[] = {
    "\xE5\xBC\xA0",
    "\xE7\x89\xB9",
};

static const char* const t486[] = {
    "\xE5\x8F\x96",
    "\xE5\xBE\x97",
    "\xE5\x86\xA0",
};

static const char* const t487[] = {
    "\xE6\x80\xAA",
    "\xE7\x89\xB9",
    "\xE8\xBF\xB9",
    "\xE5\xBC\x82",
};

static const char* const t488[] = {
    "\xE4\xBD\x95",
};

static const char* const t489[] = {
    "\xE5\x91\xBD",
    "\xE7\x8C\xAE",
    "\xE8\xA1\x8C",
};

static const char* const t490[] = {
    "\xE6\x96\x97",
    "\xE5\x8A\x9B",
    "\xE8\xB5\xB7",
};

static const char* const t491[] = {
    "\xE6\x8A\x98",
};

static const char* const t492[] = {
    "\xE4\xB8\xB9",
    "\xE7\xBA\xA6",
};

static const char* const t493[] = {
    "\xE8\xB7\x91",
    "\xE8\x85\xBE",
    "\xE9\xA9\xB0",
    "\xE8\xB5\xB0",
};

static const char* const t494[] = {
    "\xE5\x8A\xB1",
    "\xE9\x87\x91",
    "\xE6\x83\xA9",
    "\xE5\xAD\xA6\xE9\x87\x91",
};

static const char* const t495[] = {
    "\xE9\xA4\x90",
};

static const char* const t496[] = {
    "\xE5\xAE\x9A",
};

static const char* const t497[] = {
    "\xE5\x9C\xB0\xE5\x88\xA9",
    "\xE8\xBF\x90\xE4\xBC\x9A",
};

static const char* const t498[] = {
    "\xE4\xBA\xBA",
    "\xE5\x84\xBF",
    "\xE5\xAD\x90",
    "\xE6\x80\xA7",
    "\xE5\xA3\xAB",
    "\xE5\xAD\xA9",
    "\xE5\xAD\xA9\xE5\xAD\x90",
    "\xE9\x83\x8E",
    "\xE7\x94\x9F",
    "\xE5\xA9\xBF",
    "\xE7\x8E\x8B",
};

static const char* const t499[] = {
    "\xE9\x9A\xB6",
    "\xE6\x89\x8D",
    "\xE5\xA9\xA2",
    "\xE5\xBD\xB9",
    "\xE9\x9A\xB6\xE5\x88\xB6",
};

static const char* const t500[] = {
    "\xE5\xA5\xB6",
};

static const char* const t501[] = {
    "\xE4\xBB\xAC",
};

static const char* const t502[] = {
    "\xE5\x83\x8F",
    "\xE5\x90\x83",
    "\xE5\xA5\xBD",
    "\xE5\xA4\x84",
    "\xE7\x94\x9F",
    "\xE6\xB1\x89",
    "\xE4\xBA\x8B",
    "\xE7\x9C\x8B",
    "\xE8\xB1\xA1",
    "\xE8\xBD\xAC",
    "\xE5\xA5\x87",
    "\xE5\xA4\x9A",
    "\xE4\xB8\x8D\xE5\xA5\xBD",
    "\xE4\xB8\x8D\xE5\xAE\xB9\xE6\x98\x93",
    "\xE6\xAD\xB9",
    "\xE5\x87\xA0\xE4\xB8\xAA",
    "\xE4\xBA\xBA",
    "\xE6\xAF\x94",
    "\xE8\xAF\x84",
};

static const char* const t503[] = {
    "\xE6\x9E\x9C",
    "\xE4\xBD\x95",
    "\xE6\xAD\xA4",
    "\xE4\xBB\x8A",
    "\xE5\x90\x8C",
    "\xE4\xB8\x8B",
    "\xE6\x98\xAF",
    "\xE6\x9E\x9C\xE8\xAF\xB4",
};

static const char* const t504[] = {
    "\xE5\x9B\xBE",
};

static const char* const t505[] = {
    "\xE5\xA5\xB3",
    "\xE4\xBA\xBA",
};

static const char* const t506[] = {
    "\xE5\xA6\x88",
};

static const char* const t507[] = {
    "\xE7\xB2\xBE",
};

static const char* const t508[] = {
    "\xE5\x8D\x8F",
};

static const char* const t509[] = {
    "\xE7\xA2\x8D",
};

static const char* const t510[] = {
    "\xE5\xA6\xB9",
    "\xE5\xAD\x90",
};

static const char* const t511[] = {
    "\xE5\xAD\x90",
};

static const char* const t512[] = {
    "\xE5\xA6\xB9",
};

static const char* const t513[] = {
    "\xE7\xBB\x88",
    "\xE5\xBB\xBA",
    "\xE4\xBA\x8E",
};

static const char* const t514[] = {
    "\xE5\xA7\x90",
    "\xE5\xA6\xB9",
};

static const char* const t515[] = {
    "\xE5\xA8\x98",
    "\xE5\xA7\x91",
    "\xE5\xA6\x88",
};

static const char* const t516[] = {
    "\xE5\x90\x8D",
};

static const char* const t517[] = {
    "\xE5\x91\x98\xE4\xBC\x9A",
    "\xE5\x91\x98",
    "\xE5\x91\x98\xE9\x95\xBF",
    "\xE6\x89\x98",
    "\xE5\xB1\x88",
    "\xE5\x86\x85\xE7\x91\x9E\xE6\x8B\x89",
    "\xE6\xB4\xBE",
};

static const char* const t518[] = {
    "\xE5\xB8\x88\xE5\x82\x85",
};

static const char* const t519[] = {
    "\xE6\x80\x81",
    "\xE5\x8A\xBF",
};

static const char* const t520[] = {
    "\xE8\x83\x81",
    "\xE5\x8A\x9B",
    "\xE4\xB8\xA5",
    "\xE9\xA3\x8E",
    "\xE4\xBF\xA1",
};

static const char* const t521[] = {
    "\xE5\xA8\x83",
};

static const char* const t522[] = {
    "\xE5\xAD\x90",
    "\xE5\xA8\x98",
    "\xE5\xAE\xB6",
};

static const char* const t523[] = {
    "\xE4\xB9\x90",
};

static const char* const t524[] = {
    "\xE5\xA9\x86",
};

static const char* const t525[] = {
    "\xE5\xA7\xBB",
    "\xE7\xA4\xBC",
    "\xE8\x82\xB2",
};

static const char* const t526[] = {
    "\xE5\x84\xBF",
};

static const char* const t527[] = {
    "\xE4\xBD\x93",
    "\xE4\xBB\x8B",
};

static const char* const t528[] = {
    "\xE5\xA6\x87",
};

static const char* const t529[] = {
    "\xE5\xAD\x90",
};

static const char* const t530[] = {
    "\xE5\xA6\x83",
};

static const char* const t531[] = {
    "\xE5\xA5\xB3",
    "\xE5\x8F\xA3",
    "\xE5\xBC\xB9",
    "\xE5\xAD\x99",
    "\xE5\xBC\x9F",
    "\xE5\xAE\xAB",
    "\xE5\x85\xAC\xE5\x8F\xB8",
};

static const char* const t532[] = {
    "\xE6\x98\x8E",
    "\xE5\xAD\x90",
};

static const char* const t533[] = {
    "\xE5\xA6\x87",
};

static const char* const t534[] = {
    "\xE5\xBD\xA2",
    "\xE6\xAF\x8D",
    "\xE6\x95\xB0",
    "\xE4\xBD\x93",
    "\xE6\xA0\xB7",
};

static const char* const t535[] = {
    "\xE5\x9C\xA8",
    "\xE5\x82\xA8",
    "\xE6\xAC\xBE",
};

static const char* const t536[] = {
    "\xE4\xB8\xAD\xE5\xB1\xB1",
    "\xE6\x9D\x83",
    "\xE5\xAD\x90",
    "\xE5\x9B\x9B\xE6\xB5\xB7",
    "\xE4\xB9\x9D\xE7\x88\xB7",
};

static const char* const t537[] = {
    "\xE6\x84\x9F",
    "\xE6\x84\x9F\xE5\xB8\x82",
    "\xE6\x95\xAC",
};

static const char* const t538[] = {
    "\xE5\xAD\x90",
};

static const char* const t539[] = {
    "\xE8\x8A\x82",
    "\xE5\xBA\xA6",
    "\xE9\xA3\x8E\xE6\xB0\x94\xE5\x80\x99",
    "\xE5\x90\x8E\xE8\xB5\x9B",
};

static const char* const t540[] = {
    "\xE7\xAB\x8B",
    "\xE7\x8B\xAC",
};

static const char* const t541[] = {
    "\xE7\x94\x9F",
    "\xE9\x99\xA2",
    "\xE6\xA0\xA1",
    "\xE4\xB9\xA0",
    "\xE8\x80\x85",
    "\xE7\xA7\x91",
    "\xE6\x9C\xAF",
    "\xE4\xBC\x9A",
    "\xE4\xBD\x8D",
    "\xE8\xAF\xB4",
    "\xE5\x8E\x86",
    "\xE6\xB4\xBE",
    "\xE5\xA3\xAB",
    "\xE9\x99\xA2\xE8\xB7\xAF",
    "\xE5\xBA\x9C",
    "\xE5\x91\x98",
    "\xE9\x97\xAE",
    "\xE8\xB4\xB9",
    "\xE5\xA0\x82",
    "\xE8\x81\x94",
    "\xE5\x88\xB0",
    "\xE5\xBA\x9C\xE8\xB7\xAF",
    "\xE7\x95\x8C",
};

static const char* const t542[] = {
    "\xE5\xAD\x90",
    "\xE5\x84\xBF",
};

static const char* const t543[] = {
    "\xE5\xA4\x8F",
    "\xE5\x8F\xAF",
    "\xE9\x9D\x99",
    "\xE6\x84\xBF",
    "\xE6\xB3\xA2",
};

static const char* const t544[] = {
    "\xE4\xBB\xAC",
};

static const char* const t545[] = {
    "\xE5\xAE\x99",
};

static const char* const t546[] = {
    "\xE5\x9F\x8E",
    "\xE5\x8D\xAB",
    "\xE6\x8A\xA4",
};

static const char* const t547[] = {
    "\xE5\x85\xA8",
    "\xE6\x8E\x92",
    "\xE8\xA3\x85",
    "\xE5\xBE\xBD",
    "\xE9\x99\x86",
    "\xE6\x85\xB0",
    "\xE5\xAE\x9A",
    "\xE9\x9D\x99",
    "\xE5\xBE\xBD\xE7\x9C\x81",
    "\xE5\xA8\x9C",
    "\xE7\xBD\xAE",
    "\xE4\xB9\xA1",
    "\xE6\x8A\x9A",
    "\xE5\xBF\x83",
    "\xE7\x90\x86\xE4\xBC\x9A",
    "\xE5\xAE\x81",
};

static const char* const t548[] = {
    "\xE6\xB1\x9F",
    "\xE4\xBB\xA3",
    "\xE7\x8C\xAE\xE7\xAD\x96",
    "\xE6\x9C\x9D",
    "\xE6\x80\x9D\xE6\x98\x8E",
};

static const char* const t549[] = {
    "\xE6\x88\x90",
    "\xE5\x85\xA8",
    "\xE5\x96\x84",
    "\xE6\x95\xB4",
    "\xE7\xBE\x8E",
    "\xE6\xAF\x95",
    "\xE5\xA4\x87",
    "\xE5\xA5\xBD",
    "\xE5\xB7\xA5",
};

static const char* const t550[] = {
    "\xE8\xA7\x82",
    "\xE4\xBC\x9F",
    "\xE5\xA4\xA7",
};

static const char* const t551[] = {
    "\xE6\x95\x99",
    "\xE6\x97\xA8",
    "\xE5\xAE\xA4",
};

static const char* const t552[] = {
    "\xE5\x91\x98",
    "\xE5\x85\xB5",
    "\xE5\x86\x9B",
    "\xE5\x90\x8F",
    "\xE6\x96\xB9",
    "\xE5\xAE\xB6",
    "\xE5\xBA\x9C",
    "\xE8\x81\x8C",
    "\xE5\x83\x9A",
    "\xE8\xAF\x9D",
    "\xE7\xBD\xB2",
    "\xE5\x9C\xBA",
    "\xE5\xB1\xB1",
    "\xE5\x8F\xB8",
};

static const char* const t553[] = {
    "\xE4\xB9\x89",
    "\xE4\xBD\x8D",
    "\xE5\xBE\x8B",
    "\xE6\x9C\x9F",
    "\xE4\xB8\xBA",
    "\xE5\x90\x91",
    "\xE5\xB1\x85",
    "\xE7\x84\xB6",
    "\xE4\xBB\xB7",
    "\xE7\x90\x86",
};

static const char* const t554[] = {
    "\xE5\xA6\x82",
};

static const char* const t555[] = {
    "\xE6\x98\x8C",
    "\xE6\x98\x8C\xE5\xB8\x82",
    "\xE9\x83\xBD",
    "\xE5\x9F\x8E",
};

static const char* const t556[] = {
    "\xE7\x8E\x89",
    "\xE8\xB4\x9D",
    "\xE8\xB4\xB5",
    "\xE5\x89\x91",
    "\xE5\xBA\x93",
    "\xE7\x9F\xB3",
    "\xE5\x88\x80",
    "\xE5\xBA\xA7",
};

static const char* const t557[] = {
    "\xE8\xA1\x8C",
    "\xE7\x8E\xB0",
    "\xE9\x99\x85",
    "\xE6\x96\xBD",
    "\xE9\x99\x85\xE4\xB8\x8A",
    "\xE5\x9C\xA8",
    "\xE9\xAA\x8C",
    "\xE8\xB7\xB5",
    "\xE5\x8A\x9B",
    "\xE9\xAA\x8C\xE5\xAE\xA4",
    "\xE7\x94\xA8",
    "\xE8\xB4\xA8",
    "\xE4\xB9\xA0",
    "\xE4\xBA\x8B\xE6\xB1\x82\xE6\x98\xAF",
    "\xE7\x89\xA9",
    "\xE4\xB8\x9A",
    "\xE4\xBD\x93",
    "\xE6\x88\x98",
    "\xE5\xBD\x95",
    "\xE4\xBA\x8B",
};

static const char* const t558[] = {
    "\xE8\xAE\xAE",
    "\xE5\x88\xA4",
    "\xE6\x9F\xA5",
    "\xE8\xAE\xA1\xE9\x95\xBF",
    "\xE8\xAE\xA1",
    "\xE7\x90\x86",
    "\xE5\x88\xA4\xE5\x91\x98",
    "\xE6\xA0\xB8",
    "\xE6\x89\xB9",
    "\xE7\xBE\x8E",
    "\xE8\xAE\xAF",
    "\xE5\xAE\x9A",
};

static const char* const t559[] = {
    "\xE6\x88\xB7",
    "\xE4\xBA\xBA",
    "\xE8\xA7\x82",
    "\xE8\xBF\x90",
    "\xE6\xB0\x94",
    "\xE5\x8E\x85",
    "\xE5\x9C\xBA",
    "\xE5\xBA\x97",
    "\xE8\xBD\xA6",
    "\xE5\x95\x86",
};

static const char* const t560[] = {
    "\xE5\xB8\x83",
    "\xE4\xBC\xA0",
    "\xE5\x91\x8A",
    "\xE8\xA8\x80",
    "\xE8\xAF\xBB",
    "\xE7\xA7\xB0",
    "\xE6\x89\xAC",
};

static const char* const t561[] = {
    "\xE5\x86\x85",
};

static const char* const t562[] = {
    "\xE5\xAE\x98",
};

static const char* const t563[] = {
    "\xE6\xB3\x95",
};

static const char* const t564[] = {
    "\xE5\xBB\xB7",
    "\xE5\xA5\xB3",
    "\xE6\xAE\xBF",
    "\xE4\xB8\xAD",
    "\xE7\x81\xAF",
    "\xE5\x9F\x8E",
    "\xE9\x97\xA8",
};

static const char* const t565[] = {
    "\xE7\x9B\xB8",
};

static const char* const t566[] = {
    "\xE6\x80\x95",
    "\xE6\xAD\xBB",
    "\xE8\x99\xAB",
};

static const char* const t567[] = {
    "\xE4\xBC\x9A",
};

static const char* const t568[] = {
    "\xE5\xBA\xAD",
    "\xE9\x87\x8C",
    "\xE9\x95\xBF",
    "\xE6\x97\x8F",
    "\xE4\xB8\xAD",
    "\xE4\xBC\x99",
    "\xE4\xB9\xA1",
    "\xE5\xB1\x9E",
    "\xE5\x8A\xA1",
    "\xE4\xBA\xBA",
    "\xE5\x85\xB7",
    "\xE7\x94\xB5",
    "\xE9\x97\xA8",
    "\xE5\xA2\x83",
};

static const char* const t569[] = {
    "\xE6\x98\x93",
    "\xE9\x87\x8F",
    "\xE8\xB2\x8C",
    "\xE7\xBA\xB3",
    "\xE5\xBF\x8D",
};

static const char* const t570[] = {
    "\xE9\x98\x94",
    "\xE5\xB9\xBF",
    "\xE5\xA4\xA7",
    "\xE5\xBA\xA6",
};

static const char* const t571[] = {
    "\xE9\xA6\x86",
};

static const char* const t572[] = {
    "\xE8\x88\x8D",
};

static const char* const t573[] = {
    "\xE5\xAF\x9E",
    "\xE9\x9D\x99",
};

static const char* const t574[] = {
    "\xE6\x89\x98",
    "\xE7\x94\x9F",
};

static const char* const t575[] = {
    "\xE5\x88\x87",
    "\xE5\xBA\xA6",
    "\xE9\x9B\x86",
    "\xE7\xA0\x81",
    "\xE5\xB8\x83",
    "\xE5\xB0\x81",
};

static const char* const t576[] = {
    "\xE6\x9C\x89",
    "\xE4\xBA\xBA",
    "\xE8\xA3\x95",
    "\xE4\xBA\x8E",
    "\xE6\x88\xB7",
    "\xE8\xB4\xB5",
};

static const char* const t577[] = {
    "\xE5\x86\xB7",
    "\xE6\x84\x8F",
    "\xE9\xA3\x8E",
};

static const char* const t578[] = {
    "\xE7\x9C\x8B",
    "\xE8\xA7\x89",
};

static const char* const t579[] = {
    "\xE5\xA4\xB4",
};

static const char* const t580[] = {
    "\xE4\xBA\x8E",
    "\xE6\x96\xB9",
    "\xE8\xB1\xA1",
    "\xE5\xA4\x96",
    "\xE6\x89\x8B",
    "\xE4\xBB\x98",
    "\xE5\xBE\x85",
    "\xE6\x8A\x97",
    "\xE9\x9D\xA2",
    "\xE8\xAF\x9D",
    "\xE5\xA4\x96\xE5\xBC\x80\xE6\x94\xBE",
    "\xE7\xAB\x8B",
    "\xE6\xAF\x94",
    "\xE6\xAD\xA4",
    "\xE5\xBA\x94",
    "\xE4\xB8\x8D\xE8\xB5\xB7",
    "\xE7\xA7\xB0",
    "\xE7\xAD\x96",
    "\xE5\x87\x86",
    "\xE4\xBA\x86",
    "\xE5\xA4\x96\xE8\xB4\xB8\xE6\x98\x93",
    "\xE7\x85\xA7",
};

static const char* const t581[] = {
    "\xE9\x99\xA2",
    "\xE5\xBA\x99",
};

static const char* const t582[] = {
    "\xE6\x89\xBE",
    "\xE6\xB1\x82",
    "\xE6\x80\x9D",
    "\xE5\xB8\xB8",
};

static const char* const t583[] = {
    "\xE5\xBC\xB9",
    "\xE8\x87\xB4",
    "\xE6\xBC\x94",
    "\xE8\x88\xAA",
    "\xE5\xB8\x88",
    "\xE6\xB8\xB8",
    "\xE5\x90\x91",
};

static const char* const t584[] = {
    "\xE5\x91\xBD",
};

static const char* const t585[] = {
    "\xE5\xBB\xBA",
    "\xE9\x94\x81",
    "\xE9\x97\xAD",
    "\xE5\xBB\xBA\xE7\x8E\x8B\xE6\x9C\x9D",
    "\xE5\xBB\xBA\xE7\xA4\xBE\xE4\xBC\x9A",
    "\xE9\x9D\xA2",
};

static const char* const t586[] = {
    "\xE5\x87\xBB",
    "\xE7\xBA\xBF",
    "\xE7\xA8\x8B",
};

static const char* const t587[] = {
    "\xE5\x86\x9B",
    "\xE9\xA2\x86",
    "\xE6\x9D\xA5",
    "\xE5\xA3\xAB",
    "\xE8\xA6\x81",
    "\xE8\xBF\x91",
};

static const char* const t588[] = {
    "\xE9\x87\x8D",
    "\xE4\xB8\xA5",
    "\xE6\x95\xAC",
};

static const char* const t589[] = {
    "\xE6\x97\xB6",
    "\xE8\xAF\xB4",
    "\xE5\xA7\x90",
    "\xE9\xBE\x99",
    "\xE5\xAD\xA6",
    "\xE7\xBB\x84",
    "\xE5\xAD\x90",
    "\xE5\xBF\x83",
    "\xE5\xB0\x8F\xE7\x9A\x84",
    "\xE9\xBA\xA6",
    "\xE5\x9E\x8B",
    "\xE4\xBA\xBA",
    "\xE5\xAD\xA9",
    "\xE5\xBC\x9F",
    "\xE5\xA3\xB0",
    "\xE5\xB0\x8F",
    "\xE5\xAD\xA9\xE5\xAD\x90",
    "\xE4\xBA\x8B",
    "\xE4\xBC\x99\xE5\xAD\x90",
    "\xE5\x90\x83",
    "\xE5\xA7\x91\xE5\xA8\x98",
    "\xE4\xBA\x8E",
    "\xE5\xBA\xB7",
    "\xE5\xAD\x94",
    "\xE9\x9B\xA8",
    "\xE8\x88\xB9",
    "\xE5\x84\xBF",
    "\xE6\x97\xB6\xE5\x80\x99",
    "\xE5\xB0\x86",
    "\xE5\xAD\xA6\xE7\x94\x9F",
    "\xE6\xB2\xB3\xE5\x8F\xA3",
    "\xE5\xBA\xB7\xE5\x8E\xBF",
    "\xE8\xB7\xAF",
    "\xE5\xBF\x83\xE7\xBF\xBC\xE7\xBF\xBC",
    "\xE5\x9F\x8E",
    "\xE5\xB2\x9B",
    "\xE8\xB4\x9D",
};

static const char* const t590[] = {
    "\xE6\x95\xB0",
    "\xE5\xB9\xB4",
    "\xE6\x95\xB0\xE6\xB0\x91\xE6\x97\x8F",
    "\xE5\xA5\xB3",
    "\xE6\x9E\x97",
    "\xE5\xB0\x86",
    "\xE9\x87\x8F",
    "\xE6\x9E\x97\xE5\xAF\xBA",
    "\xE7\x88\xB7",
    "\xE4\xBA\x8E",
    "\xE5\xB9\xB4\xE5\x84\xBF\xE7\xAB\xA5",
};

static const char* const t591[] = {
    "\xE6\xA4\x92",
    "\xE9\x94\x90",
};

static const char* const t592[] = {
    "\xE4\xB9\xA6",
    "\xE6\x9C\xAA",
    "\xE6\x97\xA0",
    "\xE6\x9C\x89",
};

static const char* const t593[] = {
    "\xE8\xAF\x95",
};

static const char* const t594[] = {
    "\xE5\x85\xB6",
    "\xE4\xB8\xBA",
};

static const char* const t595[] = {
    "\xE6\x98\xAF",
    "\xE4\xB8\x9A",
    "\xE7\xAE\x97",
    "\xE8\xA6\x81",
    "\xE6\xAD\xA4",
    "\xE8\xAE\xA9",
    "\xE6\x98\xAF\xE8\xAF\xB4",
};

static const char* const t596[] = {
    "\xE5\xB0\xAC",
};

static const char* const t597[] = {
    "\xE4\xBD\x93",
    "\xE9\xA6\x96",
    "\xE8\xBA\xAB",
};

static const char* const t598[] = {
    "\xE5\xAF\xB8",
    "\xE5\xBA\xA6",
};

static const char* const t599[] = {
    "\xE5\xA7\x91",
};

static const char* const t600[] = {
    "\xE7\xAE\xA1",
    "\xE9\x87\x8F",
    "\xE5\xBF\xAB",
    "\xE5\x8F\xAF\xE8\x83\xBD",
    "\xE5\x8A\x9B",
    "\xE6\x95\xB0",
    "\xE5\xA4\xB4",
};

static const char* const t601[] = {
    "\xE5\xB7\xB4",
    "\xE9\xB3\x8D",
};

static const char* const t602[] = {
    "\xE9\x9D\xA2",
    "\xE9\x83\xA8",
    "\xE9\x95\xBF",
    "\xE5\x8A\xBF",
    "\xE9\x99\x90",
};

static const char* const t603[] = {
    "\xE8\x82\xA1",
};

static const char* const t604[] = {
    "\xE6\xAC\xA1",
    "\xE9\x9D\xA2",
    "\xE5\xB1\x82",
};

static const char* const t605[] = {
    "\xE6\xB0\x91",
    "\xE4\xBD\x8F",
    "\xE7\x84\xB6",
    "\xE5\xA4\x9A",
    "\xE4\xBA\x8E",
};

static const char* const t606[] = {
    "\xE5\xAE\xB6\xE5\xB2\xAD",
    "\xE5\x8E\x9F",
};

static const char* const t607[] = {
    "\xE6\x97\xB6",
};

static const char* const t608[] = {
    "\xE9\x87\x8C",
    "\xE5\xAD\x90",
    "\xE9\xA1\xB6",
    "\xE8\x84\x8A",
};

static const char* const t609[] = {
    "\xE5\xB9\x95",
};

static const char* const t610[] = {
    "\xE5\xBC\x80",
    "\xE7\xA4\xBA",
    "\xE8\xA7\x88",
    "\xE7\x8E\xB0",
    "\xE5\x87\xBA",
};

static const char* const t611[] = {
    "\xE4\xBA\x8E",
    "\xE6\x80\xA7",
    "\xE4\xB8\x8B",
};

static const char* const t612[] = {
    "\xE6\x9D\x80",
};

static const char* const t613[] = {
    "\xE8\xA1\x8C",
};

static const char* const t614[] = {
    "\xE4\xB8\x9C",
    "\xE5\x9C\xB0",
    "\xE5\x8C\xBA",
    "\xE8\xA5\xBF",
    "\xE8\x84\x89",
    "\xE4\xB8\x8A",
    "\xE6\xB0\xB4",
    "\xE5\x9D\xA1",
    "\xE6\xB2\xB3",
    "\xE8\xB0\xB7",
    "\xE9\xA1\xB6",
    "\xE9\xBA\x93",
    "\xE5\x8D\x97",
    "\xE6\xB4\x9E",
    "\xE9\x87\x8C",
    "\xE7\x8F\x8D",
    "\xE4\xB8\x8B",
    "\xE6\xB5\xB7\xE5\x85\xB3",
    "\xE5\xB3\xB0",
    "\xE5\xA4\xB4",
    "\xE5\xAF\xA8",
    "\xE4\xB8\xAD",
    "\xE4\xB8\x9C\xE7\x9C\x81",
    "\xE8\xB7\xAF",
    "\xE7\x9F\xB3",
    "\xE5\x8F\xA3",
    "\xE7\x8F\x8D\xE6\xB5\xB7\xE5\x91\xB3",
    "\xE9\x81\x93",
    "\xE5\x89\x8D",
    "\xE9\x95\x87",
    "\xE8\xA5\xBF\xE7\x9C\x81",
    "\xE4\xBD\x93",
};

static const char* const t615[] = {
    "\xE6\x9C\x88",
};

static const char* const t616[] = {
    "\xE8\x83\xBD",
};

static const char* const t617[] = {
    "\xE4\xBD\x8D",
};

static const char* const t618[] = {
    "\xE5\xB1\xBF",
    "\xE4\xB8\x8A",
};

static const char* const t619[] = {
    "\xE7\x9F\xB3",
    "\xE6\xB5\x86",
};

static const char* const t620[] = {
    "\xE5\xAD\x90",
};

static const char* const t621[] = {
    "\xE4\xB8\x8D\xE7\xBE\xA4",
    "\xE9\xA3\x9E",
    "\xE7\x88\xB6",
};

static const char* const t622[] = {
    "\xE4\xB8\x8A",
    "\xE8\xBE\xB9",
};

static const char* const t623[] = {
    "\xE8\xB0\xB7",
};

static const char* const t624[] = {
    "\xE5\xB5\x8B",
};

static const char* const t625[] = {
    "\xE7\xA5\xAF",
    "\xE6\x8B\x9C",
    "\xE9\xAB\x98",
    "\xE9\x98\xB3\xE5\x8E\xBF",
};

static const char* const t626[] = {
    "\xE8\xB5\xB7",
};

static const char* const t627[] = {
    "\xE6\xBA\x83",
};

static const char* const t628[] = {
    "\xE6\x96\xB0",
};

static const char* const t629[] = {
    "\xE5\xB1\xB1",
};

static const char* const t630[] = {
    "\xE9\x95\xBF",
    "\xE6\x94\xBF\xE5\xBA\x9C",
    "\xE5\xBA\x9C",
};

static const char* const t631[] = {
    "\xE6\x8A\x9A",
    "\xE9\x80\xBB",
    "\xE8\x88\xAA\xE5\xAF\xBC\xE5\xBC\xB9",
};

static const char* const t632[] = {
    "\xE4\xBD\x9C",
    "\xE4\xB8\x9A",
    "\xE7\xA8\x8B",
    "\xE4\xBA\xBA",
    "\xE8\xB5\x84",
    "\xE5\x85\xB7",
    "\xE5\x8E\x82",
    "\xE8\x89\xBA",
    "\xE4\xBD\x9C\xE4\xBA\xBA\xE5\x91\x98",
    "\xE5\x8C\xA0",
    "\xE9\x83\xA8",
    "\xE5\x95\x86",
    "\xE7\xA8\x8B\xE5\xB8\x88",
    "\xE4\xBA\xBA\xE9\x98\xB6\xE7\xBA\xA7",
    "\xE7\xA8\x8B\xE5\xAD\xA6\xE9\x99\xA2",
    "\xE4\xB8\x9A\xE5\x8C\x96",
    "\xE4\xBC\x9A",
    "\xE5\xA4\xAB",
    "\xE5\x95\x86\xE4\xB8\x9A",
    "\xE4\xBD\x9C\xE8\x80\x85",
    "\xE5\x86\x9C",
    "\xE4\xBD\x9C\xE6\x97\xA5",
    "\xE5\x9C\xB0",
    "\xE5\xBA\x8F",
    "\xE5\x9C\xBA",
    "\xE5\x86\x9C\xE4\xB8\x9A",
    "\xE4\xB8\x9A\xE9\x83\xA8\xE9\x97\xA8",
    "\xE4\xBD\x9C\xE9\x83\xA8\xE9\x97\xA8",
    "\xE4\xB8\x9A\xE5\x9B\xAD",
    "\xE5\xAD\xA6\xE9\x99\xA2",
    "\xE4\xBA\xBA\xE8\xBF\x90\xE5\x8A\xA8",
};

static const char* const t633[] = {
    "\xE5\x8F\xB3",
    "\xE6\x89\x8B",
    "\xE8\x89\xAF\xE7\x8E\x89",
    "\xE4\xBE\xA7",
    "\xE8\xBE\xB9",
    "\xE7\xBF\xBC",
    "\xE8\x87\x82",
};

static const char* const t634[] = {
    "\xE5\xA6\x99",
};

static const char* const t635[] = {
    "\xE5\xA4\xA7",
    "\xE9\xA2\x9D",
};

static const char* const t636[] = {
    "\xE5\x9B\xBA",
};

static const char* const t637[] = {
    "\xE4\xB8\x8D\xE5\xA4\x9A",
    "\xE5\x88\xAB",
    "\xE5\xBC\x82",
    "\xE8\xB7\x9D",
    "\xE9\xA2\x9D\xE9\x80\x89\xE4\xB8\xBE",
    "\xE7\x82\xB9",
};

static const char* const t638[] = {
    "\xE7\xBB\x8F",
    "\xE6\x9C\x89",
    "\xE7\x84\xB6",
    "\xE7\x9F\xA5",
    "\xE6\x88\x90",
};

static const char* const t639[] = {
    "\xE9\xBB\x8E",
    "\xE8\xA5\xBF",
    "\xE5\x9F\xBA\xE6\x96\xAF\xE5\x9D\xA6",
    "\xE5\x8B\x92\xE6\x96\xAF\xE5\x9D\xA6",
};

static const char* const t640[] = {
    "\xE5\x9C\xBA",
    "\xE9\x95\xBF",
    "\xE6\xB0\x91",
    "\xE5\x8C\xBA",
    "\xE5\xA7\x94",
    "\xE5\x9C\xBA\xE7\xBB\x8F\xE6\xB5\x8E",
    "\xE6\x94\xBF\xE5\xBA\x9C",
    "\xE8\xBE\x96\xE5\x8C\xBA",
    "\xE5\x86\x85",
    "\xE4\xB8\xAD\xE5\xBF\x83",
    "\xE7\xBA\xA7",
    "\xE6\x94\xBF",
    "\xE5\xAE\xB9",
    "\xE9\x95\x87",
};

static const char* const t641[] = {
    "\xE5\xB1\x80",
    "\xE7\xBD\xAE",
    "\xE6\x9C\x97",
    "\xE6\x94\xBF\xE4\xBD\xBF",
    "\xE4\xBB\x80",
    "\xE6\xBB\xA1",
    "\xE4\xBE\x9D\xE6\x97\x8F",
};

static const char* const t642[] = {
    "\xE7\x88\xB6",
    "\xE5\x82\x85",
    "\xE5\x85\x84",
    "\xE5\x93\xA5",
    "\xE5\xA6\xB9",
    "\xE8\x8C\x83\xE5\xAD\xA6\xE9\x99\xA2",
    "\xE9\x95\xBF",
    "\xE5\xBC\x9F",
    "\xE8\x8C\x83",
    "\xE5\xBE\x92",
    "\xE7\x94\x9F",
    "\xE5\x9B\xA2",
    "\xE6\xAF\x8D",
    "\xE5\xA8\x98",
};

static const char* const t643[] = {
    "\xE6\x9C\x9B",
    "\xE8\x85\x8A",
    "\xE7\x89\xB9\xE5\x8B\x92",
    "\xE8\x85\x8A\xE4\xBA\xBA",
};

static const char* const t644[] = {
    "\xE7\xAF\xB7",
};

static const char* const t645[] = {
    "\xE5\x9B\xBD\xE4\xB8\xBB\xE4\xB9\x89",
    "\xE5\x9B\xBD",
    "\xE7\x8E\x8B",
};

static const char* const t646[] = {
    "\xE6\x9D\xA5",
    "\xE6\x9C\x89",
    "\xE9\xA2\x86",
    "\xE5\x8A\xA8",
    "\xE5\x88\xB0",
    "\xE8\xB5\xB0",
    "\xE4\xB8\x8A",
    "\xE5\xA4\xB4",
    "\xE5\x9B\x9E",
};

static const char* const t647[] = {
    "\xE5\x8A\xA9",
    "\xE4\xB8\xBB",
    "\xE5\xBF\x99",
};

static const char* const t648[] = {
    "\xE5\xA7\x94\xE4\xBC\x9A",
    "\xE5\xB8\xB8",
    "\xE5\x8A\xA1",
    "\xE8\xA7\x81",
    "\xE7\x94\xA8",
    "\xE8\xA7\x84",
    "\xE5\xA7\x94",
    "\xE8\xAE\xBE",
    "\xE6\x9C\x89",
    "\xE7\xBB\xBF",
    "\xE5\xBE\xB7",
    "\xE5\xB9\xB4",
    "\xE4\xBD\x8F",
    "\xE6\x95\xB0",
    "\xE4\xBA\xBA",
    "\xE8\xAF\x86",
};

static const char* const t649[] = {
    "\xE5\xAD\x90",
};

static const char* const t650[] = {
    "\xE5\xBA\xA6",
};

static const char* const t651[] = {
    "\xE5\x83\x9A",
};

static const char* const t652[] = {
    "\xE9\x83\xA8",
    "\xE6\xB6\x89",
    "\xE5\x87\x80",
    "\xE6\x89\xB0",
    "\xE8\x84\x86",
    "\xE7\x87\xA5",
    "\xE7\xBA\xBF",
    "\xE4\xBB\x80\xE4\xB9\x88",
    "\xE6\x97\xB1",
    "\xE9\xA2\x84",
    "\xE6\xB4\xBB",
    "\xE5\xB9\xB2\xE5\x87\x80\xE5\x87\x80",
};

static const char* const t653[] = {
    "\xE5\x9D\x87",
    "\xE6\xB0\x91",
    "\xE5\x8E\x9F",
    "\xE6\x96\xB9\xE5\x8D\x83\xE7\xB1\xB3",
    "\xE7\xAD\x89",
    "\xE8\xA1\xA1",
    "\xE5\x8F\xB0",
    "\xE6\x97\xB6",
    "\xE6\x96\xB9\xE5\x85\xAC\xE9\x87\x8C",
    "\xE9\x9D\xA2",
    "\xE6\x96\xB9\xE7\xB1\xB3",
    "\xE6\x97\xA5",
    "\xE9\x9D\x99",
    "\xE5\xAE\x89",
    "\xE5\xB8\xB8",
    "\xE8\xA1\x8C",
    "\xE7\xA8\xB3",
    "\xE5\xAE\x9A",
    "\xE7\x94\x9F",
    "\xE5\x9D\xA6",
    "\xE6\xB4\xA5",
    "\xE5\x9C\xB0",
    "\xE5\x84\xBF",
    "\xE5\x92\x8C",
    "\xE6\x81\xAF",
};

static const char* const t654[] = {
    "\xE4\xBB\xA3",
    "\xE8\xBD\xBB",
    "\xE5\xBA\x95",
    "\xE9\x97\xB4",
    "\xE5\x9D\x87",
    "\xE9\xBE\x84",
    "\xE7\xBA\xAA",
    "\xE5\xBA\xA6",
    "\xE8\xBD\xBB\xE4\xBA\xBA",
    "\xE5\x88\x9D",
    "\xE4\xBB\xBD",
    "\xE4\xBA\xA7",
    "\xE6\x9C\xAB",
    "\xE7\xBA\xA7",
    "\xE8\x96\xAA",
    "\xE5\xA4\xB4",
};

static const char* const t655[] = {
    "\xE4\xB8\x94",
    "\xE9\x9D\x9E",
    "\xE6\x9C\xAA",
    "\xE5\x85\xA5",
    "\xE8\x82\xA9",
    "\xE8\xA1\x8C",
};

static const char* const t656[] = {
    "\xE7\xA6\x8F",
    "\xE5\xA5\xBD",
    "\xE8\xBF\x90",
    "\xE4\xBA\x8F",
};

static const char* const t657[] = {
    "\xE6\x83\xB3",
};

static const char* const t658[] = {
    "\xE8\x99\xAB",
    "\xE5\xB9\xB4",
};

static const char* const t659[] = {
    "\xE9\xBB\x98",
};

static const char* const t660[] = {
    "\xE6\xB3\x9B",
    "\xE5\x9C\xBA",
    "\xE5\xB7\x9E",
    "\xE5\xA4\xA7",
    "\xE4\xB8\x9C",
    "\xE5\x91\x8A",
    "\xE6\x92\xAD",
    "\xE8\xA5\xBF",
    "\xE9\x98\x94",
    "\xE4\xB8\x9C\xE7\x9C\x81",
    "\xE4\xB9\x89",
    "\xE5\xB8\x83",
    "\xE5\xB7\x9E\xE5\xB8\x82",
};

static const char* const t661[] = {
    "\xE4\xB8\xA5",
    "\xE9\x87\x8D",
    "\xE7\xA8\xBC",
    "\xE5\xAD\x90",
};

static const char* const t662[] = {
    "\xE5\x85\xB8",
    "\xE7\xA5\x9D",
};

static const char* const t663[] = {
    "\xE4\xB8\x8A",
};

static const char* const t664[] = {
    "\xE5\x88\x97",
    "\xE5\xB9\x95",
};

static const char* const t665[] = {
    "\xE5\xB1\xB1",
};

static const char* const t666[] = {
    "\xE8\xAF\xA5",
    "\xE7\x94\xA8",
    "\xE5\xBD\x93",
    "\xE4\xBB\x98",
    "\xE6\x9C\x89",
    "\xE8\x81\x98",
    "\xE5\xB1\x8A",
    "\xE6\x80\xA5",
    "\xE5\x9F\x8E",
    "\xE8\x81\x98\xE8\x80\x85",
    "\xE5\x8A\x9B",
    "\xE8\xAF\x95",
};

static const char* const t667[] = {
    "\xE4\xB8\x8B",
    "\xE9\x83\xA8",
};

static const char* const t668[] = {
    "\xE9\x93\xBA",
};

static const char* const t669[] = {
    "\xE5\xA4\xA7",
};

static const char* const t670[] = {
    "\xE9\x99\xA4",
    "\xE5\xA2\x9F",
};

static const char* const t671[] = {
    "\xE5\x81\x87",
    "\xE8\xBF\x87",
};

static const char* const t672[] = {
    "\xE8\xB0\x88\xE4\xBC\x9A",
    "\xE4\xBD\x8D",
    "\xE8\xB0\x88",
};

static const char* const t673[] = {
    "\xE9\x95\xBF",
};

static const char* const t674[] = {
    "\xE7\x86\x99",
    "\xE6\x9C\x89\xE4\xB8\xBA",
    "\xE5\xA4\x8D",
};

static const char* const t675[] = {
    "\xE4\xBF\x97",
};

static const char* const t676[] = {
    "\xE4\xBC\xB8",
    "\xE5\xAE\x89",
    "\xE7\xBB\xAD",
    "\xE9\x95\xBF",
};

static const char* const t677[] = {
    "\xE6\x9D\x96",
};

static const char* const t678[] = {
    "\xE8\xAE\xBE",
    "\xE7\xAB\x8B",
    "\xE7\xAD\x91",
    "\xE8\xAE\xAE",
    "\xE6\x88\x90",
    "\xE9\x80\xA0",
    "\xE5\x9B\xBD",
    "\xE6\x9C\x89",
    "\xE7\xAD\x91\xE7\xBE\xA4",
    "\xE5\x88\xB6",
    "\xE7\xAD\x91\xE4\xB8\x9A",
    "\xE7\xAD\x91\xE7\x89\xA9",
    "\xE4\xBA\x8E",
    "\xE9\x83\xBD",
    "\xE6\x9D\x90",
    "\xE5\xB7\xA5",
    "\xE5\xB9\xB3",
    "\xE8\xAE\xBE\xE8\xB7\xAF",
    "\xE4\xBA\xA4",
};

static const char* const t679[] = {
    "\xE5\xA7\x8B",
    "\xE5\x8F\x91",
    "\xE6\x94\xBE",
    "\xE5\xB1\x95",
    "\xE5\x8F\x91\xE5\x8C\xBA",
    "\xE5\x9B\xBD",
    "\xE8\xBE\x9F",
    "\xE5\x88\x9B",
    "\xE5\xB0\x81",
    "\xE5\x8F\xA3",
    "\xE9\x87\x87",
    "\xE9\x80\x9A",
    "\xE4\xBC\x9A",
    "\xE6\x8B\x93",
    "\xE6\x9D\xA5",
    "\xE6\x94\xAF",
    "\xE9\x97\xA8",
    "\xE8\xAE\xBE",
    "\xE5\xB7\xA5",
    "\xE5\x87\xBA",
    "\xE7\x8E\xA9\xE7\xAC\x91",
    "\xE5\x8A\x9E",
    "\xE4\xB8\x9A",
    "\xE5\xB9\x95",
    "\xE5\xA4\xB4",
    "\xE9\x98\x94",
    "\xE5\xB1\x80",
    "\xE8\xBD\xA6",
    "\xE5\xBF\x83",
    "\xE9\x99\xA4",
    "\xE7\xAB\xAF",
};

static const char* const t680[] = {
    "\xE5\xB8\xB8",
};

static const char* const t681[] = {
    "\xE6\x9D\x83",
};

static const char* const t682[] = {
    "\xE8\xB5\xB7",
    "\xE7\x94\xA8",
    "\xE8\xBF\x9B",
    "\xE5\xAF\xBC",
    "\xE5\x8F\x91",
    "\xE5\x85\xA5",
    "\xE4\xBA\xBA\xE6\xB3\xA8\xE7\x9B\xAE",
    "\xE9\xA2\x86",
};

static const char* const t683[] = {
    "\xE5\xAD\x90",
    "\xE5\x85\x84",
    "\xE5\xBC\x9F",
};

static const char* const t684[] = {
    "\xE5\xB1\x85\xE6\xAD\xA3",
    "\xE6\x97\xA0\xE5\xBF\x8C",
    "\xE7\x8C\xAE\xE5\xBF\xA0",
    "\xE7\xBF\xA0\xE5\xB1\xB1",
    "\xE6\xB9\xBE\xE5\x8C\xBA",
    "\xE8\x8B\xB1\xE6\x89\x8D",
    "\xE5\x8F\xAC\xE9\x87\x8D",
    "\xE5\xA4\xA7",
    "\xE5\xAD\xA6\xE8\x89\xAF",
    "\xE4\xB9\x8B\xE6\xB4\x9E",
    "\xE5\xAE\x81",
};

static const char* const t685[] = {
    "\xE8\xA1\xA5",
    "\xE6\xBC\xAB",
};

static const char* const t686[] = {
    "\xE5\xBD\xA2",
};

static const char* const t687[] = {
    "\xE6\x9B\xB2",
};

static const char* const t688[] = {
    "\xE7\x82\xB9",
};

static const char* const t689[] = {
    "\xE6\x80\xA7",
    "\xE8\x8D\xAF",
    "\xE9\x81\x93\xE5\xAF\xBC\xE5\xBC\xB9",
    "\xE5\x8A\xBE",
    "\xE5\xA4\xB4",
};

static const char* const t690[] = {
    "\xE8\xB0\x83",
    "\xE7\x83\x88",
    "\xE5\xA4\xA7",
    "\xE5\xBA\xA6",
    "\xE5\x8C\x96",
    "\xE8\xBF\xAB",
    "\xE7\x9B\x97",
    "\xE5\x88\xB6",
    "\xE7\x9B\x9B",
    "\xE8\xA1\x8C",
    "\xE5\x8A\xB2",
    "\xE5\x8A\xBF",
    "\xE5\x8A\x9B",
};

static const char* const t691[] = {
    "\xE6\x9D\xA5",
    "\xE5\xB1\x9E",
    "\xE7\xBA\xB3",
    "\xE4\xBA\x8E",
    "\xE8\xBF\x98",
};

static const char* const t692[] = {
    "\xE6\x97\xB6",
    "\xE7\x84\xB6",
    "\xE5\xB9\xB4",
    "\xE5\x9C\xB0",
    "\xE4\xB8\x8B",
    "\xE5\x8D\xB3",
    "\xE9\x80\x89",
    "\xE5\x89\x8D",
    "\xE7\x9C\x9F",
    "\xE4\xB8\xAD",
    "\xE5\xB1\x80",
    "\xE5\x88\x9D",
    "\xE6\x97\xA5",
    "\xE4\xBD\x9C",
    "\xE4\xBB\x8A",
    "\xE4\xBB\xA3",
    "\xE5\xA4\xA9",
    "\xE5\x9C\xBA",
    "\xE4\xBA\x8B\xE4\xBA\xBA",
    "\xE5\x81\x9A",
    "\xE9\x9D\xA2",
    "\xE6\x88\x90",
    "\xE6\x99\x9A",
    "\xE7\x9D\x80",
    "\xE5\x85\x88",
    "\xE5\x84\xBF",
};

static const char* const t693[] = {
    "\xE5\x8F\x96",
    "\xE7\x94\xA8",
};

static const char* const t694[] = {
    "\xE6\x97\x8F",
};

static const char* const t695[] = {
    "\xE6\x88\x90",
    "\xE5\xBC\x8F",
    "\xE5\x8A\xBF",
    "\xE8\xB1\xA1",
    "\xE6\x80\x81",
    "\xE7\x8A\xB6",
    "\xE5\xAE\xB9",
    "\xE5\x88\xB6",
    "\xE4\xBC\xBC",
};

static const char* const t696[] = {
    "\xE7\xBB\x98",
    "\xE8\x89\xB2",
    "\xE9\x99\xB6",
};

static const char* const t697[] = {
    "\xE5\xBE\xB7\xE6\x80\x80",
};

static const char* const t698[] = {
    "\xE5\x93\x8D",
    "\xE7\x89\x87",
    "\xE5\xAD\x90",
    "\xE5\x93\x8D\xE5\x8A\x9B",
};

static const char* const t699[] = {
    "\xE5\xBA\x95",
};

static const char* const t700[] = {
    "\xE6\xAD\xA4",
};

static const char* const t701[] = {
    "\xE5\xBE\x80",
    "\xE6\x9D\xA5",
    "\xE5\x89\x8D",
    "\xE6\x97\xA5",
    "\xE4\xBA\x8B",
    "\xE5\x90\x8E",
    "\xE5\xB9\xB4",
    "\xE8\xBF\x94",
};

static const char* const t702[] = {
    "\xE6\x9C\x8D",
    "\xE9\x9B\x86",
    "\xE6\xB1\x82",
    "\xE6\x94\xB6",
};

static const char* const t703[] = {
    "\xE6\xB5\x81\xE9\x87\x8F",
    "\xE7\x9B\xB4",
    "\xE6\xB5\x81",
};

static const char* const t704[] = {
    "\xE9\x81\x87",
};

static const char* const t705[] = {
    "\xE5\xA4\x9A",
    "\xE5\xA4\xA7",
    "\xE5\xBF\xAB",
    "\xE5\xB0\x91",
    "\xE5\xB0\x8F",
};

static const char* const t706[] = {
    "\xE5\xB8\x88",
};

static const char* const t707[] = {
    "\xE5\xB7\x9E",
    "\xE5\xA4\xA9\xE5\xAE\x8F",
    "\xE7\xA7\x8B\xE6\x96\x8B",
};

static const char* const t708[] = {
    "\xE5\xBC\x9F",
};

static const char* const t709[] = {
    "\xE5\x88\xB0",
    "\xE5\x90\x8D",
    "\xE4\xBB\xA5",
    "\xE7\x9F\xA5",
    "\xE7\xBD\xAA",
    "\xE6\x84\x8F",
    "\xE5\x87\xBA",
    "\xE5\x88\x86",
    "\xE6\x9D\xA5",
};

static const char* const t710[] = {
    "\xE5\xBE\x8A",
};

static const char* const t711[] = {
    "\xE9\x81\x93",
    "\xE5\x8F\xB2",
    "\xE9\xA9\xBE",
};

static const char* const t712[] = {
    "\xE7\x8E\xAF",
};

static const char* const t713[] = {
    "\xE7\xAC\x91",
    "\xE5\xBE\xAE",
    "\xE8\xBD\xAF",
    "\xE7\x94\x9F\xE7\x89\xA9",
    "\xE6\xB3\xA2",
    "\xE5\xBC\xB1",
    "\xE8\xA7\x82",
};

static const char* const t714[] = {
    "\xE5\x9B\xBD",
    "\xE5\x86\x9B",
    "\xE6\x84\x8F\xE5\xBF\x97",
    "\xE5\xAE\x89",
    "\xE5\xAE\x89\xE5\xBA\x9C",
    "\xE5\x9B\xBD\xE4\xBA\xBA",
};

static const char* const t715[] = {
    "\xE4\xB8\xAD",
    "\xE9\x87\x8C",
    "\xE6\x83\xB3",
    "\xE7\x90\x86",
    "\xE6\x83\x85",
    "\xE5\xA4\xB4",
    "\xE6\x80\x9D",
    "\xE7\x81\xB5",
    "\xE6\x80\x81",
    "\xE8\x84\x8F",
    "\xE7\x90\x86\xE5\xAD\xA6",
    "\xE4\xB8\x8A",
    "\xE7\x9B\xAE",
    "\xE6\x84\x8F",
    "\xE5\xBA\x95",
    "\xE7\x96\xBC",
    "\xE6\x84\xBF",
    "\xE8\x85\xB9",
    "\xE8\xA1\x80",
    "\xE8\x84\x8F\xE7\x97\x85",
    "\xE5\xBF\xB5",
};

static const char* const t716[] = {
    "\xE9\xA1\xBB",
    "\xE8\xA6\x81",
    "\xE7\x84\xB6",
    "\xE5\xAE\x9A",
    "\xE5\xA4\x87",
    "\xE9\x9C\x80",
    "\xE8\xAF\xBB",
    "\xE5\xB0\x86",
};

static const char* const t717[] = {
    "\xE4\xB8\x8D\xE4\xBD\x8F",
    "\xE5\x8F\x97",
    "\xE8\x80\x90",
};

static const char* const t718[] = {
    "\xE6\x84\xBF",
    "\xE6\x84\xBF\xE8\x80\x85",
    "\xE6\x84\xBF\xE5\x86\x9B",
};

static const char* const t719[] = {
    "\xE8\xAE\xB0",
};

static const char* const t720[] = {
    "\xE7\xA2\x8C",
};

static const char* const t721[] = {
    "\xE8\xAF\x9A",
    "\xE5\xBF\x83",
};

static const char* const t722[] = {
    "\xE8\x99\x91",
};

static const char* const t723[] = {
    "\xE9\x80\x9F",
    "\xE4\xB9\x90",
    "\xE6\xAD\xA5",
    "\xE7\x85\xA7",
    "\xE5\xBF\xAB",
    "\xE8\xA6\x81",
    "\xE6\xB4\xBB",
};

static const char* const t724[] = {
    "\xE5\xA4\xB4",
};

static const char* const t725[] = {
    "\xE7\x84\xB6",
    "\xE8\xA7\x86",
    "\xE7\x95\xA5",
    "\xE5\x9C\xB0",
};

static const char* const t726[] = {
    "\xE7\x96\x91",
    "\xE9\x87\x8C",
    "\xE4\xB8\xAD",
    "\xE7\x9D\x80",
    "\xE6\x8A\xB1",
    "\xE5\xAD\x95",
};

static const char* const t727[] = {
    "\xE5\xBA\xA6",
    "\xE5\x8A\xBF",
};

static const char* const t728[] = {
    "\xE4\xB9\x88",
    "\xE6\xA0\xB7",
    "\xE4\xB9\x88\xE6\xA0\xB7",
    "\xE5\x9C\xB0",
};

static const char* const t729[] = {
    "\xE7\x81\xAB",
    "\xE6\xB0\x94",
};

static const char* const t730[] = {
    "\xE6\x83\xB3",
    "\xE7\xBB\xB4",
    "\xE8\x80\x83",
    "\xE8\xB7\xAF",
    "\xE7\xB4\xA2",
    "\xE6\xBD\xAE",
    "\xE5\xBF\xB5",
    "\xE6\x83\xB3\xE5\xAE\xB6",
};

static const char* const t731[] = {
    "\xE5\xBF\x99",
    "\xE6\x80\xA7",
    "\xE4\xBA\x8E",
    "\xE5\x89\xA7",
    "\xE6\xB5\x81",
    "\xE9\x80\x9F",
    "\xE9\x9C\x80",
};

static const char* const t732[] = {
    "\xE8\xB4\xA8",
    "\xE5\x91\xBD",
    "\xE8\x83\xBD",
    "\xE6\xA0\xBC",
    "\xE5\x88\xAB",
    "\xE6\x83\x85",
    "\xE5\xAD\x90",
};

static const char* const t733[] = {
    "\xE7\x89\xA9",
    "\xE4\xB8\x8D\xE5\xBE\x97",
    "\xE5\xBC\x82",
};

static const char* const t734[] = {
    "\xE7\x90\x86",
    "\xE7\xBB\x9F",
    "\xE6\x98\xAF",
    "\xE7\xBB\x93",
    "\xE4\xBA\xBA\xE5\x8F\xA3",
    "\xE9\xA2\x9D",
    "\xE9\x9D\xA2\xE7\xA7\xAF",
    "\xE6\x95\xB0",
    "\xE9\x87\x8F",
    "\xE4\xBD\x93",
    "\xE4\xBA\xA7\xE5\x80\xBC",
    "\xE7\x9D\xA3",
    "\xE9\x83\xA8",
    "\xE7\xBB\x8F\xE7\x90\x86",
    "\xE8\xA3\x81",
    "\xE5\x8F\xB8\xE4\xBB\xA4",
    "\xE4\xBA\xA7\xE9\x87\x8F",
    "\xE4\xB9\x8B",
    "\xE4\xBC\x9A",
    "\xE9\x98\x9F",
    "\xE7\xAE\x97",
    "\xE4\xB9\xA6\xE8\xAE\xB0",
    "\xE9\x95\xBF",
    "\xE5\x85\xB5",
    "\xE7\xAE\xA1",
    "\xE9\x98\x9F\xE9\x95\xBF",
    "\xE7\x9B\x91",
    "\xE5\x85\xB1",
    "\xE5\x92\x8C",
    "\xE7\xA7\xB0",
    "\xE5\x85\xAC\xE5\x8F\xB8",
    "\xE5\xB1\x80",
};

static const char* const t735[] = {
    "\xE7\x88\xB1",
};

static const char* const t736[] = {
    "\xE6\x80\x95",
    "\xE6\x80\x96",
    "\xE6\x83\xA7",
};

static const char* const t737[] = {
    "\xE6\x98\x9F",
    "\xE5\xB1\xB1",
};

static const char* const t738[] = {
    "\xE5\xA4\x8D",
};

static const char* const t739[] = {
    "\xE4\xB8\x8D\xE5\xBE\x97",
};

static const char* const t740[] = {
    "\xE6\x96\xBD",
    "\xE6\x96\xBD\xE5\xB8\x82",
    "\xE6\x96\xBD\xE5\xB7\x9E",
};

static const char* const t741[] = {
    "\xE6\x95\xAC",
};

static const char* const t742[] = {
    "\xE5\xA5\xBD",
    "\xE6\x81\xB0",
    "\xE5\xBD\x93",
};

static const char* const t743[] = {
    "\xE5\x8A\xA3",
    "\xE5\x8C\x96",
    "\xE5\xBF\x83",
    "\xE4\xBA\xBA",
};

static const char* const t744[] = {
    "\xE6\x80\x92",
};

static const char* const t745[] = {
    "\xE6\x82\x84",
    "\xE6\x82\x84\xE5\x9C\xB0",
};

static const char* const t746[] = {
    "\xE4\xB9\x85",
};

static const char* const t747[] = {
    "\xE8\x80\x85",
};

static const char* const t748[] = {
    "\xE6\x8C\x82",
    "\xE6\xAE\x8A",
};

static const char* const t749[] = {
    "\xE5\x89\xA7",
    "\xE6\x83\xA8",
    "\xE7\x97\x9B",
    "\xE6\x84\xA4",
    "\xE4\xBC\xA4",
};

static const char* const t750[] = {
    "\xE5\x86\xB5",
    "\xE7\xBB\xAA",
    "\xE5\xBD\xA2",
    "\xE6\x8A\xA5",
    "\xE6\x99\xAF",
    "\xE6\x84\x9F",
    "\xE8\x8A\x82",
    "\xE5\x8A\xBF",
    "\xE6\x84\xBF",
};

static const char* const t751[] = {
    "\xE4\xBA\xBA",
    "\xE8\xAE\xB6",
    "\xE5\xA5\x87",
    "\xE5\x91\xBC",
    "\xE6\x85\x8C",
    "\xE5\x8A\xA8",
    "\xE9\x86\x92",
    "\xE5\x96\x9C",
    "\xE5\x8F\xAB",
    "\xE5\xBC\x82",
};

static const char* const t752[] = {
    "\xE4\xB8\x80",
    "\xE6\x9C\x89",
};

static const char* const t753[] = {
    "\xE6\xA1\x88",
    "\xE9\x87\x8D",
};

static const char* const t754[] = {
    "\xE7\xBD\x9A",
};

static const char* const t755[] = {
    "\xE6\x84\xA7",
};

static const char* const t756[] = {
    "\xE4\xBE\x8B",
    "\xE6\x80\xA7",
};

static const char* const t757[] = {
    "\xE5\x88\xB0",
    "\xE8\xB5\xB7",
    "\xE7\x9D\x80",
    "\xE6\xB3\x95",
    "\xE8\xB1\xA1",
    "\xE8\xA6\x81",
    "\xE6\x83\xB3",
    "\xE4\xB8\x8D\xE5\x88\xB0",
    "\xE5\xBF\x85",
    "\xE6\x9D\xA5",
    "\xE5\x83\x8F",
};

static const char* const t758[] = {
    "\xE6\x9D\xA5\xE6\x84\x88",
    "\xE5\x90\x88",
};

static const char* const t759[] = {
    "\xE5\xBF\xAB",
};

static const char* const t760[] = {
    "\xE8\xA7\x81",
    "\xE4\xB9\x89",
    "\xE6\x80\x9D",
    "\xE8\xAF\x86",
    "\xE5\xA4\xA7\xE5\x88\xA9",
    "\xE5\x91\xB3\xE7\x9D\x80",
    "\xE5\xA4\x96",
    "\xE5\xBF\x97",
    "\xE5\x9B\xBE",
    "\xE6\x84\xBF",
    "\xE5\x91\xB3",
    "\xE6\x9D\xA8",
    "\xE8\xAF\x86\xE5\xBD\xA2\xE6\x80\x81",
};

static const char* const t761[] = {
    "\xE8\xA0\xA2",
};

static const char* const t762[] = {
    "\xE5\x88\xB0",
    "\xE8\xA7\x89",
    "\xE6\x83\x85",
    "\xE5\x8F\x97",
    "\xE6\x9F\x93",
    "\xE5\x8A\xA8",
    "\xE8\xB0\xA2",
    "\xE6\xBF\x80",
    "\xE6\x85\xA8",
    "\xE5\x8F\xB9",
    "\xE5\x86\x92",
    "\xE5\xBA\x94",
};

static const char* const t763[] = {
    "\xE6\x80\x92",
    "\xE6\x85\xA8",
};

static const char* const t764[] = {
    "\xE6\x84\x8F",
    "\xE6\x9C\x9B",
};

static const char* const t765[] = {
    "\xE7\xA6\xA7",
    "\xE5\x96\x84",
};

static const char* const t766[] = {
    "\xE5\xBF\x99",
    "\xE4\xB9\xB1",
};

static const char* const t767[] = {
    "\xE9\x87\x8D",
};

static const char* const t768[] = {
    "\xE5\xAE\xB9",
    "\xE5\xAE\xB9\xE5\xA4\x8D",
    "\xE5\xB0\xBC\xE9\xBB\x91",
};

static const char* const t769[] = {
    "\xE6\x85\xA2",
    "\xE6\x80\xA7",
};

static const char* const t770[] = {
    "\xE9\x97\xAE",
};

static const char* const t771[] = {
    "\xE6\x85\xA8",
};

static const char* const t772[] = {
    "\xE5\xBE\x97",
};

static const char* const t773[] = {
    "\xE5\x89\xA7",
    "\xE6\x9B\xB2",
};

static const char* const t774[] = {
    "\xE4\xB8\xBA",
    "\xE7\xAB\x8B",
    "\xE5\x8A\x9F",
    "\xE7\xBB\xA9",
    "\xE9\x95\xBF",
    "\xE6\x9E\x9C",
    "\xE5\x91\x98",
    "\xE6\x9C\xAC",
    "\xE5\x88\x86",
    "\xE7\x86\x9F",
    "\xE5\xB0\xB1",
    "\xE9\x83\xBD",
    "\xE4\xBA\xBA",
    "\xE6\x95\x88",
    "\xE5\x90\x89\xE6\x80\x9D\xE6\xB1\x97",
    "\xE5\x91\x98\xE5\x9B\xBD",
    "\xE5\x8C\x96",
    "\xE4\xBA\xA4",
    "\xE5\x8D\x83\xE4\xB8\x8A\xE4\xB8\x87",
    "\xE5\x9E\x8B",
};

static const char* const t775[] = {
    "\xE4\xBB\xAC",
    "\xE5\x9B\xBD",
    "\xE5\x86\x9B",
    "\xE4\xBC\x9A",
    "\xE5\xAE\xB6",
    "\xE6\xA0\xA1",
    "\xE8\xA1\x8C",
    "\xE7\x9C\x81",
};

static const char* const t776[] = {
    "\xE6\x8C\x87",
};

static const char* const t777[] = {
    "\xE8\x80\x85",
    "\xE6\x98\xAF",
    "\xE8\xAE\xB8",
    "\xE8\x80\x85\xE8\xAF\xB4",
};

static const char* const t778[] = {
    "\xE4\xBA\x89",
    "\xE7\x95\xA5",
    "\xE6\x96\x97",
    "\xE5\xA3\xAB",
    "\xE5\x9C\xBA",
    "\xE5\xBD\xB9",
    "\xE6\x9C\xAF",
    "\xE5\x9B\xBD",
    "\xE6\x96\x97\xE6\x9C\xBA",
    "\xE8\x83\x9C",
    "\xE6\x9C\xBA",
    "\xE5\x90\x8E",
    "\xE7\xBA\xBF",
    "\xE6\x96\x97\xE5\x8A\x9B",
    "\xE5\x8F\x8B",
    "\xE5\x8C\xBA",
    "\xE8\xBD\xA6",
    "\xE4\xB9\xB1",
    "\xE8\xB4\xA5",
    "\xE9\xA9\xAC",
    "\xE4\xBF\x98",
    "\xE4\xBA\x8B",
    "\xE5\xA4\x87",
    "\xE8\x88\xB0",
    "\xE7\xBB\xA9",
};

static const char* const t779[] = {
    "\xE7\xBB\xA7\xE5\x85\x89",
};

static const char* const t780[] = {
    "\xE6\xAD\xA2",
    "\xE8\x87\xB3",
    "\xE7\x84\xB6\xE4\xB8\x8D\xE5\x90\x8C",
};

static const char* const t781[] = {
    "\xE9\x83\xA8",
    "\xE5\x8F\xA3",
    "\xE7\xB1\x8D",
};

static const char* const t782[] = {
    "\xE5\xAD\x90",
    "\xE9\x97\xB4",
    "\xE5\xB1\x8B",
    "\xE5\x9C\xB0\xE4\xBA\xA7",
    "\xE4\xB8\xAD",
    "\xE5\x8E\xBF",
    "\xE9\x87\x8C",
    "\xE9\x97\xA8",
    "\xE4\xBB\xB7",
    "\xE5\x9F\xBA",
};

static const char* const t783[] = {
    "\xE4\xBB\xA5",
    "\xE6\x9C\x89",
    "\xE8\xB0\x93",
    "\xE8\xAF\xB4",
    "\xE5\x9C\xA8\xE5\x9C\xB0",
    "\xE5\x9C\xA8",
    "\xE5\xB1\x9E",
    "\xE9\x95\xBF",
    "\xE7\x9F\xA5",
    "\xE7\x94\xA8",
    "\xE5\xBE\x97",
    "\xE6\x9C\x89\xE8\x80\x85",
    "\xE8\x87\xB4",
    "\xE6\x9C\x89\xE4\xBA\xBA",
    "\xE6\x8C\x87",
    "\xE6\x9C\x89\xE6\x9D\x83",
    "\xE6\x9C\x89\xE5\x88\xB6",
    "\xE5\xAD\xA6",
};

static const char* const t784[] = {
    "\xE6\xAE\xB5",
    "\xE4\xB8\xAD",
    "\xE6\x9C\xBA",
    "\xE9\x87\x8C",
    "\xE6\x9C\xAF",
    "\xE6\x8C\x87",
    "\xE8\x87\x82",
    "\xE4\xB8\x8A",
    "\xE6\xB3\x95",
    "\xE7\xBB\xAD",
    "\xE5\xB7\xA5\xE4\xB8\x9A",
    "\xE6\x8E\x8C",
    "\xE4\xB8\x8B",
    "\xE8\x85\x95",
    "\xE8\x84\x9A",
    "\xE6\x8C\x81",
    "\xE8\xB6\xB3",
    "\xE5\x8A\xBF",
    "\xE5\xB7\xA5",
    "\xE5\xB8\x95",
    "\xE6\x9E\xAA",
    "\xE8\x89\xBA",
};

static const char* const t785[] = {
    "\xE8\x83\xBD",
};

static const char* const t786[] = {
    "\xE5\xAE\x9E",
};

static const char* const t787[] = {
    "\xE5\x87\xBB",
    "\xE5\xBC\x80",
    "\xE7\xAE\x97",
    "\xE7\xA0\xB4",
    "\xE5\x80\x92",
    "\xE6\xAD\xBB",
    "\xE5\x90\xAC",
    "\xE8\xB4\xA5",
    "\xE7\x94\xB5\xE8\xAF\x9D",
    "\xE4\xBB\x97",
    "\xE6\x89\xAE",
    "\xE7\x9D\x80",
    "\xE6\x96\xAD",
    "\xE9\x87\x8F",
    "\xE5\x8F\x91",
    "\xE5\xB7\xA5",
    "\xE5\x87\xBA",
    "\xE9\x80\xA0",
    "\xE4\xB8\x8B",
    "\xE5\x85\xA5",
    "\xE6\x9E\xB6",
};

static const char* const t788[] = {
    "\xE8\xA1\x8C",
    "\xE6\x94\xBF",
    "\xE6\xB3\x95",
    "\xE6\x8E\x8C",
};

static const char* const t789[] = {
    "\xE5\xA4\xA7",
    "\xE5\xB1\x95",
    "\xE5\xBC\xA0",
    "\xE5\xBB\xBA",
    "\xE6\x95\xA3",
    "\xE5\x85\x85",
};

static const char* const t790[] = {
    "\xE6\x8F\x8F",
};

static const char* const t791[] = {
    "\xE5\xB7\x9E",
};

static const char* const t792[] = {
    "\xE8\xBD\xAC",
};

static const char* const t793[] = {
    "\xE6\xBC\x94",
};

static const char* const t794[] = {
    "\xE8\xB4\xAB",
    "\xE6\x8C\x81",
};

static const char* const t795[] = {
    "\xE5\x87\x86",
    "\xE8\xAF\x84",
    "\xE5\x88\xA4",
    "\xE9\x87\x8F",
    "\xE6\xAC\xA1",
    "\xE5\xA4\x8D",
};

static const char* const t796[] = {
    "\xE5\x88\xB0",
    "\xE5\x87\xBA",
};

static const char* const t797[] = {
    "\xE8\xAE\xA4",
    "\xE6\x8B\x85",
    "\xE8\xAF\xBA",
    "\xE5\x8F\x97",
    "\xE5\x8C\x85",
};

static const char* const t798[] = {
    "\xE6\x9C\xAF",
    "\xE8\x89\xBA",
    "\xE5\xB7\xA7",
    "\xE8\x83\xBD",
};

static const char* const t799[] = {
    "\xE6\x8B\xA9",
};

static const char* const t800[] = {
    "\xE6\x8F\xA1",
};

static const char* const t801[] = {
    "\xE5\x88\xB6",
};

static const char* const t802[] = {
    "\xE4\xBD\x8F",
    "\xE7\xB4\xA7",
    "\xE8\xB5\xB7",
    "\xE5\xA5\xBD",
};

static const char* const t803[] = {
    "\xE8\xB5\x84",
    "\xE5\x85\xA5",
    "\xE7\xA5\xA8",
    "\xE9\x99\x8D",
    "\xE8\xAF\x89",
    "\xE8\xB5\x84\xE8\x80\x85",
    "\xE4\xBA\xA7",
    "\xE6\x9C\xBA",
    "\xE8\xBA\xAB",
    "\xE6\x94\xBE",
};

static const char* const t804[] = {
    "\xE6\x97\xA5",
    "\xE6\x88\x98",
    "\xE6\x97\xA5\xE6\x88\x98\xE4\xBA\x89",
    "\xE8\xAE\xAE",
    "\xE6\x95\x8C",
    "\xE5\x87\xBB",
    "\xE7\x94\x9F\xE7\xB4\xA0",
    "\xE4\xBA\x89",
    "\xE6\x8B\x92",
    "\xE5\x8E\x9F",
    "\xE6\x97\xA5\xE6\x95\x91\xE4\xBA\xA1",
    "\xE4\xBD\x93",
};

static const char* const t805[] = {
    "\xE7\xA3\xA8",
    "\xE8\x85\xBE",
    "\xE5\xAD\x90",
};

static const char* const t806[] = {
    "\xE6\x91\xB8",
};

static const char* const t807[] = {
    "\xE5\xBC\x83",
};

static const char* const t808[] = {
    "\xE6\x95\x91",
    "\xE5\x8A\xAB",
};

static const char* const t809[] = {
    "\xE5\xA3\xAB",
    "\xE5\x8D\xAB",
    "\xE5\x8D\xAB\xE8\x88\xB0",
    "\xE9\x80\x81",
    "\xE7\x90\x86",
};

static const char* const t810[] = {
    "\xE5\x91\x8A",
    "\xE9\x81\x93",
    "\xE7\xBA\xB8",
    "\xE5\x90\x8D",
    "\xE8\x80\x83",
    "\xE4\xBB\x87",
    "\xE4\xB8\x8A",
    "\xE9\x85\xAC",
    "\xE5\xA4\x8D",
    "\xE5\x88\x8A",
};

static const char* const t811[] = {
    "\xE9\x9C\xB2",
};

static const char* const t812[] = {
    "\xE5\xA4\xB4",
    "\xE8\xB5\xB7",
    "\xE9\xAB\x98",
};

static const char* const t813[] = {
    "\xE4\xBD\x8F",
    "\xE6\x80\xA8",
};

static const char* const t814[] = {
    "\xE8\xA7\xA6",
    "\xE6\x8A\x97",
    "\xE8\xBE\xBE",
    "\xE6\x8C\xA1",
    "\xE5\xBE\xA1",
    "\xE5\x88\xB6",
};

static const char* const t815[] = {
    "\xE5\x87\xBA",
    "\xE8\xB1\xA1",
    "\xE5\xB1\x89",
};

static const char* const t816[] = {
    "\xE5\xB0\x98",
};

static const char* const t817[] = {
    "\xE4\xBB\xBB",
    "\xE5\xBF\x83",
    "\xE8\xB4\x9F",
    "\xE4\xBF\x9D",
    "\xE5\xBF\xA7",
    "\xE5\xAD\x90",
    "\xE5\xBD\x93",
};

static const char* const t818[] = {
    "\xE9\x99\xA4",
};

static const char* const t819[] = {
    "\xE9\x98\x84",
};

static const char* const t820[] = {
    "\xE5\xBC\x80",
    "\xE8\x90\xA8",
    "\xE7\xBE\x8E",
    "\xE6\xA0\x96\xE7\xAC\xAC",
};

static const char* const t821[] = {
    "\xE6\x91\x84",
    "\xE5\x8D\x96",
    "\xE6\x8B\x8D",
};

static const char* const t822[] = {
    "\xE7\xBB\x9D",
};

static const char* const t823[] = {
    "\xE5\xB1\x95",
};

static const char* const t824[] = {
    "\xE5\x87\xBA",
};

static const char* const t825[] = {
    "\xE5\x91\xBD",
};

static const char* const t826[] = {
    "\xE7\x94\x9F",
    "\xE8\x81\x98",
    "\xE5\x91\xBC",
    "\xE6\x94\xB6",
    "\xE6\x95\xB0",
    "\xE5\xBE\x85\xE4\xBC\x9A",
    "\xE5\x95\x86",
    "\xE8\x81\x98\xE4\xBC\x9A",
    "\xE5\x8A\x9E",
};

static const char* const t827[] = {
    "\xE8\xA7\x81",
};

static const char* const t828[] = {
    "\xE5\xAE\x9A",
};

static const char* const t829[] = {
    "\xE6\x9C\x89",
    "\xE6\x8A\xA4",
    "\xE6\x8C\xA4",
};

static const char* const t830[] = {
    "\xE6\x88\xAA",
    "\xE4\xBD\x8F",
};

static const char* const t831[] = {
    "\xE4\xB9\xB1\xE5\x8F\x8D\xE6\xAD\xA3",
};

static const char* const t832[] = {
    "\xE6\x95\x91",
};

static const char* const t833[] = {
    "\xE6\x89\x8B",
};

static const char* const t834[] = {
    "\xE5\xA4\xB4",
};

static const char* const t835[] = {
    "\xE5\x91\xBD",
};

static const char* const t836[] = {
    "\xE8\x8D\x92",
};

static const char* const t837[] = {
    "\xE5\x87\xBA",
    "\xE5\x88\xB0",
    "\xE4\xB8\x8B",
    "\xE6\x9D\xA5",
    "\xE7\xA0\xB4\xE4\xBB\x91",
};

static const char* const t838[] = {
    "\xE7\xBB\xAD",
    "\xE6\x9C\x89",
    "\xE4\xB9\x85",
    "\xE8\x82\xA1",
};

static const char* const t839[] = {
    "\xE5\x87\xBA",
    "\xE6\x8C\xA5",
    "\xE5\xAF\xBC",
    "\xE7\xA4\xBA",
    "\xE6\xA0\x87",
    "\xE6\x95\xB0",
    "\xE7\x9D\x80",
    "\xE6\x8C\xA5\xE9\x83\xA8",
    "\xE5\xAE\x9A",
    "\xE7\x82\xB9",
    "\xE8\xB4\xA3",
    "\xE6\x9C\x9B",
    "\xE5\x8D\x97",
    "\xE4\xBB\xA4",
    "\xE5\x90\x91",
    "\xE5\xAF\xBC\xE5\x91\x98",
    "\xE5\xBC\x95",
    "\xE6\x98\x8E",
    "\xE6\x8C\xA5\xE6\x89\x80",
};

static const char* const t840[] = {
    "\xE7\x85\xA7",
    "\xE6\x97\xB6",
    "\xE6\x91\xA9",
};

static const char* const t841[] = {
    "\xE6\x88\x98",
    "\xE9\x80\x89",
};

static const char* const t842[] = {
    "\xE6\x8E\x98",
};

static const char* const t843[] = {
    "\xE4\xBD\x8F",
};

static const char* const t844[] = {
    "\xE6\x89\x8E",
};

static const char* const t845[] = {
    "\xE6\x89\x8B",
    "\xE8\x88\x9E",
};

static const char* const t846[] = {
    "\xE5\xA8\x81",
};

static const char* const t847[] = {
    "\xE6\x8A\x98",
};

static const char* const t848[] = {
    "\xE5\x8A\xA8",
    "\xE5\x85\xB4",
};

static const char* const t849[] = {
    "\xE8\xBF\x9B",
};

static const char* const t850[] = {
    "\xE6\x95\x91",
};

static const char* const t851[] = {
    "\xE6\xAC\xBE",
};

static const char* const t852[] = {
    "\xE6\x8D\x9E",
    "\xE9\xA3\x9F",
    "\xE9\xB1\xBC",
    "\xE6\x8D\x89",
};

static const char* const t853[] = {
    "\xE5\xA4\xB1",
    "\xE5\xAE\xB3",
    "\xE4\xBC\xA4",
    "\xE5\x9D\x8F",
};

static const char* const t854[] = {
    "\xE4\xB8\x8A",
};

static const char* const t855[] = {
    "\xE8\xAF\xB4",
    "\xE6\x82\x89",
    "\xE6\xAD\xA4",
};

static const char* const t856[] = {
    "\xE5\x85\x8B",
};

static const char* const t857[] = {
    "\xE8\xB5\xB7",
    "\xE5\xBC\x80",
};

static const char* const t858[] = {
    "\xE4\xBA\x88",
    "\xE6\x9D\x83",
};

static const char* const t859[] = {
    "\xE6\x8F\xA1",
    "\xE7\xAE\xA1",
    "\xE9\x97\xA8",
    "\xE9\x97\xA8\xE4\xBA\xBA",
    "\xE5\xA3\xB0",
};

static const char* const t860[] = {
    "\xE5\x87\xBA",
};

static const char* const t861[] = {
    "\xE5\x88\x97",
    "\xE5\x90\x8D",
    "\xE9\x99\xA4",
    "\xE6\xB0\xB4",
    "\xE9\x98\x9F",
    "\xE6\x96\xA5",
    "\xE9\x95\xBF",
    "\xE5\x87\xBA",
    "\xE6\xB0\xB4\xE9\x87\x8F",
};

static const char* const t862[] = {
    "\xE5\xA4\xBA",
    "\xE8\xBF\x87",
};

static const char* const t863[] = {
    "\xE7\xB4\xA2",
    "\xE8\xAE\xA8",
    "\xE6\x98\x8E",
    "\xE6\xB5\x8B",
    "\xE8\x8A\xB1",
    "\xE9\x9B\xB7\xE5\x99\xA8",
};

static const char* const t864[] = {
    "\xE5\x8F\x97",
    "\xE7\x9D\x80",
    "\xE8\xBF\x91",
    "\xE8\xA7\xA6",
    "\xE5\xBE\x85",
    "\xE8\xBF\x87",
    "\xE5\x88\xB0",
    "\xE8\xBF\x9E",
    "\xE6\x94\xB6",
    "\xE4\xB8\x8B\xE6\x9D\xA5",
    "\xE5\x8F\xA3",
    "\xE8\xA7\x81",
    "\xE5\xBA\x94",
    "\xE7\xAE\xA1",
    "\xE6\x9B\xBF",
};

static const char* const t865[] = {
    "\xE5\x88\xB6",
    "\xE8\x82\xA1",
    "\xE5\x88\xB6\xE7\xB3\xBB\xE7\xBB\x9F",
};

static const char* const t866[] = {
    "\xE8\xBF\x9B",
    "\xE5\x8A\xA8",
    "\xE5\x87\xBA",
    "\xE8\x8D\x90",
    "\xE5\xB9\xBF",
    "\xE8\xA1\x8C",
    "\xE7\xBF\xBB",
    "\xE5\xBC\x80",
    "\xE9\x80\x81",
    "\xE5\x90\x91",
    "\xE7\x90\x86",
    "\xE6\xB5\x8B",
    "\xE4\xB8\xBE",
    "\xE6\x8B\xBF",
    "\xE7\xAE\x97",
    "\xE8\xBF\x9F",
};

static const char* const t867[] = {
    "\xE6\x8A\xA4",
    "\xE7\x9B\x96",
    "\xE9\xA5\xB0",
};

static const char* const t868[] = {
    "\xE6\x96\xBD",
};

static const char* const t869[] = {
    "\xE8\xBF\xB0",
    "\xE5\x86\x99",
    "\xE7\xBB\x98",
};

static const char* const t870[] = {
    "\xE5\x87\xBA",
    "\xE9\xAB\x98",
    "\xE4\xBE\x9B",
    "\xE5\x90\x8D",
    "\xE9\x86\x92",
    "\xE5\x88\xB0",
    "\xE5\x8D\x87",
    "\xE5\x89\x8D",
    "\xE8\xAE\xAE",
    "\xE8\xB5\xB7",
    "\xE9\x97\xAE",
    "\xE5\x80\xA1",
    "\xE7\xA4\xBA",
    "\xE8\xAF\xB7",
    "\xE4\xBA\xA4",
    "\xE5\x8F\x96",
    "\xE6\x8B\x94",
    "\xE9\x98\xB2",
    "\xE6\xA1\x88",
    "\xE5\x8F\x8A",
    "\xE7\x9D\xA3",
};

static const char* const t871[] = {
    "\xE5\x85\xA5",
};

static const char* const t872[] = {
    "\xE4\xBD\x8F",
};

static const char* const t873[] = {
    "\xE9\x9C\xB2",
    "\xE7\xA4\xBA",
    "\xE5\xBC\x80",
};

static const char* const t874[] = {
    "\xE5\x8A\xA9",
};

static const char* const t875[] = {
    "\xE6\x96\x97",
};

static const char* const t876[] = {
    "\xE7\x8B\x90",
    "\xE7\xB4\xA2",
    "\xE7\x8B\x97",
    "\xE9\x9B\x86",
};

static const char* const t877[] = {
    "\xE7\xAC\x91",
    "\xE5\xA5\xBD",
};

static const char* const t878[] = {
    "\xE9\x85\x8D",
};

static const char* const t879[] = {
    "\xE5\xB8\xA6",
};

static const char* const t880[] = {
    "\xE5\xBD\xB1",
    "\xE6\x94\xBF\xE7\x8E\x8B",
};

static const char* const t881[] = {
    "\xE8\x84\xB1",
    "\xE5\x9C\xA8",
    "\xE6\x89\x8B",
};

static const char* const t882[] = {
    "\xE5\xA4\xB4",
    "\xE6\x91\x87\xE5\xA4\xB4",
    "\xE6\x99\x83",
};

static const char* const t883[] = {
    "\xE5\x80\x92",
};

static const char* const t884[] = {
    "\xE8\xA6\x81",
};

static const char* const t885[] = {
    "\xE6\xAF\x81",
};

static const char* const t886[] = {
    "\xE6\x93\xA6",
    "\xE6\xB4\x9B\xE5\x93\xA5",
};

static const char* const t887[] = {
    "\xE5\x87\xBB",
};

static const char* const t888[] = {
    "\xE9\x94\x80",
    "\xE9\x80\x80",
};

static const char* const t889[] = {
    "\xE7\xA7\x8D",
    "\xE6\x94\xBE",
};

static const char* const t890[] = {
    "\xE5\x86\x99",
};

static const char* const t891[] = {
    "\xE9\x95\xBF",
    "\xE8\x87\xAA",
};

static const char* const t892[] = {
    "\xE4\xBD\x9C",
    "\xE7\xBA\xB5",
    "\xE4\xBD\x9C\xE7\xB3\xBB\xE7\xBB\x9F",
    "\xE7\xBB\x83",
    "\xE5\xBF\x83",
};

static const char* const t893[] = {
    "\xE5\x8D\x87",
};

static const char* const t894[] = {
    "\xE6\x8C\x81",
    "\xE4\xBB\x98",
    "\xE6\x8F\xB4",
    "\xE9\x85\x8D",
    "\xE6\x9F\xB1",
    "\xE6\x92\x91",
    "\xE5\x87\xBA",
    "\xE6\xB5\x81",
    "\xE9\x98\x9F",
};

static const char* const t895[] = {
    "\xE5\x85\xA5",
    "\xE8\xB4\xB9",
    "\xE6\x8B\xBE",
    "\xE8\xB4\xAD",
    "\xE5\x88\xB0",
    "\xE7\x9B\x8A",
    "\xE9\x9B\x86",
    "\xE5\x9B\x9E",
    "\xE8\x97\x8F",
    "\xE8\x8E\xB7",
    "\xE5\x8F\x96",
    "\xE5\xA4\x8D",
    "\xE7\xBC\xA9",
    "\xE6\x94\xAF",
    "\xE6\x95\x9B",
};

static const char* const t896[] = {
    "\xE9\x9D\xA9",
    "\xE5\x8F\x98",
    "\xE5\x96\x84",
    "\xE4\xB8\xBA",
    "\xE9\x80\xA0",
    "\xE8\xBF\x9B",
    "\xE7\xA7\xB0",
    "\xE5\x90\x8D",
    "\xE5\xBB\xBA",
    "\xE8\xA3\x85",
    "\xE7\xBC\x96",
    "\xE7\xBB\x84",
    "\xE5\x88\xB6",
    "\xE8\x89\xAF",
    "\xE6\x88\x90",
};

static const char* const t897[] = {
    "\xE5\x87\xBB",
    "\xE5\x85\xB3",
    "\xE5\x8D\xA0",
    "\xE5\x85\x8B",
    "\xE5\x8A\xBF",
    "\xE7\xA0\xB4",
    "\xE6\x89\x93",
    "\xE5\x85\xA5",
};

static const char* const t898[] = {
    "\xE5\x9C\xA8",
    "\xE5\xBF\x83",
    "\xE5\xBC\x83",
    "\xE6\x9D\xBE",
    "\xE5\x88\xB0",
    "\xE5\xBC\x80",
    "\xE5\x85\xA5",
    "\xE5\x87\xBA",
    "\xE5\xA4\xA7",
    "\xE4\xB8\x8B",
    "\xE5\xB0\x84\xE6\x80\xA7",
    "\xE5\xA3\xB0",
    "\xE6\x89\x8B",
    "\xE5\xB0\x84",
    "\xE8\xBF\x87",
    "\xE7\x81\xAB",
};

static const char* const t899[] = {
    "\xE6\xB2\xBB",
    "\xE5\xBA\x9C",
    "\xE4\xBD\x93",
    "\xE7\xAD\x96",
    "\xE6\x9D\x83",
    "\xE5\x8D\x8F",
    "\xE5\x85\x9A",
    "\xE6\xB2\xBB\xE9\x83\xA8",
    "\xE6\xB2\xBB\xE5\xAE\xB6",
    "\xE5\x8A\xA1",
    "\xE5\x8F\x98",
    "\xE5\xA7\x94",
    "\xE6\xB2\xBB\xE6\x9D\x83\xE5\x88\xA9",
    "\xE4\xBA\x8B",
    "\xE6\xB2\xBB\xE5\xB1\x80",
    "\xE6\xB2\xBB\xE5\xA7\x94\xE5\x91\x98",
    "\xE5\x88\xB6",
    "\xE5\xB1\x80",
};

static const char* const t900[] = {
    "\xE4\xBA\x8B",
    "\xE9\x81\x93",
    "\xE6\x84\x8F",
    "\xE9\x87\x8C",
    "\xE4\xB9\xA1",
    "\xE5\xAE\xAB",
    "\xE5\x9F\x8E",
    "\xE5\xB1\x85",
    "\xE9\x9A\x9C",
};

static const char* const t901[] = {
    "\xE6\x9E\x9C",
    "\xE7\x8E\x87",
    "\xE7\x9B\x8A",
    "\xE5\xBA\x94",
    "\xE5\x8A\x9B",
};

static const char* const t902[] = {
    "\xE4\xBA\xBA",
    "\xE5\x86\x9B",
    "\xE5\x90\x8E",
    "\xE6\x96\xB9",
    "\xE6\x89\x8B",
};

static const char* const t903[] = {
    "\xE6\x84\x9F",
};

static const char* const t904[] = {
    "\xE5\x9B\xBD",
    "\xE6\x8F\xB4",
    "\xE6\xB5\x8E",
    "\xE4\xBA\xBA",
    "\xE5\x8A\xA9",
    "\xE5\x91\xBD",
};

static const char* const t905[] = {
    "\xE8\x82\xB2",
    "\xE6\x8E\x88",
    "\xE5\xB8\x88",
    "\xE5\xAD\xA6",
    "\xE4\xB8\xBB",
    "\xE8\xAE\xAD",
    "\xE7\xBB\x83",
    "\xE6\x9D\x90",
    "\xE5\xA0\x82",
    "\xE8\x82\xB2\xE9\x83\xA8",
    "\xE4\xBC\x9A",
    "\xE5\xAE\xA4",
    "\xE5\xBE\x92",
    "\xE5\xAF\xBC",
    "\xE4\xB9\x89",
};

static const char* const t906[] = {
    "\xE5\xBC\x80",
};

static const char* const t907[] = {
    "\xE4\xBA\x8E",
};

static const char* const t908[] = {
    "\xE6\x96\x87",
    "\xE5\x8F\x91",
    "\xE5\xB8\x83",
};

static const char* const t909[] = {
    "\xE7\x85\x8C",
};

static const char* const t910[] = {
    "\xE9\x87\x8D",
};

static const char* const t911[] = {
    "\xE9\x87\x8F",
    "\xE5\xAD\xA6",
    "\xE6\x8D\xAE",
    "\xE5\xAD\x97",
    "\xE7\x9B\xAE",
    "\xE5\xAD\xA6\xE5\xAE\xB6",
    "\xE9\xA2\x9D",
    "\xE7\xA0\x81",
    "\xE6\x97\xA5",
    "\xE5\xB9\xB4",
    "\xE6\xAC\xA1",
    "\xE6\x8D\xAE\xE5\xBA\x93",
    "\xE5\x8D\x81\xE5\xB9\xB4",
    "\xE5\x8D\x81",
    "\xE5\x80\xBC",
    "\xE4\xB8\x87",
    "\xE5\x8D\x83",
    "\xE7\x99\xBE",
};

static const char* const t912[] = {
    "\xE4\xB8\xAA",
    "\xE4\xBD\x93",
    "\xE9\xA1\xBF",
    "\xE7\x90\x86",
    "\xE6\x95\xB4",
    "\xE9\xBD\x90",
    "\xE5\x90\x88",
    "\xE5\xA4\xA9",
    "\xE6\xB2\xBB",
    "\xE4\xBF\xAE",
    "\xE6\x95\xB0",
};

static const char* const t913[] = {
    "\xE5\x8C\x96",
    "\xE5\xAD\xA6",
    "\xE7\xAB\xA0",
    "\xE6\x98\x8E",
    "\xE7\x89\xA9",
    "\xE5\xAD\x97",
    "\xE4\xBB\xB6",
    "\xE8\x89\xBA",
    "\xE5\xBA\x93",
    "\xE7\x8C\xAE",
    "\xE6\xAD\xA6",
    "\xE4\xB9\xA6",
    "\xE7\x90\x86\xE5\xAD\xA6\xE9\x99\xA2",
    "\xE5\x8D\x8E",
    "\xE4\xBA\xBA",
    "\xE9\x9B\x86",
    "\xE6\xAD\xA6\xE7\x99\xBE\xE5\xAE\x98",
    "\xE9\x9D\xA9",
    "\xE5\xAE\x98",
    "\xE8\xB4\xA3\xE8\x87\xAA\xE8\xB4\x9F",
    "\xE7\xA7\x91",
    "\xE5\x8C\x96\xE8\xB7\xAF",
    "\xE6\x95\x99",
};

static const char* const t914[] = {
    "\xE4\xBA\x89",
};

static const char* const t915[] = {
    "\xE5\x88\xB0",
    "\xE6\x83\xB3",
    "\xE7\x90\x86",
};

static const char* const t916[] = {
    "\xE9\xA6\x96",
};

static const char* const t917[] = {
    "\xE8\xA3\x82",
    "\xE5\xAE\x9A",
    "\xE5\xB1\x82",
};

static const char* const t918[] = {
    "\xE5\xB7\xB4\xE8\xBE\xBE",
    "\xE5\xA4\xA7\xE6\x9E\x97",
};

static const char* const t919[] = {
    "\xE9\x97\xBB",
    "\xE5\x8D\x8E\xE7\xA4\xBE",
    "\xE5\x9E\x8B",
    "\xE7\x96\x86",
    "\xE9\xB2\x9C",
    "\xE5\x8A\xA0\xE5\x9D\xA1",
    "\xE7\x94\x9F",
    "\xE6\x9C\x88",
    "\xE5\x85\xB4",
    "\xE5\xA2\x9E",
    "\xE5\x8D\x8E\xE7\xBD\x91",
    "\xE5\xBB\xBA",
    "\xE6\xB8\xAF",
    "\xE5\x9F\x8E",
    "\xE7\x9F\xB3\xE5\x99\xA8",
    "\xE5\x8D\x8E\xE9\x97\xA8",
    "\xE4\xBA\xBA",
    "\xE9\xAB\x98",
    "\xE5\xA8\x98",
    "\xE6\xB5\xAA",
    "\xE8\xA5\xBF\xE5\x85\xB0",
    "\xE9\xA3\x8E",
    "\xE6\xB2\xB3",
    "\xE5\xB9\xB4",
    "\xE7\xBA\xAA\xE5\x85\x83",
    "\xE5\x8D\x8E",
    "\xE5\xBC\x8F",
    "\xE5\x9B\x9B\xE5\x86\x9B",
    "\xE5\xA0\xA4",
    "\xE4\xB8\x96\xE7\xBA\xAA",
};

static const char* const t920[] = {
    "\xE9\x9D\xA2",
    "\xE6\xB3\x95",
    "\xE5\xBC\x8F",
    "\xE5\x90\x91",
    "\xE6\xA1\x88",
    "\xE9\x92\x88",
    "\xE4\xBE\xBF",
    "\xE8\xA8\x80",
    "\xE6\x89\x8D",
    "\xE7\xA8\x8B",
    "\xE4\xB8\x88",
    "\xE4\xBD\x8D",
    "\xE5\xBD\xA2",
};

static const char* const t921[] = {
    "\xE5\xB7\xA5",
    "\xE8\xA1\x8C",
    "\xE5\xB1\x95",
    "\xE4\xB8\xBB",
};

static const char* const t922[] = {
    "\xE8\xBE\xB9",
    "\xE4\xBA\xBA",
};

static const char* const t923[] = {
    "\xE6\xB8\xB8",
    "\xE8\xA1\x8C\xE7\xA4\xBE",
    "\xE6\xB8\xB8\xE5\x8C\xBA",
    "\xE5\xAE\xA2",
    "\xE6\xB8\xB8\xE4\xB8\x9A",
    "\xE8\xA1\x8C",
    "\xE6\xB8\xB8\xE5\xB1\x80",
    "\xE9\xA6\x86",
};

static const char* const t924[] = {
    "\xE8\xBD\xAC",
};

static const char* const t925[] = {
    "\xE5\xB8\x9C",
    "\xE4\xB8\x8B",
};

static const char* const t926[] = {
    "\xE6\xB3\x95",
    "\xE8\xAE\xBA",
    "\xE4\xBA\xBA",
    "\xE4\xB8\x8D",
    "\xE6\x95\xB0",
    "\xE4\xBA\xA7\xE9\x98\xB6\xE7\xBA\xA7",
    "\xE7\x96\x91",
    "\xE6\xAF\x94",
    "\xE9\x99\x90",
    "\xE5\xA5\x88",
    "\xE8\xAE\xBA\xE5\xA6\x82\xE4\xBD\x95",
    "\xE5\x8A\x9B",
    "\xE7\xBA\xBF\xE7\x94\xB5",
    "\xE5\xA3\xB0",
    "\xE6\x84\x8F",
    "\xE9\x9D\x9E",
    "\xE5\x85\xB3",
    "\xE8\x89\xB2",
    "\xE5\x8F\xAF",
    "\xE7\xA9\xB7",
    "\xE9\x9C\x9C\xE6\x9C\x9F",
    "\xE7\xBA\xBF",
    "\xE5\x8F\xAF\xE5\xA5\x88\xE4\xBD\x95",
    "\xE5\x81\xBF",
    "\xE4\xBB\x8E",
    "\xE5\xA4\x84",
    "\xE6\x95\x88",
    "\xE9\xA1\xBB",
    "\xE8\xBE\x9C",
    "\xE5\xBC\x82",
    "\xE8\xAE\xB0\xE5\x90\x8D",
    "\xE5\xBD\xA2",
    "\xE8\x83\xBD",
    "\xE8\x81\x8A",
    "\xE8\x80\xBB",
    "\xE4\xBA\xBA\xE6\x9C\xBA",
    "\xE4\xBB\xA5",
};

static const char* const t927[] = {
    "\xE7\x84\xB6",
    "\xE6\x9C\x89",
};

static const char* const t928[] = {
    "\xE6\x9C\xAC",
    "\xE5\xAD\x90",
    "\xE5\xB8\xB8",
    "\xE6\x9C\x9F",
    "\xE5\x86\x9B",
    "\xE7\x9B\x8A",
    "\xE5\x89\x8D",
    "\xE6\x9C\x88",
    "\xE5\x90\x8E",
    "\xE6\x8A\xA5",
    "\xE5\x8E\x86",
    "\xE5\xBF\x97",
    "\xE8\xB6\x8B",
    "\xE5\xA4\x9C",
    "\xE6\xB8\x90",
    "\xE8\xAE\xB0",
    "\xE7\x85\xA7",
    "\xE5\x85\x83",
    "\xE7\x94\xA8",
};

static const char* const t929[] = {
    "\xE5\x9D\x80",
};

static const char* const t930[] = {
    "\xE5\x9C\xA8",
};

static const char* const t931[] = {
    "\xE5\xB7\xB2",
    "\xE6\x9C\x9F",
    "\xE5\xB0\xB1",
    "\xE6\x99\xA8",
    "\xE4\xB8\x8A",
    "\xE5\xB9\xB4",
    "\xE6\x99\x9A",
    "\xE6\x97\xA5",
    "\xE6\x97\xA9",
    "\xE7\x9F\xA5",
};

static const char* const t932[] = {
    "\xE9\x97\xB4",
    "\xE5\x80\x99",
    "\xE6\x9C\x9F",
    "\xE4\xBB\xA3",
    "\xE5\x88\xBB",
    "\xE6\x9C\xBA",
    "\xE8\xBE\xB0",
    "\xE5\x88\x86",
    "\xE5\xB0\x9A",
    "\xE6\x8A\xA5",
    "\xE5\xB8\xB8",
    "\xE5\x85\x89",
    "\xE6\x97\xB6",
    "\xE8\xAF\xB4",
    "\xE8\x80\x8C",
    "\xE8\x8A\x82",
};

static const char* const t933[] = {
    "\xE9\x87\x8E",
};

static const char* const t934[] = {
    "\xE7\x9B\x9B",
};

static const char* const t935[] = {
    "\xE8\xB4\xB5",
};

static const char* const t936[] = {
    "\xE6\x98\x8E",
    "\xE8\x99\xAB",
    "\xE4\xBB\x91",
};

static const char* const t937[] = {
    "\xE7\x99\xBD",
    "\xE6\x98\xBE",
    "\xE7\xA1\xAE",
    "\xE4\xBB\xA3",
    "\xE6\x9C\x9D",
    "\xE6\xB8\x85",
    "\xE5\xA4\xA9",
    "\xE6\x98\x9F",
    "\xE6\x97\xA5",
    "\xE6\xB0\xB8\xE4\xB9\x90",
    "\xE6\x98\x8E",
    "\xE5\xB9\xB4",
    "\xE7\x9F\xA5",
    "\xE6\x88\x90\xE7\xA5\x96",
    "\xE4\xBA\xAE",
    "\xE6\x9C\xAB",
    "\xE7\x8F\xA0",
    "\xE6\x95\x99",
    "\xE6\xB4\xAA\xE6\xAD\xA6",
    "\xE4\xB8\x96\xE5\xAE\x97",
    "\xE5\x84\xBF",
};

static const char* const t938[] = {
    "\xE8\xBF\xB7",
};

static const char* const t939[] = {
    "\xE4\xBA\x8E",
};

static const char* const t940[] = {
    "\xE6\x97\xA5",
};

static const char* const t941[] = {
    "\xE6\x9C\x9F",
    "\xE7\x81\xAB\xE8\xAE\xA1\xE5\x88\x92",
    "\xE7\xB3\xBB",
    "\xE4\xBA\x91",
    "\xE5\xAE\xBF",
};

static const char* const t942[] = {
    "\xE7\xA7\x8B",
    "\xE5\xA4\xA9",
    "\xE8\x8A\x82",
    "\xE5\xAD\xA3",
};

static const char* const t943[] = {
    "\xE5\xA4\xA9",
    "\xE6\x97\xA5",
    "\xE6\x99\x9A",
    "\xE5\xA4\x9C",
};

static const char* const t944[] = {
    "\xE5\x90\xA6",
    "\xE4\xB8\x8D\xE6\x98\xAF",
    "\xE4\xBB\x8E",
    "\xE9\x9D\x9E",
    "\xE5\x9B\xA0\xE4\xB8\xBA",
};

static const char* const t945[] = {
    "\xE5\xA4\x9C",
};

static const char* const t946[] = {
    "\xE7\xA4\xBA",
    "\xE7\x84\xB6",
    "\xE5\xBE\x97",
    "\xE8\x91\x97",
    "\xE8\xB5\xAB",
    "\xE7\xA4\xBA\xE5\x99\xA8",
    "\xE5\x87\xBA",
    "\xE9\x9C\xB2",
    "\xE7\x8E\xB0",
};

static const char* const t947[] = {
    "\xE5\x8A\xA8",
};

static const char* const t948[] = {
    "\xE5\x8D\x87",
};

static const char* const t949[] = {
    "\xE5\xBE\x97",
};

static const char* const t950[] = {
    "\xE4\xB8\x8A",
    "\xE6\x9C\x9F",
    "\xE5\xB9\xB4",
    "\xE4\xBC\x9A",
    "\xE9\xA5\xAD",
    "\xE8\xBE\x88",
};

static const char* const t951[] = {
    "\xE9\x80\x9A",
    "\xE9\x81\x8D",
    "\xE6\x9F\xA5",
    "\xE5\x8F\x8A",
};

static const char* const t952[] = {
    "\xE7\x82\xB9",
    "\xE8\xA7\x82",
    "\xE5\x8C\xBA",
    "\xE8\xB1\xA1",
    "\xE8\x89\xB2",
};

static const char* const t953[] = {
    "\xE4\xBD\x93",
};

static const char* const t954[] = {
    "\xE6\x85\xA7",
    "\xE5\x8A\x9B",
    "\xE8\x83\xBD",
    "\xE5\x88\xA9",
};

static const char* const t955[] = {
    "\xE6\x97\xB6",
    "\xE5\x81\x9C",
    "\xE4\xB8\x94",
};

static const char* const t956[] = {
    "\xE6\x9A\x97",
    "\xE4\xB8\xAD",
    "\xE5\x99\xA8",
    "\xE7\xA4\xBA",
    "\xE8\x87\xAA",
    "\xE6\x83\xB3",
};

static const char* const t957[] = {
    "\xE9\x9C\xB2",
    "\xE5\x8A\x9B",
    "\xE5\x8A\xA8",
    "\xE9\x9B\xA8",
};

static const char* const t958[] = {
    "\xE6\x8A\x98",
    "\xE7\xBA\xBF",
};

static const char* const t959[] = {
    "\xE5\x8A\xA0",
    "\xE6\x98\xAF",
    "\xE6\x96\xB0",
    "\xE4\xB8\xBA",
    "\xE5\xA5\xBD",
    "\xE5\x90\x8D",
    "\xE6\x8D\xA2",
};

static const char* const t960[] = {
    "\xE6\x93\x8D",
    "\xE6\xB1\x9D\xE9\x9C\x96",
    "\xE7\xA6\xBA",
};

static const char* const t961[] = {
    "\xE7\xBB\x8F",
    "\xE6\x80\x9D\xE7\x8E\x89",
};

static const char* const t962[] = {
    "\xE4\xBB\xA3",
    "\xE6\x8D\xA2",
};

static const char* const t963[] = {
    "\xE5\x90\x8E",
    "\xE5\xA4\xA7",
    "\xE9\xAB\x98",
    "\xE7\xBB\x88",
    "\xE8\xBF\x91",
    "\xE6\x97\xA9",
    "\xE4\xBD\xB3",
    "\xE5\x88\x9D",
    "\xE4\xB8\xBA",
    "\xE6\x96\xB0",
    "\xE4\xBD\x8E",
    "\xE5\xB0\x8F",
    "\xE9\x95\xBF",
    "\xE5\xA5\xBD",
    "\xE9\xAB\x98\xE5\xB3\xB0",
    "\xE5\x85\x88",
    "\xE6\xB7\xB1",
    "\xE5\xBF\xAB",
    "\xE5\xB0\x91",
};

static const char* const t964[] = {
    "\xE4\xBB\xBD",
    "\xE4\xBA\xAE",
    "\xE5\x85\x89",
    "\xE7\x90\x83",
    "\xE7\xBB\x8F",
    "\xE5\xBA\x95",
    "\xE5\x88\x9D",
    "\xE8\x96\xAA",
};

static const char* const t965[] = {
    "\xE5\x85\xB3",
    "\xE4\xBA\x9B",
    "\xE4\xBA\xBA",
    "\xE6\x95\x88",
    "\xE6\x97\xB6",
    "\xE9\x99\x90\xE5\x85\xAC\xE5\x8F\xB8",
    "\xE6\x89\x80",
    "\xE7\x82\xB9",
    "\xE7\x9D\x80",
    "\xE5\x88\xA9\xE4\xBA\x8E",
    "\xE9\x99\x90",
    "\xE5\x8A\x9B",
    "\xE6\xB2\xA1\xE6\x9C\x89",
    "\xE6\x9C\xBA",
    "\xE6\x9D\x83",
    "\xE5\x88\xA9",
    "\xE8\xB6\xA3",
    "\xE7\x9B\x8A",
    "\xE5\x8A\xA9\xE4\xBA\x8E",
    "\xE6\x84\x8F",
    "\xE5\x90\x8D",
    "\xE6\x97\xB6\xE5\x80\x99",
    "\xE5\xAE\xB3",
    "\xE5\xA6\x82",
    "\xE7\x9A\x84\xE6\x98\xAF",
    "\xE6\x9C\x9B",
    "\xE7\x94\xA8",
    "\xE6\x97\xA0",
    "\xE9\x99\x90\xE8\xB4\xA3\xE4\xBB\xBB",
    "\xE9\x92\xB1",
    "\xE4\xBD\x99",
    "\xE6\xAF\x92",
    "\xE6\x89\x80\xE4\xB8\x8D\xE5\x90\x8C",
    "\xE7\x9B\x8A\xE4\xBA\x8E",
    "\xE5\xBA\x8F",
    "\xE8\x89\xB2\xE9\x87\x91\xE5\xB1\x9E",
    "\xE5\xBE\x85",
    "\xE7\x82\xB9\xE5\x84\xBF",
};

static const char* const t966[] = {
    "\xE5\x8F\x8B",
};

static const char* const t967[] = {
    "\xE5\x8A\xA1",
    "\xE4\xBB\x8E",
    "\xE8\xA3\x85",
    "\xE5\xBD\xB9",
    "\xE7\x94\xA8",
    "\xE4\xBE\x8D",
    "\xE5\x8A\xA1\xE5\x99\xA8",
    "\xE9\xA5\xB0",
    "\xE5\x8A\xA1\xE4\xB8\x9A",
};

static const char* const t968[] = {
    "\xE5\x8E\xBB",
    "\xE8\xBF\x9C\xE9\x95\x9C",
    "\xE8\xA7\x81",
    "\xE6\x9C\x9B",
};

static const char* const t969[] = {
    "\xE5\xBB\xB7",
    "\xE9\xB2\x9C",
    "\xE7\x9D\x80",
    "\xE9\x98\xB3",
    "\xE4\xBB\xA3",
    "\xE6\x94\xBF",
    "\xE9\xB2\x9C\xE6\x97\x8F",
    "\xE5\xA4\xA9\xE6\xA4\x92",
};

static const char* const t970[] = {
    "\xE9\x97\xB4",
    "\xE9\x99\x90",
    "\xE6\x9C\x9B",
    "\xE5\xBE\x85",
};

static const char* const t971[] = {
    "\xE8\x83\xA7",
};

static const char* const t972[] = {
    "\xE6\x9D\x90",
    "\xE5\xB7\xA5",
    "\xE5\xA4\xB4",
    "\xE6\x9D\xBF",
    "\xE5\xA9\x89\xE6\xB8\x85",
    "\xE7\xBB\x93\xE6\x9E\x84",
};

static const char* const t973[] = {
    "\xE6\x9D\xA5",
    "\xE5\xBF\x85",
    "\xE8\x83\xBD",
    "\xE5\x85\x8D",
    "\xE6\x9B\xBE",
    "\xE7\xBB\x8F",
    "\xE7\x9F\xA5",
};

static const char* const t974[] = {
    "\xE5\xB9\xB4",
    "\xE6\x9C\x9F",
    "\xE7\xAB\xAF",
};

static const char* const t975[] = {
    "\xE7\xBA\xA7",
    "\xE6\x9D\xA5",
    "\xE6\x8A\xA5",
    "\xE8\xBA\xAB",
    "\xE4\xBA\xBA",
    "\xE6\xAC\xA1",
    "\xE7\xA7\x91",
    "\xE8\xB4\xA8",
    "\xE5\x9C\xB0",
    "\xE4\xBA\x8B",
    "\xE6\x9C\x88",
    "\xE5\xB8\x82",
    "\xE5\x9B\xBD",
    "\xE9\xA2\x86",
    "\xE4\xB9\xA6",
    "\xE5\x9C\x9F",
    "\xE6\x80\xA7",
    "\xE7\xAB\xA0",
    "\xE5\xB1\x8A",
    "\xE7\x9C\x81",
    "\xE7\x89\x88",
    "\xE8\x83\xBD",
    "\xE4\xB8\x96\xE7\xBA\xAA",
    "\xE6\x96\x87",
    "\xE9\x83\xA8",
};

static const char* const t976[] = {
    "\xE5\x85\x83\xE7\x92\x8B",
    "\xE7\xBF\x8A\xE9\x92\xA7",
    "\xE5\xBE\xB7",
    "\xE7\xBA\xA2",
};

static const char* const t977[] = {
    "\xE5\xAE\x9E",
};

static const char* const t978[] = {
    "\xE5\x85\xB3",
    "\xE6\x9E\x84",
    "\xE4\xBC\x9A",
    "\xE5\x9C\xBA",
    "\xE6\xA2\xB0",
    "\xE5\x88\xB6",
    "\xE5\x99\xA8",
    "\xE5\x8A\xA8",
    "\xE9\x81\x87",
    "\xE6\x9E\xAA",
    "\xE4\xBD\x93",
    "\xE6\xA2\xB0\xE5\x8C\x96",
    "\xE7\x94\xB5",
    "\xE5\xAF\x86",
    "\xE8\x83\xBD",
    "\xE7\xA5\xA8",
    "\xE7\xBF\xBC",
    "\xE8\xBA\xAB",
    "\xE5\xBA\x8A",
};

static const char* const t979[] = {
    "\xE4\xBA\xBA",
    "\xE6\xAD\xBB",
    "\xE5\xAE\xB3",
    "\xE4\xBC\xA4",
    "\xE6\x89\x8B",
};

static const char* const t980[] = {
    "\xE5\xBF\x97",
};

static const char* const t981[] = {
    "\xE5\x8A\x9B",
    "\xE5\x88\xA9",
    "\xE5\xA8\x81",
    "\xE7\x9B\x8A",
    "\xE9\x99\x90",
};

static const char* const t982[] = {
    "\xE6\x9C\xA8",
};

static const char* const t983[] = {
    "\xE8\x87\xAA\xE6\x88\x90",
    "\xE9\xB8\xBF\xE7\xAB\xA0",
    "\xE9\xAB\x98\xE6\x88\x90",
    "\xE8\x8E\xAB\xE6\x84\x81",
    "\xE5\xA4\xA7\xE9\x92\x8A",
    "\xE9\x80\xB5",
    "\xE5\xA4\xAA\xE5\x90\x8E",
    "\xE9\xB8\xBF\xE5\xBF\xA0",
    "\xE5\x85\x88\xE5\xBF\xB5",
    "\xE6\x96\x87\xE7\xA7\x80",
    "\xE9\xB9\x8F",
    "\xE8\x8E\xB2\xE8\x8B\xB1",
    "\xE8\x82\x87\xE6\x98\x9F",
    "\xE4\xBF\x8A",
    "\xE6\xB2\x85\xE8\x8A\xB7",
};

static const char* const t984[] = {
    "\xE6\x96\x99",
};

static const char* const t985[] = {
    "\xE5\xA7\x94\xE4\xBC\x9A",
    "\xE9\x87\x8C",
    "\xE6\xB0\x91",
    "\xE5\xBA\x84",
    "\xE5\xAD\x90",
    "\xE9\x95\xBF",
};

static const char* const t986[] = {
    "\xE7\x94\xAB",
    "\xE9\xB9\x83\xE8\x8A\xB1",
    "\xE7\xBB\x9D",
};

static const char* const t987[] = {
    "\xE7\xBC\x9A",
};

static const char* const t988[] = {
    "\xE4\xBB\xB6",
    "\xE4\xBE\x8B",
    "\xE7\xBA\xA6",
    "\xE6\xAC\xBE",
};

static const char* const t989[] = {
    "\xE8\xAF\xB4",
    "\xE5\x88\xB0",
    "\xE8\x87\xAA",
    "\xE7\x9C\x8B",
    "\xE6\xBA\x90",
    "\xE4\xB8\x8D\xE5\x8F\x8A",
    "\xE5\x9B\x9E",
    "\xE6\xBA\x90\xE4\xBA\x8E",
    "\xE5\xBE\x80",
    "\xE8\xAE\xBF",
    "\xE4\xBF\xA1",
    "\xE8\xAE\xB2",
    "\xE4\xB8\xB4",
    "\xE5\xBE\x97\xE5\x8F\x8A",
    "\xE5\x8E\x86",
    "\xE5\xBE\x97",
    "\xE6\x97\xB6",
};

static const char* const t990[] = {
    "\xE5\x97\xA3\xE6\x98\x8C",
    "\xE6\xA1\xA5\xE6\xB9\x96",
    "\xE7\x99\xBE\xE9\xA1\xBA",
};

static const char* const t991[] = {
    "\xE5\xB7\x9E",
    "\xE5\xA4\xA9\xE9\x86\x89",
    "\xE6\xB1\x89",
};

static const char* const t992[] = {
    "\xE5\x87\xBA",
};

static const char* const t993[] = {
    "\xE6\xA0\x91",
};

static const char* const t994[] = {
    "\xE5\x9D\x97",
    "\xE6\xA0\x97",
};

static const char* const t995[] = {
    "\xE5\xA4\xA7",
    "\xE4\xB8\xBA",
    "\xE5\x85\xB6",
    "\xE7\xAB\xAF",
    "\xE4\xBA\x86",
    "\xE5\xB0\x91",
    "\xE5\x8A\x9B",
    "\xE5\xBA\xA6",
    "\xE9\x99\x90",
    "\xE5\xA5\xBD",
};

static const char* const t996[] = {
    "\xE6\x88\x90",
    "\xE9\x80\xA0",
    "\xE4\xBB\xB6",
    "\xE5\xBB\xBA",
};

static const char* const t997[] = {
    "\xE5\xA4\xB4",
};

static const char* const t998[] = {
    "\xE5\x8C\xBA",
    "\xE5\xBD\xAA",
    "\xE4\xB8\x9A",
    "\xE7\xAB\x8B",
    "\xE4\xB8\xAD",
    "\xE5\x86\xB2",
};

static const char* const t999[] = {
    "\xE7\x84\xB6",
    "\xE5\xAE\x9E",
    "\xE6\xA0\x91",
    "\xE6\x96\xAD",
    "\xE7\x9C\x9F",
};

static const char* const t1000[] = {
    "\xE7\xBA\xBD",
};

static const char* const t1001[] = {
    "\xE5\xAD\x90",
};

static const char* const t1002[] = {
    "\xE6\x9E\x97",
    "\xE6\x8B\x89\xE5\x9B\xBE",
};

static const char* const t1003[] = {
    "\xE4\xBA\x9B",
    "\xE7\xA7\x8D",
    "\xE4\xB8\xAA",
};

static const char* const t1004[] = {
    "\xE6\x96\x99",
    "\xE8\x89\xB2\xE4\xBD\x93",
};

static const char* const t1005[] = {
    "\xE8\xBD\xAF",
};

static const char* const t1006[] = {
    "\xE7\x9C\x8B",
    "\xE8\xAF\xA2",
    "\xE5\xA4\x84",
    "\xE5\x87\xBA",
};

static const char* const t1007[] = {
    "\xE5\x9F\x94\xE5\xAF\xA8",
};

static const char* const t1008[] = {
    "\xE9\x95\x87\xE6\x81\xB6",
};

static const char* const t1009[] = {
    "\xE5\xAD\x90",
};

static const char* const t1010[] = {
    "\xE7\xA6\xBE",
    "\xE6\xB2\xB9",
};

static const char* const t1011[] = {
    "\xE5\x87\x86",
    "\xE5\xBF\x97",
    "\xE8\xAF\xAD",
    "\xE8\xAE\xB0",
    "\xE6\x9C\xAC",
};

static const char* const t1012[] = {
    "\xE6\x9D\x86",
};

static const char* const t1013[] = {
    "\xE7\xAB\x8B",
    "\xE6\x9C\xA8",
    "\xE4\xB8\x8A",
    "\xE7\xA7\x8D",
    "\xE6\x9E\x9D",
    "\xE6\x9E\x97",
    "\xE5\xB9\xB2",
    "\xE7\x9A\xAE",
};

static const char* const t1014[] = {
    "\xE6\x81\xAF",
};

static const char* const t1015[] = {
    "\xE5\x90\x8D",
    "\xE9\x95\xBF",
    "\xE5\x9B\xAD",
    "\xE5\x8C\xBA",
};

static const char* const t1016[] = {
    "\xE5\xAD\x90",
    "\xE5\xBC\x8F",
};

static const char* const t1017[] = {
    "\xE5\xBF\x83",
    "\xE6\xAD\xA6\xE5\x99\xA8",
    "\xE6\xBD\x9C\xE8\x89\x87",
    "\xE6\xA1\x83",
    "\xE8\xAF\x95\xE9\xAA\x8C",
    "\xE7\x94\xB5\xE7\xAB\x99",
};

static const char* const t1018[] = {
    "\xE6\x8D\xAE",
    "\xE6\x9C\xAC",
    "\xE6\x8D\xAE\xE5\x9C\xB0",
    "\xE6\xBA\x90",
};

static const char* const t1019[] = {
    "\xE5\xB1\x80",
    "\xE5\xA4\x96",
    "\xE5\xBC\x8F",
};

static const char* const t1020[] = {
    "\xE5\x9F\xB9",
};

static const char* const t1021[] = {
    "\xE6\x9E\x97",
    "\xE8\x8A\xB1",
};

static const char* const t1022[] = {
    "\xE8\x8A\xB1",
};

static const char* const t1023[] = {
    "\xE6\x9E\xB6",
};

static const char* const t1024[] = {
    "\xE4\xBB\xB6",
    "\xE4\xBE\x8B",
    "\xE5\xAD\x90",
    "\xE6\x83\x85",
};

static const char* const t1025[] = {
    "\xE4\xB8\x8A",
    "\xE5\xAD\x90",
};

static const char* const t1026[] = {
    "\xE6\xA1\x88",
};

static const char* const t1027[] = {
    "\xE6\xA2\x81",
    "\xE5\xA4\xB4\xE5\xA0\xA1",
    "\xE9\x9D\xA2",
};

static const char* const t1028[] = {
    "\xE5\xB1\xB1",
    "\xE5\x90\xAF\xE8\xB6\x85",
};

static const char* const t1029[] = {
    "\xE8\x8A\xB1",
};

static const char* const t1030[] = {
    "\xE6\x83\xB3",
};

static const char* const t1031[] = {
    "\xE5\xAF\x9F\xE9\x99\xA2",
    "\xE6\x9F\xA5",
    "\xE5\xAF\x9F\xE9\x95\xBF",
    "\xE5\xAF\x9F",
    "\xE9\xAA\x8C",
    "\xE6\xB5\x8B",
};

static const char* const t1032[] = {
    "\xE8\x8A\xB1",
    "\xE7\xBA\xBA\xE7\xBB\x87",
};

static const char* const t1033[] = {
    "\xE7\x9B\x98",
};

static const char* const t1034[] = {
    "\xE6\x9E\x97",
    "\xE5\xB7\xA5",
};

static const char* const t1035[] = {
    "\xE6\x9D\x90",
};

static const char* const t1036[] = {
    "\xE5\xAD\x90",
};

static const char* const t1037[] = {
    "\xE7\x89\xA9",
    "\xE8\xA2\xAB",
    "\xE6\xA0\xAA",
};

static const char* const t1038[] = {
    "\xE5\x9C\x86\xE5\xBD\xA2",
};

static const char* const t1039[] = {
    "\xE9\x9B\x81\xE6\xBD\xAE",
    "\xE7\x8E\x8B",
};

static const char* const t1040[] = {
    "\xE6\x9C\xA8",
};

static const char* const t1041[] = {
    "\xE4\xB8\x8A",
    "\xE4\xB8\x8B",
    "\xE6\xA2\xAF",
};

static const char* const t1042[] = {
    "\xE5\xBF\xB5",
    "\xE5\x86\xB5",
    "\xE8\xA7\x88",
    "\xE6\x8B\xAC",
    "\xE7\x8E\x87",
    "\xE8\xAE\xBA",
    "\xE8\xBF\xB0",
};

static const char* const t1043[] = {
    "\xE7\x9C\xBC",
};

static const char* const t1044[] = {
    "\xE8\x8F\x9C",
};

static const char* const t1045[] = {
    "\xE5\xBC\x8F",
    "\xE5\x9E\x8B",
    "\xE6\xA0\xB7",
    "\xE6\x8B\x9F",
    "\xE8\x8C\x83",
    "\xE7\xB3\x8A",
    "\xE4\xBB\xBF",
    "\xE8\x8C\x83\xE5\x8E\xBF",
};

static const char* const t1046[] = {
    "\xE8\xB4\xAF",
};

static const char* const t1047[] = {
    "\xE8\x83\xB6",
};

static const char* const t1048[] = {
    "\xE6\x95\xB0",
    "\xE6\x97\xA5",
    "\xE5\xB9\xB4",
};

static const char* const t1049[] = {
    "\xE8\xBF\x8E",
    "\xE5\x96\x9C",
    "\xE4\xB9\x90",
    "\xE5\x91\xBC",
};

static const char* const t1050[] = {
    "\xE8\xB5\x8F",
};

static const char* const t1051[] = {
    "\xE6\xB4\xB2",
    "\xE7\x9B\x9F",
    "\xE9\x98\xB3\xE9\x94\x8B",
    "\xE5\x85\x83",
    "\xE6\xB4\xB2\xE4\xBA\xBA",
};

static const char* const t1052[] = {
    "\xE6\x9C\x9B",
};

static const char* const t1053[] = {
    "\xE9\xAA\x97",
    "\xE4\xBE\xAE",
    "\xE8\xB4\x9F",
};

static const char* const t1054[] = {
    "\xE6\x9B\xB2",
    "\xE5\x89\xA7",
    "\xE8\x88\x9E",
    "\xE5\xA3\xB0",
    "\xE9\xA2\x82",
};

static const char* const t1055[] = {
    "\xE6\x98\xAF",
    "\xE5\xBC\x8F",
    "\xE7\xA1\xAE",
    "\xE5\xB8\xB8",
    "\xE5\x9C\xA8",
    "\xE4\xB9\x89",
    "\xE5\xA5\xBD",
    "\xE9\x97\xA8",
    "\xE9\x98\xB3\xE9\x97\xA8",
    "\xE5\xBD\x93",
    "\xE8\xA6\x81",
    "\xE4\xB8\xAD",
    "\xE9\x9D\xA2",
    "\xE6\x96\x87",
    "\xE6\xA1\xA5",
    "\xE7\xBB\x9F",
    "\xE8\xA7\x84",
    "\xE6\x9C\x88",
    "\xE8\xAF\xB4",
    "\xE5\x80\xBC",
    "\xE7\x9B\xB4",
    "\xE5\xAE\x97",
};

static const char* const t1056[] = {
    "\xE5\xA4\x96",
    "\xE6\x97\xB6",
    "\xE5\x90\x8E",
    "\xE6\xAC\xA1",
    "\xE5\x88\xBB",
    "\xE4\xBA\x8B",
    "\xE4\xBA\xBA",
    "\xE5\xA4\x84",
    "\xE5\x89\x8D",
    "\xE9\x97\xB4",
    "\xE4\xB8\xBE",
    "\xE5\x9C\xB0",
    "\xE7\xB1\xBB",
    "\xE8\xA8\x80",
};

static const char* const t1057[] = {
    "\xE5\x85\xB5",
    "\xE4\xBC\x90",
    "\xE6\x9E\xAA",
    "\xE9\xAA\xA4",
    "\xE8\xA1\x8C",
    "\xE5\x85\xA5",
};

static const char* const t1058[] = {
    "\xE6\xB1\x89",
    "\xE6\xB1\x89\xE5\xB8\x82",
    "\xE5\x99\xA8",
    "\xE5\x8A\x9F",
    "\xE6\x98\x8C",
    "\xE8\xA3\x85",
    "\xE5\xBD\x93\xE5\xB1\xB1",
    "\xE6\x98\x8C\xE5\x8C\xBA",
    "\xE6\x9E\x97",
    "\xE8\xA3\x85\xE5\x8A\x9B\xE9\x87\x8F",
    "\xE5\xA3\xAB",
    "\xE5\x8A\x9B",
    "\xE6\x9D\xBE",
    "\xE8\x89\xBA",
    "\xE8\xAD\xA6",
    "\xE6\xB1\x89\xE5\xA4\xA7\xE5\xAD\xA6",
    "\xE5\xAE\x98",
    "\xE9\x99\xB5",
    "\xE6\x9C\xAF",
    "\xE9\x99\xB5\xE5\xB1\xB1",
    "\xE5\xB0\x86",
    "\xE6\x98\x8C\xE8\xB5\xB7\xE4\xB9\x89",
    "\xE8\xA3\x85\xE8\xB5\xB7\xE4\xB9\x89",
};

static const char* const t1059[] = {
    "\xE8\xA7\x86",
};

static const char* const t1060[] = {
    "\xE4\xBA\xA1",
    "\xE5\x88\x91",
    "\xE5\x8E\xBB",
    "\xE8\x80\x85",
    "\xE4\xBC\xA4",
    "\xE4\xBA\xA1\xE7\x8E\x87",
};

static const char* const t1061[] = {
    "\xE7\x81\xAD",
    "\xE6\x95\x8C",
};

static const char* const t1062[] = {
    "\xE9\x85\xB7",
    "\xE7\x96\xBE\xE4\xBA\xBA",
    "\xE7\x96\xBE",
    "\xE4\xBD\x99",
};

static const char* const t1063[] = {
    "\xE6\xB0\x91\xE5\x9C\xB0",
    "\xE6\xB0\x91",
    "\xE6\xB0\x91\xE8\x80\x85",
};

static const char* const t1064[] = {
    "\xE8\x91\xAC",
};

static const char* const t1065[] = {
    "\xE7\xA5\xBA\xE7\x91\x9E",
    "\xE6\xAD\xA3\xE6\xB7\xB3",
};

static const char* const t1066[] = {
    "\xE7\xB4\xA0\xE7\xB4\xA0",
    "\xE5\xAE\xB6\xE6\xB4\xB2",
};

static const char* const t1067[] = {
    "\xE8\xAF\x95",
};

static const char* const t1068[] = {
    "\xE7\x81\xAD",
};

static const char* const t1069[] = {
    "\xE4\xBA\xB2",
    "\xE5\xAD\x90",
};

static const char* const t1070[] = {
    "\xE5\xB9\xB4",
    "\xE4\xB8\xAA",
    "\xE5\xA4\xA9",
    "\xE6\xAC\xA1",
    "\xE6\x97\xA5",
    "\xE5\xBD\x93",
    "\xE4\xBA\xBA",
    "\xE6\x9C\x88",
    "\xE5\x91\xA8",
    "\xE9\x80\xA2",
    "\xE8\x82\xA1",
};

static const char* const t1071[] = {
    "\xE6\x80\xA7",
    "\xE8\x9B\x87",
    "\xE5\x93\x81",
    "\xE8\x8D\xAF",
    "\xE6\x89\x8B",
    "\xE7\x89\xA9",
};

static const char* const t1072[] = {
    "\xE8\xBE\x83",
    "\xE8\xB5\x9B",
    "\xE4\xBE\x8B",
    "\xE5\xA6\x82",
    "\xE9\x87\x8D",
    "\xE5\x88\x86",
    "\xE5\x88\xA9\xE6\x97\xB6",
    "\xE5\xA6\x82\xE8\xAF\xB4",
    "\xE6\xAD\xA6",
    "\xE6\xAF\x94\xE7\x9A\x86\xE6\x98\xAF",
    "\xE4\xBD\x9C",
    "\xE8\xB5\xB7",
    "\xE4\xB8\x8D\xE4\xB8\x8A",
    "\xE7\x8E\x87",
};

static const char* const t1073[] = {
    "\xE4\xB8\x9A",
    "\xE7\xAB\x9F",
    "\xE4\xB8\x9A\xE7\x94\x9F",
};

static const char* const t1074[] = {
    "\xE6\xB3\xBD\xE4\xB8\x9C",
    "\xE7\x97\x85",
    "\xE5\xB0\x96",
};

static const char* const t1075[] = {
    "\xE7\xB1\xB3",
    "\xE6\x97\xA0",
    "\xE4\xB8\x8D",
    "\xE5\x85\x8B",
    "\xE6\x97\xA0\xE7\x96\x91\xE9\x97\xAE",
};

static const char* const t1076[] = {
    "\xE6\x97\x8F",
};

static const char* const t1077[] = {
    "\xE6\x97\x8F",
    "\xE4\xB8\xBB",
    "\xE9\x97\xB4",
    "\xE6\x97\x8F\xE4\xB9\xA1",
    "\xE6\x94\xBF",
    "\xE4\xBC\x97",
    "\xE5\x9B\xBD",
    "\xE4\xBA\x8B",
    "\xE7\x94\xA8",
    "\xE6\x97\x8F\xE8\x87\xAA\xE6\xB2\xBB",
    "\xE5\x85\xB5",
    "\xE4\xB8\xBB\xE4\xB8\xBB\xE4\xB9\x89",
    "\xE4\xB8\xBB\xE5\x85\x9A\xE6\xB4\xBE",
    "\xE6\x97\x8F\xE4\xB8\xBB\xE4\xB9\x89",
    "\xE5\xB7\xA5",
    "\xE8\x88\xAA",
    "\xE8\x90\xA5",
    "\xE4\xBF\x97",
    "\xE5\x8A\x9E",
    "\xE4\xB8\xBB\xE9\x9D\xA9\xE5\x91\xBD",
};

static const char* const t1078[] = {
    "\xE5\x80\x99",
    "\xE6\xB8\xA9",
    "\xE6\xB0\x9B",
    "\xE4\xBD\x93",
    "\xE8\xB1\xA1",
    "\xE6\x81\xAF",
    "\xE5\x8A\xBF",
    "\xE5\x91\xB3",
    "\xE8\xB4\xA8",
    "\xE6\x84\xA4",
    "\xE6\xB5\x81",
    "\xE6\xB4\xBE",
    "\xE6\xA6\x82",
};

static const char* const t1079[] = {
    "\xE5\x9B\xB4",
};

static const char* const t1080[] = {
    "\xE5\x8C\x96",
    "\xE6\xB0\x94",
};

static const char* const t1081[] = {
    "\xE5\x9F\xBA\xE9\x85\xB8",
};

static const char* const t1082[] = {
    "\xE5\xB9\xB3",
    "\xE4\xBA\xA7",
    "\xE4\xB8\xAD",
    "\xE9\x9D\xA2",
    "\xE5\x8A\x9B",
    "\xE7\xB3\xBB",
    "\xE6\xB3\xA5",
    "\xE6\x9E\x9C",
    "\xE5\x88\xA9",
    "\xE8\xB4\xA8",
    "\xE8\xBF\x90",
    "\xE6\xB7\xB1",
    "\xE6\xB5\x81",
    "\xE6\x99\xB6",
    "\xE5\xBA\x93",
    "\xE9\x99\x86",
    "\xE7\xA8\xBB",
    "\xE4\xB8\x8B",
    "\xE5\x9F\x9F",
    "\xE4\xBA\xA7\xE5\x93\x81",
    "\xE5\x88\x86",
    "\xE7\x94\xB5\xE7\xAB\x99",
    "\xE7\x94\xB5",
    "\xE9\x87\x8F",
    "\xE4\xBD\x8D",
    "\xE4\xB8\x8A",
    "\xE5\x9C\x9F",
    "\xE6\xBA\x90",
    "\xE6\x96\x87",
    "\xE7\x94\x9F",
    "\xE5\xBA\x95",
    "\xE8\xB7\xAF",
    "\xE6\xB3\xB5",
    "\xE5\x87\x86",
    "\xE8\x83\xBD",
    "\xE6\xB8\xA9",
};

static const char* const t1083[] = {
    "\xE8\xBF\x9C",
    "\xE4\xB9\x90",
    "\xE4\xB8\x8D",
    "\xE5\xAE\x89",
    "\xE4\xB9\x85",
};

static const char* const t1084[] = {
    "\xE8\x81\x8C",
    "\xE7\x9F\xA5",
    "\xE5\x8A\xA9",
    "\xE5\xBE\x97",
    "\xE8\x81\x8C\xE8\x80\x85",
};

static const char* const t1085[] = {
    "\xE6\x8A\xA5",
    "\xE7\x8E\x87",
    "\xE9\x9B\x86",
    "\xE5\x90\x88",
    "\xE7\xA5\xA8",
};

static const char* const t1086[] = {
    "\xE7\x99\xBD\xE7\x8E\x89",
    "\xE5\xAD\x90",
    "\xE6\x97\x8F",
    "\xE5\x8F\xA3",
    "\xE4\xBA\xBA",
    "\xE8\xAF\xAD",
    "\xE6\xB1\x9F",
    "\xE5\xA5\xB8",
    "\xE9\x98\xB3",
    "\xE4\xB8\xAD",
    "\xE4\xBB\xA3",
    "\xE5\xAD\x97",
    "\xE6\xB0\xB4",
    "\xE6\x96\x87",
    "\xE5\xB7\x9D",
    "\xE9\x98\xB3\xE5\xBA\x9C",
    "\xE6\xAD\xA6\xE5\xB8\x9D",
    "\xE9\x98\xB3\xE5\x8C\xBA",
    "\xE5\x8D\x97\xE5\x8C\xBA",
};

static const char* const t1087[] = {
    "\xE6\xB0\xB4",
};

static const char* const t1088[] = {
    "\xE5\x8D\x97",
    "\xE5\xA4\x8F\xE5\x8C\xBA",
    "\xE9\x99\xB5",
    "\xE8\x8B\x8F",
    "\xE6\xB9\x96",
    "\xE8\xA5\xBF",
    "\xE6\xB3\xBD\xE6\xB0\x91",
    "\xE6\xB1\x89\xE5\xB9\xB3\xE5\x8E\x9F",
    "\xE5\xA4\x8F",
    "\xE6\xB1\x89",
    "\xE5\x8C\x97",
    "\xE5\xB1\xB1",
    "\xE8\x8B\x8F\xE7\x9C\x81",
    "\xE6\xB7\xAE",
    "\xE9\x9D\x92",
    "\xE6\xB0\xB4",
    "\xE9\x9D\xA2",
    "\xE5\xA4\x8F\xE9\x83\xA1",
    "\xE8\xA5\xBF\xE7\x9C\x81",
    "\xE4\xB8\xAD",
    "\xE6\xB2\xB3",
    "\xE9\x99\xB5\xE5\x8E\xBF",
    "\xE8\xB1\x9A",
    "\xE5\xB2\xB8\xE5\x8C\xBA",
    "\xE7\xBA\xB3\xE8\x8B\x97",
};

static const char* const t1089[] = {
    "\xE6\xB2\xB3",
    "\xE5\xA1\x98",
};

static const char* const t1090[] = {
    "\xE6\x9F\x93",
};

static const char* const t1091[] = {
    "\xE8\xBD\xA6",
    "\xE6\xB0\xB4",
    "\xE9\x85\x8D",
};

static const char* const t1092[] = {
    "\xE9\x98\xB3",
};

static const char* const t1093[] = {
    "\xE9\x87\x8D",
    "\xE9\xBB\x98",
    "\xE5\x90\x9F",
    "\xE7\xA7\xAF",
    "\xE6\x80\x9D",
    "\xE7\x9D\x80",
    "\xE6\xB7\x80",
};

static const char* const t1094[] = {
    "\xE9\x98\xB3",
};

static const char* const t1095[] = {
    "\xE6\xBC\xA0",
    "\xE5\xB8\x82",
    "\xE6\xBB\xA9",
    "\xE5\x8F\x91",
    "\xE5\x83\xA7",
    "\xE4\xB8\x98",
    "\xE6\xB9\x96",
    "\xE5\xB8\x82\xE5\x8C\xBA",
    "\xE5\xA4\x8D\xE6\x98\x8E",
    "\xE7\x9A\x87",
};

static const char* const t1096[] = {
    "\xE9\x80\x9A",
};

static const char* const t1097[] = {
    "\xE6\x9C\x89",
    "\xE6\x83\xB3\xE5\x88\xB0",
    "\xE4\xBB\x80\xE4\xB9\x88",
    "\xE6\xB3\x95",
    "\xE6\x94\xB6",
    "\xE4\xBA\x8B",
};

static const char* const t1098[] = {
    "\xE4\xB8\xBA",
};

static const char* const t1099[] = {
    "\xE4\xB8\xA7",
};

static const char* const t1100[] = {
    "\xE6\xB5\x81",
    "\xE5\x8D\x97",
    "\xE5\x8C\x97",
    "\xE9\x81\x93",
    "\xE5\x8F\xA3",
    "\xE5\xBA\x8A",
    "\xE5\x8D\x97\xE7\x9C\x81",
    "\xE8\xB0\xB7",
    "\xE6\xB0\xB4",
    "\xE5\x8C\x97\xE7\x9C\x81",
    "\xE6\xAE\xB5",
    "\xE8\xBE\xB9",
    "\xE8\x9F\xB9",
};

static const char* const t1101[] = {
    "\xE6\x96\x99",
    "\xE7\x94\xBB",
    "\xE7\x94\xB0",
    "\xE8\x84\x82",
    "\xE6\xBC\x86",
};

static const char* const t1102[] = {
    "\xE7\x96\x97",
    "\xE7\x90\x86",
    "\xE5\xAE\x89",
    "\xE6\x89\x80",
    "\xE6\x9D\x83",
    "\xE5\x9B\xBD",
    "\xE7\x97\x85",
};

static const char* const t1103[] = {
    "\xE6\xB3\xBD",
};

static const char* const t1104[] = {
    "\xE6\xB5\xB7",
    "\xE9\x9D\xA9",
    "\xE5\xB2\xB8",
    "\xE7\x9D\x80",
    "\xE7\x94\xA8",
    "\xE9\x80\x94",
    "\xE7\xBA\xBF",
    "\xE6\xB1\x9F",
};

static const char* const t1105[] = {
    "\xE9\x9C\xB2",
    "\xE6\xBC\x8F",
};

static const char* const t1106[] = {
    "\xE6\xB0\xB4",
};

static const char* const t1107[] = {
    "\xE4\xBD\x8D",
};

static const char* const t1108[] = {
    "\xE5\xBE\x8B",
    "\xE5\x9B\xBD",
    "\xE8\xA7\x84",
    "\xE9\x99\xA2",
    "\xE5\x88\xB6",
    "\xE5\xBA\xAD",
    "\xE5\xAE\x9A",
    "\xE5\xAD\xA6",
    "\xE5\xAD\x90",
    "\xE4\xBB\xA4",
    "\xE8\xA5\xBF\xE6\x96\xAF",
    "\xE5\xAE\x98",
    "\xE7\x8E\x8B",
    "\xE4\xBA\xBA",
    "\xE5\x85\xB8",
    "\xE6\xB2\xBB",
    "\xE5\x88\x99",
    "\xE8\xAF\xAD",
    "\xE6\xA1\x88",
    "\xE5\x85\xB0\xE8\xA5\xBF",
    "\xE5\x9B\xBD\xE4\xBA\xBA",
};

static const char* const t1109[] = {
    "\xE6\xBB\xA5",
};

static const char* const t1110[] = {
    "\xE6\xB2\xAB",
};

static const char* const t1111[] = {
    "\xE6\x96\xAF",
    "\xE5\x85\xB0",
    "\xE5\x8A\xA8",
    "\xE9\x95\xBF",
    "\xE7\xBD\x97\xE7\x9A\x84\xE6\xB5\xB7",
};

static const char* const t1112[] = {
    "\xE6\xB2\x99",
    "\xE5\x9C\x9F",
};

static const char* const t1113[] = {
    "\xE6\x84\x8F",
    "\xE9\x87\x8D",
    "\xE5\x85\xA5",
    "\xE5\x86\x8C",
    "\xE8\xA7\x86",
    "\xE5\xB0\x84",
    "\xE5\xAE\x9A",
    "\xE6\x84\x8F\xE5\x8A\x9B",
    "\xE9\x87\x8A",
};

static const char* const t1114[] = {
    "\xE6\xB0\xB4",
};

static const char* const t1115[] = {
    "\xE5\x9B\xBD",
    "\xE5\xB1\xB1",
};

static const char* const t1116[] = {
    "\xE8\x8A\x8B",
    "\xE4\xBA\xBA",
};

static const char* const t1117[] = {
    "\xE9\x98\xB3",
    "\xE6\x9D\x89\xE7\x9F\xB6",
};

static const char* const t1118[] = {
    "\xE5\xBA\xAD\xE6\xB9\x96",
    "\xE5\x8F\xA3",
    "\xE7\xA9\xB4",
};

static const char* const t1119[] = {
    "\xE8\xB4\xB4",
};

static const char* const t1120[] = {
    "\xE5\xB1\xB1\xE5\x8C\xBA",
    "\xE6\x89\xBF\xE7\x95\xB4",
    "\xE6\xB0\xB4",
    "\xE6\xB9\x96",
    "\xE4\xB8\x83\xE5\x85\xAC",
    "\xE5\xB1\xB1",
    "\xE6\xAD\xA6",
};

static const char* const t1121[] = {
    "\xE5\x8A\xA8",
    "\xE8\xB7\x83",
    "\xE7\x9D\x80",
    "\xE5\x8A\x9B",
    "\xE6\xB3\xBC",
    "\xE5\xA1\x9E",
    "\xE6\x80\xA7",
    "\xE4\xBA\xBA",
};

static const char* const t1122[] = {
    "\xE5\x9C\xB0",
};

static const char* const t1123[] = {
    "\xE5\x87\xBA",
    "\xE9\x81\xA3",
    "\xE5\x85\xB5",
};

static const char* const t1124[] = {
    "\xE9\x80\x9A",
    "\xE8\xA1\x8C",
    "\xE5\x9F\x9F",
    "\xE5\x8A\xA8",
    "\xE9\x80\x9A\xE8\x82\xA1",
    "\xE4\xBC\xA0",
    "\xE9\x87\x8F",
    "\xE5\x85\xA5",
    "\xE7\xBB\x8F",
    "\xE6\xB4\xBE",
    "\xE4\xBD\x93",
    "\xE8\xA1\x80",
    "\xE9\x9C\xB2",
    "\xE5\x87\xBA",
    "\xE8\xB4\xBC",
    "\xE5\xA4\xB1",
    "\xE6\xB0\xB4",
    "\xE6\xB0\x93",
    "\xE6\xB3\xAA",
    "\xE4\xBA\xA1",
    "\xE8\x8A\xB3",
    "\xE8\x8A\xB3\xE7\x99\xBE\xE4\xB8\x96",
    "\xE7\xA8\x8B",
    "\xE4\xB8\x8B",
};

static const char* const t1125[] = {
    "\xE9\x87\x8F",
    "\xE8\xAF\x95",
    "\xE5\xAE\x9A",
};

static const char* const t1126[] = {
    "\xE5\x8D\x97",
};

static const char* const t1127[] = {
    "\xE8\xA7\x88",
};

static const char* const t1128[] = {
    "\xE8\xBA\xAB",
    "\xE5\x8E\x9A",
};

static const char* const t1129[] = {
    "\xE5\x8E\x9A",
    "\xE9\x83\x81",
    "\xE5\xBA\xA6",
    "\xE7\xBC\xA9",
};

static const char* const t1130[] = {
    "\xE6\xB1\x9F",
    "\xE6\xB1\x9F\xE7\x9C\x81",
};

static const char* const t1131[] = {
    "\xE6\xB0\xB4",
};

static const char* const t1132[] = {
    "\xE6\xB5\xA9\xE8\x8D\xA1\xE8\x8D\xA1",
};

static const char* const t1133[] = {
    "\xE8\xB4\xB9",
    "\xE6\xBC\xAB",
};

static const char* const t1134[] = {
    "\xE9\x9B\x95",
};

static const char* const t1135[] = {
    "\xE5\x86\x9B",
    "\xE6\x8B\x94",
    "\xE6\xB4\x8B",
    "\xE4\xB8\x8A",
    "\xE5\xA4\x96",
    "\xE8\x97\xBB",
    "\xE5\xBA\x95",
    "\xE5\xB3\xA1",
    "\xE5\xB2\xB8",
    "\xE6\xB0\xB4",
    "\xE5\x9F\x9F",
    "\xE5\x8D\x97",
    "\xE9\x9D\xA2",
    "\xE6\xB9\xBE",
    "\xE9\x87\x8C",
    "\xE5\x85\xB3",
    "\xE5\xB2\xB8\xE7\xBA\xBF",
    "\xE5\x86\x85\xE5\xA4\x96",
    "\xE8\xBE\xB9",
    "\xE5\x8D\x97\xE7\x9C\x81",
    "\xE5\x8D\x97\xE5\xB2\x9B",
    "\xE6\xBB\xA8",
    "\xE5\x8F\xA3",
};

static const char* const t1136[] = {
    "\xE6\x96\x99",
};

static const char* const t1137[] = {
    "\xE6\x81\xAF",
    "\xE8\xB4\xB9",
    "\xE8\xB4\xB9\xE8\x80\x85",
    "\xE5\xA4\xB1",
    "\xE9\x99\xA4",
    "\xE7\x81\xAD",
    "\xE5\x8C\x96",
    "\xE8\x80\x97",
    "\xE8\xB4\xB9\xE5\x93\x81",
    "\xE6\x9E\x81",
    "\xE6\xAF\x92",
};

static const char* const t1138[] = {
    "\xE5\x8F\x8A",
};

static const char* const t1139[] = {
    "\xE7\x8E\xB0",
};

static const char* const t1140[] = {
    "\xE8\xBD\xAE",
};

static const char* const t1141[] = {
    "\xE5\xB9\x85",
    "\xE5\x81\x9C",
};

static const char* const t1142[] = {
    "\xE4\xBD\x93",
};

static const char* const t1143[] = {
    "\xE7\x9B\x96",
};

static const char* const t1144[] = {
    "\xE6\xB1\xB0",
};

static const char* const t1145[] = {
    "\xE6\xB0\xB4\xE9\xB1\xBC",
    "\xE6\xB0\xB4",
    "\xE6\xB7\xA1",
};

static const char* const t1146[] = {
    "\xE7\xA7\xAF",
};

static const char* const t1147[] = {
    "\xE5\x8D\x97",
    "\xE6\xB2\xB3",
};

static const char* const t1148[] = {
    "\xE5\x85\xA5",
    "\xE5\x88\xBB",
    "\xE5\x9C\xB3",
    "\xE5\xA4\x84",
    "\xE6\xB7\xB1",
    "\xE5\xBA\xA6",
    "\xE5\x8F\x97",
    "\xE5\x8C\x96",
    "\xE8\xBF\x9C",
    "\xE5\x8E\x9A",
    "\xE5\xA4\x9C",
    "\xE5\xB1\xB1",
    "\xE5\x9C\xB3\xE5\xB8\x82",
    "\xE6\x84\x9F",
    "\xE7\x9F\xA5",
};

static const char* const t1149[] = {
    "\xE5\x90\x88",
    "\xE4\xB9\xB1",
    "\xE5\x87\x9D\xE5\x9C\x9F",
    "\xE6\x88\x98",
};

static const char* const t1150[] = {
    "\xE6\xB2\xA1",
};

static const char* const t1151[] = {
    "\xE5\x8A\xA0",
    "\xE5\x8A\xA0\xE5\x89\x82",
};

static const char* const t1152[] = {
    "\xE6\xA5\x9A",
    "\xE4\xBB\xA3",
    "\xE6\x9C\x9D",
    "\xE6\x94\xBF\xE5\xBA\x9C",
    "\xE6\x99\xB0",
    "\xE9\x86\x92",
    "\xE5\x85\xB5",
    "\xE5\x86\x9B",
    "\xE6\xB4\x81",
    "\xE5\x8D\x8E",
    "\xE7\x90\x86",
    "\xE6\x99\xA8",
    "\xE6\x9C\xAB",
    "\xE5\xAE\xAB",
    "\xE5\x8D\x8E\xE5\xA4\xA7\xE5\xAD\xA6",
    "\xE9\xA3\x8E",
    "\xE9\x99\xA4",
    "\xE6\xB1\x9F",
    "\xE6\xB8\x85\xE6\xA5\x9A\xE6\xA5\x9A",
    "\xE6\xB0\xB4",
    "\xE6\x96\xB0",
    "\xE6\xBE\x88",
    "\xE8\x92\xB8",
    "\xE7\x82\x96",
    "\xE5\xBB\xB7",
};

static const char* const t1153[] = {
    "\xE6\xBA\x90",
};

static const char* const t1154[] = {
    "\xE6\xB8\x90",
};

static const char* const t1155[] = {
    "\xE4\xB8\x9A",
    "\xE6\xB0\x91",
    "\xE5\x9C\xBA",
};

static const char* const t1156[] = {
    "\xE9\x80\x8F",
};

static const char* const t1157[] = {
    "\xE9\x81\x93",
};

static const char* const t1158[] = {
    "\xE8\xBF\x87",
    "\xE6\xB1\x9F",
};

static const char* const t1159[] = {
    "\xE6\xB5\xB7",
};

static const char* const t1160[] = {
    "\xE5\xBA\xA6",
    "\xE6\x9A\x96",
    "\xE5\x92\x8C",
    "\xE5\xB8\xA6",
    "\xE6\x9F\x94",
    "\xE6\xB3\x89",
    "\xE5\xB7\xAE",
};

static const char* const t1161[] = {
    "\xE5\x8F\xA3",
    "\xE6\xBE\xB3",
};

static const char* const t1162[] = {
    "\xE6\x9C\x9B",
};

static const char* const t1163[] = {
    "\xE5\xAE\xA2",
    "\xE8\xA1\x8C",
    "\xE6\x88\x8F",
    "\xE6\xB3\xB3",
    "\xE8\xA7\x88",
    "\xE5\x87\xBB\xE9\x98\x9F",
    "\xE7\x89\xA7",
    "\xE4\xBA\xBA",
};

static const char* const t1164[] = {
    "\xE5\x8C\x97",
    "\xE5\x8C\x97\xE7\x9C\x81",
    "\xE5\x8D\x97",
    "\xE6\xB3\x8A",
    "\xE5\x8D\x97\xE7\x9C\x81",
    "\xE5\xB9\xBF",
    "\xE6\xB0\xB4",
    "\xE9\x9D\xA2",
    "\xE8\xA5\xBF",
};

static const char* const t1165[] = {
    "\xE9\x84\x82",
};

static const char* const t1166[] = {
    "\xE6\xB6\xA6",
    "\xE5\x9C\xB0",
};

static const char* const t1167[] = {
    "\xE4\xBA\x8E",
};

static const char* const t1168[] = {
    "\xE6\xB6\xB2",
    "\xE5\x89\x82",
    "\xE4\xBA\x8E",
    "\xE8\xA7\xA3",
};

static const char* const t1169[] = {
    "\xE5\x91\xB3",
    "\xE6\xB6\xA6",
};

static const char* const t1170[] = {
    "\xE6\xBB\x9A",
};

static const char* const t1171[] = {
    "\xE8\xB6\xB3",
    "\xE6\x84\x8F",
    "\xE8\x84\xB8",
    "\xE6\xB4\xB2",
    "\xE6\x97\x8F",
    "\xE6\xB8\x85",
    "\xE6\x80\x80",
};

static const char* const t1172[] = {
    "\xE7\x94\xA8",
};

static const char* const t1173[] = {
    "\xE4\xBA\xAE",
};

static const char* const t1174[] = {
    "\xE9\xBB\x91",
};

static const char* const t1175[] = {
    "\xE6\xB4\x9E",
};

static const char* const t1176[] = {
    "\xE5\x87\xBA",
    "\xE4\xB9\xA0",
    "\xE5\x91\x98",
    "\xE5\x8F\x98",
    "\xE5\xA5\x8F",
    "\xE7\xBB\x83",
    "\xE5\x8C\x96",
    "\xE8\xAE\xB2",
    "\xE5\x94\xB1",
    "\xE8\xAF\xB4",
};

static const char* const t1177[] = {
    "\xE8\xBF\x90",
};

static const char* const t1178[] = {
    "\xE9\x95\xBF",
};

static const char* const t1179[] = {
    "\xE6\xB9\x98",
    "\xE6\xB4\x92",
};

static const char* const t1180[] = {
    "\xE8\x89\x87",
    "\xE5\x8A\x9B",
    "\xE6\xB1\x9F\xE5\xB8\x82",
    "\xE6\xB1\x9F",
    "\xE6\xB0\xB4",
    "\xE5\x9C\xA8",
};

static const char* const t1181[] = {
    "\xE6\xB5\x81",
    "\xE6\xB9\xBF",
};

static const char* const t1182[] = {
    "\xE5\x85\xB3",
};

static const char* const t1183[] = {
    "\xE5\xA4\xA7\xE5\x88\xA9\xE4\xBA\x9A",
    "\xE9\x97\xA8",
};

static const char* const t1184[] = {
    "\xE7\x83\x88",
    "\xE5\x8A\xA8",
    "\xE7\xB4\xA0",
    "\xE5\x85\x89",
    "\xE6\x83\x85",
    "\xE5\x8F\x91",
    "\xE8\xB5\xB7",
    "\xE5\x8A\xB1",
    "\xE6\x88\x98",
    "\xE6\x98\x82",
    "\xE6\xB5\x81",
};

static const char* const t1185[] = {
    "\xE5\xB8\x83",
};

static const char* const t1186[] = {
    "\xE6\xBA\x89",
    "\xE6\x9C\xA8",
};

static const char* const t1187[] = {
    "\xE7\xAE\xAD",
    "\xE5\xB1\xB1",
    "\xE7\x82\xAE",
    "\xE8\xBD\xA6",
    "\xE5\x8A\x9B",
    "\xE8\xBD\xA6\xE7\xAB\x99",
    "\xE7\x82\xAC\xE8\xAE\xA1\xE5\x88\x92",
    "\xE5\x85\x89",
    "\xE7\x83\xA7",
    "\xE7\x84\xB0",
    "\xE6\x8A\x8A",
    "\xE8\x8D\xAF",
    "\xE7\x82\xAC",
    "\xE5\x99\xA8",
    "\xE7\x81\xBE",
    "\xE6\x98\x9F",
};

static const char* const t1188[] = {
    "\xE4\xBA\xA1",
    "\xE7\xBB\x9D",
};

static const char* const t1189[] = {
    "\xE5\x85\x89",
    "\xE7\xAC\xBC",
    "\xE7\x81\xAB",
};

static const char* const t1190[] = {
    "\xE8\x89\xB2",
};

static const char* const t1191[] = {
    "\xE9\xAD\x82",
    "\xE6\xB4\xBB",
    "\xE6\x9F\xA9",
};

static const char* const t1192[] = {
    "\xE9\x9A\xBE",
    "\xE5\xAE\xB3",
    "\xE5\x8C\xBA",
};

static const char* const t1193[] = {
    "\xE7\x83\x82",
};

static const char* const t1194[] = {
    "\xE5\xB8\x9D",
    "\xE7\x83\xAD",
    "\xE7\x97\x87",
};

static const char* const t1195[] = {
    "\xE8\x8F\x9C",
    "\xE7\xB1\xB3",
};

static const char* const t1196[] = {
    "\xE5\xBC\xB9",
    "\xE5\x85\xB5",
    "\xE5\xA3\xB0",
    "\xE5\xA1\x94",
};

static const char* const t1197[] = {
    "\xE5\xBC\xB9",
    "\xE8\x8D\xAF",
};

static const char* const t1198[] = {
    "\xE5\xA4\xB4",
    "\xE4\xBA\xAE",
    "\xE7\x82\xB9\xE5\xA4\xB4",
    "\xE6\xBB\xB4",
    "\xE7\x87\x83",
    "\xE5\x84\xBF",
    "\xE8\xAF\x84",
    "\xE7\x9D\x80",
    "\xE7\xBC\x80",
};

static const char* const t1199[] = {
    "\xE5\xA3\xAB",
};

static const char* const t1200[] = {
    "\xE8\x8D\x89",
    "\xE9\x9B\xBE",
    "\xE5\x8F\xB0",
};

static const char* const t1201[] = {
    "\xE6\x81\xBC",
};

static const char* const t1202[] = {
    "\xE7\x83\xA4",
    "\xE9\xA5\xBC",
    "\xE6\xAF\x81",
};

static const char* const t1203[] = {
    "\xE6\x83\x85",
    "\xE5\xB8\xA6",
    "\xE9\x97\xB9",
    "\xE7\x83\x88",
    "\xE7\x82\xB9",
    "\xE9\x87\x8F",
    "\xE7\x88\xB1",
    "\xE9\x97\xA8",
    "\xE5\xBF\x83",
    "\xE6\xB3\xAA",
    "\xE6\xB0\xB4",
    "\xE7\xBA\xBF",
};

static const char* const t1204[] = {
    "\xE5\x88\xB6",
    "\xE8\xB0\x83",
};

static const char* const t1205[] = {
    "\xE7\x84\xB6\xE4\xB8\x80\xE6\x96\xB0",
};

static const char* const t1206[] = {
    "\xE7\x82\xB9",
    "\xE6\x80\xA5",
    "\xE5\xB1\xB1\xE6\xB2\xB3",
    "\xE8\x99\x91",
};

static const char* const t1207[] = {
    "\xE5\x90\x8E",
    "\xE8\x80\x8C",
};

static const char* const t1208[] = {
    "\xE7\x82\xAD",
    "\xE7\x9F\xBF",
};

static const char* const t1209[] = {
    "\xE7\x89\x87",
    "\xE9\xA1\xBE",
    "\xE4\xBE\x8B",
    "\xE5\xB0\x84",
    "\xE6\xA0\xB7",
    "\xE6\x98\x8E",
    "\xE6\x96\x99",
    "\xE8\x80\x80",
};

static const char* const t1210[] = {
    "\xE5\xBB\xB7\xE5\xBC\xBC",
};

static const char* const t1211[] = {
    "\xE7\x82\xB9",
};

static const char* const t1212[] = {
    "\xE6\x82\x89",
    "\xE7\xBB\x83",
    "\xE4\xBA\xBA",
};

static const char* const t1213[] = {
    "\xE7\x83\xA7",
    "\xE6\x96\x99",
};

static const char* const t1214[] = {
    "\xE4\xBA\xAC",
    "\xE5\xB1\xB1",
};

static const char* const t1215[] = {
    "\xE5\x8F\x91",
    "\xE7\x82\xB8",
    "\xE7\xB1\xB3\xE8\x8A\xB1",
};

static const char* const t1216[] = {
    "\xE5\x9B\xBD",
    "\xE6\x83\x85",
    "\xE5\xA5\xBD",
    "\xE5\xB0\x94\xE5\x85\xB0",
    "\xE5\xBF\x83",
    "\xE5\x9B\xA0\xE6\x96\xAF\xE5\x9D\xA6",
    "\xE5\x9B\xBD\xE4\xB8\xBB\xE4\xB9\x89",
};

static const char* const t1217[] = {
    "\xE4\xBA\xB2",
    "\xE6\xAF\x8D",
    "\xE5\xAD\x90",
};

static const char* const t1218[] = {
    "\xE7\x88\xB7",
};

static const char* const t1219[] = {
    "\xE7\x88\xB8",
};

static const char* const t1220[] = {
    "\xE7\x88\xB9",
};

static const char* const t1221[] = {
    "\xE5\x88\xBB",
    "\xE9\x9D\xA2",
};

static const char* const t1222[] = {
    "\xE6\x9C\xAC",
    "\xE5\x9B\xBE",
};

static const char* const t1223[] = {
    "\xE5\x9D\x8A",
    "\xE5\xAD\x90",
    "\xE6\xA5\xBC",
};

static const char* const t1224[] = {
    "\xE9\xBD\xBF",
};

static const char* const t1225[] = {
    "\xE8\x82\x89",
    "\xE9\x87\x91\xE6\x98\x9F",
    "\xE5\xA5\xB6",
    "\xE9\xA1\xBF",
    "\xE7\x88\xB1\xE5\x9B\xBD",
};

static const char* const t1226[] = {
    "\xE7\x89\xA2",
    "\xE5\x9B\xBA",
};

static const char* const t1227[] = {
    "\xE4\xB8\x9A",
};

static const char* const t1228[] = {
    "\xE8\xB4\xA8",
    "\xE7\x90\x86",
    "\xE8\xB5\x84",
    "\xE4\xBD\x93",
    "\xE5\x93\x81",
    "\xE7\x90\x86\xE5\xAD\xA6",
    "\xE4\xBB\xB7",
    "\xE7\x90\x86\xE5\xAD\xA6\xE5\xAE\xB6",
    "\xE6\xB5\x81",
    "\xE7\xA7\x8D",
    "\xE4\xBA\xA7",
};

static const char* const t1229[] = {
    "\xE7\x95\x9C",
    "\xE5\x8F\xA3",
};

static const char* const t1230[] = {
    "\xE5\xBC\x95",
    "\xE5\x88\xB6",
    "\xE6\x89\xAF",
};

static const char* const t1231[] = {
    "\xE5\x88\xAB",
    "\xE7\x82\xB9",
    "\xE8\x89\xB2",
    "\xE6\xAE\x8A",
    "\xE5\xBE\x81",
    "\xE4\xBA\xA7",
    "\xE5\xAE\x9A",
    "\xE6\x80\xA7",
    "\xE6\x9C\x89",
    "\xE7\xA7\x8D",
    "\xE6\x9D\x83",
    "\xE5\x8A\xA1",
    "\xE5\x8C\xBA",
    "\xE6\x84\x8F",
    "\xE5\x9C\xB0",
    "\xE7\xBA\xA7",
    "\xE9\x95\xBF",
    "\xE7\xA7\x8D\xE9\x83\xA8\xE9\x98\x9F",
};

static const char* const t1232[] = {
    "\xE7\x89\xB2",
};

static const char* const t1233[] = {
    "\xE7\xBD\xAA",
    "\xE4\xBA\xBA",
    "\xE8\xA7\x84",
};

static const char* const t1234[] = {
    "\xE6\x80\x81",
    "\xE5\x86\xB5",
    "\xE5\x85\x83",
};

static const char* const t1235[] = {
    "\xE5\xA6\x82",
    "\xE8\xB1\xAB",
    "\xE5\xA4\xAA\xE4\xBA\xBA",
};

static const char* const t1236[] = {
    "\xE7\x8B\xA0",
};

static const char* const t1237[] = {
    "\xE7\x8C\x8E",
};

static const char* const t1238[] = {
    "\xE7\xAB\x8B",
    "\xE7\x89\xB9",
    "\xE8\x87\xAA",
    "\xE5\x85\xB7",
    "\xE7\xAB\x8B\xE8\x87\xAA\xE4\xB8\xBB",
    "\xE8\xA3\x81",
    "\xE5\xB1\x85\xE7\x9F\xB3",
};

static const char* const t1239[] = {
    "\xE7\xAA\x84",
};

static const char* const t1240[] = {
    "\xE5\xAD\x90",
    "\xE5\xAD\x90\xE5\xB1\xB1",
};

static const char* const t1241[] = {
    "\xE7\x8B\x88",
};

static const char* const t1242[] = {
    "\xE5\x9C\xB0",
    "\xE7\x83\x88",
    "\xE7\x84\xB6",
};

static const char* const t1243[] = {
    "\xE6\xB5\x8B",
    "\xE6\x83\xB3",
};

static const char* const t1244[] = {
    "\xE8\x82\x89",
};

static const char* const t1245[] = {
    "\xE7\xAD\x96",
};

static const char* const t1246[] = {
    "\xE5\xAD\x90",
};

static const char* const t1247[] = {
    "\xE5\xB2\xB3\xE9\x97\xA8",
};

static const char* const t1248[] = {
    "\xE9\xA2\x86",
    "\xE5\x85\x88",
};

static const char* const t1249[] = {
    "\xE7\xB1\xB3",
    "\xE7\x9F\xB3",
    "\xE5\x99\xA8",
    "\xE8\x99\x9A\xE5\xAE\xAB",
    "\xE9\x9F\xB3",
};

static const char* const t1250[] = {
    "\xE6\x9C\x9D",
    "\xE5\x9B\xBD",
    "\xE7\x90\xA6\xE7\x91\xB6",
    "\xE7\x88\xB7",
    "\xE5\x85\xAC",
    "\xE5\xBA\x9C",
    "\xE5\xAE\xA4",
    "\xE5\xAE\xB6",
    "\xE5\xA4\xAB\xE4\xBA\xBA",
    "\xE5\x9B\xBD\xE7\x94\x9F",
    "\xE4\xBD\x8D",
    "\xE5\xAD\x90",
    "\xE7\xBA\xAC\xE5\xAE\x87",
    "\xE5\xAE\x88\xE4\xBB\x81",
    "\xE6\x99\x93\xE4\xB8\x9C",
    "\xE5\x85\xAB",
};

static const char* const t1251[] = {
    "\xE5\x85\xB7",
    "\xE7\xAC\x91",
};

static const char* const t1252[] = {
    "\xE7\x91\xB0",
};

static const char* const t1253[] = {
    "\xE5\xA2\x83",
    "\xE8\x8A\x82",
    "\xE4\xBF\x9D",
    "\xE7\xBB\x95",
    "\xE7\x90\x83",
};

static const char* const t1254[] = {
    "\xE5\x9C\xA8",
    "\xE8\xB1\xA1",
    "\xE4\xBB\xA3",
    "\xE4\xBB\xA3\xE5\x8C\x96",
    "\xE5\xAE\x9E",
    "\xE5\x9C\xBA",
    "\xE6\x9C\x89",
    "\xE8\xA1\x8C",
    "\xE5\xAD\x98",
    "\xE7\x8A\xB6",
    "\xE5\xB7\xB2",
    "\xE9\x87\x91",
    "\xE4\xBB\x8A",
    "\xE5\xBD\xB9",
    "\xE4\xBB\xBB",
    "\xE5\xAE\x9E\xE4\xB8\xBB\xE4\xB9\x89",
    "\xE5\x87\xBA",
};

static const char* const t1255[] = {
    "\xE7\x92\x83",
};

static const char* const t1256[] = {
    "\xE7\x91\x9A",
};

static const char* const t1257[] = {
    "\xE8\xB4\xB5",
    "\xE7\xA8\x80",
    "\xE5\x93\x81",
    "\xE7\x8F\xA0",
    "\xE6\x83\x9C",
};

static const char* const t1258[] = {
    "\xE7\x8B\xAE",
};

static const char* const t1259[] = {
    "\xE6\xB1\x9F",
    "\xE5\xAE\x9D",
};

static const char* const t1260[] = {
    "\xE9\x95\xBF",
    "\xE5\xAD\x90",
    "\xE4\xB8\xBB\xE4\xBB\xBB",
};

static const char* const t1261[] = {
    "\xE9\x98\x9F",
    "\xE5\x91\x98",
    "\xE8\xBF\xB7",
    "\xE5\x9C\xBA",
};

static const char* const t1262[] = {
    "\xE8\xAE\xBA",
    "\xE8\xA7\xA3",
    "\xE6\x83\xB3",
    "\xE7\x94\xB1",
    "\xE6\x80\xA7",
    "\xE4\xBC\x9A",
    "\xE5\xB7\xA5\xE5\xAD\xA6\xE9\x99\xA2",
    "\xE5\xBF\xB5",
    "\xE6\x99\xBA",
    "\xE8\xB4\xA2",
    "\xE5\xBA\x94",
    "\xE5\xAD\xA6",
    "\xE4\xBA\x8B\xE4\xBC\x9A",
    "\xE5\xB7\xA5",
    "\xE4\xBA\x8B\xE9\x95\xBF",
};

static const char* const t1263[] = {
    "\xE7\x92\x83\xE7\x93\xA6",
};

static const char* const t1264[] = {
    "\xE7\xA3\xA8",
};

static const char* const t1265[] = {
    "\xE5\x8F\xB0",
};

static const char* const t1266[] = {
    "\xE7\x90\xB6",
};

static const char* const t1267[] = {
    "\xE5\xA3\xAB",
    "\xE5\x85\xB8",
};

static const char* const t1268[] = {
    "\xE6\x97\x8F",
};

static const char* const t1269[] = {
    "\xE5\x88\x86",
};

static const char* const t1270[] = {
    "\xE5\xB1\x8B",
    "\xE8\xA7\xA3",
};

static const char* const t1271[] = {
    "\xE5\x99\xA8",
};

static const char* const t1272[] = {
    "\xE8\x82\x83",
    "\xE6\xB3\x89",
    "\xE8\x94\x97",
    "\xE5\xBF\x83",
};

static const char* const t1273[] = {
    "\xE8\x87\xB3",
    "\xE4\xB9\x88",
    "\xE4\xB8\xBA",
};

static const char* const t1274[] = {
    "\xE9\x85\x92",
};

static const char* const t1275[] = {
    "\xE4\xBA\xA7",
    "\xE6\xB4\xBB",
    "\xE7\x89\xA9",
    "\xE5\x91\xBD",
    "\xE9\x95\xBF",
    "\xE4\xBA\x8E",
    "\xE6\x80\x81",
    "\xE5\xAD\x98",
    "\xE6\xB0\x94",
    "\xE6\x88\x90",
    "\xE4\xBA\xA7\xE5\x8A\x9B",
    "\xE4\xBA\xA7\xE6\x80\xBB\xE5\x80\xBC",
    "\xE7\x90\x86",
    "\xE6\x84\x8F",
    "\xE6\x95\x88",
    "\xE6\xB6\xAF",
    "\xE4\xBA\xA7\xE8\xB5\x84\xE6\x96\x99",
    "\xE6\xAD\xBB",
    "\xE5\x8A\xA8",
    "\xE6\x80\x95",
    "\xE5\xB9\xB3",
    "\xE6\x97\xA5",
    "\xE8\x82\xB2",
    "\xE5\x89\x8D",
    "\xE5\x87\xBA",
    "\xE6\xAE\x96",
    "\xE4\xBA\xA7\xE6\x96\xB9\xE5\xBC\x8F",
    "\xE6\xBA\x90",
    "\xE7\x89\xA9\xE5\xAD\xA6",
    "\xE4\xBA\xA7\xE8\x83\xBD\xE5\x8A\x9B",
    "\xE4\xBA\xA7\xE8\x80\x85",
    "\xE4\xBA\xA7\xE7\xBA\xBF",
    "\xE6\x81\xAF",
    "\xE7\x8C\xAA",
    "\xE6\xAF\x8D",
    "\xE7\x97\x85",
};

static const char* const t1276[] = {
    "\xE4\xBA\x8E",
    "\xE6\x88\xB7",
    "\xE6\x9D\xA5",
    "\xE5\x8A\x9B",
    "\xE4\xBD\x9C",
    "\xE4\xBA\xBA",
    "\xE4\xBB\xA5",
    "\xE9\x80\x94",
    "\xE5\x93\x81",
    "\xE5\xBF\x83",
    "\xE4\xB8\x8D\xE7\x9D\x80",
    "\xE8\x8D\xAF",
    "\xE6\x84\x8F",
    "\xE6\xB0\xB4",
};

static const char* const t1277[] = {
    "\xE4\xBC\xAF\xE5\x85\x89",
    "\xE5\x9C\xB0",
    "\xE7\xA6\x8F\xE5\xA0\x82",
};

static const char* const t1278[] = {
    "\xE4\xBA\x8E",
    "\xE6\xAD\xA4",
};

static const char* const t1279[] = {
    "\xE6\x9D\xBF",
    "\xE9\xB1\xBC",
};

static const char* const t1280[] = {
    "\xE8\xAF\xB7",
    "\xE6\x8A\xA5",
    "\xE8\xAF\x89",
    "\xE8\x8A\xB1",
};

static const char* const t1281[] = {
    "\xE8\xAF\x9D",
    "\xE5\xAD\x90",
    "\xE5\xBD\xB1",
    "\xE8\xA7\x86",
    "\xE8\x84\x91",
    "\xE5\x8A\x9B",
    "\xE4\xBF\xA1",
    "\xE8\xA7\x86\xE5\x8F\xB0",
    "\xE5\x8F\xB0",
    "\xE5\x99\xA8",
    "\xE6\xB5\x81",
    "\xE5\x8E\x8B",
    "\xE6\x8A\xA5",
    "\xE5\xAD\x90\xE4\xB9\xA6",
    "\xE6\xB1\xA0",
    "\xE7\xA3\x81",
    "\xE8\xB7\xAF",
    "\xE6\xBA\x90",
    "\xE8\xA7\x86\xE5\x89\xA7",
    "\xE6\x9C\xBA",
    "\xE6\xA2\xAF",
    "\xE6\xB0\x94",
};

static const char* const t1282[] = {
    "\xE4\xBA\xBA",
    "\xE5\xAD\x90",
    "\xE6\x80\xA7",
    "\xE5\xAD\xA9",
};

static const char* const t1283[] = {
    "\xE5\xAE\xB6",
    "\xE5\x83\x8F",
    "\xE9\x9D\xA2",
};

static const char* const t1284[] = {
    "\xE9\x94\x80",
};

static const char* const t1285[] = {
    "\xE9\x99\x90",
    "\xE5\xB2\xAD",
};

static const char* const t1286[] = {
    "\xE6\x83\xA7",
};

static const char* const t1287[] = {
    "\xE4\xB8\x8B",
    "\xE5\x9C\xA8",
    "\xE5\xAD\xA6",
    "\xE7\xBB\x99",
    "\xE4\xB8\x8B\xE6\x9D\xA5",
    "\xE6\x84\x8F",
    "\xE5\xBF\x83",
    "\xE5\xAD\xA6\xE7\x94\x9F",
};

static const char* const t1288[] = {
    "\xE7\x89\xA7\xE4\xB8\x9A",
    "\xE7\x89\xA7",
};

static const char* const t1289[] = {
    "\xE6\x9C\x89",
};

static const char* const t1290[] = {
    "\xE5\xBD\xA2",
};

static const char* const t1291[] = {
    "\xE9\x97\xAE",
    "\xE6\x83\x91",
    "\xE5\xBF\x83",
    "\xE9\x9A\xBE",
};

static const char* const t1292[] = {
    "\xE6\xB3\x95",
    "\xE6\x95\x88",
};

static const char* const t1293[] = {
    "\xE7\x98\xA9",
};

static const char* const t1294[] = {
    "\xE7\x8B\x82",
};

static const char* const t1295[] = {
    "\xE5\x8A\xB3",
    "\xE6\x83\xAB",
};

static const char* const t1296[] = {
    "\xE7\x97\x9B",
};

static const char* const t1297[] = {
    "\xE7\x97\x85",
};

static const char* const t1298[] = {
    "\xE4\xBA\xBA",
    "\xE6\xAF\x92",
    "\xE6\x83\x85",
    "\xE5\x8F\x98",
    "\xE5\x9B\xA0",
    "\xE7\x90\x86",
};

static const char* const t1299[] = {
    "\xE7\x8A\xB6",
};

static const char* const t1300[] = {
    "\xE8\xBF\xB9",
};

static const char* const t1301[] = {
    "\xE8\x8B\xA6",
    "\xE5\xBF\xAB",
    "\xE5\x93\xAD",
};

static const char* const t1302[] = {
    "\xE7\x97\x87",
};

static const char* const t1303[] = {
    "\xE6\x97\xB6",
    "\xE8\xAE\xB0",
    "\xE4\xB8\x8A",
    "\xE9\x99\x86",
    "\xE5\x9F\xBA",
    "\xE5\xB1\xB1",
};

static const char* const t1304[] = {
    "\xE8\x89\xB2",
    "\xE9\x9B\xAA",
    "\xE5\xA4\xA9",
    "\xE5\x98\x89\xE8\xBD\xA9",
    "\xE9\xA2\x86",
    "\xE6\xB2\x99\xE6\xB4\xB2",
    "\xE8\xA1\xA3",
    "\xE9\xA9\xAC",
    "\xE5\xAE\xAB",
    "\xE6\x97\x8F",
    "\xE8\x8E\xB2",
    "\xE7\x9F\xB3",
    "\xE9\xB3\x8D\xE8\xB1\x9A",
    "\xE7\x99\xBD",
};

static const char* const t1305[] = {
    "\xE7\xA7\x91",
    "\xE5\xBA\xA6",
    "\xE5\xA7\x93",
    "\xE5\xB9\xB4",
    "\xE4\xB8\x87",
    "\xE5\x88\x86\xE7\x82\xB9",
    "\xE8\x8A\xB1",
    "\xE5\xAE\x98",
};

static const char* const t1306[] = {
    "\xE8\xAF\x9D",
    "\xE7\xA1\xAE",
};

static const char* const t1307[] = {
    "\xE5\xB8\x9D",
    "\xE4\xB8\x8A",
    "\xE5\x9F\x8E",
    "\xE5\x90\x8E",
    "\xE5\xAE\xB6",
    "\xE5\xAE\xAB",
    "\xE5\xA4\xAA\xE5\x90\x8E",
    "\xE6\x9D\x83",
    "\xE5\xAE\xA4",
    "\xE4\xBD\x8D",
    "\xE5\xA4\xAA\xE6\x9E\x81",
    "\xE6\x97\x8F",
    "\xE7\x88\xB7",
};

static const char* const t1308[] = {
    "\xE8\x82\xA4",
    "\xE5\xAD\x90",
    "\xE9\x9D\xA9",
    "\xE9\x9E\x8B",
};

static const char* const t1309[] = {
    "\xE7\x9C\x89",
};

static const char* const t1310[] = {
    "\xE5\x9C\xB0",
};

static const char* const t1311[] = {
    "\xE7\x9B\x88",
    "\xE5\x88\xA9",
};

static const char* const t1312[] = {
    "\xE7\x9D\xA3",
    "\xE5\xAF\x9F",
    "\xE7\xAE\xA1",
    "\xE5\x88\xA9",
    "\xE8\xA7\x86",
    "\xE6\xB5\x8B",
    "\xE7\x8B\xB1",
    "\xE7\x9D\xA3\xE6\x9D\x83",
    "\xE6\x8E\xA7",
    "\xE5\x88\xA9\xE5\x8E\xBF",
    "\xE6\x8A\xA4",
};

static const char* const t1313[] = {
    "\xE6\x97\x8B",
    "\xE7\xAE\x97",
};

static const char* const t1314[] = {
    "\xE4\xBA\xA7",
    "\xE8\xA1\x8C",
    "\xE5\xA4\xA7",
    "\xE5\xBC\x80",
    "\xE5\xAE\xA3\xE6\x80\x80",
    "\xE5\x8D\x8E\xE4\xBB\x81",
};

static const char* const t1315[] = {
    "\xE4\xB8\xBB",
};

static const char* const t1316[] = {
    "\xE5\x89\x8D",
    "\xE6\xA0\x87",
    "\xE7\x9A\x84",
    "\xE5\x85\x89",
    "\xE5\xBD\x95",
    "\xE7\x9A\x84\xE5\x9C\xB0",
    "\xE7\x9D\xB9",
};

static const char* const t1317[] = {
    "\xE7\x9B\xAE",
};

static const char* const t1318[] = {
    "\xE6\x8E\xA5",
    "\xE8\xBE\x96\xE5\xB8\x82",
    "\xE6\x92\xAD",
    "\xE5\x8D\x87\xE6\x9C\xBA",
    "\xE5\xBE\x84",
    "\xE8\x87\xB3",
    "\xE5\x88\xB0",
    "\xE9\x9A\xB6",
    "\xE8\xBE\xBE",
    "\xE7\xBA\xBF",
    "\xE8\xA8\x80",
    "\xE5\xB1\x9E",
    "\xE8\xBE\x96",
    "\xE5\xA5\x94",
};

static const char* const t1319[] = {
    "\xE5\x85\xB3",
    "\xE5\x90\x8C",
    "\xE4\xBF\xA1",
    "\xE5\xBD\x93",
    "\xE5\xAF\xB9",
    "\xE4\xBA\x92",
    "\xE5\xBA\x94",
    "\xE6\xAF\x94",
    "\xE5\x8F\x8D",
    "\xE4\xBC\xBC",
    "\xE7\xBB\xA7",
    "\xE8\xBF\x9E",
    "\xE5\xBD\x93\xE4\xBA\x8E",
    "\xE7\xAD\x89",
    "\xE8\xA7\x81",
    "\xE8\xB7\x9D",
    "\xE5\xB7\xAE",
    "\xE8\xB2\x8C",
    "\xE9\x80\x9A",
    "\xE5\x85\xAC",
    "\xE5\x8A\xA9",
    "\xE4\xBA\x92\xE4\xBD\x9C\xE7\x94\xA8",
    "\xE4\xBC\xA0",
    "\xE6\x95\x91",
    "\xE5\xA4\x84",
    "\xE8\xBF\x91",
    "\xE4\xBA\xA4",
    "\xE6\x8E\xA5",
    "\xE9\x81\x87",
    "\xE8\xAF\x86",
    "\xE4\xBC\x9A",
    "\xE9\x82\xBB",
    "\xE5\xAF\xB9\xE8\xAE\xBA",
};

static const char* const t1320[] = {
    "\xE6\x9C\x9B",
};

static const char* const t1321[] = {
    "\xE7\xBA\xA7",
    "\xE9\x95\xBF",
    "\xE5\x86\x85",
    "\xE7\x9B\xB4",
    "\xE5\xA7\x94",
    "\xE4\xBC\x9A",
    "\xE4\xBB\xBD",
    "\xE5\x8C\xBA",
    "\xE8\xBE\x96\xE5\xB8\x82",
    "\xE6\x94\xBF\xE5\xBA\x9C",
    "\xE5\xA4\x96",
    "\xE5\x9F\x8E",
};

static const char* const t1322[] = {
    "\xE5\xA4\xB4",
    "\xE6\xAF\x9B",
};

static const char* const t1323[] = {
    "\xE5\x88\xB0",
    "\xE8\xA7\x81",
    "\xE7\x9D\x80",
    "\xE6\x9D\xA5",
    "\xE7\x9C\x8B",
    "\xE6\xB3\x95",
    "\xE5\x87\xBA",
    "\xE4\xBD\x9C",
    "\xE4\xB8\x8A\xE5\x8E\xBB",
    "\xE8\xBF\x87",
    "\xE5\xBE\x85",
    "\xE6\x88\x90",
    "\xE4\xB8\x8D\xE5\x88\xB0",
    "\xE6\xB8\x85",
    "\xE6\x9C\x9B",
    "\xE5\xA5\xBD",
    "\xE9\x87\x8D",
    "\xE8\xB5\xB7\xE6\x9D\xA5",
    "\xE4\xBC\xBC",
    "\xE7\x97\x85",
};

static const char* const t1324[] = {
    "\xE6\xAD\xA3",
    "\xE6\x98\xAF",
    "\xE7\x9A\x84",
    "\xE5\xAE\x9E",
    "\xE7\x90\x86",
    "\xE7\x9B\xB8",
    "\xE8\xAF\x9A",
    "\xE7\xA9\xBA",
    "\xE5\xBF\x83",
    "\xE4\xB8\xAA",
    "\xE4\xBA\xBA",
};

static const char* const t1325[] = {
    "\xE7\x9D\x9B",
    "\xE5\x89\x8D",
    "\xE8\xA7\x81",
    "\xE6\xB3\xAA",
    "\xE5\x85\x89",
    "\xE4\xB8\x8B",
    "\xE9\x87\x8C",
    "\xE4\xB8\xAD",
    "\xE7\x9C\x8B",
    "\xE7\xA5\x9E",
    "\xE8\x89\xB2",
    "\xE9\x95\x9C",
    "\xE7\x90\x83",
    "\xE7\x9C\xB6",
};

static const char* const t1326[] = {
    "\xE6\x89\x8B",
    "\xE9\x87\x8D",
    "\xE6\x80\xA5",
    "\xE5\xAE\x9E",
    "\xE7\x9C\xBC",
    "\xE5\x9C\xB0",
};

static const char* const t1327[] = {
    "\xE8\xA7\x89",
    "\xE7\x9C\xA0",
    "\xE7\x9D\x80",
};

static const char* const t1328[] = {
    "\xE5\xAF\x9F",
};

static const char* const t1329[] = {
    "\xE5\x87\x86",
};

static const char* const t1330[] = {
    "\xE5\xAD\x90",
};

static const char* const t1331[] = {
    "\xE7\x9E\xA7",
    "\xE8\xA7\x81",
};

static const char* const t1332[] = {
    "\xE7\x9B\xAE",
};

static const char* const t1333[] = {
    "\xE9\x97\xB4",
};

static const char* const t1334[] = {
    "\xE4\xBB\xB0",
};

static const char* const t1335[] = {
    "\xE7\x9B\xBE",
};

static const char* const t1336[] = {
    "\xE9\x81\x93",
    "\xE8\xAF\x86",
    "\xE8\xAF\x86\xE5\x88\x86\xE5\xAD\x90",
    "\xE5\x90\x8D",
    "\xE5\xBA\x9C",
    "\xE8\xAF\x86\xE4\xBA\xA7\xE6\x9D\x83",
    "\xE8\xA7\x89",
    "\xE6\x99\x93",
    "\xE5\x8E\xBF",
};

static const char* const t1337[] = {
    "\xE6\x9C\x9F",
    "\xE4\xBF\xA1",
    "\xE6\x9A\x82",
    "\xE7\x9F\xAD",
};

static const char* const t1338[] = {
    "\xE9\xA6\x96",
    "\xE9\xA6\x96\xE5\xB8\x82",
    "\xE6\xB2\xB9",
    "\xE5\xA4\xB4",
    "\xE8\x8B\xB1",
    "\xE7\xA0\xB4\xE5\xA4\xA9",
    "\xE6\xA1\xA5",
    "\xE5\x8C\x96",
    "\xE9\x97\xA8",
    "\xE7\xAA\x9F",
    "\xE8\x86\x8F",
    "\xE5\x99\xA8",
    "\xE7\xA2\x91",
    "\xE5\xA3\x81",
    "\xE7\x8B\xAE",
    "\xE6\xB9\x96",
    "\xE5\xA2\xA8",
    "\xE5\xAD\x90",
    "\xE6\x9D\xBF",
};

static const char* const t1339[] = {
    "\xE4\xBA\xA7",
    "\xE7\x89\xA9",
    "\xE5\xB1\xB1",
    "\xE5\xBA\x8A",
    "\xE5\x86\xB6",
    "\xE8\x97\x8F",
    "\xE7\x9F\xB3",
};

static const char* const t1340[] = {
    "\xE5\xA4\xB4",
};

static const char* const t1341[] = {
    "\xE5\x9C\x9F",
};

static const char* const t1342[] = {
    "\xE7\xA9\xB6",
    "\xE5\x88\xB6",
    "\xE7\xA9\xB6\xE6\x89\x80",
    "\xE5\x8F\x91",
    "\xE7\xA9\xB6\xE7\x94\x9F",
    "\xE7\xA9\xB6\xE5\x91\x98",
    "\xE7\xA9\xB6\xE9\x99\xA2",
    "\xE8\xAE\xA8\xE4\xBC\x9A",
    "\xE8\xAE\xA8",
};

static const char* const t1343[] = {
    "\xE5\x9D\x8F",
    "\xE4\xBA\xA7",
    "\xE8\xA3\x82",
    "\xE8\xAF\x91",
    "\xE6\x97\xA7",
};

static const char* const t1344[] = {
    "\xE5\xA3\xAB",
};

static const char* const t1345[] = {
    "\xE4\xBB\xB6",
};

static const char* const t1346[] = {
    "\xE5\xAE\x9A",
    "\xE5\xAE\x9E",
    "\xE7\xAB\x8B",
    "\xE4\xBF\x9D",
    "\xE8\xAE\xA4",
    "\xE5\x88\x87",
    "\xE6\x9C\x89",
};

static const char* const t1347[] = {
    "\xE5\x88\xB0",
    "\xE4\xB8\x8A",
    "\xE6\x92\x9E",
};

static const char* const t1348[] = {
    "\xE5\x9C\xBA",
};

static const char* const t1349[] = {
    "\xE5\xA4\xB4",
};

static const char* const t1350[] = {
    "\xE5\xA8\x81",
    "\xE8\x8C\x83\xE5\x8C\xBA",
    "\xE8\x8C\x83\xE5\x8E\xBF",
    "\xE8\x8C\x83",
    "\xE6\x84\x8F",
};

static const char* const t1351[] = {
    "\xE9\x83\xA8",
    "\xE7\x89\xA9",
    "\xE4\xBB\xAA",
    "\xE5\xA0\x82",
    "\xE8\xB2\x8C",
};

static const char* const t1352[] = {
    "\xE4\xBC\x9A",
    "\xE4\xBC\x9A\xE4\xB8\xBB\xE4\xB9\x89",
    "\xE5\x8C\xBA",
    "\xE7\xA8\xB7",
    "\xE4\xBC\x9A\xE5\xAD\xA6",
    "\xE9\x95\xBF",
    "\xE4\xBC\x9A\xE7\xA7\x91\xE5\xAD\xA6",
};

static const char* const t1353[] = {
    "\xE5\x9B\xBD",
    "\xE5\x85\x88",
    "\xE5\xAE\x97",
    "\xE7\x88\xB6",
    "\xE5\xB8\x88",
};

static const char* const t1354[] = {
    "\xE8\xB4\xBA",
};

static const char* const t1355[] = {
    "\xE8\x89\xB2",
    "\xE5\x86\x9C\xE6\x9E\xB6",
    "\xE7\xA7\x98",
    "\xE7\xBB\x8F",
    "\xE6\x83\x85",
    "\xE8\xAF\x9D",
    "\xE9\xBE\x99",
    "\xE4\xBB\x99",
    "\xE5\x9C\xA3",
    "\xE6\x80\x81",
    "\xE5\xA5\x87",
    "\xE5\x86\x9C",
    "\xE5\x8A\x9F",
    "\xE6\xB0\x94",
    "\xE6\x9D\xA5\xE4\xB9\x8B\xE7\xAC\x94",
    "\xE5\xBE\x80",
    "\xE5\xBA\x99",
};

static const char* const t1356[] = {
    "\xE4\xBB\xB7",
};

static const char* const t1357[] = {
    "\xE7\xA5\x80",
    "\xE5\xA4\xA9",
};

static const char* const t1358[] = {
    "\xE6\x8A\xA5",
};

static const char* const t1359[] = {
    "\xE6\xAD\xA2",
    "\xE5\x8C\xBA",
    "\xE5\x9C\xB0",
    "\xE4\xB8\x8D\xE4\xBD\x8F",
};

static const char* const t1360[] = {
    "\xE5\xBB\xBA",
    "\xE4\xB8\xB4",
    "\xE5\x88\xA9",
    "\xE5\xB7\x9E",
    "\xE5\xBB\xBA\xE7\x9C\x81",
};

static const char* const t1361[] = {
    "\xE5\xBC\x80",
    "\xE5\xAD\x90",
    "\xE5\x8E\xBB",
    "\xE5\xA9\x9A",
};

static const char* const t1362[] = {
    "\xE4\xB8\xBD",
    "\xE6\x89\x8D",
};

static const char* const t1363[] = {
    "\xE4\xBA\xBA",
    "\xE4\xBF\xA1",
    "\xE8\x90\xA5",
};

static const char* const t1364[] = {
    "\xE5\xA4\xA9",
};

static const char* const t1365[] = {
    "\xE7\xB1\xBB",
    "\xE7\xA7\x8D",
    "\xE6\xA4\x8D",
    "\xE5\xAD\x90",
    "\xE6\x97\x8F",
};

static const char* const t1366[] = {
    "\xE6\x8A\x80",
    "\xE5\xAD\xA6",
    "\xE7\xA0\x94",
    "\xE5\xAD\xA6\xE5\xAE\xB6",
    "\xE5\xAD\xA6\xE6\x8A\x80\xE6\x9C\xAF",
    "\xE9\x95\xBF",
    "\xE4\xB8\xBE",
    "\xE5\xAD\xA6\xE9\x99\xA2",
    "\xE7\x9B\xAE",
};

static const char* const t1367[] = {
    "\xE4\xB9\xA6\xE9\x95\xBF",
    "\xE5\xAF\x86",
    "\xE4\xB9\xA6",
    "\xE9\xB2\x81",
};

static const char* const t1368[] = {
    "\xE7\x95\x8C",
};

static const char* const t1369[] = {
    "\xE5\xB2\xAD",
    "\xE5\xA7\x8B\xE7\x9A\x87",
    "\xE6\xB1\x89",
};

static const char* const t1370[] = {
    "\xE5\xBA\x8F",
};

static const char* const t1371[] = {
    "\xE5\xBD\x92",
};

static const char* const t1372[] = {
    "\xE6\x9E\x81",
    "\xE7\xB4\xAF",
    "\xE6\x9E\x81\xE6\x80\xA7",
    "\xE5\x88\x86",
    "\xE6\xB8\xA9",
    "\xE9\x9B\xAA",
    "\xE8\x93\x84",
};

static const char* const t1373[] = {
    "\xE4\xB8\xBA",
    "\xE5\x8F\xB7",
    "\xE4\xB9\x8B\xE4\xB8\xBA",
    "\xE8\xB5\x9E",
    "\xE5\x91\xBC",
    "\xE5\xB8\x9D",
    "\xE4\xBD\x9C",
};

static const char* const t1374[] = {
    "\xE5\x8A\xA8",
    "\xE6\xB0\x91",
    "\xE6\xA4\x8D",
    "\xE5\xB1\x85",
};

static const char* const t1375[] = {
    "\xE6\x9C\x89",
    "\xE5\xB0\x91",
};

static const char* const t1376[] = {
    "\xE5\xBA\xA6",
    "\xE5\xBA\x8F",
    "\xE7\x81\xB5\xE7\xB4\xA0",
};

static const char* const t1377[] = {
    "\xE5\xBE\xAE",
    "\xE7\xA8\x8D",
};

static const char* const t1378[] = {
    "\xE6\x94\xB6",
    "\xE5\x8A\xA1",
};

static const char* const t1379[] = {
    "\xE5\xAE\x9A",
    "\xE6\xAD\xA5",
    "\xE5\xAE\x9A\xE6\x80\xA7",
};

static const char* const t1380[] = {
    "\xE8\xB0\xB7",
};

static const char* const t1381[] = {
    "\xE6\x96\xAF\xE6\x9E\x97",
};

static const char* const t1382[] = {
    "\xE9\x81\x93",
};

static const char* const t1383[] = {
    "\xE7\xAB\x9F",
};

static const char* const t1384[] = {
    "\xE4\xBA\xBA",
};

static const char* const t1385[] = {
    "\xE5\x86\x9B",
    "\xE9\x97\xB4",
    "\xE4\xB8\xAD",
    "\xE6\xB0\x94",
    "\xE5\x89\x8D",
    "\xE7\x99\xBD",
    "\xE8\xBF\x90",
    "\xE8\xB0\x83",
    "\xE9\x99\x8D",
    "\xE8\x99\x9A",
};

static const char* const t1386[] = {
    "\xE8\xBF\x87",
    "\xE8\xB6\x8A",
};

static const char* const t1387[] = {
    "\xE7\x84\xB6",
    "\xE5\x87\xBA",
    "\xE7\xA0\xB4",
    "\xE5\x87\xBB",
    "\xE5\x8E\xA5",
    "\xE5\x8F\x91",
    "\xE5\x9B\xB4",
};

static const char* const t1388[] = {
    "\xE6\xB4\x9E",
};

static const char* const t1389[] = {
    "\xE5\x8F\xA3",
    "\xE5\xA4\x96",
    "\xE6\x88\xB7",
};

static const char* const t1390[] = {
    "\xE5\x8D\xB3",
    "\xE5\x88\xBB",
    "\xE5\x9C\xBA",
    "\xE6\xB3\x95",
    "\xE6\x97\xB6",
    "\xE6\xB3\x95\xE6\x9D\x83",
    "\xE6\x96\xB9",
    "\xE4\xBD\x93",
    "\xE8\xB6\xB3",
    "\xE4\xB8\x8B",
    "\xE6\x96\xB9\xE7\xB1\xB3",
    "\xE9\xA9\xAC",
};

static const char* const t1391[] = {
    "\xE7\xAB\x8B",
    "\xE9\x95\xBF",
    "\xE4\xBD\x8F",
};

static const char* const t1392[] = {
    "\xE4\xBA\x89",
    "\xE4\xBA\x89\xE5\x8A\x9B",
    "\xE8\xB5\x9B",
    "\xE9\x80\x89",
};

static const char* const t1393[] = {
    "\xE7\x84\xB6",
    "\xE6\x98\xAF",
};

static const char* const t1394[] = {
    "\xE7\xA8\x8B",
    "\xE5\xAE\x97\xE7\xA5\xA5",
};

static const char* const t1395[] = {
    "\xE5\xB7\xA5",
};

static const char* const t1396[] = {
    "\xE5\xAD\x90",
};

static const char* const t1397[] = {
    "\xE5\x8A\x9B",
};

static const char* const t1398[] = {
    "\xE9\x97\xA8",
    "\xE7\x9A\x84",
};

static const char* const t1399[] = {
    "\xE6\xBA\xAA",
};

static const char* const t1400[] = {
    "\xE5\xAE\xB9",
    "\xE8\x84\xB8",
    "\xE8\xAF\x9D",
    "\xE5\xA3\xB0",
    "\xE5\x98\xBB\xE5\x98\xBB",
};

static const char* const t1401[] = {
    "\xE6\x9E\xB6",
    "\xE6\x9E\xB6\xE5\xB1\xB1",
    "\xE8\x80\x85",
    "\xE8\xAE\xB0\xE6\x9C\xAC",
    "\xE8\xAE\xB0",
};

static const char* const t1402[] = {
    "\xE5\x90\x88",
    "\xE5\x8F\xB7",
};

static const char* const t1403[] = {
    "\xE4\xB8\x80",
    "\xE4\xBA\x8C",
    "\xE4\xB8\x80\xE6\xAC\xA1",
    "\xE4\xB8\x89",
    "\xE4\xB8\x80\xE4\xB8\xAA",
    "\xE5\x9B\x9B",
    "\xE4\xBA\x8C\xE6\xAC\xA1",
    "\xE4\xBA\x8C\xE5\xA4\xA9",
    "\xE4\xBA\x8C\xE4\xB8\xAA",
    "\xE4\xBA\x94",
    "\xE4\xB8\x80\xE6\x89\xB9",
    "\xE5\x85\xAD\xE6\xAC\xA1",
    "\xE4\xB8\x80\xE9\x83\xA8",
    "\xE4\xBA\x94\xE6\xAC\xA1",
    "\xE4\xB8\x89\xE6\xAC\xA1",
    "\xE4\xB8\x80\xE5\xB1\x8A",
    "\xE4\xB8\x83",
    "\xE4\xB8\x89\xE6\x89\xB9",
    "\xE5\x85\xAD",
    "\xE4\xBA\x8C\xE5\xB9\xB4",
    "\xE4\xB8\x89\xE4\xB8\xAA",
    "\xE4\xB8\x80\xE4\xBD\x8D",
    "\xE4\xB8\x80\xE5\xA4\xA9",
    "\xE4\xB8\x80\xE5\x90\x8D",
    "\xE4\xB8\x80\xE7\xA7\x8D",
    "\xE4\xB8\x80\xE6\xAD\xA5",
    "\xE4\xBA\x8C\xE4\xBA\xA7\xE4\xB8\x9A",
    "\xE4\xB8\x80\xE4\xBA\xA7\xE4\xB8\x9A",
    "\xE4\xBA\x94\xE5\xB1\x8A",
    "\xE4\xB8\x89\xE4\xBB\xA3",
    "\xE4\xBA\x8C\xE6\x89\xB9",
};

static const char* const t1404[] = {
    "\xE7\xBD\xA9",
};

static const char* const t1405[] = {
    "\xE7\xAD\x89",
    "\xE4\xBA\x8E",
    "\xE5\xBE\x85",
    "\xE7\xBA\xA7",
    "\xE5\x80\x99",
    "\xE5\x88\xB0",
    "\xE7\xA6\xBB\xE5\xAD\x90\xE4\xBD\x93",
};

static const char* const t1406[] = {
    "\xE5\x9F\x8E",
    "\xE6\x88\x90",
};

static const char* const t1407[] = {
    "\xE5\xBA\x94",
    "\xE6\xA1\x88",
    "\xE5\xA4\x8D",
    "\xE9\x81\x93",
};

static const char* const t1408[] = {
    "\xE7\x95\xA5",
    "\xE5\x88\x92",
};

static const char* const t1409[] = {
    "\xE5\xAD\x90",
};

static const char* const t1410[] = {
    "\xE5\xA4\x87",
};

static const char* const t1411[] = {
    "\xE8\xAE\xA2",
    "\xE7\xBD\xB2",
    "\xE5\xAD\x97",
    "\xE5\x90\x8D",
};

static const char* const t1412[] = {
    "\xE5\x8D\x95",
    "\xE7\xA7\xB0",
    "\xE4\xBB\x8B",
    "\xE7\x9B\xB4",
    "\xE5\x8E\x86",
    "\xE5\x8C\x96",
};

static const char* const t1413[] = {
    "\xE6\x98\xAF",
    "\xE4\xBA\x86",
    "\xE6\x9C\xAF",
};

static const char* const t1414[] = {
    "\xE7\x90\x86",
    "\xE8\xBE\x96",
    "\xE9\x81\x93",
    "\xE5\xAE\xB6",
    "\xE7\x90\x86\xE8\x80\x85",
    "\xE5\x88\xB6",
    "\xE7\x90\x86\xE6\x9D\x83",
    "\xE7\x90\x86\xE5\xB1\x80",
};

static const char* const t1415[] = {
    "\xE5\xAD\x90",
};

static const char* const t1416[] = {
    "\xE7\x90\x83",
    "\xE6\x9D\xBF",
};

static const char* const t1417[] = {
    "\xE6\x8B\xA5",
};

static const char* const t1418[] = {
    "\xE7\xB2\x89",
    "\xE6\xA0\xBC",
    "\xE5\x85\xB0",
};

static const char* const t1419[] = {
    "\xE5\x9E\x8B",
    "\xE4\xBC\xBC",
    "\xE5\x88\xAB",
};

static const char* const t1420[] = {
    "\xE7\xA2\x8E",
    "\xE7\xBA\xA2\xE8\x89\xB2",
};

static const char* const t1421[] = {
    "\xE5\xAD\x90",
};

static const char* const t1422[] = {
    "\xE5\xA4\xA7",
    "\xE7\xB3\x99",
};

static const char* const t1423[] = {
    "\xE9\xA3\x9F",
    "\xE9\xA3\x9F\xE4\xBD\x9C\xE7\x89\xA9",
};

static const char* const t1424[] = {
    "\xE7\xA5\x9E",
    "\xE5\xBD\xA9",
    "\xE5\x93\x81",
    "\xE5\x8D\x8E",
    "\xE7\xBB\x86",
    "\xE7\xBE\x8E",
    "\xE5\x8A\x9B",
    "\xE7\xA1\xAE",
    "\xE5\xBF\x83",
    "\xE7\xA5\x9E\xE6\x96\x87\xE6\x98\x8E",
    "\xE5\xBA\xA6",
    "\xE5\xB7\xA7",
    "\xE8\x8B\xB1",
    "\xE9\x80\x9A",
    "\xE8\x87\xB4",
    "\xE9\x94\x90",
    "\xE5\xAF\x86",
    "\xE9\x80\x89",
    "\xE5\xAD\x90",
    "\xE6\x98\x8E",
};

static const char* const t1425[] = {
    "\xE6\xB6\x82",
};

static const char* const t1426[] = {
    "\xE7\xB2\x91",
};

static const char* const t1427[] = {
    "\xE5\xB0\xBF\xE7\x97\x85",
};

static const char* const t1428[] = {
    "\xE7\xB3\x95",
};

static const char* const t1429[] = {
    "\xE7\xB1\xB3",
    "\xE7\xB1\xB3\xE9\xA5\xAD",
};

static const char* const t1430[] = {
    "\xE7\xBB\x9F",
    "\xE5\x88\x97",
    "\xE6\x95\xB0",
    "\xE7\xBB\x9F\xE5\x9C\xB0",
};

static const char* const t1431[] = {
    "\xE4\xB9\xB1",
};

static const char* const t1432[] = {
    "\xE8\xB4\xA8",
    "\xE6\x9C\x89",
};

static const char* const t1433[] = {
    "\xE6\x80\xA7",
    "\xE5\xB0\xBC",
};

static const char* const t1434[] = {
    "\xE5\xBC\xA0",
    "\xE6\x80\xA5",
    "\xE7\xB4\xA7",
    "\xE5\xAF\x86",
    "\xE9\x97\xAD",
    "\xE6\x8E\xA5\xE7\x9D\x80",
    "\xE6\x80\xA5\xE7\x8A\xB6\xE6\x80\x81",
    "\xE8\xBF\xAB",
};

static const char* const t1435[] = {
    "\xE7\xA6\x81\xE5\x9F\x8E",
    "\xE8\x89\xB2",
};

static const char* const t1436[] = {
    "\xE8\xAE\xA1",
};

static const char* const t1437[] = {
    "\xE6\xAE\x96",
    "\xE8\x8D\xA3",
    "\xE5\x8D\x8E",
    "\xE5\xBF\x99",
    "\xE5\xA4\x9A",
    "\xE9\x87\x8D",
    "\xE8\xA1\x8D",
    "\xE7\x90\x90",
};

static const char* const t1438[] = {
    "\xE6\xAD\xA3",
    "\xE7\xBA\xB7",
    "\xE7\xBC\xA0",
};

static const char* const t1439[] = {
    "\xE8\x89\xB2",
    "\xE5\x86\x9B",
    "\xE6\x97\x97",
    "\xE5\xA2\x99",
    "\xE7\x83\xA7",
    "\xE8\x8A\xB1",
    "\xE5\xA4\x96",
    "\xE5\xA8\x98\xE5\xAD\x90",
    "\xE5\x9C\x9F",
    "\xE6\xA5\xBC",
    "\xE8\x96\xAF",
};

static const char* const t1440[] = {
    "\xE7\xBB\xB4",
    "\xE7\xBB\xB4\xE7\xB4\xA0",
    "\xE7\xBB\xB4\xE6\x9D\xBF",
};

static const char* const t1441[] = {
    "\xE6\x9D\x9F",
    "\xE5\xAE\x9A",
    "\xE7\xBF\xB0",
};

static const char* const t1442[] = {
    "\xE5\x88\xAB",
};

static const char* const t1443[] = {
    "\xE5\xBF\xB5",
    "\xE5\xBD\x95",
    "\xE5\xBE\x8B",
    "\xE5\xBF\xB5\xE9\xA6\x86",
};

static const char* const t1444[] = {
    "\xE7\xB2\xB9",
    "\xE6\x94\xB6\xE5\x85\xA5",
    "\xE7\xA2\xB1",
    "\xE5\xB1\x9E",
};

static const char* const t1445[] = {
    "\xE9\xA2\x86",
};

static const char* const t1446[] = {
    "\xE5\x85\xA5",
    "\xE4\xBB\x80",
    "\xE7\xB2\xB9",
};

static const char* const t1447[] = {
    "\xE7\x84\xB6",
    "\xE8\xBA\xAB",
    "\xE6\xA8\xAA",
    "\xE8\xB4\xAF",
    "\xE6\xB7\xB1",
};

static const char* const t1448[] = {
    "\xE7\xBA\xB7",
};

static const char* const t1449[] = {
    "\xE5\x9D\x8A",
};

static const char* const t1450[] = {
    "\xE7\xBB\x87",
    "\xE7\xBB\x87\xE5\x93\x81",
};

static const char* const t1451[] = {
    "\xE7\xBA\xA6",
};

static const char* const t1452[] = {
    "\xE8\xB7\xAF",
    "\xE7\xB4\xA2",
    "\xE6\x80\xA7",
};

static const char* const t1453[] = {
    "\xE4\xB9\xA0",
};

static const char* const t1454[] = {
    "\xE7\xBB\x87",
    "\xE6\x88\x90",
    "\xE5\x90\x88",
    "\xE6\x88\x90\xE9\x83\xA8\xE5\x88\x86",
    "\xE5\xBB\xBA",
    "\xE7\xBB\x87\xE6\xB3\x95",
    "\xE9\x95\xBF",
};

static const char* const t1455[] = {
    "\xE8\x83\x9E",
    "\xE8\x8A\x82",
    "\xE8\x8F\x8C",
    "\xE8\x87\xB4",
    "\xE7\xBB\x86",
    "\xE5\xBF\x83",
    "\xE7\x9C\x8B",
    "\xE8\x85\xBB",
    "\xE9\x95\xBF",
};

static const char* const t1456[] = {
    "\xE4\xBA\x8E",
    "\xE8\xBA\xAB",
    "\xE7\xA9\xB6",
    "\xE7\xAB\xAF",
    "\xE6\xAD\xA2",
    "\xE5\xB9\xB4",
    "\xE7\x82\xB9",
};

static const char* const t1457[] = {
    "\xE5\x85\xB4",
};

static const char* const t1458[] = {
    "\xE6\xB5\x8E",
    "\xE8\xBF\x87",
    "\xE9\xAA\x8C",
    "\xE8\x90\xA5",
    "\xE5\xB8\xB8",
    "\xE5\x8E\x86",
    "\xE7\x90\x86",
    "\xE5\x85\xB8",
    "\xE8\xB4\xB9",
    "\xE6\xB5\x8E\xE7\x89\xB9\xE5\x8C\xBA",
    "\xE6\xB5\x8E\xE5\xAD\xA6",
    "\xE6\xB5\x8E\xE6\x95\x88\xE7\x9B\x8A",
    "\xE8\xB4\xB8",
    "\xE6\xB5\x8E\xE5\xAD\xA6\xE5\xAE\xB6",
    "\xE6\xB5\x8E\xE4\xBD\x9C\xE7\x89\xA9",
    "\xE5\x8F\x97",
    "\xE6\xB5\x8E\xE7\xA4\xBE\xE4\xBC\x9A",
    "\xE6\xB5\x8E\xE4\xBD\x93\xE5\x88\xB6",
    "\xE7\x90\x86\xE4\xBA\xBA",
    "\xE8\x90\xA5\xE8\x80\x85",
};

static const char* const t1459[] = {
    "\xE6\x9E\x84",
    "\xE6\x9E\x9C",
    "\xE6\x9D\x9F",
    "\xE5\x90\x88",
    "\xE5\xA9\x9A",
    "\xE8\xAE\xBA",
    "\xE6\x88\x90",
    "\xE5\xB1\x80",
    "\xE6\x99\xB6",
    "\xE7\xAE\x97",
    "\xE5\xAE\x9E",
};

static const char* const t1460[] = {
    "\xE8\xBF\x87",
};

static const char* const t1461[] = {
    "\xE7\x94\xBB",
    "\xE5\x88\xB6",
};

static const char* const t1462[] = {
    "\xE4\xBA\x88",
    "\xE5\x87\xBA",
};

static const char* const t1463[] = {
    "\xE5\xAF\xB9",
    "\xE4\xB8\x8D",
    "\xE5\xA4\xA7\xE5\xA4\x9A\xE6\x95\xB0",
    "\xE5\xA4\xA7\xE9\x83\xA8\xE5\x88\x86",
    "\xE6\x9C\x9B",
    "\xE6\x83\x85",
};

static const char* const t1464[] = {
    "\xE4\xB8\x80",
    "\xE6\xB2\xBB",
    "\xE8\xAE\xA1",
    "\xE6\xB2\xBB\xE8\x80\x85",
    "\xE5\xB8\x85",
    "\xE4\xB8\x80\xE6\x88\x98\xE7\xBA\xBF",
    "\xE9\xA2\x86",
    "\xE7\xA7\xB0",
    "\xE7\x8E\x87",
    "\xE6\xB2\xBB\xE9\x98\xB6\xE7\xBA\xA7",
    "\xE8\xBE\x96",
    "\xE7\xAD\xB9",
};

static const char* const t1465[] = {
    "\xE7\xBB\xAD",
    "\xE6\x89\xBF",
    "\xE4\xBD\x8D",
    "\xE8\x80\x8C",
};

static const char* const t1466[] = {
    "\xE5\xAD\x90",
    "\xE7\xB4\xA2",
};

static const char* const t1467[] = {
    "\xE6\x8A\xA4",
    "\xE6\x8C\x81",
    "\xE7\x94\x9F\xE7\xB4\xA0",
    "\xE4\xBF\xAE",
    "\xE5\x90\xBE\xE5\xB0\x94\xE6\x97\x8F",
    "\xE4\xB9\x9F\xE7\xBA\xB3",
};

static const char* const t1468[] = {
    "\xE5\xBB\xB6",
};

static const char* const t1469[] = {
    "\xE5\x90\x88",
    "\xE5\x90\x88\xE6\x80\xA7",
    "\xE5\x90\x88\xE6\xB2\xBB\xE7\x90\x86",
};

static const char* const t1470[] = {
    "\xE8\x89\xB2",
    "\xE5\x8C\x96",
    "\xE8\xB1\x86",
    "\xE8\x90\xBC",
};

static const char* const t1471[] = {
    "\xE7\x94\xB8",
};

static const char* const t1472[] = {
    "\xE7\xBC\x93",
    "\xE6\x85\xA2",
    "\xE8\xA7\xA3",
    "\xE5\x92\x8C",
};

static const char* const t1473[] = {
    "\xE7\xBB\x93",
};

static const char* const t1474[] = {
    "\xE8\xBE\x91",
    "\xE5\x88\xB6",
    "\xE8\xBE\x91\xE8\x80\x85",
    "\xE5\x86\x99",
    "\xE6\x88\x90",
    "\xE9\x92\x9F",
    "\xE9\x98\x9F",
    "\xE5\x89\xA7",
    "\xE7\xBA\x82",
};

static const char* const t1475[] = {
    "\xE6\x95\x85",
};

static const char* const t1476[] = {
    "\xE5\xB0\x8F",
    "\xE7\x9F\xAD",
};

static const char* const t1477[] = {
    "\xE7\xBA\xB3",
};

static const char* const t1478[] = {
    "\xE4\xB9\x8F",
    "\xE5\xB0\x91",
    "\xE9\x99\xB7",
    "\xE5\x8F\xA3",
    "\xE7\x82\xB9",
};

static const char* const t1479[] = {
    "\xE5\xAD\x90",
};

static const char* const t1480[] = {
    "\xE7\xBB\x9C",
    "\xE7\xAB\x99",
    "\xE9\xA1\xB5",
    "\xE4\xB8\x8A",
    "\xE5\x8F\x8B",
    "\xE6\xB0\x91",
};

static const char* const t1481[] = {
    "\xE8\xA7\x81",
};

static const char* const t1482[] = {
    "\xE9\xA9\xAC",
    "\xE7\x94\xB0",
    "\xE6\xB8\x85\xE6\xB3\x89",
    "\xE5\x88\xB9",
    "\xE9\xA9\xAC\xE5\xB8\x9D\xE5\x9B\xBD",
    "\xE9\xA9\xAC\xE5\xB0\xBC\xE4\xBA\x9A",
    "\xE7\x94\xB0\xE5\x8E\xBF",
};

static const char* const t1483[] = {
    "\xE6\xAC\xBE",
};

static const char* const t1484[] = {
    "\xE4\xBA\x86",
    "\xE5\xB7\xA5",
    "\xE5\x85\x8D",
};

static const char* const t1485[] = {
    "\xE6\x81\xB6",
    "\xE5\x90\x8D",
    "\xE8\xA1\x8C",
    "\xE7\x8A\xAF",
};

static const char* const t1486[] = {
    "\xE4\xBA\x8E",
};

static const char* const t1487[] = {
    "\xE7\xB8\xBB",
};

static const char* const t1488[] = {
    "\xE7\x9A\xAE",
    "\xE8\x82\x89",
};

static const char* const t1489[] = {
    "\xE5\x9B\xBD",
    "\xE5\x85\x83",
    "\xE5\x86\x9B",
    "\xE4\xB8\xBD",
    "\xE6\x9C\xAF",
    "\xE5\xA5\xBD",
    "\xE6\xB4\xB2",
    "\xE9\xA3\x9F",
    "\xE5\xA5\xB3",
    "\xE5\x91\xB3",
    "\xE8\xAA\x89",
    "\xE5\xAD\xA6",
    "\xE8\xB2\x8C",
    "\xE5\x9B\xBD\xE6\x94\xBF\xE5\xBA\x9C",
};

static const char* const t1490[] = {
    "\xE5\x9F\xBA",
};

static const char* const t1491[] = {
    "\xE6\x85\x95",
};

static const char* const t1492[] = {
    "\xE4\xBC\x97",
    "\xE5\xB2\x9B",
    "\xE4\xBD\x93",
    "\xE9\x9B\x84",
    "\xE4\xBC\x97\xE6\x80\xA7",
    "\xE8\x87\xA3",
};

static const char* const t1493[] = {
    "\xE8\x86\x80",
};

static const char* const t1494[] = {
    "\xE5\xB9\xB4",
};

static const char* const t1495[] = {
    "\xE6\x9E\x97\xE9\x99\xA2",
};

static const char* const t1496[] = {
    "\xE8\xAF\x91",
    "\xE8\xBA\xAB",
    "\xE4\xBF\xAE",
};

static const char* const t1497[] = {
    "\xE7\x9C\xBC",
};

static const char* const t1498[] = {
    "\xE5\xB8\x88",
    "\xE4\xBA\xBA",
    "\xE6\x9D\xBF",
    "\xE5\xA9\x86",
    "\xE7\x99\xBE\xE5\xA7\x93",
    "\xE7\x88\xB7",
    "\xE5\xAD\x90",
    "\xE5\xA4\xAA\xE5\xA4\xAA",
    "\xE8\x80\x85",
    "\xE4\xBA\xBA\xE5\xAE\xB6",
    "\xE5\xA4\xB4",
    "\xE8\x90\xA5",
    "\xE5\x85\xAC",
    "\xE5\xA4\xA7",
    "\xE5\xAE\x9E",
    "\xE6\xB1\x89",
    "\xE5\xB1\xB1",
    "\xE5\xA4\xAB",
    "\xE9\xBC\xA0",
    "\xE5\xA4\xB4\xE5\xAD\x90",
    "\xE8\x99\x8E",
    "\xE5\xAE\xB6",
    "\xE5\x85\x84",
    "\xE5\xB9\xB4\xE4\xBA\xBA",
    "\xE5\xBC\x9F",
    "\xE5\xA6\x87",
};

static const char* const t1499[] = {
    "\xE8\x99\x91",
    "\xE8\xAF\x95",
    "\xE7\x94\x9F",
    "\xE5\xAF\x9F",
    "\xE7\xA0\x94",
    "\xE6\xA0\xB8",
    "\xE9\xAA\x8C",
    "\xE5\x8F\xA4",
    "\xE8\xAF\x81",
    "\xE4\xB8\x8A",
};

static const char* const t1500[] = {
    "\xE4\xB8\x94",
    "\xE6\x98\xAF",
    "\xE8\xA8\x80",
    "\xE5\xB7\xB2",
    "\xE5\x90\x8E",
    "\xE7\xAB\x8B",
    "\xE8\xAE\xBA",
};

static const char* const t1501[] = {
    "\xE5\xBF\x83",
};

static const char* const t1502[] = {
    "\xE5\x9C\xB0",
    "\xE4\xBD\x9C",
    "\xE7\xA7\x8D",
};

static const char* const t1503[] = {
    "\xE8\xB4\xB9",
};

static const char* const t1504[] = {
    "\xE6\x9C\xB5",
    "\xE8\xBE\xB9",
    "\xE5\x85\x89",
};

static const char* const t1505[] = {
    "\xE5\xBE\x8B\xE9\xBD\x90",
    "\xE7\xA8\xA3",
};

static const char* const t1506[] = {
    "\xE8\xAF\xAF",
    "\xE6\x90\x81",
};

static const char* const t1507[] = {
    "\xE5\xA4\xA9",
};

static const char* const t1508[] = {
    "\xE4\xB8\x9A",
    "\xE6\x9D\x83",
    "\xE5\xB7\xA5",
    "\xE5\x8A\xA1",
    "\xE8\x83\xBD",
    "\xE4\xBD\x8D",
    "\xE5\x8F\xB8",
    "\xE8\xB4\xA3",
    "\xE5\x91\x98",
    "\xE7\xA7\xB0",
    "\xE5\xAE\x98",
};

static const char* const t1509[] = {
    "\xE7\xB3\xBB",
    "\xE5\x90\x88",
    "\xE5\x90\x88\xE5\x9B\xBD",
    "\xE7\x9B\x9F",
    "\xE8\xB5\x9B",
    "\xE9\x82\xA6",
    "\xE6\x83\xB3",
    "\xE5\x90\x88\xE4\xBC\x9A",
    "\xE7\xBB\x9C",
    "\xE5\x90\x8D",
    "\xE5\x86\x9B",
    "\xE6\x89\x8B",
    "\xE9\x98\x9F",
    "\xE7\xBB\x9C\xE7\xBA\xBF",
    "\xE5\x90\x88\xE6\x94\xBF\xE5\xBA\x9C",
};

static const char* const t1510[] = {
    "\xE8\xAF\xB7",
};

static const char* const t1511[] = {
    "\xE9\x9B\x86",
    "\xE4\xBC\x9A",
    "\xE5\xB1\x85",
    "\xE5\x90\x88",
};

static const char* const t1512[] = {
    "\xE6\x98\x8E",
};

static const char* const t1513[] = {
    "\xE7\xA9\x86",
};

static const char* const t1514[] = {
    "\xE6\x84\x8F",
};

static const char* const t1515[] = {
    "\xE8\x82\x89",
    "\xE8\x82\xA4",
};

static const char* const t1516[] = {
    "\xE5\xAD\x90",
};

static const char* const t1517[] = {
    "\xE8\x84\x8F",
};

static const char* const t1518[] = {
    "\xE5\xAD\x90",
};

static const char* const t1519[] = {
    "\xE4\xB8\x9C",
    "\xE4\xBB\xBD",
    "\xE6\x9D\x83",
    "\xE7\xA5\xA8",
    "\xE5\xB8\x82",
    "\xE4\xBB\xB7",
    "\xE6\x9C\xAC",
};

static const char* const t1520[] = {
    "\xE4\xBD\x93",
};

static const char* const t1521[] = {
    "\xE6\xB2\x83",
    "\xE6\x96\x99",
};

static const char* const t1522[] = {
    "\xE5\xA4\xB4",
    "\xE8\x86\x80",
    "\xE4\xB8\x8A",
};

static const char* const t1523[] = {
    "\xE5\xAE\x9A",
};

static const char* const t1524[] = {
    "\xE6\x89\x8D",
};

static const char* const t1525[] = {
    "\xE7\x98\xA4",
};

static const char* const t1526[] = {
    "\xE5\xAD\x90",
};

static const char* const t1527[] = {
    "\xE6\x99\xAF",
    "\xE4\xB8\x8A",
    "\xE5\x90\x8E",
    "\xE5\xBF\x83",
    "\xE9\x83\xA8",
    "\xE5\xBD\xB1",
    "\xE9\x9D\xA2",
    "\xE5\x8F\x9B",
};

static const char* const t1528[] = {
    "\xE5\x84\xBF",
};

static const char* const t1529[] = {
    "\xE5\xAD\x90",
};

static const char* const t1530[] = {
    "\xE8\x83\x8E",
};

static const char* const t1531[] = {
    "\xE5\x88\xA9",
    "\xE8\xBF\xB9",
    "\xE5\x9C\xB0",
    "\xE8\xBF\x87",
    "\xE8\xB4\x9F",
    "\xE4\xBB\xBB",
};

static const char* const t1532[] = {
    "\xE7\xA7\x89\xE5\xAE\xB8",
    "\xE5\x90\x8C",
    "\xE5\xAD\x90",
    "\xE8\xAF\xB4\xE5\x85\xAB\xE9\x81\x93",
    "\xE8\xAF\xB4",
    "\xE4\xB9\xB1",
    "\xE9\x94\xA6\xE6\xB6\x9B",
    "\xE9\x97\xB9",
};

static const char* const t1533[] = {
    "\xE8\x86\x8A",
};

static const char* const t1534[] = {
    "\xE5\x8F\xA3",
    "\xE5\x89\x8D",
    "\xE8\x86\x9B",
};

static const char* const t1535[] = {
    "\xE5\x8A\x9B",
    "\xE5\xA4\x9F",
    "\xE9\x87\x8F",
    "\xE6\xBA\x90",
    "\xE5\x90\xA6",
};

static const char* const t1536[] = {
    "\xE8\x82\xAA",
};

static const char* const t1537[] = {
    "\xE5\xBC\xB1",
};

static const char* const t1538[] = {
    "\xE5\x86\xB2",
};

static const char* const t1539[] = {
    "\xE6\xA4\x8E\xE5\x8A\xA8\xE7\x89\xA9",
};

static const char* const t1540[] = {
    "\xE8\xA2\x8B",
    "\xE5\xAD\x90",
    "\xE6\xB5\xB7",
};

static const char* const t1541[] = {
    "\xE5\xAD\x90",
};

static const char* const t1542[] = {
    "\xE6\xAD\xA5",
    "\xE4\xB8\x8B",
    "\xE6\x9C\xAC",
    "\xE6\xAD\xA5\xE5\xA3\xB0",
};

static const char* const t1543[] = {
    "\xE7\xA6\xBB",
    "\xE8\xBA\xAB",
};

static const char* const t1544[] = {
    "\xE4\xB8\x8A",
    "\xE8\x89\xB2",
    "\xE9\xA2\x8A",
};

static const char* const t1545[] = {
    "\xE6\xB0\x94",
};

static const char* const t1546[] = {
    "\xE8\x82\x89",
};

static const char* const t1547[] = {
    "\xE8\xB4\xA5",
    "\xE8\x9A\x80",
};

static const char* const t1548[] = {
    "\xE9\x97\xB4",
};

static const char* const t1549[] = {
    "\xE9\x83\xA8",
    "\xE5\x9C\xB0",
    "\xE4\xB8\xAD",
};

static const char* const t1550[] = {
    "\xE8\x83\x80",
};

static const char* const t1551[] = {
    "\xE6\xB0\x91",
};

static const char* const t1552[] = {
    "\xE5\xB7\xB1",
    "\xE7\x84\xB6",
    "\xE6\xB2\xBB\xE5\x8C\xBA",
    "\xE7\x94\xB1",
    "\xE6\xB2\xBB\xE5\xB7\x9E",
    "\xE8\xBA\xAB",
    "\xE6\xB2\xBB\xE5\x8E\xBF",
    "\xE6\xB2\xBB",
    "\xE5\x8A\xA8",
    "\xE6\x88\x91",
    "\xE4\xB8\xBB",
    "\xE4\xBB\x8E",
    "\xE8\xA1\x8C",
    "\xE8\xA7\x89",
    "\xE6\x88\x90",
    "\xE4\xBF\xA1",
    "\xE7\x84\xB6\xE8\xB5\x84\xE6\xBA\x90",
    "\xE6\x9D\x80",
    "\xE5\xB8\xA6",
    "\xE6\x9C\x89",
    "\xE7\xA7\xB0",
    "\xE7\x94\xB1\xE4\xBA\xBA",
    "\xE6\xB2\xBB\xE6\x9C\xBA\xE5\x85\xB3",
    "\xE5\xB9\xBC",
    "\xE8\xA1\x8C\xE8\xBD\xA6",
    "\xE5\x8F\xA4",
    "\xE6\xAD\xA4",
    "\xE5\x8A\xA8\xE5\x8C\x96",
    "\xE7\x84\xB6\xE7\x95\x8C",
    "\xE5\xAE\xB6",
    "\xE5\xAD\xA6",
    "\xE6\x84\xBF",
    "\xE7\x84\xB6\xE7\xA7\x91\xE5\xAD\xA6",
    "\xE5\x8D\xAB",
    "\xE6\xB2\xBB\xE6\x9D\x83",
    "\xE7\xAB\x8B",
    "\xE5\xB0\xBD",
    "\xE5\x8F\x91",
    "\xE7\x9F\xA5",
    "\xE5\x8D\xAB\xE9\x98\x9F",
    "\xE8\xB1\xAA",
    "\xE7\xBB\x99",
};

static const char* const t1553[] = {
    "\xE5\xB0\x91",
    "\xE4\xBA\x8E",
    "\xE4\xBB\x8A",
    "\xE6\xAD\xA4",
    "\xE5\xB0\x8A",
    "\xE5\x85\xB3\xE9\x87\x8D\xE8\xA6\x81",
};

static const char* const t1554[] = {
    "\xE4\xBD\xBF",
    "\xE5\x8A\x9B",
    "\xE5\xAF\x8C",
    "\xE5\x91\xBD",
    "\xE8\xBF\x9C",
};

static const char* const t1555[] = {
    "\xE8\x88\x85",
};

static const char* const t1556[] = {
    "\xE8\xAE\xBA",
};

static const char* const t1557[] = {
    "\xE5\xA4\xB4",
};

static const char* const t1558[] = {
    "\xE4\xB8\x8D\xE5\xBE\x97",
    "\xE5\xBE\x97",
};

static const char* const t1559[] = {
    "\xE6\x9C\x8D",
    "\xE9\x80\x82",
};

static const char* const t1560[] = {
    "\xE8\xB9\x88",
    "\xE5\x8F\xB0",
    "\xE7\xBE\x8E",
};

static const char* const t1561[] = {
    "\xE7\xA9\xBA",
    "\xE7\xBA\xBF",
    "\xE6\xB5\xB7",
    "\xE8\xBF\x90",
    "\xE7\x8F\xAD",
    "\xE6\xAF\x8D",
    "\xE5\xA4\xA9",
    "\xE8\xA1\x8C",
    "\xE9\x81\x93",
    "\xE7\xA9\xBA\xE6\xAF\x8D\xE8\x88\xB0",
    "\xE7\xA9\xBA\xE5\x85\xB5",
};

static const char* const t1562[] = {
    "\xE7\x9A\x84",
};

static const char* const t1563[] = {
    "\xE9\x98\x9F",
    "\xE8\x89\x87",
    "\xE8\x88\xB9",
};

static const char* const t1564[] = {
    "\xE4\xB8\xBB",
};

static const char* const t1565[] = {
    "\xE8\x88\xB6",
    "\xE9\x95\xBF",
    "\xE4\xB8\x8A",
    "\xE5\x8F\xAA",
    "\xE5\xA4\xB4",
};

static const char* const t1566[] = {
    "\xE5\xA5\xBD",
    "\xE4\xB9\x85",
    "\xE5\xBF\x83",
};

static const char* const t1567[] = {
    "\xE9\x9A\xBE",
    "\xE8\x8B\xA6",
};

static const char* const t1568[] = {
    "\xE5\xBD\xA9",
    "\xE7\xB4\xA0",
    "\xE9\x85\x9A",
};

static const char* const t1569[] = {
    "\xE6\x9C\xAF",
    "\xE6\x9C\xAF\xE5\xAE\xB6",
    "\xE4\xBA\xBA",
};

static const char* const t1570[] = {
    "\xE6\xBB\x8B\xE7\x97\x85",
};

static const char* const t1571[] = {
    "\xE7\x9B\xAE",
    "\xE6\x97\xA5",
    "\xE5\xBA\xA6\xE4\xBD\xBF",
    "\xE5\xA5\x8F",
    "\xE7\xBA\xA6",
    "\xE5\x88\xB6",
    "\xE7\x9C\x81",
};

static const char* const t1572[] = {
    "\xE8\x93\x89",
};

static const char* const t1573[] = {
    "\xE8\x8A\xB1",
    "\xE8\x8B\x87",
};

static const char* const t1574[] = {
    "\xE5\x85\xB0",
};

static const char* const t1575[] = {
    "\xE7\x89\x87",
};

static const char* const t1576[] = {
    "\xE5\xB2\x97\xE5\xB2\xA9",
    "\xE5\x9B\xAD",
    "\xE8\xB4\xB9",
    "\xE7\x94\x9F",
    "\xE9\x92\xB1",
    "\xE5\x8D\x89",
    "\xE6\xA0\xB7",
    "\xE7\x93\xA3",
};

static const char* const t1577[] = {
    "\xE7\x99\xBD",
};

static const char* const t1578[] = {
    "\xE8\x81\x94",
    "\xE5\xB7\x9E",
    "\xE7\xBB\xB4\xE5\x9F\x83",
    "\xE4\xB8\xB9",
    "\xE6\xA0\xBC\xE6\x8B\x89\xE5\xBA\x95",
    "\xE5\x86\x9B",
    "\xE6\xA0\xBC\xE5\x85\xB0",
};

static const char* const t1579[] = {
    "\xE6\x97\x8F",
    "\xE4\xBA\xBA\xE5\x87\xA4",
};

static const char* const t1580[] = {
    "\xE5\xB9\xB2",
    "\xE9\x9D\x9E",
};

static const char* const t1581[] = {
    "\xE7\xAC\x91",
    "\xE9\x9A\xBE",
    "\xE8\x8B\xA6",
    "\xE6\x81\xBC",
};

static const char* const t1582[] = {
    "\xE5\x9B\xBD",
    "\xE9\x9B\x84",
    "\xE8\xAF\xAD",
    "\xE6\x96\x87",
    "\xE5\x8B\x87",
    "\xE6\xA0\xBC\xE5\x85\xB0",
    "\xE5\x9B\xBD\xE4\xBA\xBA",
    "\xE5\x86\x9B",
    "\xE7\x89\xB9\xE5\xB0\x94",
    "\xE6\x89\x8D",
};

static const char* const t1583[] = {
    "\xE6\x9E\x9C",
};

static const char* const t1584[] = {
    "\xE5\x9B\xB4",
    "\xE7\x95\xB4",
    "\xE8\xA0\xA1",
    "\xE5\xAD\x90\xE6\x84\x9A",
};

static const char* const t1585[] = {
    "\xE7\x84\xB6",
    "\xE8\x8C\xAB",
};

static const char* const t1586[] = {
    "\xE5\x8F\xB6",
};

static const char* const t1587[] = {
    "\xE5\xB7\x9E",
    "\xE5\xB7\x9E\xE5\xB8\x82",
    "\xE9\x97\xA8",
    "\xE9\x97\xA8\xE5\xB8\x82",
    "\xE6\xB1\x9F",
    "\xE5\xB7\x9E\xE5\x8C\xBA",
    "\xE4\xB8\x9C",
};

static const char* const t1588[] = {
    "\xE5\x8E\x9F",
    "\xE6\xA1\x88",
    "\xE4\xB8\x9B",
    "\xE5\x9C\xB0",
};

static const char* const t1589[] = {
    "\xE6\xBC\xA0",
    "\xE5\x87\x89",
};

static const char* const t1590[] = {
    "\xE8\xAA\x89",
    "\xE8\x8E\xB7",
    "\xE7\xA6\x84",
    "\xE8\x80\x80",
};

static const char* const t1591[] = {
    "\xE7\x89\xA9",
    "\xE5\x93\x81",
    "\xE6\x9D\x90",
    "\xE7\x94\xA8",
    "\xE5\xB8\x88",
    "\xE5\xBA\x97",
};

static const char* const t1592[] = {
    "\xE5\x85\xB0",
    "\xE5\x8F\xB6",
    "\xE8\x8A\xB1",
};

static const char* const t1593[] = {
    "\xE6\x96\xAF\xE7\xA7\x91",
    "\xE9\x9D\x9E",
    "\xE5\x90\x8D\xE5\x85\xB6\xE5\xA6\x99",
    "\xE5\xA4\xA7",
};

static const char* const t1594[] = {
    "\xE5\xAD\x90",
    "\xE8\x93\xAC",
    "\xE8\x8A\xB1",
};

static const char* const t1595[] = {
    "\xE5\xBE\x97",
    "\xE5\x8F\x96",
    "\xE5\xA5\x96",
    "\xE8\x83\x9C",
    "\xE6\x82\x89",
};

static const char* const t1596[] = {
    "\xE8\x8A\xB1",
};

static const char* const t1597[] = {
    "\xE7\xB3\xBB",
    "\xE8\x82\xB4",
};

static const char* const t1598[] = {
    "\xE8\x90\xA8",
};

static const char* const t1599[] = {
    "\xE8\x8A\xB1",
};

static const char* const t1600[] = {
    "\xE5\xBE\x8B\xE5\xAE\xBE",
};

static const char* const t1601[] = {
    "\xE5\x85\xBB",
    "\xE9\x94\x80",
    "\xE9\x80\xA0",
    "\xE4\xB8\x9A",
    "\xE5\xBB\xBA",
    "\xE9\x95\xBF",
    "\xE5\x9C\xB0",
    "\xE6\x95\x91",
};

static const char* const t1602[] = {
    "\xE5\x90\x8E",
    "\xE5\xAE\x9E",
    "\xE4\xB8\x8B",
    "\xE5\x9C\xB0",
    "\xE5\x85\xA5",
    "\xE5\x8F\xB6",
    "\xE5\x88\xB0",
    "\xE6\x88\x90",
};

static const char* const t1603[] = {
    "\xE5\x90\x8D",
    "\xE4\xBD\x9C",
    "\xE7\xA7\xB0",
    "\xE8\xBF\xB0",
};

static const char* const t1604[] = {
    "\xE8\x90\x84\xE7\x89\x99",
    "\xE8\x90\x84",
};

static const char* const t1605[] = {
    "\xE4\xBA\x8B\xE4\xBC\x9A",
    "\xE4\xBA\x8B",
    "\xE4\xBA\x8B\xE9\x95\xBF",
    "\xE5\xB0\x8F\xE5\xAE\x9B",
};

static const char* const t1606[] = {
    "\xE8\x8A\xA6",
};

static const char* const t1607[] = {
    "\xE4\xBB\x8B\xE7\x9F\xB3",
    "\xE7\xA5\x9D\xE5\xB9\xB3",
    "\xE5\xAE\xB6\xE5\x86\xB2",
    "\xE4\xB8\xBD\xE8\x8E\x89",
};

static const char* const t1608[] = {
    "\xE5\x8F\xA4",
    "\xE5\x8F\xA4\xE6\x97\x8F",
    "\xE5\x8F\xA4\xE4\xBA\xBA",
};

static const char* const t1609[] = {
    "\xE5\x9C\xBB",
};

static const char* const t1610[] = {
    "\xE5\x8F\x91",
};

static const char* const t1611[] = {
    "\xE8\x89\xB2",
    "\xE5\xA4\xA9",
};

static const char* const t1612[] = {
    "\xE5\x9C\xB0",
};

static const char* const t1613[] = {
    "\xE5\x8B\x83",
};

static const char* const t1614[] = {
    "\xE5\xBB\xB6",
};

static const char* const t1615[] = {
    "\xE8\x8F\x9C",
};

static const char* const t1616[] = {
    "\xE8\x97\x8F",
    "\xE8\x97\x8F\xE9\x87\x8F",
};

static const char* const t1617[] = {
    "\xE5\xBC\xB1",
};

static const char* const t1618[] = {
    "\xE6\xB0\xB4",
    "\xE9\x85\xAC",
};

static const char* const t1619[] = {
    "\xE6\x97\x8F",
};

static const char* const t1620[] = {
    "\xE4\xBA\x95",
};

static const char* const t1621[] = {
    "\xE8\x8F\x87",
};

static const char* const t1622[] = {
    "\xE5\x81\x87",
};

static const char* const t1623[] = {
    "\xE7\x84\xB6",
    "\xE8\xAF\xB4",
};

static const char* const t1624[] = {
    "\xE7\x99\xBD\xE8\xB4\xA8",
    "\xE7\x99\xBD",
    "\xE5\xA3\xB3",
};

static const char* const t1625[] = {
    "\xE8\x9A\xA3",
};

static const char* const t1626[] = {
    "\xE7\x83\x9B",
};

static const char* const t1627[] = {
    "\xE8\x9C\x92",
};

static const char* const t1628[] = {
    "\xE8\x9D\xB6",
};

static const char* const t1629[] = {
    "\xE5\x90\x88",
    "\xE8\xB5\x84",
    "\xE5\x85\xA5",
};

static const char* const t1630[] = {
    "\xE6\x97\x8B",
};

static const char* const t1631[] = {
    "\xE6\xB6\xB2",
    "\xE7\xAE\xA1",
    "\xE8\x85\xA5",
    "\xE5\x8E\x8B",
};

static const char* const t1632[] = {
    "\xE6\x94\xBF",
    "\xE5\x8A\xA8",
    "\xE4\xB8\xBA",
    "\xE4\xB8\x9A",
    "\xE4\xBD\xBF",
    "\xE6\x94\xBF\xE5\x8C\xBA\xE5\x88\x92",
    "\xE8\x80\x85",
    "\xE6\x83\x85",
    "\xE6\x94\xBF\xE5\x8C\xBA",
    "\xE7\x9C\x81",
    "\xE6\x94\xBF\xE5\x8C\xBA\xE5\x9F\x9F",
    "\xE4\xBA\x8B",
    "\xE8\xB5\xB0",
    "\xE6\x94\xBF\xE5\x85\xAC\xE7\xBD\xB2",
    "\xE4\xBA\xBA",
    "\xE6\x9D\x8E",
    "\xE7\xA8\x8B",
    "\xE9\xA9\xB6",
    "\xE6\x98\x9F",
    "\xE7\xA4\xBC",
    "\xE5\xBE\x84",
    "\xE5\x88\x97",
    "\xE5\x86\x9B",
    "\xE8\xBF\x9B",
};

static const char* const t1633[] = {
    "\xE6\x8E\xA5",
};

static const char* const t1634[] = {
    "\xE9\x81\x93",
    "\xE5\xA4\xB4",
    "\xE4\xB8\x8A",
};

static const char* const t1635[] = {
    "\xE9\x97\xA8",
    "\xE7\xBD\xB2",
};

static const char* const t1636[] = {
    "\xE9\x87\x8F",
};

static const char* const t1637[] = {
    "\xE6\x9C\x8D",
    "\xE8\xA1\xAB",
    "\xE8\xA5\x9F",
    "\xE8\xA3\xB3",
    "\xE8\xA2\x96",
};

static const char* const t1638[] = {
    "\xE5\x85\x85",
    "\xE5\x81\xBF",
    "\xE7\xBB\x99",
    "\xE8\xB4\xB4",
};

static const char* const t1639[] = {
    "\xE7\xA4\xBA",
    "\xE7\x8E\xB0",
    "\xE6\x98\x8E",
    "\xE9\x9D\xA2",
    "\xE6\xBC\x94",
    "\xE8\xBE\xBE",
    "\xE5\x86\xB3",
    "\xE6\x83\x85",
    "\xE6\x80\x81",
    "\xE5\x86\xB3\xE6\x9D\x83",
    "\xE8\xBF\xB0",
    "\xE5\xBD\xB0",
};

static const char* const t1640[] = {
    "\xE8\x90\xBD",
    "\xE9\x80\x80",
};

static const char* const t1641[] = {
    "\xE6\x89\xBF\xE5\xBF\x97",
    "\xE4\xB8\x96\xE5\x87\xAF",
    "\xE5\xB4\x87\xE7\x84\x95",
    "\xE5\xAE\x97\xE7\x9A\x8B",
};

static const char* const t1642[] = {
    "\xE5\xAD\x90",
};

static const char* const t1643[] = {
    "\xE8\xBF\xAB",
    "\xE6\x8D\x95",
    "\xE5\x8A\xA8",
    "\xE4\xBF\x98",
    "\xE5\xAD\x90",
    "\xE9\x80\x89\xE4\xB8\xBE\xE6\x9D\x83",
    "\xE7\xBB\x9F\xE6\xB2\xBB\xE8\x80\x85",
    "\xE5\x91\x8A",
};

static const char* const t1644[] = {
    "\xE5\x87\xBB",
};

static const char* const t1645[] = {
    "\xE5\x88\xA4",
    "\xE5\x86\xB3",
    "\xE5\x91\x98",
};

static const char* const t1646[] = {
    "\xE5\xA4\x87",
    "\xE7\xBD\xAE",
    "\xE7\x94\xB2",
    "\xE9\xA5\xB0",
    "\xE6\x9C\x89",
    "\xE7\x94\xB2\xE5\x85\xB5",
    "\xE7\x94\xB2\xE8\xBD\xA6",
};

static const char* const t1647[] = {
    "\xE5\x8D\x83\xE4\xBB\x9E",
};

static const char* const t1648[] = {
    "\xE5\xAD\x90",
};

static const char* const t1649[] = {
    "\xE8\x89\xB2",
};

static const char* const t1650[] = {
    "\xE7\x9A\xB1",
};

static const char* const t1651[] = {
    "\xE9\x98\xB3",
    "\xE5\xB7\x9E",
    "\xE5\x9F\x8E\xE5\x8C\xBA",
};

static const char* const t1652[] = {
    "\xE6\x96\xB9",
    "\xE5\x8C\x97",
    "\xE9\x83\xA8",
    "\xE5\x8D\x97",
    "\xE7\x8F\xAD\xE7\x89\x99",
    "\xE8\x97\x8F",
    "\xE5\xAE\x89",
    "\xE5\x8C\x97\xE9\x83\xA8",
    "\xE6\xB1\x89",
    "\xE6\x99\x8B",
    "\xE5\x9F\x9F",
    "\xE5\x91\xA8",
    "\xE5\x8D\x97\xE9\x83\xA8",
    "\xE8\xBE\xB9",
    "\xE6\xAC\xA7",
    "\xE4\xBE\xA7",
    "\xE5\xA4\x8F",
    "\xE9\x97\xA8",
    "\xE5\xB2\xB8",
    "\xE6\xB4\x8B",
    "\xE5\x90\x91\xE4\xB8\x9C",
    "\xE4\xBA\x9A",
    "\xE5\x9F\x8E",
    "\xE4\xBC\xAF\xE5\x88\xA9\xE4\xBA\x9A",
    "\xE6\xB9\x96",
    "\xE5\xB1\xB1",
};

static const char* const t1653[] = {
    "\xE6\xB1\x82",
    "\xE6\x98\xAF",
    "\xE7\xB4\xA0",
    "\xE8\xAF\xB4",
    "\xE7\xB4\xA7",
    "\xE4\xB9\x88",
    "\xE5\xAE\xB3",
    "\xE6\xAD\xBB",
};

static const char* const t1654[] = {
    "\xE7\x9B\x96",
};

static const char* const t1655[] = {
    "\xE5\x88\xB0",
    "\xE9\x9D\xA2",
    "\xE4\xBA\x8E",
    "\xE9\x95\xBF",
    "\xE8\xAF\x86",
    "\xE8\xA7\xA3",
    "\xE8\xAF\x81",
    "\xE5\xBE\x97",
};

static const char* const t1656[] = {
    "\xE7\x82\xB9",
    "\xE5\xBF\xB5",
    "\xE5\xAF\x9F",
    "\xE4\xBC\x97",
    "\xE7\x9C\x8B",
    "\xE6\xB5\x8B",
    "\xE9\x9F\xB3",
    "\xE8\xB5\x8F",
    "\xE5\x85\x89",
};

static const char* const t1657[] = {
    "\xE5\xAE\x9A",
    "\xE6\xA8\xA1",
    "\xE5\x88\x92",
    "\xE5\xBE\x8B",
    "\xE8\x8C\x83",
    "\xE5\x88\x99",
    "\xE7\x9F\xA9",
    "\xE6\xA0\xBC",
    "\xE8\x8C\x83\xE5\x8C\x96",
    "\xE7\xAB\xA0",
};

static const char* const t1658[] = {
    "\xE4\xB8\xBA",
    "\xE9\xA2\x91",
    "\xE5\xAF\x9F",
    "\xE8\xA7\x89",
    "\xE9\x87\x8E",
    "\xE7\xBA\xBF",
};

static const char* const t1659[] = {
    "\xE5\xBE\x97",
    "\xE9\x86\x92",
};

static const char* const t1660[] = {
    "\xE5\xBA\xA6",
    "\xE8\x89\xB2",
    "\xE8\x90\xBD",
};

static const char* const t1661[] = {
    "\xE5\x86\xB3",
    "\xE9\x87\x8A",
    "\xE6\x94\xBE",
    "\xE6\x94\xBE\xE5\x86\x9B",
    "\xE6\x94\xBE\xE5\x8C\xBA",
    "\xE9\x99\xA4",
    "\xE5\xBC\x80",
    "\xE6\x94\xBE\xE6\x88\x98\xE4\xBA\x89",
    "\xE7\xAD\x94",
    "\xE6\x95\xA3",
    "\xE4\xBD\x93",
    "\xE8\xAF\xBB",
    "\xE8\x84\xB1",
    "\xE6\x94\xBE\xE8\xB7\xAF",
    "\xE5\x89\x96",
    "\xE6\x9E\x90",
    "\xE6\x94\xBE\xE5\x90\x8E",
};

static const char* const t1662[] = {
    "\xE8\xAF\xAD",
    "\xE8\xAE\xBA",
};

static const char* const t1663[] = {
    "\xE5\xA7\x86\xE6\x96\xAF",
};

static const char* const t1664[] = {
    "\xE4\xB8\xBA",
};

static const char* const t1665[] = {
    "\xE5\xAF\x9F",
    "\xE5\x91\x8A",
    "\xE6\x83\x95",
    "\xE6\x96\xB9",
    "\xE5\xAE\x98",
    "\xE5\x8D\xAB",
    "\xE6\x88\x92",
};

static const char* const t1666[] = {
    "\xE5\xA6\x82",
};

static const char* const t1667[] = {
    "\xE5\x88\x92",
    "\xE7\xAE\x97\xE6\x9C\xBA",
    "\xE7\xAE\x97",
    "\xE5\x88\x92\xE7\x94\x9F\xE8\x82\xB2",
    "\xE8\xBE\x83",
    "\xE9\x87\x8F",
};

static const char* const t1668[] = {
    "\xE7\xAB\x8B",
};

static const char* const t1669[] = {
    "\xE4\xB8\xBA",
    "\xE8\xAF\x86",
    "\xE7\x9C\x9F",
    "\xE5\xAE\x9A",
    "\xE5\xBE\x97",
    "\xE8\xAF\x81",
    "\xE5\x8F\xAF",
    "\xE5\x90\x8C",
    "\xE5\x87\xBA",
};

static const char* const t1670[] = {
    "\xE8\xAE\xBA",
    "\xE5\x8E\x8C",
    "\xE5\xA5\xBD",
};

static const char* const t1671[] = {
    "\xE7\xBB\x83",
    "\xE7\xBB\x83\xE7\x8F\xAD",
};

static const char* const t1672[] = {
    "\xE4\xBC\x9A",
    "\xE6\xA1\x88",
    "\xE4\xBA\x8B",
    "\xE8\xAE\xBA",
    "\xE5\x91\x98",
    "\xE7\xA8\x8B",
    "\xE9\xA2\x98",
    "\xE5\x92\x8C",
};

static const char* const t1673[] = {
    "\xE8\x80\x85",
    "\xE8\xBD\xBD",
    "\xE5\xBD\x95",
    "\xE5\xBE\x97",
    "\xE5\xBF\x86",
    "\xE4\xBD\x8F",
    "\xE8\xBF\xB0",
    "\xE8\x80\x85\xE4\xBC\x9A",
};

static const char* const t1674[] = {
    "\xE8\xAF\x9D",
    "\xE7\xA9\xB6",
    "\xE8\xBF\xB0",
    "\xE6\xB1\x82",
};

static const char* const t1675[] = {
    "\xE5\xA4\x9A",
    "\xE5\x8F\xAF",
    "\xE5\xAE\xB6",
};

static const char* const t1676[] = {
    "\xE5\x9D\x9B",
    "\xE8\xBF\xB0",
    "\xE6\x96\x87",
    "\xE8\xAF\x81",
};

static const char* const t1677[] = {
    "\xE5\x88\xBA",
};

static const char* const t1678[] = {
    "\xE8\xAE\xA1",
    "\xE7\xAB\x8B",
    "\xE5\xA4\x87",
    "\xE6\x96\xBD",
    "\xE7\xBD\xAE",
    "\xE6\x9C\x89",
    "\xE6\x83\xB3",
    "\xE5\x9C\xA8",
    "\xE6\xB3\x95",
    "\xE8\xAE\xA1\xE5\xB8\x88",
    "\xE8\xAE\xA1\xE8\x80\x85",
};

static const char* const t1679[] = {
    "\xE9\x97\xAE",
    "\xE8\xB0\x88",
};

static const char* const t1680[] = {
    "\xE6\x98\x8E",
    "\xE5\x88\xB8",
    "\xE4\xB9\xA6",
    "\xE5\xAE\x9E",
    "\xE6\x8D\xAE",
};

static const char* const t1681[] = {
    "\xE4\xBB\xB7",
    "\xE8\xAE\xBA",
    "\xE4\xB8\xBA",
    "\xE4\xBC\xB0",
    "\xE9\x80\x89",
    "\xE5\xAE\xA1",
};

static const char* const t1682[] = {
    "\xE5\x88\xAB",
};

static const char* const t1683[] = {
    "\xE8\xAE\xBC",
};

static const char* const t1684[] = {
    "\xE6\x96\xAD",
};

static const char* const t1685[] = {
    "\xE6\x9D\xA1",
    "\xE5\x85\xB8",
    "\xE6\xB1\x87",
};

static const char* const t1686[] = {
    "\xE4\xB9\xA6",
    "\xE4\xBB\xA4",
};

static const char* const t1687[] = {
    "\xE9\xAA\x8C",
    "\xE5\x9B\xBE",
    "\xE7\x82\xB9",
    "\xE8\xAF\x95",
    "\xE9\xA2\x98",
    "\xE7\x94\xA8",
};

static const char* const t1688[] = {
    "\xE4\xBA\xBA",
    "\xE6\xAD\x8C",
    "\xE6\x96\x87",
    "\xE7\xAF\x87",
    "\xE9\x9B\x86",
};

static const char* const t1689[] = {
    "\xE4\xBF\xA1",
};

static const char* const t1690[] = {
    "\xE9\xA2\x98",
    "\xE5\x89\xA7",
};

static const char* const t1691[] = {
    "\xE7\x94\x9F",
};

static const char* const t1692[] = {
    "\xE9\x97\xAE",
};

static const char* const t1693[] = {
    "\xE5\xB8\x82",
    "\xE4\xB9\xA6",
    "\xE6\xA0\xA1",
    "\xE5\xBD\x93",
};

static const char* const t1694[] = {
    "\xE7\xBB\x86",
    "\xE6\x83\x85",
};

static const char* const t1695[] = {
    "\xE5\xBC\x82",
};

static const char* const t1696[] = {
    "\xE8\xA8\x80",
    "\xE6\xB0\x94",
    "\xE9\x9F\xB3",
    "\xE6\x96\x87",
    "\xE6\xB3\x95",
    "\xE6\x97\x8F",
};

static const char* const t1697[] = {
    "\xE8\xA7\xA3",
    "\xE4\xBC\x9A",
};

static const char* const t1698[] = {
    "\xE6\x83\x91",
};

static const char* const t1699[] = {
    "\xE9\x81\x93",
    "\xE8\xAF\x9D",
    "\xE6\x98\x8E",
    "\xE6\xB3\x95",
    "\xE5\xAE\x8C",
    "\xE5\x87\xBA",
    "\xE4\xB8\x8D\xE5\xAE\x9A",
    "\xE8\xB5\xB7",
    "\xE6\x9D\xA5",
    "\xE6\x9C\x8D",
    "\xE5\xAE\x9E\xE8\xAF\x9D",
    "\xE5\xA5\xBD",
};

static const char* const t1700[] = {
    "\xE6\xB1\x82",
    "\xE6\x84\xBF",
    "\xE6\x95\x99",
    "\xE9\x97\xAE",
    "\xE5\xAE\x89",
    "\xE6\x9D\xA5",
    "\xE7\xA4\xBA",
};

static const char* const t1701[] = {
    "\xE8\x91\x9B\xE4\xBA\xAE",
    "\xE5\xA4\x9A",
    "\xE5\xA6\x82",
    "\xE4\xBE\xAF",
    "\xE4\xBD\x8D",
    "\xE5\x9B\xBD",
    "\xE5\xB7\x9E",
};

static const char* const t1702[] = {
    "\xE8\x80\x85",
    "\xE4\xB9\xA6",
    "\xE4\xB9\xA6\xE4\xBA\xBA",
    "\xE5\xAE\x8C",
};

static const char* const t1703[] = {
    "\xE7\xA8\x8B",
    "\xE9\xA2\x98",
    "\xE5\xA0\x82",
    "\xE7\x9B\xAE",
};

static const char* const t1704[] = {
    "\xE7\x9F\xA5",
};

static const char* const t1705[] = {
    "\xE6\x95\xB4",
    "\xE6\x9F\xA5",
    "\xE8\x8A\x82",
    "\xE5\x8A\xA8",
    "\xE6\x8E\xA7",
    "\xE8\xA7\xA3",
    "\xE5\x92\x8C",
    "\xE7\xA0\x94",
    "\xE5\x89\x82",
    "\xE5\x88\xB6",
    "\xE5\x85\xB3\xE9\x95\x87",
};

static const char* const t1706[] = {
    "\xE5\x88\xA4",
    "\xE8\xAF\x9D",
    "\xE5\x88\xB0",
    "\xE8\xAE\xBA",
    "\xE8\xB0\x88",
};

static const char* const t1707[] = {
    "\xE6\xB1\x82",
};

static const char* const t1708[] = {
    "\xE8\xB0\xA2",
    "\xE6\x81\xA9",
};

static const char* const t1709[] = {
    "\xE8\xA8\x80",
};

static const char* const t1710[] = {
    "\xE6\x85\x8E",
};

static const char* const t1711[] = {
    "\xE8\xB4\xA3",
};

static const char* const t1712[] = {
    "\xE5\x9C\xB0",
    "\xE7\x89\xA9",
};

static const char* const t1713[] = {
    "\xE8\x85\x90",
};

static const char* const t1714[] = {
    "\xE8\xB1\x86",
};

static const char* const t1715[] = {
    "\xE5\xBE\x81",
    "\xE6\x98\xAF",
};

static const char* const t1716[] = {
    "\xE5\x8D\x8E",
    "\xE6\x9D\xB0",
};

static const char* const t1717[] = {
    "\xE5\xB0\x94",
};

static const char* const t1718[] = {
    "\xE8\xB4\xA3",
    "\xE8\xB4\xA3\xE4\xBA\xBA",
    "\xE6\x8B\x85",
    "\xE8\xB4\xA3\xE5\x88\xB6",
    "\xE9\x9D\xA2",
};

static const char* const t1719[] = {
    "\xE7\x8C\xAE",
    "\xE7\x8C\xAE\xE8\x80\x85",
};

static const char* const t1720[] = {
    "\xE4\xBA\xA7",
    "\xE6\x94\xBF",
    "\xE5\xAF\x8C",
    "\xE5\x8A\xA1",
    "\xE7\x89\xA9",
    "\xE7\xBB\x8F",
    "\xE5\x8A\x9B",
};

static const char* const t1721[] = {
    "\xE4\xBB\xBB",
    "\xE5\xA4\x87",
    "\xE4\xBB\xBB\xE6\x84\x9F",
};

static const char* const t1722[] = {
    "\xE6\x88\xB7",
};

static const char* const t1723[] = {
    "\xE5\xB8\x81",
    "\xE7\x89\xA9",
    "\xE5\xB8\x81\xE8\xB5\x84\xE6\x9C\xAC",
};

static const char* const t1724[] = {
    "\xE9\x87\x8F",
    "\xE5\x9C\xB0",
    "\xE7\x96\x91",
    "\xE8\xAF\xA2",
};

static const char* const t1725[] = {
    "\xE5\x8D\x96",
};

static const char* const t1726[] = {
    "\xE6\xB1\xA1",
    "\xE5\xA9\xAA",
};

static const char* const t1727[] = {
    "\xE5\x9B\xB0",
    "\xE8\x8B\xA6",
    "\xE7\xA9\xB7",
    "\xE6\xB0\x91",
    "\xE5\xAF\x8C",
};

static const char* const t1728[] = {
    "\xE5\x80\xBC",
};

static const char* const t1729[] = {
    "\xE4\xB9\xB0",
    "\xE7\x89\xA9",
};

static const char* const t1730[] = {
    "\xE8\x97\x8F",
};

static const char* const t1731[] = {
    "\xE5\xBD\xBB",
    "\xE9\x80\x9A",
};

static const char* const t1732[] = {
    "\xE6\x97\x8F",
    "\xE5\xB7\x9E",
    "\xE5\xA6\x83",
};

static const char* const t1733[] = {
    "\xE6\xAC\xBE",
};

static const char* const t1734[] = {
    "\xE6\x98\x93",
};

static const char* const t1735[] = {
    "\xE7\x94\xA8",
};

static const char* const t1736[] = {
    "\xE5\xBF\x97\xE6\x9D\xB0",
    "\xE6\x9C\x9D\xE8\xBD\xA9",
};

static const char* const t1737[] = {
    "\xE8\xB5\x82",
};

static const char* const t1738[] = {
    "\xE6\xBA\x90",
    "\xE6\x9C\xAC",
    "\xE6\x96\x99",
    "\xE9\x87\x91",
    "\xE6\x9C\xAC\xE4\xB8\xBB\xE4\xB9\x89",
    "\xE4\xBA\xA7\xE9\x98\xB6\xE7\xBA\xA7",
    "\xE6\xA0\xBC",
    "\xE4\xBA\xA7",
    "\xE6\x9C\xAC\xE5\xAE\xB6",
    "\xE5\x8A\xA9",
    "\xE8\xB4\xB9",
    "\xE8\xAE\xAF",
    "\xE6\xB7\xB1",
};

static const char* const t1739[] = {
    "\xE4\xBA\x88",
    "\xE7\xA8\x8E",
};

static const char* const t1740[] = {
    "\xE5\x8D\x9A",
};

static const char* const t1741[] = {
    "\xE8\xB5\x90",
};

static const char* const t1742[] = {
    "\xE5\x81\xBF",
};

static const char* const t1743[] = {
    "\xE9\x92\xB1",
};

static const char* const t1744[] = {
    "\xE5\xAD\xA3",
    "\xE4\xBA\x8B",
    "\xE5\x90\x8E",
    "\xE5\x9C\xBA",
};

static const char* const t1745[] = {
    "\xE6\x88\x90",
    "\xE5\x90\x8C",
    "\xE6\x89\xAC",
    "\xE8\xB5\x8F",
    "\xE5\x8F\xB9",
};

static const char* const t1746[] = {
    "\xE5\xBE\x97",
};

static const char* const t1747[] = {
    "\xE5\xA3\x81",
    "\xE9\x81\x93",
};

static const char* const t1748[] = {
    "\xE5\x90\x91",
    "\xE5\x87\xBA",
    "\xE8\xBF\x9B",
    "\xE4\xB8\x8A",
    "\xE6\x9D\xA5",
    "\xE8\xBF\x91",
    "\xE5\xBB\x8A",
    "\xE7\xA7\x81",
    "\xE8\xBF\x87",
    "\xE8\xB7\xAF",
    "\xE9\xA9\xAC\xE5\xB2\xAD",
    "\xE5\x8A\xBF",
    "\xE8\xAE\xBF",
    "\xE7\x8B\x97",
};

static const char* const t1749[] = {
    "\xE5\xBF\x97\xE6\x95\xAC",
    "\xE5\xAF\x84\xE5\xAE\xA2",
    "\xE5\xA4\xA7\xE6\x98\x8E",
};

static const char* const t1750[] = {
    "\xE5\xBF\xAB",
    "\xE7\xB4\xA7",
    "\xE5\x88\xB0",
    "\xE6\x9D\xA5",
    "\xE4\xB8\x8A",
    "\xE5\x9B\x9E",
    "\xE5\xBF\x99",
};

static const char* const t1751[] = {
    "\xE6\x9D\xA5",
    "\xE4\xB9\x89",
    "\xE8\xBA\xAB",
    "\xE6\xBA\x90",
    "\xE5\x88\xB0",
    "\xE7\x82\xB9",
    "\xE4\xB9\x89\xE5\x86\x9B",
    "\xE4\xBC\x8F",
    "\xE9\xA3\x9E",
    "\xE5\x88\x9D",
    "\xE8\x8D\x89",
    "\xE5\x85\xB5",
    "\xE7\xA0\x81",
    "\xE5\xBA\x8A",
    "\xE8\xAF\x89",
    "\xE6\xAD\xA5",
};

static const char* const t1752[] = {
    "\xE6\x9C\xBA",
    "\xE7\x9D\x80",
};

static const char* const t1753[] = {
    "\xE8\xBF\x87",
    "\xE8\xB6\x8A",
    "\xE5\x87\xBA",
    "\xE7\xBA\xA7",
    "\xE5\xB8\x82",
};

static const char* const t1754[] = {
    "\xE6\x9D\xA5\xE8\xB6\x8A",
    "\xE6\x98\xAF",
    "\xE5\x8D\x97",
    "\xE5\x8F\x91",
    "\xE5\x9B\xBD",
};

static const char* const t1755[] = {
    "\xE5\x8A\xBF",
    "\xE5\x90\x91",
    "\xE4\xBA\x8E",
};

static const char* const t1756[] = {
    "\xE5\xA4\x9F",
    "\xE7\x90\x83",
    "\xE4\xBB\xA5",
};

static const char* const t1757[] = {
    "\xE5\x9C\xA8",
};

static const char* const t1758[] = {
    "\xE8\xB5\xB7",
};

static const char* const t1759[] = {
    "\xE7\xA6\xBB",
};

static const char* const t1760[] = {
    "\xE9\x9A\x8F",
    "\xE8\xB8\xAA",
    "\xE7\x9D\x80",
    "\xE5\x89\x8D",
};

static const char* const t1761[] = {
    "\xE5\xBA\xA6",
    "\xE8\xB6\x8A",
};

static const char* const t1762[] = {
    "\xE4\xB8\x8B",
    "\xE5\x80\x92",
};

static const char* const t1763[] = {
    "\xE7\xBA\xBF",
    "\xE4\xB8\x8A",
    "\xE6\xA1\xA5",
    "\xE8\xBE\xB9",
    "\xE8\xBF\x87",
    "\xE9\x9D\xA2",
    "\xE5\xBE\x84",
    "\xE5\xAD\x90",
};

static const char* const t1764[] = {
    "\xE6\xA7\xBD",
};

static const char* const t1765[] = {
    "\xE8\xBA\xAB",
};

static const char* const t1766[] = {
    "\xE8\xBA\x87",
};

static const char* const t1767[] = {
    "\xE4\xB8\x8A",
    "\xE5\xAE\x9E",
};

static const char* const t1768[] = {
    "\xE4\xB8\x8A",
    "\xE4\xBD\x93",
    "\xE5\xAD\x90",
    "\xE8\xBE\xB9",
    "\xE4\xBB\xBD",
    "\xE5\x90\x8E",
    "\xE6\x97\x81",
    "\xE6\x9D\x90",
    "\xE7\xA9\xBF",
    "\xE5\x88\x86",
    "\xE5\xBD\xB1",
    "\xE4\xB8\xBA",
    "\xE4\xBB\xBD\xE8\xAF\x81",
    "\xE7\x9D\x80",
    "\xE5\xBD\xA2",
    "\xE5\xBF\x83",
    "\xE5\x8F\x97",
    "\xE9\xAB\x98",
    "\xE8\xBA\xAF",
};

static const char* const t1769[] = {
    "\xE8\xBA\xAB",
};

static const char* const t1770[] = {
    "\xE4\xBD\x93",
};

static const char* const t1771[] = {
    "\xE9\x81\xBF",
};

static const char* const t1772[] = {
    "\xE7\xA8\x8B",
    "\xE8\xBE\x86",
    "\xE7\xAB\x99",
    "\xE4\xB8\x8A",
    "\xE7\x89\x8C",
    "\xE5\xAD\x90",
    "\xE9\x97\xB4",
    "\xE5\x8E\xA2",
    "\xE5\x9F\x8E\xE8\xA5\xBF",
    "\xE4\xBD\x93",
};

static const char* const t1773[] = {
    "\xE9\x81\x93",
    "\xE8\xBF\xB9",
};

static const char* const t1774[] = {
    "\xE7\xA7\xBB",
    "\xE5\x8C\x96",
    "\xE5\x8F\x98",
    "\xE8\xBA\xAB",
    "\xE8\xBF\x87",
    "\xE5\x90\x91",
    "\xE6\x8D\xA2",
    "\xE5\xA4\xB4",
    "\xE8\xAE\xA9",
    "\xE5\x85\xA5",
    "\xE5\x8A\xA8",
    "\xE5\x9E\x8B",
    "\xE4\xB8\xBA",
    "\xE5\xBF\xB5",
    "\xE8\xBF\x90",
    "\xE8\x80\x8C",
    "\xE5\x8F\x91",
    "\xE6\x8A\x98",
};

static const char* const t1775[] = {
    "\xE6\xB5\x81",
    "\xE8\x88\xB9",
    "\xE7\x95\xAA",
    "\xE5\xBB\x93",
};

static const char* const t1776[] = {
    "\xE4\xBB\xB6",
};

static const char* const t1777[] = {
    "\xE7\x82\xB8\xE6\x9C\xBA",
    "\xE7\x82\xB8",
};

static const char* const t1778[] = {
    "\xE8\xBD\xBB",
    "\xE6\x9D\xBE",
    "\xE6\x98\x93",
    "\xE8\xBD\xBB\xE5\x9C\xB0",
    "\xE5\xB7\xA5\xE4\xB8\x9A",
    "\xE5\xB7\xA5",
    "\xE5\x9E\x8B",
    "\xE5\xA3\xB0",
    "\xE5\xBE\xAE",
    "\xE8\xA7\x86",
};

static const char* const t1779[] = {
    "\xE4\xBD\x93",
};

static const char* const t1780[] = {
    "\xE5\xAD\x90",
    "\xE8\xBD\xA6",
};

static const char* const t1781[] = {
    "\xE5\xA4\xA7",
    "\xE4\xB8\xBA",
    "\xE9\x87\x8F",
    "\xE5\xB7\xAE",
};

static const char* const t1782[] = {
    "\xE5\x8A\xA9",
    "\xE5\xAF\xBC",
};

static const char* const t1783[] = {
    "\xE5\x87\xBA",
};

static const char* const t1784[] = {
    "\xE7\x85\x8C",
};

static const char* const t1785[] = {
    "\xE5\xB0\x84",
};

static const char* const t1786[] = {
    "\xE5\x87\xBA",
    "\xE5\x85\xA5",
    "\xE9\x80\x81",
};

static const char* const t1787[] = {
    "\xE5\x8C\xBA",
};

static const char* const t1788[] = {
    "\xE4\xBA\xA5\xE9\x9D\xA9\xE5\x91\xBD",
    "\xE5\x8B\xA4",
    "\xE8\x8B\xA6",
};

static const char* const t1789[] = {
    "\xE8\x81\x8C",
    "\xE5\x8E\xBB",
};

static const char* const t1790[] = {
    "\xE5\x91\xB3",
};

static const char* const t1791[] = {
    "\xE8\xAE\xBA",
};

static const char* const t1792[] = {
    "\xE7\xBC\x98",
    "\xE7\x95\x8C",
    "\xE5\xA2\x83",
    "\xE9\x98\xB2",
    "\xE5\x8C\xBA",
    "\xE4\xB8\x8A",
    "\xE7\x96\x86",
};

static const char* const t1793[] = {
    "\xE4\xB8\x9C",
    "\xE5\xAE\x81",
    "\xE5\xAE\x81\xE7\x9C\x81",
};

static const char* const t1794[] = {
    "\xE5\x88\xB0",
    "\xE6\x88\x90",
};

static const char* const t1795[] = {
    "\xE9\x83\xBD",
    "\xE7\xA7\xBB",
};

static const char* const t1796[] = {
    "\xE4\xBB\x8A",
};

static const char* const t1797[] = {
    "\xE9\x80\x9F",
};

static const char* const t1798[] = {
    "\xE7\xA8\x8B",
    "\xE5\x8E\xBB",
    "\xE6\x9D\xA5",
    "\xE6\xB8\xA1",
    "\xE4\xBA\x8E",
    "\xE5\x88\x86",
    "\xE5\xBA\xA6",
    "\xE5\xB9\xB4",
    "\xE6\x97\xA9",
    "\xE5\xA2\x83",
    "\xE5\x90\x8E",
    "\xE5\x89\xA9",
    "\xE5\x84\xBF",
    "\xE6\x95\x8F",
    "\xE5\xBE\x80",
};

static const char* const t1799[] = {
    "\xE8\xBF\x9B",
};

static const char* const t1800[] = {
    "\xE6\x8E\xA5",
    "\xE6\x9D\xA5",
    "\xE9\x9D\xA2",
};

static const char* const t1801[] = {
    "\xE5\x8A\xA8",
    "\xE8\xBE\x93",
    "\xE7\x94\xA8",
    "\xE8\xA1\x8C",
    "\xE5\x8A\xA8\xE5\x91\x98",
    "\xE4\xBD\x9C",
    "\xE6\xB2\xB3",
    "\xE6\xB0\x94",
    "\xE8\x90\xA5",
    "\xE8\x90\xA5\xE5\x95\x86",
    "\xE7\xAE\x97",
    "\xE8\xBD\xAC",
    "\xE9\x80\x81",
    "\xE8\xBE\x93\xE6\x9C\xBA",
    "\xE5\x8A\x9B",
};

static const char* const t1802[] = {
    "\xE5\xB9\xB4\xE6\x9D\xA5",
    "\xE4\xBB\xA3",
    "\xE6\x97\xA5",
    "\xE6\x9D\xA5",
    "\xE6\x9C\x9F",
    "\xE4\xBC\xBC",
    "\xE5\xB9\xB4",
    "\xE4\xB9\x8E",
};

static const char* const t1803[] = {
    "\xE5\x9B\x9E",
};

static const char* const t1804[] = {
    "\xE6\x9C\x89",
    "\xE6\x98\xAF",
    "\xE8\xA6\x81",
    "\xE5\x8E\x9F",
    "\xE5\xA5\xBD",
};

static const char* const t1805[] = {
    "\xE4\xB8\xAA",
    "\xE6\xA0\xB7",
    "\xE4\xBA\x9B",
    "\xE7\xA7\x8D",
    "\xE9\x87\x8C",
    "\xE4\xB9\x88",
    "\xE6\x97\xB6",
    "\xE6\xAC\xA1",
    "\xE4\xBD\x8D",
    "\xE4\xBB\xB6",
    "\xE5\x84\xBF",
    "\xE5\x9C\xBA",
    "\xE8\x88\xAC",
    "\xE8\xAF\x9D",
    "\xE6\x97\xB6\xE5\x80\x99",
    "\xE6\x96\xB9\xE9\x9D\xA2",
    "\xE9\xA1\xB9",
    "\xE4\xBB\xBD",
    "\xE5\xA4\xA9",
    "\xE9\x83\xA8",
    "\xE4\xBC\x9A\xE5\x84\xBF",
    "\xE5\x9D\x97",
    "\xE5\xAE\xB6",
    "\xE8\xBE\xB9",
    "\xE7\x82\xB9",
    "\xE4\xB8\x80\xE4\xB8\x8B",
    "\xE5\x9B\x9E",
    "\xE7\xAC\x94",
    "\xE9\x83\xA8\xE5\x88\x86",
    "\xE6\xA0\xB7\xE4\xB8\x80\xE6\x9D\xA5",
};

static const char* const t1806[] = {
    "\xE8\xA1\x8C",
    "\xE5\x85\xA5",
    "\xE4\xB8\x80\xE6\xAD\xA5",
    "\xE6\x94\xBB",
    "\xE6\x9D\xA5",
    "\xE6\xAD\xA5",
    "\xE5\x8E\xBB",
    "\xE5\x8F\xA3",
    "\xE7\xA8\x8B",
    "\xE5\xA3\xAB",
    "\xE5\xB1\x95",
    "\xE5\x9F\x8E",
    "\xE8\x80\x8C",
    "\xE5\x8C\x96",
    "\xE5\x86\x9B",
    "\xE7\x90\x83",
    "\xE5\x87\xBA",
    "\xE5\x87\xBA\xE5\x8F\xA3",
    "\xE6\xB7\xB1",
    "\xE9\x97\xA8",
    "\xE5\xAE\xAB",
    "\xE9\xA9\xBB",
    "\xE4\xBA\xAC",
    "\xE5\x8F\x91",
};

static const char* const t1807[] = {
    "\xE8\xBF\x9C",
    "\xE5\xA4\x84",
    "\xE7\xA8\x8B",
    "\xE7\xA6\xBB",
    "\xE5\xAE\x89",
    "\xE9\x94\x80",
    "\xE5\xBE\x81",
    "\xE4\xB8\x9C",
};

static const char* const t1808[] = {
    "\xE5\x8F\x8D",
    "\xE6\xB3\x95",
    "\xE8\x83\x8C",
};

static const char* const t1809[] = {
    "\xE7\xBB\xAD",
    "\xE6\x8E\xA5",
    "\xE5\xBF\x99",
    "\xE8\xBF\x9E",
    "\xE5\x90\x8C",
    "\xE5\xA4\x9C",
    "\xE5\xA3\xB0",
    "\xE9\x95\xBF",
};

static const char* const t1810[] = {
    "\xE7\x96\x91",
    "\xE6\x97\xA9",
};

static const char* const t1811[] = {
    "\xE5\xA4\xAA\xE5\x9F\xBA",
};

static const char* const t1812[] = {
    "\xE4\xBD\xBF",
    "\xE5\x88\x87",
    "\xE5\xAE\xB3",
};

static const char* const t1813[] = {
    "\xE4\xBF\xA1",
};

static const char* const t1814[] = {
    "\xE8\xB1\xA1",
};

static const char* const t1815[] = {
    "\xE6\xB1\x82",
    "\xE8\xB5\xB6",
    "\xE5\x8A\xA0",
    "\xE7\xA9\xB6",
    "\xE6\xBA\xAF",
    "\xE9\x97\xAE",
    "\xE9\x80\x90",
    "\xE5\x87\xBB",
};

static const char* const t1816[] = {
    "\xE5\x87\xBA",
    "\xE4\xBC\x91",
    "\xE5\xBD\xB9",
    "\xE5\x9B\x9E",
    "\xE5\x8C\x96",
    "\xE5\x8D\xB4",
};

static const char* const t1817[] = {
    "\xE5\x88\xB0",
    "\xE7\xBB\x99",
    "\xE6\x9D\xA5",
};

static const char* const t1818[] = {
    "\xE5\xBA\x94",
    "\xE5\xBD\x93",
    "\xE5\x90\x88",
    "\xE7\x94\xA8",
    "\xE5\xAE\x9C",
    "\xE6\x89\x8D",
    "\xE4\xBA\x8E",
    "\xE5\xBA\x94\xE6\x80\xA7",
    "\xE6\x97\xB6",
};

static const char* const t1819[] = {
    "\xE8\xB5\xB0",
    "\xE8\xB7\x91",
    "\xE5\x87\xBA",
    "\xE9\x81\xBF",
    "\xE8\x84\xB1",
};

static const char* const t1820[] = {
    "\xE4\xB8\xBE",
    "\xE6\x8B\xA9",
    "\xE6\xB0\x91",
    "\xE6\x89\x8B",
    "\xE5\x87\xBA",
    "\xE6\x8B\x94",
    "\xE5\x8C\xBA",
    "\xE7\xA5\xA8",
    "\xE7\x94\xA8",
    "\xE4\xB8\xBE\xE6\x9D\x83",
    "\xE9\xA1\xB9",
    "\xE5\xAE\x9A",
    "\xE4\xBB\xBB",
    "\xE9\x9B\x86",
};

static const char* const t1821[] = {
    "\xE9\x9C\xB2",
    "\xE6\x98\x8E",
    "\xE8\xBF\x87",
};

static const char* const t1822[] = {
    "\xE6\xB8\x90",
    "\xE6\xAD\xA5",
    "\xE5\xB9\xB4",
};

static const char* const t1823[] = {
    "\xE5\xA2\x9E",
    "\xE7\xBB\x99",
};

static const char* const t1824[] = {
    "\xE5\xBE\x84",
    "\xE4\xB8\xAD",
};

static const char* const t1825[] = {
    "\xE8\xBF\x87",
    "\xE5\xB8\xB8",
    "\xE7\x9F\xA5",
    "\xE4\xBF\xA1",
    "\xE9\x81\x93",
    "\xE5\xBE\x80",
    "\xE7\x94\xA8",
    "\xE8\xAE\xAF",
    "\xE8\x88\xAA",
    "\xE8\xBD\xA6",
    "\xE8\xA1\x8C",
    "\xE7\xA7\xB0",
    "\xE8\xA1\xA2",
    "\xE5\x95\x86",
    "\xE7\xBA\xA2",
    "\xE6\x8A\xA5",
    "\xE5\x90\x91",
    "\xE9\xAB\x98",
    "\xE8\xBE\xBE",
    "\xE5\xA4\xA9",
    "\xE8\xAE\xAF\xE7\xA4\xBE",
    "\xE4\xBF\x97",
    "\xE8\xAF\x9D",
    "\xE8\xB4\xA7\xE8\x86\xA8\xE8\x83\x80",
};

static const char* const t1826[] = {
    "\xE4\xB8\x96",
};

static const char* const t1827[] = {
    "\xE5\xBA\xA6",
};

static const char* const t1828[] = {
    "\xE6\x88\x90",
    "\xE5\x9E\x8B",
    "\xE5\x8F\x8D",
    "\xE6\x9E\x97",
    "\xE5\xB0\xB1",
    "\xE7\xBA\xB8",
    "\xE8\x88\xB9",
    "\xE8\xAF\xA3",
};

static const char* const t1829[] = {
    "\xE6\x8D\x95",
};

static const char* const t1830[] = {
    "\xE8\xBE\x91",
};

static const char* const t1831[] = {
    "\xE8\xBF\x91",
};

static const char* const t1832[] = {
    "\xE5\x88\xB0",
    "\xE4\xB8\x8A",
    "\xE8\xA7\x81",
};

static const char* const t1833[] = {
    "\xE5\xB8\x83",
    "\xE5\x8F\x8A",
};

static const char* const t1834[] = {
    "\xE5\x88\xB6",
};

static const char* const t1835[] = {
    "\xE8\xB7\xAF",
    "\xE7\x90\x86",
    "\xE5\xBE\xB7",
    "\xE6\x95\x99",
    "\xE4\xBA\xBA",
    "\xE5\xA3\xAB",
    "\xE5\x85\xB7",
    "\xE9\x95\xBF",
    "\xE5\x85\x89",
};

static const char* const t1836[] = {
    "\xE5\x9D\x80",
    "\xE4\xBA\xA7",
    "\xE4\xBC\xA0",
    "\xE6\x86\xBE",
    "\xE8\xBF\xB9",
    "\xE7\x95\x99",
    "\xE4\xBD\x93",
};

static const char* const t1837[] = {
    "\xE8\xBF\x9C",
};

static const char* const t1838[] = {
    "\xE5\x88\xB0",
    "\xE5\x8F\x97",
    "\xE9\x81\x87",
};

static const char* const t1839[] = {
    "\xE5\xAE\x88",
    "\xE5\xBE\xAA",
};

static const char* const t1840[] = {
    "\xE5\x85\x8D",
    "\xE5\xBC\x80",
};

static const char* const t1841[] = {
    "\xE8\xAF\xB7",
};

static const char* const t1842[] = {
    "\xE5\xB0\x8F\xE5\xB9\xB3",
};

static const char* const t1843[] = {
    "\xE4\xB9\x88",
    "\xE4\xBA\x9B",
    "\xE4\xB8\xAA",
    "\xE9\x87\x8C",
    "\xE6\xA0\xB7",
    "\xE6\x97\xB6",
    "\xE7\xA7\x8D",
    "\xE5\xA4\xA9",
    "\xE5\x84\xBF",
    "\xE4\xBD\x8D",
    "\xE8\xBE\xB9",
    "\xE6\x9C\xAB",
    "\xE6\x9D\xA1",
    "\xE6\x97\xA5",
    "\xE5\xB9\xB4",
    "\xE6\xAC\xA1",
};

static const char* const t1844[] = {
    "\xE6\x94\xBF",
    "\xE6\x94\xBF\xE7\xBC\x96\xE7\xA0\x81",
    "\xE7\x94\xB5",
};

static const char* const t1845[] = {
    "\xE5\xA4\xA7\xE4\xBE\xA0",
};

static const char* const t1846[] = {
    "\xE8\xBF\x91",
    "\xE5\xB1\x85",
    "\xE5\x9B\xBD",
};

static const char* const t1847[] = {
    "\xE5\x8C\xBA",
};

static const char* const t1848[] = {
    "\xE5\xB7\x9E",
    "\xE9\x87\x8D",
    "\xE5\x92\x8C",
};

static const char* const t1849[] = {
    "\xE4\xB8\xBB",
};

static const char* const t1850[] = {
    "\xE9\x98\xB3",
};

static const char* const t1851[] = {
    "\xE5\x88\x86",
    "\xE9\x97\xA8",
    "\xE9\x98\x9F",
    "\xE9\x95\xBF",
    "\xE7\xBD\xB2",
    "\xE8\x90\xBD",
    "\xE4\xBD\x8D",
    "\xE7\xB1\xBB",
    "\xE5\xB1\x9E",
    "\xE5\xA7\x94",
    "\xE4\xB8\x8B",
    "\xE4\xBB\xB6",
    "\xE6\x97\x8F",
};

static const char* const t1852[] = {
    "\xE6\xA0\x91\xE8\xA8\x80",
};

static const char* const t1853[] = {
    "\xE7\x9D\xA3",
    "\xE5\x9F\x8E",
    "\xE5\xB8\x82",
    "\xE5\xAF\x9F\xE9\x99\xA2",
    "\xE7\x9D\xA3\xE5\xBA\x9C",
};

static const char* const t1854[] = {
    "\xE8\xA5\xBF",
    "\xE5\xB7\x9E",
    "\xE5\xB7\x9E\xE5\xB8\x82",
    "\xE4\xB8\x9C",
    "\xE5\x8D\x97",
    "\xE8\xA5\xBF\xE5\x8C\x97",
    "\xE8\xB1\xAB\xE7\x9A\x96",
};

static const char* const t1855[] = {
    "\xE5\x90\x88",
    "\xE5\xA5\x97",
    "\xE7\xBD\xAE",
    "\xE5\xA4\x87",
    "\xE4\xBB\xB6",
};

static const char* const t1856[] = {
    "\xE5\xBA\x97",
    "\xE6\x9D\xAF",
    "\xE5\xAE\xB6",
    "\xE7\xB2\xBE",
    "\xE6\xA5\xBC",
};

static const char* const t1857[] = {
    "\xE6\x80\xA7",
};

static const char* const t1858[] = {
    "\xE6\x88\x90",
};

static const char* const t1859[] = {
    "\xE7\x94\xA8",
    "\xE5\x8F\x96",
    "\xE8\xAE\xBF",
    "\xE8\xB4\xAD",
    "\xE9\x9B\x86",
    "\xE7\xBA\xB3",
};

static const char* const t1860[] = {
    "\xE6\x94\xBE",
};

static const char* const t1861[] = {
    "\xE9\x9D\xA2",
    "\xE7\xA8\x8B",
    "\xE8\xBE\xB9",
    "\xE5\xA4\xB4",
};

static const char* const t1862[] = {
    "\xE8\xA6\x81",
    "\xE7\x82\xB9",
    "\xE5\xA4\xA7",
    "\xE6\x96\xB0",
    "\xE8\xA7\x86",
    "\xE5\xBA\x86",
    "\xE5\xBB\xBA",
    "\xE5\xA4\x8D",
    "\xE9\x87\x8F",
    "\xE4\xBC\xA4",
    "\xE9\x87\x8D",
    "\xE8\xA6\x81\xE6\x80\xA7",
    "\xE7\xBB\x84",
    "\xE4\xBF\xAE",
    "\xE6\xAA\x90",
    "\xE5\xBA\x86\xE5\xB8\x82",
    "\xE5\x9E\x8B",
    "\xE7\x94\xA8",
    "\xE9\x95\x87",
    "\xE9\x98\xB3",
    "\xE4\xBB\xBB",
    "\xE7\x94\xB3",
    "\xE5\x8A\x9B",
    "\xE5\xBF\x83",
};

static const char* const t1863[] = {
    "\xE7\x94\x9F",
    "\xE8\x9B\xAE",
    "\xE5\xA4\x96",
    "\xE6\x88\x98\xE5\x86\x9B",
    "\xE5\xBF\x83",
    "\xE5\x85\xBD",
    "\xE4\xBA\xBA",
    "\xE6\x88\x98",
};

static const char* const t1864[] = {
    "\xE5\xAD\x90",
};

static const char* const t1865[] = {
    "\xE8\x9E\x8D",
    "\xE5\xB1\x9E",
    "\xE6\xAE\xBF",
    "\xE9\x93\xB6",
    "\xE9\xA2\x9D",
    "\xE9\x92\xB1",
    "\xE7\x89\x8C",
    "\xE6\xB0\xB4\xE6\xB2\xB3",
    "\xE8\x8A\xB1",
    "\xE6\xB0\xB4\xE6\xA1\xA5",
    "\xE7\x89\x99",
    "\xE6\x98\x9F",
    "\xE8\xBD\xAE",
    "\xE5\x88\x9A",
    "\xE4\xBB\xA3",
    "\xE4\xB8\x9D",
    "\xE5\xAD\xA6\xE6\x9B\xBE",
    "\xE5\x8F\xB0",
    "\xE5\xB9\xB3",
};

static const char* const t1866[] = {
    "\xE5\xAE\x9A",
    "\xE4\xBA\x8E",
};

static const char* const t1867[] = {
    "\xE5\xAF\xB9",
    "\xE5\xAF\xB9\xE6\x80\xA7",
};

static const char* const t1868[] = {
    "\xE7\xA5\xA5\xE5\xB8\x82",
    "\xE7\xA5\xA5",
};

static const char* const t1869[] = {
    "\xE9\x93\x81",
    "\xE7\x90\xB4",
    "\xE6\x9D\x90",
    "\xE7\xAD\x8B",
};

static const char* const t1870[] = {
    "\xE5\x8C\x99",
};

static const char* const t1871[] = {
    "\xE5\xB7\xAE",
};

static const char* const t1872[] = {
    "\xE8\xB0\xA6\xE7\x9B\x8A",
    "\xE5\x85\xB6\xE7\x90\x9B",
    "\xE5\xB8\x81",
};

static const char* const t1873[] = {
    "\xE8\xBF\x9B",
};

static const char* const t1874[] = {
    "\xE8\xB7\xAF",
    "\xE7\x9F\xBF",
    "\xE6\xA3\x92",
};

static const char* const t1875[] = {
    "\xE6\x96\x87",
};

static const char* const t1876[] = {
    "\xE8\xA1\x8C",
    "\xE5\xAD\x90",
    "\xE9\xB1\xBC",
};

static const char* const t1877[] = {
    "\xE9\x80\xA0",
};

static const char* const t1878[] = {
    "\xE6\x8E\xA5",
};

static const char* const t1879[] = {
    "\xE5\x94\xAE",
    "\xE5\x94\xAE\xE9\xA2\x9D",
};

static const char* const t1880[] = {
    "\xE5\xB7\xB4",
};

static const char* const t1881[] = {
    "\xE8\xAF\xAF",
};

static const char* const t1882[] = {
    "\xE6\xA0\x87\xE8\xB5\x9B",
    "\xE8\xA1\xA3\xE5\x8D\xAB",
    "\xE5\xB7\x9E",
};

static const char* const t1883[] = {
    "\xE7\x82\xBC",
};

static const char* const t1884[] = {
    "\xE5\x8E\x8B",
    "\xE9\x95\xBF",
    "\xE4\xB8\x8A",
    "\xE5\xAE\x9A",
    "\xE6\xB1\x9F",
};

static const char* const t1885[] = {
    "\xE5\xAD\x90",
    "\xE5\xA4\xB4",
};

static const char* const t1886[] = {
    "\xE6\xB1\x9F",
    "\xE6\x9C\x9F",
    "\xE5\xAE\x89",
    "\xE6\xB1\x9F\xE5\xA4\xA7\xE6\xA1\xA5",
    "\xE6\xB2\x99",
    "\xE8\x80\x81",
    "\xE5\x89\x91",
    "\xE5\x9F\x8E",
    "\xE5\xBA\xA6",
    "\xE5\xA4\xA7",
    "\xE5\xAE\x89\xE8\xA1\x97",
    "\xE5\xAE\x98",
    "\xE6\x96\xB9\xE5\xBD\xA2",
    "\xE6\xB1\x9F\xE6\xB5\x81\xE5\x9F\x9F",
    "\xE5\xBE\x81",
    "\xE7\xAF\x87\xE5\xB0\x8F\xE8\xAF\xB4",
    "\xE8\xBF\x9C",
    "\xE5\xAD\x90",
    "\xE6\x98\xA5",
    "\xE4\xB9\x85",
    "\xE6\x9C\x9F\xE4\xBB\xA5\xE6\x9D\xA5",
    "\xE9\x95\xBF\xE7\x9A\x84",
    "\xE6\xB2\xBB\xE4\xB9\x85\xE5\xAE\x89",
    "\xE6\xB1\x9F\xE4\xB8\x89\xE5\xB3\xA1",
    "\xE5\x8F\xB9",
    "\xE6\xB2\xB3",
    "\xE5\x81\x87",
    "\xE8\xA2\x8D",
    "\xE7\x9F\xAD",
};

static const char* const t1887[] = {
    "\xE5\xA4\x96",
    "\xE5\x8F\xA3",
    "\xE5\x89\x8D",
    "\xE6\x88\xB7",
    "\xE4\xB8\x8B",
    "\xE6\xB4\x9E",
    "\xE4\xBA\xBA",
    "\xE6\xA7\x9B",
    "\xE7\xB1\xBB",
    "\xE7\xA5\xA8",
    "\xE6\xA5\xBC",
    "\xE5\x86\x85",
    "\xE7\xAA\x97",
    "\xE4\xB8\x8A",
};

static const char* const t1888[] = {
    "\xE7\x94\xB5",
    "\xE7\x83\x81",
    "\xE9\x81\xBF",
    "\xE5\x8A\xA8",
};

static const char* const t1889[] = {
    "\xE4\xBC\x9A",
};

static const char* const t1890[] = {
    "\xE9\xA2\x98",
    "\xE9\x81\x93",
    "\xE4\xB8\x96",
    "\xE8\xB5\xB7",
    "\xE9\x97\xAE",
    "\xE5\x80\x99",
};

static const char* const t1891[] = {
    "\xE7\x8E\x8B",
};

static const char* const t1892[] = {
    "\xE6\x9A\x87",
    "\xE8\xAF\x9D",
};

static const char* const t1893[] = {
    "\xE6\x8E\xA5",
    "\xE6\x8E\xA5\xE9\x80\x89\xE4\xB8\xBE",
    "\xE8\xB0\x8D",
    "\xE9\x9A\x94",
};

static const char* const t1894[] = {
    "\xE4\xBA\x8B",
};

static const char* const t1895[] = {
    "\xE5\xA5\xB3",
};

static const char* const t1896[] = {
    "\xE5\x90\x8D",
    "\xE4\xB8\x80\xE5\xA4\x9A",
    "\xE5\x88\xB0",
};

static const char* const t1897[] = {
    "\xE4\xB8\x8B",
};

static const char* const t1898[] = {
    "\xE8\xAF\xBB",
};

static const char* const t1899[] = {
    "\xE9\xB8\xBF\xE5\x94\xA4",
};

static const char* const t1900[] = {
    "\xE8\xBF\xB0",
    "\xE6\x98\x8E",
};

static const char* const t1901[] = {
    "\xE5\x8F\xB6\xE6\xA0\x91",
};

static const char* const t1902[] = {
    "\xE4\xBC\x8D",
    "\xE5\x91\x98",
    "\xE9\x95\xBF",
    "\xE5\x8F\x8B",
};

static const char* const t1903[] = {
    "\xE5\xA4\xA7\xE9\x93\x96",
};

static const char* const t1904[] = {
    "\xE6\xAD\xA2",
    "\xE5\xBE\xA1",
    "\xE7\xA9\xBA",
    "\xE5\xAE\x88",
    "\xE6\xB2\xBB",
    "\xE5\x8A\xA1",
    "\xE8\x8C\x83",
    "\xE7\xBA\xBF",
    "\xE6\x8A\xA4",
    "\xE6\xB0\xB4",
    "\xE5\x8D\xAB",
    "\xE5\xA4\x87",
};

static const char* const t1905[] = {
    "\xE5\x85\x89",
    "\xE6\x96\xB0",
};

static const char* const t1906[] = {
    "\xE8\xB0\x8B",
    "\xE9\x98\xB3",
    "\xE5\xBD\xB1",
    "\xE9\x81\x93",
};

static const char* const t1907[] = {
    "\xE5\x9C\xB0",
    "\xE5\xAE\xB9",
    "\xE6\xB3\x95",
    "\xE9\x98\xB5",
};

static const char* const t1908[] = {
    "\xE6\xAE\xB5",
    "\xE7\xBA\xA7",
    "\xE5\xB1\x82",
    "\xE7\xBA\xA7\xE6\x96\x97\xE4\xBA\x89",
    "\xE6\xA2\xAF",
};

static const char* const t1909[] = {
    "\xE6\xAD\xA2",
    "\xE6\x8B\xA6",
    "\xE7\xA2\x8D",
    "\xE5\x8A\x9B",
    "\xE6\x8C\xA1",
    "\xE6\x8C\xA0",
};

static const char* const t1910[] = {
    "\xE5\x93\xA5",
    "\xE6\x8B\x89\xE4\xBC\xAF",
    "\xE6\xA0\xB9\xE5\xBB\xB7",
    "\xE5\xAF\x8C\xE6\xB1\x97",
    "\xE9\x87\x8C",
    "\xE6\x8B\x89\xE4\xBC\xAF\xE4\xBA\xBA",
    "\xE6\x9B\xBC",
};

static const char* const t1911[] = {
    "\xE8\xBF\x91",
    "\xE5\xB1\x9E",
};

static const char* const t1912[] = {
    "\xE5\x86\x9B",
    "\xE7\xBB\xAD",
    "\xE5\x9C\xB0",
    "\xE6\x97\xA0\xE5\x8F\x8C",
    "\xE6\xB8\xB8",
    "\xE4\xB8\x8A",
    "\xE8\x8F\xB2\xE9\x9D\x92",
};

static const char* const t1913[] = {
    "\xE5\xAE\xB6\xE6\xB4\x9B",
    "\xE5\x8F\x8B\xE8\xB0\x85",
    "\xE6\xB0\xB4\xE6\x89\x81",
    "\xE8\xBF\xB0",
    "\xE7\x8B\xAC\xE7\xA7\x80",
    "\xE7\x9E\x8E\xE5\xAD\x90",
    "\xE5\x88\x97",
    "\xE6\x96\x87\xE6\xB4\xAA",
    "\xE8\xB4\x9E\xE6\x85\xA7",
    "\xE4\xB8\x95\xE6\x98\xBE",
};

static const char* const t1914[] = {
    "\xE7\x94\x9F",
};

static const char* const t1915[] = {
    "\xE4\xBD\x8E",
    "\xE6\xB0\xB4\xE9\x87\x8F",
    "\xE6\xB0\xB4",
    "\xE8\x90\xBD",
    "\xE4\xBB\xB7",
    "\xE4\xB8\xB4",
};

static const char* const t1916[] = {
    "\xE5\x88\xB6",
    "\xE5\xBA\xA6",
    "\xE4\xBA\x8E",
};

static const char* const t1917[] = {
    "\xE8\xA5\xBF",
    "\xE8\xA5\xBF\xE7\x9C\x81",
    "\xE5\x8C\x97",
};

static const char* const t1918[] = {
    "\xE4\xB8\x8B",
};

static const char* const t1919[] = {
    "\xE7\x84\xB6",
};

static const char* const t1920[] = {
    "\xE9\x95\xBF",
    "\xE6\xA0\xA1",
    "\xE5\xAD\x90",
    "\xE5\xA3\xAB",
    "\xE5\x86\x85",
    "\xE4\xB8\xAD",
    "\xE9\x87\x8C",
    "\xE8\x90\xBD",
};

static const char* const t1921[] = {
    "\xE4\xBA\x86",
    "\xE9\x9D\x9E",
    "\xE5\x8E\xBB",
    "\xE5\xA4\x96",
    "\xE6\xAD\xA4\xE4\xB9\x8B\xE5\xA4\x96",
};

static const char* const t1922[] = {
    "\xE4\xBA\x9B",
    "\xE6\x81\xB6",
};

static const char* const t1923[] = {
    "\xE5\x90\x8C",
};

static const char* const t1924[] = {
    "\xE5\xA2\x93",
};

static const char* const t1925[] = {
    "\xE5\x99\xA8",
    "\xE7\x93\xB7",
};

static const char* const t1926[] = {
    "\xE5\x85\xA5",
    "\xE4\xBA\x8E",
    "\xE9\x98\xB1",
};

static const char* const t1927[] = {
    "\xE9\x87\x8D",
    "\xE4\xB8\xAD",
    "\xE5\xBA\x86",
};

static const char* const t1928[] = {
    "\xE5\x94\x90",
};

static const char* const t1929[] = {
    "\xE7\x9D\x80",
    "\xE5\x90\x8E",
    "\xE5\x8D\xB3",
    "\xE6\x97\xB6",
    "\xE5\xB7\x9E",
    "\xE4\xBE\xBF",
    "\xE6\x84\x8F",
    "\xE5\xB7\x9E\xE5\xB8\x82",
    "\xE4\xB9\x8B",
    "\xE6\x89\x8B",
    "\xE6\x9C\xBA",
    "\xE8\xBA\xAB",
    "\xE4\xBB\x8E",
    "\xE5\x8F\xA3",
};

static const char* const t1930[] = {
    "\xE8\x97\x8F",
    "\xE9\x9A\x90",
    "\xE8\x94\xBD",
    "\xE5\xB1\x85",
    "\xE7\x9E\x92",
    "\xE6\x82\xA3",
};

static const char* const t1931[] = {
    "\xE7\xA6\xBB",
    "\xE5\xA3\x81",
};

static const char* const t1932[] = {
    "\xE7\xA2\x8D",
};

static const char* const t1933[] = {
    "\xE9\x81\x93",
};

static const char* const t1934[] = {
    "\xE5\xB1\x9E",
};

static const char* const t1935[] = {
    "\xE9\x81\x93",
    "\xE4\xBB\xA5",
    "\xE5\xBE\x97",
    "\xE5\xBA\xA6",
    "\xE5\x85\x8D",
    "\xE9\xA2\x98",
    "\xE5\x8F\x97",
    "\xE6\xB0\x91",
    "\xE6\x80\xAA",
    "\xE8\xBF\x87",
};

static const char* const t1936[] = {
    "\xE5\xA3\xAE",
    "\xE4\xBC\x9F",
};

static const char* const t1937[] = {
    "\xE5\x85\xB8",
};

static const char* const t1938[] = {
    "\xE5\x9B\xA2",
    "\xE4\xB8\xAD",
    "\xE4\xBD\x93",
    "\xE5\x90\x88",
    "\xE5\x9B\xA2\xE5\x85\xAC\xE5\x8F\xB8",
    "\xE4\xBC\x9A",
    "\xE5\x9B\xA2\xE5\x86\x9B",
    "\xE6\x88\x90",
    "\xE7\xBB\x93",
    "\xE4\xBD\x93\xE6\x89\x80\xE6\x9C\x89",
    "\xE6\x88\x90\xE7\x94\xB5\xE8\xB7\xAF",
};

static const char* const t1939[] = {
    "\xE4\xBD\xA3",
    "\xE4\xB8\xBB",
};

static const char* const t1940[] = {
    "\xE6\xAD\xA3",
};

static const char* const t1941[] = {
    "\xE5\x88\xBB",
    "\xE5\xA1\x91",
};

static const char* const t1942[] = {
    "\xE6\xB0\xB4",
};

static const char* const t1943[] = {
    "\xE5\xB1\xB1",
    "\xE7\x99\xBD",
};

static const char* const t1944[] = {
    "\xE9\x83\xA8\xE4\xBB\xB6",
    "\xE5\x94\xAE",
    "\xE6\x98\x9F",
};

static const char* const t1945[] = {
    "\xE8\xBE\xBE",
};

static const char* const t1946[] = {
    "\xE8\xA6\x81",
    "\xE6\xB1\x82",
};

static const char* const t1947[] = {
    "\xE6\x83\x8A",
    "\xE5\x8A\xA8",
    "\xE6\x92\xBC",
};

static const char* const t1948[] = {
    "\xE9\x9D\x92\xE6\xA1\x90",
};

static const char* const t1949[] = {
    "\xE6\x97\xB6",
};

static const char* const t1950[] = {
    "\xE5\x87\xBA",
    "\xE5\xA4\xA9",
};

static const char* const t1951[] = {
    "\xE5\xB9\xB4",
    "\xE5\xB2\x9B",
    "\xE5\xB0\x91\xE5\xB9\xB4",
    "\xE6\x98\xA5",
    "\xE9\x9D\x92",
    "\xE9\x93\x9C",
    "\xE6\xB5\xB7",
    "\xE7\x9D\x90",
    "\xE5\xB1\xB1\xE5\x8C\xBA",
    "\xE5\x9F\x8E",
};

static const char* const t1952[] = {
    "\xE9\x9D\x99\xE5\x9C\xB0",
    "\xE8\x84\x89",
    "\xE6\xAD\xA2",
};

static const char* const t1953[] = {
    "\xE5\xB8\xB8",
    "\xE6\xB4\xB2",
    "\xE6\xB3\x95",
    "\xE5\x90\x8C\xE5\xB0\x8F\xE5\x8F\xAF",
    "\xE5\x87\xA1",
};

static const char* const t1954[] = {
    "\xE8\xBF\x91",
};

static const char* const t1955[] = {
    "\xE7\xA7\xAF",
    "\xE5\x89\x8D",
    "\xE5\xAF\xB9",
    "\xE4\xB8\xB4",
    "\xE8\xAF\x95",
    "\xE5\x90\x91",
    "\xE8\xB2\x8C",
    "\xE5\xAD\x90",
    "\xE7\xB2\x89",
    "\xE4\xB8\x8A",
    "\xE5\x8C\x85",
    "\xE6\x9D\xA1",
    "\xE7\x9B\xAE",
    "\xE5\xAD\x94",
    "\xE8\x89\xB2",
    "\xE9\x83\xA8",
    "\xE5\x85\xB7",
};

static const char* const t1956[] = {
    "\xE5\x91\xBD",
    "\xE6\x96\xB0",
    "\xE5\x91\xBD\xE5\xAE\xB6",
};

static const char* const t1957[] = {
    "\xE5\xAD\x90",
};

static const char* const t1958[] = {
    "\xE5\xB0\x8F\xE5\xAE\x9D",
};

static const char* const t1959[] = {
    "\xE5\x9B\xBD",
    "\xE5\xAD\x90\xE5\xA5\x87",
};

static const char* const t1960[] = {
    "\xE4\xB9\x90",
    "\xE4\xB9\x90\xE5\xA0\x82",
};

static const char* const t1961[] = {
    "\xE7\xAB\xAF",
    "\xE4\xB8\x8A",
    "\xE9\x83\xA8",
};

static const char* const t1962[] = {
    "\xE7\x9B\xAE",
    "\xE7\xBE\xBD",
};

static const char* const t1963[] = {
    "\xE5\x88\xA9",
    "\xE6\xB2\xBB",
    "\xE5\xBA\x8F",
    "\xE7\x9D\x80",
    "\xE4\xBE\xBF",
    "\xE6\x89\x8B",
};

static const char* const t1964[] = {
    "\xE5\xBC\xA5\xE5\xBA\xA7",
};

static const char* const t1965[] = {
    "\xE5\xBC\xBA",
    "\xE7\xAB\xA5",
};

static const char* const t1966[] = {
    "\xE9\x97\xAE",
    "\xE5\xAE\xA2",
    "\xE7\xA7\x8B\xE6\xB0\xB4",
};

static const char* const t1967[] = {
    "\xE6\x97\xB6",
};

static const char* const t1968[] = {
    "\xE5\xB8\x83",
    "\xE5\x8F\x91",
};

static const char* const t1969[] = {
    "\xE7\xAE\x97",
    "\xE8\xAE\xA1",
    "\xE9\x98\xB2",
    "\xE6\xB5\x8B",
    "\xE6\x9C\x9F",
    "\xE4\xBB\x98",
    "\xE5\xAE\x9A",
    "\xE5\xA4\x87",
    "\xE5\x85\x88",
    "\xE8\xAD\xA6",
    "\xE6\x8A\xA5",
    "\xE8\xA8\x80",
    "\xE6\x96\x99",
    "\xE8\xAE\xA2",
};

static const char* const t1970[] = {
    "\xE5\xAF\xBC",
    "\xE5\x9F\x9F",
    "\xE5\xAF\xBC\xE4\xBA\xBA",
    "\xE8\xA2\x96",
    "\xE5\x9C\x9F",
    "\xE5\x85\x88",
    "\xE5\x9C\xB0",
    "\xE5\x8F\x96",
    "\xE4\xBC\x9A",
    "\xE5\xAF\xBC\xE7\x8F\xAD\xE5\xAD\x90",
};

static const char* const t1971[] = {
    "\xE7\x8E\x87",
    "\xE7\xB9\x81",
    "\xE9\x81\x93",
    "\xE9\xA2\x91",
};

static const char* const t1972[] = {
    "\xE7\xB2\x92",
};

static const char* const t1973[] = {
    "\xE6\x9D\x90",
    "\xE7\x9B\xAE",
};

static const char* const t1974[] = {
    "\xE8\x89\xB2",
};

static const char* const t1975[] = {
    "\xE5\xA4\x96",
    "\xE5\xA4\xB4",
};

static const char* const t1976[] = {
    "\xE6\x8A\x96",
};

static const char* const t1977[] = {
    "\xE9\x99\xA9",
    "\xE6\xA0\xBC",
    "\xE5\x91\xB3",
    "\xE6\x99\xAF",
    "\xE5\x85\x89",
    "\xE6\x99\xAF\xE5\x8C\xBA",
    "\xE6\xB3\xA2",
    "\xE6\x9A\xB4",
    "\xE4\xBF\x97",
    "\xE6\x83\x85",
    "\xE6\xB0\xB4",
    "\xE5\xA3\xB0",
    "\xE6\xB0\x94",
    "\xE9\x87\x87",
    "\xE9\x9B\xA8",
    "\xE6\xB5\x81",
};

static const char* const t1978[] = {
    "\xE6\x9C\xBA",
    "\xE8\xA1\x8C",
    "\xE8\xA1\x8C\xE5\x91\x98",
    "\xE8\x88\x9E",
    "\xE6\x89\xAC",
    "\xE8\xB7\x83",
};

static const char* const t1979[] = {
    "\xE5\x93\x81",
    "\xE7\x89\xA9",
    "\xE7\x94\xA8",
    "\xE5\xA0\x82",
    "\xE6\x80\xA7",
    "\xE6\xAC\xB2",
    "\xE6\x8C\x87",
};

static const char* const t1980[] = {
    "\xE5\x8E\x85",
    "\xE9\xA6\x86",
};

static const char* const t1981[] = {
    "\xE9\xA5\xBF",
};

static const char* const t1982[] = {
    "\xE5\xBA\x97",
    "\xE8\x8F\x9C",
};

static const char* const t1983[] = {
    "\xE9\xA3\x9F",
    "\xE9\x85\x92",
    "\xE6\x96\x99",
};

static const char* const t1984[] = {
    "\xE5\x85\xBB",
    "\xE6\x96\x99",
};

static const char* const t1985[] = {
    "\xE6\xAD\xBB",
};

static const char* const t1986[] = {
    "\xE5\xA4\xB4",
};

static const char* const t1987[] = {
    "\xE5\x85\x88",
    "\xE9\x83\xBD",
    "\xE6\xAC\xA1",
    "\xE9\xA1\xB5",
    "\xE9\xA2\x86",
    "\xE8\xBE\x85",
    "\xE5\xB8\xAD",
    "\xE8\x84\x91",
    "\xE4\xBD\x8D",
    "\xE7\x9B\xB8",
    "\xE8\xA6\x81",
    "\xE5\xBA\x9C",
    "\xE9\x95\xBF",
    "\xE6\x89\xB9",
    "\xE9\xA5\xB0",
    "\xE5\xBA\xA7",
    "\xE5\xB1\x8A",
    "\xE5\x88\x9B",
};

static const char* const t1988[] = {
    "\xE6\xB8\xAF",
    "\xE5\x91\xB3",
    "\xE6\x96\x99",
    "\xE8\x95\x89",
    "\xE7\x83\x9F",
};

static const char* const t1989[] = {
    "\xE4\xB8\x8A",
    "\xE6\x9C\x9D\xE6\x97\xAD",
    "\xE5\x85\x8B\xE6\x80\x9D",
    "\xE6\x9D\xA5\xE8\xA5\xBF\xE4\xBA\x9A",
    "\xE5\x8C\xB9",
    "\xE8\x89\xAF",
    "\xE8\xB7\xAF",
    "\xE6\x9D\xA5",
    "\xE5\x85\x8B",
    "\xE8\xB9\x84",
    "\xE8\x83\x8C",
};

static const char* const t1990[] = {
    "\xE5\x90\x8D\xE4\xB8\xAD\xE5\xA4\x96",
    "\xE5\x90\x8D",
};

static const char* const t1991[] = {
    "\xE9\x80\x90",
    "\xE9\x80\x90\xE8\x88\xB0",
    "\xE5\x8A\xA8",
};

static const char* const t1992[] = {
    "\xE9\xA9\xAC",
};

static const char* const t1993[] = {
    "\xE5\x9C\xB0",
    "\xE5\x8D\x8E",
    "\xE5\xA4\x96",
    "\xE6\x89\x8E",
    "\xE8\xB6\xB3",
    "\xE5\x86\x9B",
};

static const char* const t1994[] = {
    "\xE9\xA9\xB6",
    "\xE9\xA9\xB6\xE5\x91\x98",
};

static const char* const t1995[] = {
    "\xE5\x82\xB2",
};

static const char* const t1996[] = {
    "\xE9\xA9\xBC",
};

static const char* const t1997[] = {
    "\xE8\xAF\x81",
    "\xE6\x94\xB6",
};

static const char* const t1998[] = {
    "\xE5\x85\xB5",
    "\xE9\xA9\xAC",
    "\xE5\xA3\xAB",
};

static const char* const t1999[] = {
    "\xE6\x89\xB0",
};

static const char* const t2000[] = {
    "\xE5\xAD\x90",
};

static const char* const t2001[] = {
    "\xE5\xB9\xB2",
    "\xE5\xA4\xB4",
    "\xE9\xAA\xBC",
};

static const char* const t2002[] = {
    "\xE9\x80\x9F",
    "\xE5\xBA\xA6",
    "\xE7\xBA\xA7",
    "\xE5\x85\xB4",
    "\xE4\xB8\xAD",
    "\xE6\xA0\xA1",
    "\xE8\x80\x83",
    "\xE5\x8E\x9F",
    "\xE9\x80\x9F\xE5\x85\xAC\xE8\xB7\xAF",
    "\xE6\x96\xB0\xE6\x8A\x80\xE6\x9C\xAF",
    "\xE6\x89\x8B",
    "\xE7\xAD\x89",
    "\xE4\xBA\x8E",
    "\xE5\xA4\xA7",
    "\xE5\xB3\xB0",
    "\xE6\xB8\xA9",
    "\xE6\xBD\xAE",
    "\xE7\xAD\x89\xE6\x95\x99\xE8\x82\xB2",
    "\xE7\xBA\xA7\xE4\xB8\xAD\xE5\xAD\xA6",
    "\xE5\x87\xBA",
    "\xE5\xB1\x82",
    "\xE5\xB1\xB1",
    "\xE4\xBD\x8E",
    "\xE6\x95\x88",
    "\xE5\x91\xBC",
    "\xE5\xB0\x9A",
    "\xE5\xA3\xB0",
    "\xE5\x8E\x8B",
    "\xE8\xA1\x80\xE5\x8E\x8B",
    "\xE7\xAD\x89\xE5\xAD\xA6\xE6\xA0\xA1",
    "\xE4\xB8\xBE",
    "\xE6\x98\x8E",
    "\xE6\xB6\xA8",
    "\xE5\x9F\xBA\xE5\xBA\x99",
    "\xE4\xBA\xA7",
    "\xE6\xA1\xA3",
    "\xE7\xA9\xBA",
    "\xE5\x83\xA7",
    "\xE7\xAD\x89\xE9\x99\xA2\xE6\xA0\xA1",
    "\xE7\xB2\xB1",
    "\xE6\x96\xB0",
    "\xE9\xAB\x98",
    "\xE4\xBD\x8D",
    "\xE9\x99\xB5",
    "\xE4\xBA\xA2",
    "\xE7\xAB\xAF",
    "\xE4\xB8\x89",
    "\xE5\x88\x86\xE5\xAD\x90",
    "\xE7\xA8\x8B",
    "\xE6\x82\xAC",
};

static const char* const t2003[] = {
    "\xE5\xAD\x90",
};

static const char* const t2004[] = {
    "\xE5\x8A\x9B",
};

static const char* const t2005[] = {
    "\xE5\xBF\xA0\xE8\xB4\xA4",
    "\xE6\x99\x8B",
};

static const char* const t2006[] = {
    "\xE6\x95\x99",
};

static const char* const t2007[] = {
    "\xE7\xB1\xBB",
    "\xE8\x82\x9A",
    "\xE8\x8B\x97",
    "\xE7\xA7\x8D",
    "\xE9\x9B\xB7",
    "\xE6\xB1\xA0",
};

static const char* const t2008[] = {
    "\xE8\xBF\x85",
};

static const char* const t2009[] = {
    "\xE8\xA1\x80",
    "\xE6\x98\x8E",
    "\xE8\x8A\xB1",
    "\xE7\xBE\x8E",
    "\xE5\x8D\x91",
    "\xE8\x89\xB3",
    "\xE7\xBA\xA2",
};

static const char* const t2010[] = {
    "\xE9\xB1\xBC",
};

static const char* const t2011[] = {
    "\xE9\xB1\xBC",
};

static const char* const t2012[] = {
    "\xE7\xB1\xBB",
    "\xE7\x9E\xB0",
};

static const char* const t2013[] = {
    "\xE8\x9B\x8B",
};

static const char* const t2014[] = {
    "\xE7\x89\x87",
    "\xE7\x89\x87\xE6\x88\x98\xE4\xBA\x89",
};

static const char* const t2015[] = {
    "\xE5\xAD\x90",
};

static const char* const t2016[] = {
    "\xE9\xB8\xAF",
};

static const char* const t2017[] = {
    "\xE9\xB8\xAA",
};

static const char* const t2018[] = {
    "\xE8\xA7\x92",
    "\xE5\xAD\x90\xE9\x9C\x96",
    "\xE5\x85\x86\xE9\xB9\x8F",
};

static const char* const t2019[] = {
    "\xE9\xB9\xBF",
};

static const char* const t2020[] = {
    "\xE7\x83\xA6",
    "\xE5\x9F\x8E",
    "\xE8\xA2\x8B",
};

static const char* const t2021[] = {
    "\xE6\xB2\xB3",
    "\xE9\x87\x91",
    "\xE5\x86\x88",
    "\xE7\x9F\xB3",
    "\xE7\x9F\xB3\xE5\xB8\x82",
    "\xE8\x89\xB2",
    "\xE5\x86\x88\xE5\xB8\x82",
    "\xE5\xAE\x97\xE7\xBE\xB2",
    "\xE5\xB7\x9E",
    "\xE9\x87\x91\xE5\x91\xA8",
    "\xE9\x99\x82",
    "\xE4\xBE\x9D\xE4\xBE\x9D",
    "\xE5\x9C\x9F",
    "\xE8\x8D\xAF\xE5\xB8\x88",
    "\xE6\x98\x8F",
    "\xE9\xB9\xA4\xE6\xA5\xBC",
    "\xE5\xAE\xB6",
    "\xE8\xBF\x9E",
    "\xE5\xBA\xAD\xE5\x9D\x9A",
    "\xE9\x99\xB5",
    "\xE6\x9D\xBE\xE9\xBE\x84",
    "\xE6\xB2\x99",
    "\xE5\xB1\xB1",
};

static const char* const t2022[] = {
    "\xE6\x98\x8E",
    "\xE6\x97\x8F",
};

static const char* const t2023[] = {
    "\xE6\x9A\x97",
    "\xE8\x89\xB2",
    "\xE9\xB1\xBC",
    "\xE9\xBE\x99\xE6\xB1\x9F",
    "\xE4\xBA\xBA",
    "\xE5\xA4\x9C",
    "\xE7\x99\xBD",
    "\xE9\xBE\x99\xE6\xB1\x9F\xE7\x9C\x81",
    "\xE9\x99\xB6",
};

static const char* const t2024[] = {
    "\xE9\xBB\x98\xE5\x9C\xB0",
    "\xE9\xBB\x98",
};

static const char* const t2025[] = {
    "\xE5\x8A\xB1",
    "\xE8\x88\x9E",
    "\xE5\x90\xB9",
    "\xE4\xB9\x90",
};

static const char* const t2026[] = {
    "\xE5\xAD\x90",
};

static const char* const t2027[] = {
    "\xE5\xA3\xB0",
    "\xE5\x85\xA8",
    "\xE5\x90\x8D",
};

static const char* const t2028[] = {
    "\xE5\xA4\xB4",
    "\xE9\x97\xA8",
    "\xE5\xA4\xA7",
    "\xE8\xA2\x8D",
};

static const struct CjkWordGroup kCjkDict[] = {
    {"\xE4\xB8\x80", t0, 192},
    {"\xE4\xB8\x81", t1, 2},
    {"\xE4\xB8\x83", t2, 3},
    {"\xE4\xB8\x87", t3, 25},
    {"\xE4\xB8\x88", t4, 1},
    {"\xE4\xB8\x89", t5, 37},
    {"\xE4\xB8\x8A", t6, 39},
    {"\xE4\xB8\x8B", t7, 34},
    {"\xE4\xB8\x8D", t8, 117},
    {"\xE4\xB8\x8E", t9, 3},
    {"\xE4\xB8\x90", t10, 1},
    {"\xE4\xB8\x93", t11, 14},
    {"\xE4\xB8\x94", t12, 1},
    {"\xE4\xB8\x96", t13, 11},
    {"\xE4\xB8\x98", t14, 2},
    {"\xE4\xB8\x9A", t15, 5},
    {"\xE4\xB8\x9B", t16, 2},
    {"\xE4\xB8\x9C", t17, 26},
    {"\xE4\xB8\x9D", t18, 1},
    {"\xE4\xB8\x9E", t19, 1},
    {"\xE4\xB8\xA4", t20, 47},
    {"\xE4\xB8\xA5", t21, 9},
    {"\xE4\xB8\xA7", t22, 1},
    {"\xE4\xB8\xAA", t23, 7},
    {"\xE4\xB8\xAB", t24, 1},
    {"\xE4\xB8\xAD", t25, 66},
    {"\xE4\xB8\xB0", t26, 2},
    {"\xE4\xB8\xB4", t27, 4},
    {"\xE4\xB8\xB9", t28, 2},
    {"\xE4\xB8\xBA", t29, 14},
    {"\xE4\xB8\xBB", t30, 29},
    {"\xE4\xB8\xBE", t31, 7},
    {"\xE4\xB9\x83", t32, 2},
    {"\xE4\xB9\x89", t33, 5},
    {"\xE4\xB9\x8B", t34, 14},
    {"\xE4\xB9\x8C", t35, 3},
    {"\xE4\xB9\x90", t36, 6},
    {"\xE4\xB9\x94", t37, 2},
    {"\xE4\xB9\x96", t38, 1},
    {"\xE4\xB9\x98", t39, 3},
    {"\xE4\xB9\x99", t40, 1},
    {"\xE4\xB9\x9D", t41, 6},
    {"\xE4\xB9\x9E", t42, 1},
    {"\xE4\xB9\x9F", t43, 4},
    {"\xE4\xB9\xA0", t44, 3},
    {"\xE4\xB9\xA1", t45, 6},
    {"\xE4\xB9\xA6", t46, 11},
    {"\xE4\xB9\xB0", t47, 1},
    {"\xE4\xB9\xB1", t48, 1},
    {"\xE4\xB9\xB3", t49, 1},
    {"\xE4\xB9\xBE", t50, 1},
    {"\xE4\xBA\x86", t51, 2},
    {"\xE4\xBA\x88", t52, 1},
    {"\xE4\xBA\x89", t53, 8},
    {"\xE4\xBA\x8B", t54, 18},
    {"\xE4\xBA\x8C", t55, 19},
    {"\xE4\xBA\x8E", t56, 1},
    {"\xE4\xBA\x8F", t57, 1},
    {"\xE4\xBA\x91", t58, 5},
    {"\xE4\xBA\x92", t59, 5},
    {"\xE4\xBA\x94", t60, 19},
    {"\xE4\xBA\x95", t61, 1},
    {"\xE4\xBA\x9A", t62, 5},
    {"\xE4\xBA\xA1", t63, 1},
    {"\xE4\xBA\xA4", t64, 20},
    {"\xE4\xBA\xA7", t65, 13},
    {"\xE4\xBA\xA8", t66, 1},
    {"\xE4\xBA\xAB", t67, 3},
    {"\xE4\xBA\xAC", t68, 6},
    {"\xE4\xBA\xAE", t69, 1},
    {"\xE4\xBA\xB2", t70, 16},
    {"\xE4\xBA\xBA", t71, 44},
    {"\xE4\xBA\xBF", t72, 4},
    {"\xE4\xBB\x80", t73, 2},
    {"\xE4\xBB\x81", t74, 1},
    {"\xE4\xBB\x85", t75, 3},
    {"\xE4\xBB\x86", t76, 1},
    {"\xE4\xBB\x87", t77, 2},
    {"\xE4\xBB\x8A", t78, 7},
    {"\xE4\xBB\x8B", t79, 4},
    {"\xE4\xBB\x8D", t80, 2},
    {"\xE4\xBB\x8E", t81, 13},
    {"\xE4\xBB\x93", t82, 1},
    {"\xE4\xBB\x94", t83, 1},
    {"\xE4\xBB\x96", t84, 5},
    {"\xE4\xBB\x98", t85, 1},
    {"\xE4\xBB\x99", t86, 3},
    {"\xE4\xBB\xA3", t87, 12},
    {"\xE4\xBB\xA4", t88, 3},
    {"\xE4\xBB\xA5", t89, 24},
    {"\xE4\xBB\xAA", t90, 4},
    {"\xE4\xBB\xB2", t91, 1},
    {"\xE4\xBB\xB7", t92, 4},
    {"\xE4\xBB\xBB", t93, 10},
    {"\xE4\xBB\xBD", t94, 1},
    {"\xE4\xBB\xBF", t95, 1},
    {"\xE4\xBC\x81", t96, 3},
    {"\xE4\xBC\x8A", t97, 4},
    {"\xE4\xBC\x91", t98, 2},
    {"\xE4\xBC\x97", t99, 4},
    {"\xE4\xBC\x98", t100, 12},
    {"\xE4\xBC\x99", t101, 2},
    {"\xE4\xBC\x9A", t102, 16},
    {"\xE4\xBC\x9F", t103, 1},
    {"\xE4\xBC\xA0", t104, 21},
    {"\xE4\xBC\xA4", t105, 5},
    {"\xE4\xBC\xA6", t106, 2},
    {"\xE4\xBC\xAA", t107, 1},
    {"\xE4\xBC\xAF", t108, 1},
    {"\xE4\xBC\xB0", t109, 1},
    {"\xE4\xBC\xB4", t110, 3},
    {"\xE4\xBC\xB8", t111, 3},
    {"\xE4\xBC\xBA", t112, 1},
    {"\xE4\xBC\xBC", t113, 3},
    {"\xE4\xBD\x86", t114, 1},
    {"\xE4\xBD\x8D", t115, 3},
    {"\xE4\xBD\x8E", t116, 5},
    {"\xE4\xBD\x8F", t117, 5},
    {"\xE4\xBD\x93", t118, 17},
    {"\xE4\xBD\x95", t119, 11},
    {"\xE4\xBD\x99", t120, 6},
    {"\xE4\xBD\x9B", t121, 1},
    {"\xE4\xBD\x9C", t122, 11},
    {"\xE4\xBD\xA0", t123, 3},
    {"\xE4\xBD\xA9", t124, 1},
    {"\xE4\xBD\xB3", t125, 1},
    {"\xE4\xBD\xBF", t126, 8},
    {"\xE4\xBE\x84", t127, 1},
    {"\xE4\xBE\x8B", t128, 4},
    {"\xE4\xBE\x8D", t129, 3},
    {"\xE4\xBE\x97", t130, 1},
    {"\xE4\xBE\x9B", t131, 5},
    {"\xE4\xBE\x9D", t132, 9},
    {"\xE4\xBE\xA5", t133, 1},
    {"\xE4\xBE\xA6", t134, 1},
    {"\xE4\xBE\xA7", t135, 2},
    {"\xE4\xBE\xB5", t136, 7},
    {"\xE4\xBE\xBF", t137, 5},
    {"\xE4\xBF\x83", t138, 3},
    {"\xE4\xBF\x84", t139, 2},
    {"\xE4\xBF\x97", t140, 2},
    {"\xE4\xBF\x98", t141, 1},
    {"\xE4\xBF\x9D", t142, 19},
    {"\xE4\xBF\x9E", t143, 1},
    {"\xE4\xBF\xA1", t144, 11},
    {"\xE4\xBF\xAE", t145, 12},
    {"\xE4\xBF\xAF", t146, 1},
    {"\xE4\xBF\xB1", t147, 1},
    {"\xE5\x80\x92", t148, 2},
    {"\xE5\x80\x98", t149, 2},
    {"\xE5\x80\x99", t150, 2},
    {"\xE5\x80\x9F", t151, 5},
    {"\xE5\x80\xA1", t152, 2},
    {"\xE5\x80\xAD", t153, 1},
    {"\xE5\x80\xBA", t154, 2},
    {"\xE5\x80\xBC", t155, 2},
    {"\xE5\x80\xBE", t156, 3},
    {"\xE5\x81\x87", t157, 6},
    {"\xE5\x81\x8F", t158, 3},
    {"\xE5\x81\x9A", t159, 9},
    {"\xE5\x81\x9C", t160, 3},
    {"\xE5\x81\xA5", t161, 4},
    {"\xE5\x81\xB6", t162, 2},
    {"\xE5\x81\xB7", t163, 1},
    {"\xE5\x81\xBF", t164, 1},
    {"\xE5\x82\x80", t165, 1},
    {"\xE5\x82\x85", t166, 1},
    {"\xE5\x82\x8D", t167, 1},
    {"\xE5\x82\xA3", t168, 1},
    {"\xE5\x82\xA8", t169, 3},
    {"\xE5\x82\xAC", t170, 3},
    {"\xE5\x82\xBB", t171, 1},
    {"\xE5\x83\x8F", t172, 1},
    {"\xE5\x83\xA7", t173, 1},
    {"\xE5\x83\xB5", t174, 1},
    {"\xE5\x84\x92", t175, 1},
    {"\xE5\x84\xBF", t176, 3},
    {"\xE5\x85\x80", t177, 1},
    {"\xE5\x85\x81", t178, 1},
    {"\xE5\x85\x83", t179, 7},
    {"\xE5\x85\x84", t180, 2},
    {"\xE5\x85\x85", t181, 6},
    {"\xE5\x85\x88", t182, 11},
    {"\xE5\x85\x89", t183, 15},
    {"\xE5\x85\x8B", t184, 3},
    {"\xE5\x85\x8D", t185, 3},
    {"\xE5\x85\x91", t186, 1},
    {"\xE5\x85\x9A", t187, 8},
    {"\xE5\x85\xA5", t188, 8},
    {"\xE5\x85\xA8", t189, 34},
    {"\xE5\x85\xAB", t190, 11},
    {"\xE5\x85\xAC", t191, 38},
    {"\xE5\x85\xAD", t192, 4},
    {"\xE5\x85\xB0", t193, 2},
    {"\xE5\x85\xB1", t194, 12},
    {"\xE5\x85\xB3", t195, 18},
    {"\xE5\x85\xB4", t196, 6},
    {"\xE5\x85\xB5", t197, 6},
    {"\xE5\x85\xB6", t198, 12},
    {"\xE5\x85\xB7", t199, 3},
    {"\xE5\x85\xB8", t200, 2},
    {"\xE5\x85\xBB", t201, 3},
    {"\xE5\x85\xBC", t202, 6},
    {"\xE5\x86\x85", t203, 19},
    {"\xE5\x86\x8D", t204, 10},
    {"\xE5\x86\x92", t205, 1},
    {"\xE5\x86\x99", t206, 6},
    {"\xE5\x86\x9B", t207, 21},
    {"\xE5\x86\x9C", t208, 11},
    {"\xE5\x86\xA0", t209, 2},
    {"\xE5\x86\xA4", t210, 1},
    {"\xE5\x86\xAC", t211, 2},
    {"\xE5\x86\xB0", t212, 3},
    {"\xE5\x86\xB2", t213, 8},
    {"\xE5\x86\xB3", t214, 11},
    {"\xE5\x86\xB5", t215, 1},
    {"\xE5\x86\xB6", t216, 1},
    {"\xE5\x86\xB7", t217, 6},
    {"\xE5\x87\x80", t218, 1},
    {"\xE5\x87\x86", t219, 3},
    {"\xE5\x87\x8C", t220, 3},
    {"\xE5\x87\x8F", t221, 5},
    {"\xE5\x87\x9D", t222, 3},
    {"\xE5\x87\xA0", t223, 25},
    {"\xE5\x87\xA1", t224, 1},
    {"\xE5\x87\xA4", t225, 1},
    {"\xE5\x87\xAD", t226, 1},
    {"\xE5\x87\xAF", t227, 1},
    {"\xE5\x87\xB6", t228, 2},
    {"\xE5\x87\xBA", t229, 32},
    {"\xE5\x87\xBB", t230, 3},
    {"\xE5\x87\xBD", t231, 1},
    {"\xE5\x88\x80", t232, 3},
    {"\xE5\x88\x86", t233, 31},
    {"\xE5\x88\x87", t234, 2},
    {"\xE5\x88\x8A", t235, 2},
    {"\xE5\x88\x91", t236, 4},
    {"\xE5\x88\x92", t237, 1},
    {"\xE5\x88\x97", t238, 8},
    {"\xE5\x88\x98", t239, 6},
    {"\xE5\x88\x9A", t240, 3},
    {"\xE5\x88\x9B", t241, 12},
    {"\xE5\x88\x9D", t242, 8},
    {"\xE5\x88\xA4", t243, 3},
    {"\xE5\x88\xA9", t244, 10},
    {"\xE5\x88\xAB", t245, 6},
    {"\xE5\x88\xB0", t246, 6},
    {"\xE5\x88\xB6", t247, 15},
    {"\xE5\x88\xB8", t248, 1},
    {"\xE5\x88\xBA", t249, 4},
    {"\xE5\x88\xBB", t250, 2},
    {"\xE5\x89\x82", t251, 1},
    {"\xE5\x89\x8A", t252, 2},
    {"\xE5\x89\x8D", t253, 23},
    {"\xE5\x89\x91", t254, 1},
    {"\xE5\x89\xA5", t255, 2},
    {"\xE5\x89\xA7", t256, 9},
    {"\xE5\x89\xA9", t257, 3},
    {"\xE5\x89\xAA", t258, 1},
    {"\xE5\x89\xB2", t259, 1},
    {"\xE5\x8A\x9B", t260, 7},
    {"\xE5\x8A\x9D", t261, 1},
    {"\xE5\x8A\x9E", t262, 7},
    {"\xE5\x8A\x9F", t263, 9},
    {"\xE5\x8A\xA0", t264, 17},
    {"\xE5\x8A\xA1", t265, 2},
    {"\xE5\x8A\xA8", t266, 16},
    {"\xE5\x8A\xA9", t267, 3},
    {"\xE5\x8A\xAA", t268, 1},
    {"\xE5\x8A\xB2", t269, 1},
    {"\xE5\x8A\xB3", t270, 4},
    {"\xE5\x8A\xBF", t271, 3},
    {"\xE5\x8B\x87", t272, 3},
    {"\xE5\x8B\x89", t273, 1},
    {"\xE5\x8B\x8B", t274, 1},
    {"\xE5\x8B\x98", t275, 1},
    {"\xE5\x8B\x9F", t276, 1},
    {"\xE5\x8B\xA4", t277, 1},
    {"\xE5\x8B\xBE", t278, 2},
    {"\xE5\x8C\x85", t279, 6},
    {"\xE5\x8C\x86", t280, 1},
    {"\xE5\x8C\x88", t281, 2},
    {"\xE5\x8C\x95", t282, 1},
    {"\xE5\x8C\x96", t283, 8},
    {"\xE5\x8C\x97", t284, 25},
    {"\xE5\x8C\xB9", t285, 1},
    {"\xE5\x8C\xBA", t286, 6},
    {"\xE5\x8C\xBB", t287, 6},
    {"\xE5\x8C\xBE", t288, 1},
    {"\xE5\x8D\x81", t289, 34},
    {"\xE5\x8D\x83", t290, 12},
    {"\xE5\x8D\x87", t291, 4},
    {"\xE5\x8D\x88", t292, 2},
    {"\xE5\x8D\x8A", t293, 14},
    {"\xE5\x8D\x8E", t294, 11},
    {"\xE5\x8D\x8F", t295, 8},
    {"\xE5\x8D\x91", t296, 1},
    {"\xE5\x8D\x93", t297, 1},
    {"\xE5\x8D\x95", t298, 11},
    {"\xE5\x8D\x96", t299, 2},
    {"\xE5\x8D\x97", t300, 31},
    {"\xE5\x8D\x9A", t301, 4},
    {"\xE5\x8D\xA0", t302, 5},
    {"\xE5\x8D\xA1", t303, 1},
    {"\xE5\x8D\xA2", t304, 1},
    {"\xE5\x8D\xA4", t305, 1},
    {"\xE5\x8D\xA7", t306, 1},
    {"\xE5\x8D\xAB", t307, 6},
    {"\xE5\x8D\xB0", t308, 6},
    {"\xE5\x8D\xB1", t309, 6},
    {"\xE5\x8D\xB3", t310, 5},
    {"\xE5\x8D\xB4", t311, 2},
    {"\xE5\x8E\x82", t312, 3},
    {"\xE5\x8E\x86", t313, 9},
    {"\xE5\x8E\x89", t314, 2},
    {"\xE5\x8E\x8B", t315, 6},
    {"\xE5\x8E\x8C", t316, 1},
    {"\xE5\x8E\x95", t317, 1},
    {"\xE5\x8E\x98", t318, 1},
    {"\xE5\x8E\x9A", t319, 1},
    {"\xE5\x8E\x9F", t320, 20},
    {"\xE5\x8E\xA2", t321, 1},
    {"\xE5\x8E\xA6", t322, 1},
    {"\xE5\x8E\xA8", t323, 1},
    {"\xE5\x8E\xAE", t324, 1},
    {"\xE5\x8E\xBB", t325, 4},
    {"\xE5\x8E\xBF", t326, 9},
    {"\xE5\x8F\x82", t327, 13},
    {"\xE5\x8F\x88", t328, 2},
    {"\xE5\x8F\x8A", t329, 2},
    {"\xE5\x8F\x8B", t330, 2},
    {"\xE5\x8F\x8C", t331, 11},
    {"\xE5\x8F\x8D", t332, 23},
    {"\xE5\x8F\x91", t333, 35},
    {"\xE5\x8F\x94", t334, 2},
    {"\xE5\x8F\x96", t335, 7},
    {"\xE5\x8F\x97", t336, 6},
    {"\xE5\x8F\x98", t337, 15},
    {"\xE5\x8F\x99", t338, 2},
    {"\xE5\x8F\x9B", t339, 1},
    {"\xE5\x8F\xA3", t340, 12},
    {"\xE5\x8F\xA4", t341, 14},
    {"\xE5\x8F\xA5", t342, 1},
    {"\xE5\x8F\xA6", t343, 2},
    {"\xE5\x8F\xA9", t344, 1},
    {"\xE5\x8F\xAA", t345, 11},
    {"\xE5\x8F\xAB", t346, 4},
    {"\xE5\x8F\xAC", t347, 4},
    {"\xE5\x8F\xAF", t348, 23},
    {"\xE5\x8F\xB0", t349, 6},
    {"\xE5\x8F\xB2", t350, 5},
    {"\xE5\x8F\xB3", t351, 7},
    {"\xE5\x8F\xB6", t352, 4},
    {"\xE5\x8F\xB7", t353, 4},
    {"\xE5\x8F\xB8", t354, 7},
    {"\xE5\x8F\xB9", t355, 1},
    {"\xE5\x90\x83", t356, 3},
    {"\xE5\x90\x84", t357, 24},
    {"\xE5\x90\x86", t358, 1},
    {"\xE5\x90\x88", t359, 13},
    {"\xE5\x90\x89", t360, 1},
    {"\xE5\x90\x8C", t361, 22},
    {"\xE5\x90\x8D", t362, 25},
    {"\xE5\x90\x8E", t363, 17},
    {"\xE5\x90\x8F", t364, 1},
    {"\xE5\x90\x90", t365, 1},
    {"\xE5\x90\x91", t366, 8},
    {"\xE5\x90\x9B", t367, 3},
    {"\xE5\x90\x9E", t368, 1},
    {"\xE5\x90\xA6", t369, 3},
    {"\xE5\x90\xA9", t370, 1},
    {"\xE5\x90\xAB", t371, 3},
    {"\xE5\x90\xAC", t372, 8},
    {"\xE5\x90\xAF", t373, 4},
    {"\xE5\x90\xB4", t374, 3},
    {"\xE5\x90\xB8", t375, 5},
    {"\xE5\x91\x86", t376, 1},
    {"\xE5\x91\x88", t377, 1},
    {"\xE5\x91\x8A", t378, 4},
    {"\xE5\x91\x90", t379, 1},
    {"\xE5\x91\x95", t380, 1},
    {"\xE5\x91\x98", t381, 1},
    {"\xE5\x91\xA8", t382, 12},
    {"\xE5\x91\xB3", t383, 1},
    {"\xE5\x91\xBB", t384, 1},
    {"\xE5\x91\xBC", t385, 8},
    {"\xE5\x91\xBD", t386, 5},
    {"\xE5\x92\x8C", t387, 4},
    {"\xE5\x92\x96", t388, 1},
    {"\xE5\x92\xA8", t389, 1},
    {"\xE5\x92\xAC", t390, 2},
    {"\xE5\x92\xB1", t391, 2},
    {"\xE5\x92\xB3", t392, 1},
    {"\xE5\x92\xB8", t393, 3},
    {"\xE5\x92\xBD", t394, 1},
    {"\xE5\x93\x81", t395, 6},
    {"\xE5\x93\x88", t396, 4},
    {"\xE5\x93\x8D", t397, 4},
    {"\xE5\x93\x91", t398, 1},
    {"\xE5\x93\xA5", t399, 1},
    {"\xE5\x93\xAA", t400, 5},
    {"\xE5\x93\xAD", t401, 2},
    {"\xE5\x93\xB2", t402, 2},
    {"\xE5\x93\xBD", t403, 1},
    {"\xE5\x94\x90", t404, 3},
    {"\xE5\x94\xA4", t405, 1},
    {"\xE5\x94\xAF", t406, 3},
    {"\xE5\x95\x86", t407, 12},
    {"\xE5\x95\xA4", t408, 1},
    {"\xE5\x96\x83", t409, 1},
    {"\xE5\x96\x84", t410, 3},
    {"\xE5\x96\x87", t411, 1},
    {"\xE5\x96\x89", t412, 1},
    {"\xE5\x96\x8A", t413, 2},
    {"\xE5\x96\x9C", t414, 5},
    {"\xE5\x96\x9D", t415, 2},
    {"\xE5\x96\xB7", t416, 1},
    {"\xE5\x97\x93", t417, 1},
    {"\xE5\x98\x89", t418, 1},
    {"\xE5\x98\xB1", t419, 1},
    {"\xE5\x98\xB2", t420, 1},
    {"\xE5\x98\xB4", t421, 4},
    {"\xE5\x98\xBF", t422, 1},
    {"\xE5\x99\xA8", t423, 4},
    {"\xE5\x99\xAA", t424, 1},
    {"\xE5\x9B\x9B", t425, 24},
    {"\xE5\x9B\x9E", t426, 21},
    {"\xE5\x9B\xA0", t427, 5},
    {"\xE5\x9B\xA2", t428, 7},
    {"\xE5\x9B\xAD", t429, 2},
    {"\xE5\x9B\xB0", t430, 4},
    {"\xE5\x9B\xB4", t431, 6},
    {"\xE5\x9B\xBA", t432, 5},
    {"\xE5\x9B\xBD", t433, 35},
    {"\xE5\x9B\xBE", t434, 9},
    {"\xE5\x9C\x86", t435, 4},
    {"\xE5\x9C\x88", t436, 1},
    {"\xE5\x9C\x9F", t437, 11},
    {"\xE5\x9C\xA3", t438, 5},
    {"\xE5\x9C\xA8", t439, 10},
    {"\xE5\x9C\xB0", t440, 35},
    {"\xE5\x9C\xBA", t441, 6},
    {"\xE5\x9D\x87", t442, 2},
    {"\xE5\x9D\x8F", t443, 2},
    {"\xE5\x9D\x90", t444, 4},
    {"\xE5\x9D\x9A", t445, 8},
    {"\xE5\x9D\x9F", t446, 1},
    {"\xE5\x9D\xA6", t447, 1},
    {"\xE5\x9E\x82", t448, 2},
    {"\xE5\x9E\x83", t449, 1},
    {"\xE5\x9E\x84", t450, 1},
    {"\xE5\x9E\x8B", t451, 1},
    {"\xE5\x9F\x83", t452, 1},
    {"\xE5\x9F\x8B", t453, 2},
    {"\xE5\x9F\x8E", t454, 19},
    {"\xE5\x9F\xB9", t455, 4},
    {"\xE5\x9F\xBA", t456, 10},
    {"\xE5\xA0\x86", t457, 1},
    {"\xE5\xA0\xAA", t458, 1},
    {"\xE5\xA0\xB5", t459, 1},
    {"\xE5\xA1\x91", t460, 2},
    {"\xE5\xA1\xAB", t461, 3},
    {"\xE5\xA2\x83", t462, 4},
    {"\xE5\xA2\x93", t463, 3},
    {"\xE5\xA2\x99", t464, 2},
    {"\xE5\xA2\x9E", t465, 16},
    {"\xE5\xA2\xA8", t466, 2},
    {"\xE5\xA3\x81", t467, 2},
    {"\xE5\xA3\xAB", t468, 2},
    {"\xE5\xA3\xAE", t469, 4},
    {"\xE5\xA3\xB0", t470, 7},
    {"\xE5\xA4\x84", t471, 11},
    {"\xE5\xA4\x87", t472, 1},
    {"\xE5\xA4\x8D", t473, 5},
    {"\xE5\xA4\x8F", t474, 2},
    {"\xE5\xA4\x96", t475, 31},
    {"\xE5\xA4\x9A", t476, 25},
    {"\xE5\xA4\x9C", t477, 4},
    {"\xE5\xA4\xA7", t478, 127},
    {"\xE5\xA4\xA9", t479, 40},
    {"\xE5\xA4\xAA", t480, 17},
    {"\xE5\xA4\xAB", t481, 3},
    {"\xE5\xA4\xB1", t482, 8},
    {"\xE5\xA4\xB4", t483, 10},
    {"\xE5\xA4\xB7", t484, 1},
    {"\xE5\xA4\xB8", t485, 2},
    {"\xE5\xA4\xBA", t486, 3},
    {"\xE5\xA5\x87", t487, 4},
    {"\xE5\xA5\x88", t488, 1},
    {"\xE5\xA5\x89", t489, 3},
    {"\xE5\xA5\x8B", t490, 3},
    {"\xE5\xA5\x8F", t491, 1},
    {"\xE5\xA5\x91", t492, 2},
    {"\xE5\xA5\x94", t493, 4},
    {"\xE5\xA5\x96", t494, 4},
    {"\xE5\xA5\x97", t495, 1},
    {"\xE5\xA5\xA0", t496, 1},
    {"\xE5\xA5\xA5", t497, 2},
    {"\xE5\xA5\xB3", t498, 11},
    {"\xE5\xA5\xB4", t499, 5},
    {"\xE5\xA5\xB6", t500, 1},
    {"\xE5\xA5\xB9", t501, 1},
    {"\xE5\xA5\xBD", t502, 19},
    {"\xE5\xA6\x82", t503, 8},
    {"\xE5\xA6\x84", t504, 1},
    {"\xE5\xA6\x87", t505, 2},
    {"\xE5\xA6\x88", t506, 1},
    {"\xE5\xA6\x96", t507, 1},
    {"\xE5\xA6\xA5", t508, 1},
    {"\xE5\xA6\xA8", t509, 1},
    {"\xE5\xA6\xB9", t510, 2},
    {"\xE5\xA6\xBB", t511, 1},
    {"\xE5\xA7\x8A", t512, 1},
    {"\xE5\xA7\x8B", t513, 3},
    {"\xE5\xA7\x90", t514, 2},
    {"\xE5\xA7\x91", t515, 3},
    {"\xE5\xA7\x93", t516, 1},
    {"\xE5\xA7\x94", t517, 7},
    {"\xE5\xA7\x9A", t518, 1},
    {"\xE5\xA7\xBF", t519, 2},
    {"\xE5\xA8\x81", t520, 5},
    {"\xE5\xA8\x83", t521, 1},
    {"\xE5\xA8\x98", t522, 3},
    {"\xE5\xA8\xB1", t523, 1},
    {"\xE5\xA9\x86", t524, 1},
    {"\xE5\xA9\x9A", t525, 3},
    {"\xE5\xA9\xB4", t526, 1},
    {"\xE5\xAA\x92", t527, 2},
    {"\xE5\xAA\xB3", t528, 1},
    {"\xE5\xAB\x82", t529, 1},
    {"\xE5\xAB\x94", t530, 1},
    {"\xE5\xAD\x90", t531, 7},
    {"\xE5\xAD\x94", t532, 2},
    {"\xE5\xAD\x95", t533, 1},
    {"\xE5\xAD\x97", t534, 5},
    {"\xE5\xAD\x98", t535, 3},
    {"\xE5\xAD\x99", t536, 5},
    {"\xE5\xAD\x9D", t537, 3},
    {"\xE5\xAD\xA2", t538, 1},
    {"\xE5\xAD\xA3", t539, 4},
    {"\xE5\xAD\xA4", t540, 2},
    {"\xE5\xAD\xA6", t541, 23},
    {"\xE5\xAD\xA9", t542, 2},
    {"\xE5\xAE\x81", t543, 5},
    {"\xE5\xAE\x83", t544, 1},
    {"\xE5\xAE\x87", t545, 1},
    {"\xE5\xAE\x88", t546, 3},
    {"\xE5\xAE\x89", t547, 16},
    {"\xE5\xAE\x8B", t548, 5},
    {"\xE5\xAE\x8C", t549, 9},
    {"\xE5\xAE\x8F", t550, 3},
    {"\xE5\xAE\x97", t551, 3},
    {"\xE5\xAE\x98", t552, 14},
    {"\xE5\xAE\x9A", t553, 10},
    {"\xE5\xAE\x9B", t554, 1},
    {"\xE5\xAE\x9C", t555, 4},
    {"\xE5\xAE\x9D", t556, 8},
    {"\xE5\xAE\x9E", t557, 20},
    {"\xE5\xAE\xA1", t558, 12},
    {"\xE5\xAE\xA2", t559, 10},
    {"\xE5\xAE\xA3", t560, 7},
    {"\xE5\xAE\xA4", t561, 1},
    {"\xE5\xAE\xA6", t562, 1},
    {"\xE5\xAE\xAA", t563, 1},
    {"\xE5\xAE\xAB", t564, 7},
    {"\xE5\xAE\xB0", t565, 1},
    {"\xE5\xAE\xB3", t566, 3},
    {"\xE5\xAE\xB4", t567, 1},
    {"\xE5\xAE\xB6", t568, 14},
    {"\xE5\xAE\xB9", t569, 5},
    {"\xE5\xAE\xBD", t570, 4},
    {"\xE5\xAE\xBE", t571, 1},
    {"\xE5\xAE\xBF", t572, 1},
    {"\xE5\xAF\x82", t573, 2},
    {"\xE5\xAF\x84", t574, 2},
    {"\xE5\xAF\x86", t575, 6},
    {"\xE5\xAF\x8C", t576, 6},
    {"\xE5\xAF\x92", t577, 3},
    {"\xE5\xAF\x9F", t578, 2},
    {"\xE5\xAF\xA1", t579, 1},
    {"\xE5\xAF\xB9", t580, 22},
    {"\xE5\xAF\xBA", t581, 2},
    {"\xE5\xAF\xBB", t582, 4},
    {"\xE5\xAF\xBC", t583, 7},
    {"\xE5\xAF\xBF", t584, 1},
    {"\xE5\xB0\x81", t585, 6},
    {"\xE5\xB0\x84", t586, 3},
    {"\xE5\xB0\x86", t587, 6},
    {"\xE5\xB0\x8A", t588, 3},
    {"\xE5\xB0\x8F", t589, 37},
    {"\xE5\xB0\x91", t590, 11},
    {"\xE5\xB0\x96", t591, 2},
    {"\xE5\xB0\x9A", t592, 4},
    {"\xE5\xB0\x9D", t593, 1},
    {"\xE5\xB0\xA4", t594, 2},
    {"\xE5\xB0\xB1", t595, 7},
    {"\xE5\xB0\xB4", t596, 1},
    {"\xE5\xB0\xB8", t597, 3},
    {"\xE5\xB0\xBA", t598, 2},
    {"\xE5\xB0\xBC", t599, 1},
    {"\xE5\xB0\xBD", t600, 7},
    {"\xE5\xB0\xBE", t601, 2},
    {"\xE5\xB1\x80", t602, 5},
    {"\xE5\xB1\x81", t603, 1},
    {"\xE5\xB1\x82", t604, 3},
    {"\xE5\xB1\x85", t605, 5},
    {"\xE5\xB1\x88", t606, 2},
    {"\xE5\xB1\x8A", t607, 1},
    {"\xE5\xB1\x8B", t608, 4},
    {"\xE5\xB1\x8F", t609, 1},
    {"\xE5\xB1\x95", t610, 5},
    {"\xE5\xB1\x9E", t611, 3},
    {"\xE5\xB1\xA0", t612, 1},
    {"\xE5\xB1\xA5", t613, 1},
    {"\xE5\xB1\xB1", t614, 32},
    {"\xE5\xB2\x81", t615, 1},
    {"\xE5\xB2\x82", t616, 1},
    {"\xE5\xB2\x97", t617, 1},
    {"\xE5\xB2\x9B", t618, 2},
    {"\xE5\xB2\xA9", t619, 2},
    {"\xE5\xB2\xAD", t620, 1},
    {"\xE5\xB2\xB3", t621, 3},
    {"\xE5\xB2\xB8", t622, 2},
    {"\xE5\xB3\xA1", t623, 1},
    {"\xE5\xB3\xA8", t624, 1},
    {"\xE5\xB4\x87", t625, 4},
    {"\xE5\xB4\x9B", t626, 1},
    {"\xE5\xB4\xA9", t627, 1},
    {"\xE5\xB4\xAD", t628, 1},
    {"\xE5\xB5\xA9", t629, 1},
    {"\xE5\xB7\x9E", t630, 3},
    {"\xE5\xB7\xA1", t631, 3},
    {"\xE5\xB7\xA5", t632, 31},
    {"\xE5\xB7\xA6", t633, 7},
    {"\xE5\xB7\xA7", t634, 1},
    {"\xE5\xB7\xA8", t635, 2},
    {"\xE5\xB7\xA9", t636, 1},
    {"\xE5\xB7\xAE", t637, 6},
    {"\xE5\xB7\xB2", t638, 5},
    {"\xE5\xB7\xB4", t639, 4},
    {"\xE5\xB8\x82", t640, 14},
    {"\xE5\xB8\x83", t641, 7},
    {"\xE5\xB8\x88", t642, 14},
    {"\xE5\xB8\x8C", t643, 4},
    {"\xE5\xB8\x90", t644, 1},
    {"\xE5\xB8\x9D", t645, 3},
    {"\xE5\xB8\xA6", t646, 9},
    {"\xE5\xB8\xAE", t647, 3},
    {"\xE5\xB8\xB8", t648, 16},
    {"\xE5\xB8\xBD", t649, 1},
    {"\xE5\xB9\x85", t650, 1},
    {"\xE5\xB9\x95", t651, 1},
    {"\xE5\xB9\xB2", t652, 12},
    {"\xE5\xB9\xB3", t653, 25},
    {"\xE5\xB9\xB4", t654, 16},
    {"\xE5\xB9\xB6", t655, 6},
    {"\xE5\xB9\xB8", t656, 4},
    {"\xE5\xB9\xBB", t657, 1},
    {"\xE5\xB9\xBC", t658, 2},
    {"\xE5\xB9\xBD", t659, 1},
    {"\xE5\xB9\xBF", t660, 13},
    {"\xE5\xBA\x84", t661, 4},
    {"\xE5\xBA\x86", t662, 2},
    {"\xE5\xBA\x8A", t663, 1},
    {"\xE5\xBA\x8F", t664, 2},
    {"\xE5\xBA\x90", t665, 1},
    {"\xE5\xBA\x94", t666, 12},
    {"\xE5\xBA\x95", t667, 2},
    {"\xE5\xBA\x97", t668, 1},
    {"\xE5\xBA\x9E", t669, 1},
    {"\xE5\xBA\x9F", t670, 2},
    {"\xE5\xBA\xA6", t671, 2},
    {"\xE5\xBA\xA7", t672, 3},
    {"\xE5\xBA\xAD", t673, 1},
    {"\xE5\xBA\xB7", t674, 3},
    {"\xE5\xBA\xB8", t675, 1},
    {"\xE5\xBB\xB6", t676, 4},
    {"\xE5\xBB\xB7", t677, 1},
    {"\xE5\xBB\xBA", t678, 19},
    {"\xE5\xBC\x80", t679, 31},
    {"\xE5\xBC\x82", t680, 1},
    {"\xE5\xBC\x83", t681, 1},
    {"\xE5\xBC\x95", t682, 8},
    {"\xE5\xBC\x9F", t683, 3},
    {"\xE5\xBC\xA0", t684, 11},
    {"\xE5\xBC\xA5", t685, 2},
    {"\xE5\xBC\xA7", t686, 1},
    {"\xE5\xBC\xAF", t687, 1},
    {"\xE5\xBC\xB1", t688, 1},
    {"\xE5\xBC\xB9", t689, 5},
    {"\xE5\xBC\xBA", t690, 13},
    {"\xE5\xBD\x92", t691, 5},
    {"\xE5\xBD\x93", t692, 26},
    {"\xE5\xBD\x95", t693, 2},
    {"\xE5\xBD\x9D", t694, 1},
    {"\xE5\xBD\xA2", t695, 9},
    {"\xE5\xBD\xA9", t696, 3},
    {"\xE5\xBD\xAD", t697, 1},
    {"\xE5\xBD\xB1", t698, 4},
    {"\xE5\xBD\xBB", t699, 1},
    {"\xE5\xBD\xBC", t700, 1},
    {"\xE5\xBE\x80", t701, 8},
    {"\xE5\xBE\x81", t702, 4},
    {"\xE5\xBE\x84", t703, 3},
    {"\xE5\xBE\x85", t704, 1},
    {"\xE5\xBE\x88", t705, 5},
    {"\xE5\xBE\x8B", t706, 1},
    {"\xE5\xBE\x90", t707, 3},
    {"\xE5\xBE\x92", t708, 1},
    {"\xE5\xBE\x97", t709, 9},
    {"\xE5\xBE\x98", t710, 1},
    {"\xE5\xBE\xA1", t711, 3},
    {"\xE5\xBE\xAA", t712, 1},
    {"\xE5\xBE\xAE", t713, 7},
    {"\xE5\xBE\xB7", t714, 6},
    {"\xE5\xBF\x83", t715, 21},
    {"\xE5\xBF\x85", t716, 8},
    {"\xE5\xBF\x8D", t717, 3},
    {"\xE5\xBF\x97", t718, 3},
    {"\xE5\xBF\x98", t719, 1},
    {"\xE5\xBF\x99", t720, 1},
    {"\xE5\xBF\xA0", t721, 2},
    {"\xE5\xBF\xA7", t722, 1},
    {"\xE5\xBF\xAB", t723, 7},
    {"\xE5\xBF\xB5", t724, 1},
    {"\xE5\xBF\xBD", t725, 4},
    {"\xE6\x80\x80", t726, 6},
    {"\xE6\x80\x81", t727, 2},
    {"\xE6\x80\x8E", t728, 4},
    {"\xE6\x80\x92", t729, 2},
    {"\xE6\x80\x9D", t730, 8},
    {"\xE6\x80\xA5", t731, 7},
    {"\xE6\x80\xA7", t732, 7},
    {"\xE6\x80\xAA", t733, 3},
    {"\xE6\x80\xBB", t734, 32},
    {"\xE6\x81\x8B", t735, 1},
    {"\xE6\x81\x90", t736, 3},
    {"\xE6\x81\x92", t737, 2},
    {"\xE6\x81\xA2", t738, 1},
    {"\xE6\x81\xA8", t739, 1},
    {"\xE6\x81\xA9", t740, 3},
    {"\xE6\x81\xAD", t741, 1},
    {"\xE6\x81\xB0", t742, 3},
    {"\xE6\x81\xB6", t743, 4},
    {"\xE6\x81\xBC", t744, 1},
    {"\xE6\x82\x84", t745, 2},
    {"\xE6\x82\xA0", t746, 1},
    {"\xE6\x82\xA3", t747, 1},
    {"\xE6\x82\xAC", t748, 2},
    {"\xE6\x82\xB2", t749, 5},
    {"\xE6\x83\x85", t750, 9},
    {"\xE6\x83\x8A", t751, 10},
    {"\xE6\x83\x9F", t752, 2},
    {"\xE6\x83\xA8", t753, 2},
    {"\xE6\x83\xA9", t754, 1},
    {"\xE6\x83\xAD", t755, 1},
    {"\xE6\x83\xAF", t756, 2},
    {"\xE6\x83\xB3", t757, 11},
    {"\xE6\x84\x88", t758, 2},
    {"\xE6\x84\x89", t759, 1},
    {"\xE6\x84\x8F", t760, 13},
    {"\xE6\x84\x9A", t761, 1},
    {"\xE6\x84\x9F", t762, 12},
    {"\xE6\x84\xA4", t763, 2},
    {"\xE6\x84\xBF", t764, 2},
    {"\xE6\x85\x88", t765, 2},
    {"\xE6\x85\x8C", t766, 2},
    {"\xE6\x85\x8E", t767, 1},
    {"\xE6\x85\x95", t768, 3},
    {"\xE6\x85\xA2", t769, 2},
    {"\xE6\x85\xB0", t770, 1},
    {"\xE6\x85\xB7", t771, 1},
    {"\xE6\x87\x82", t772, 1},
    {"\xE6\x88\x8F", t773, 2},
    {"\xE6\x88\x90", t774, 20},
    {"\xE6\x88\x91", t775, 8},
    {"\xE6\x88\x92", t776, 1},
    {"\xE6\x88\x96", t777, 4},
    {"\xE6\x88\x98", t778, 25},
    {"\xE6\x88\x9A", t779, 1},
    {"\xE6\x88\xAA", t780, 3},
    {"\xE6\x88\xB7", t781, 3},
    {"\xE6\x88\xBF", t782, 10},
    {"\xE6\x89\x80", t783, 18},
    {"\xE6\x89\x8B", t784, 22},
    {"\xE6\x89\x8D", t785, 1},
    {"\xE6\x89\x8E", t786, 1},
    {"\xE6\x89\x93", t787, 21},
    {"\xE6\x89\xA7", t788, 4},
    {"\xE6\x89\xA9", t789, 6},
    {"\xE6\x89\xAB", t790, 1},
    {"\xE6\x89\xAC", t791, 1},
    {"\xE6\x89\xAD", t792, 1},
    {"\xE6\x89\xAE", t793, 1},
    {"\xE6\x89\xB6", t794, 2},
    {"\xE6\x89\xB9", t795, 6},
    {"\xE6\x89\xBE", t796, 2},
    {"\xE6\x89\xBF", t797, 5},
    {"\xE6\x8A\x80", t798, 4},
    {"\xE6\x8A\x89", t799, 1},
    {"\xE6\x8A\x8A", t800, 1},
    {"\xE6\x8A\x91", t801, 1},
    {"\xE6\x8A\x93", t802, 4},
    {"\xE6\x8A\x95", t803, 10},
    {"\xE6\x8A\x97", t804, 12},
    {"\xE6\x8A\x98", t805, 3},
    {"\xE6\x8A\x9A", t806, 1},
    {"\xE6\x8A\x9B", t807, 1},
    {"\xE6\x8A\xA2", t808, 2},
    {"\xE6\x8A\xA4", t809, 5},
    {"\xE6\x8A\xA5", t810, 10},
    {"\xE6\x8A\xAB", t811, 1},
    {"\xE6\x8A\xAC", t812, 3},
    {"\xE6\x8A\xB1", t813, 2},
    {"\xE6\x8A\xB5", t814, 6},
    {"\xE6\x8A\xBD", t815, 3},
    {"\xE6\x8B\x82", t816, 1},
    {"\xE6\x8B\x85", t817, 7},
    {"\xE6\x8B\x86", t818, 1},
    {"\xE6\x8B\x88", t819, 1},
    {"\xE6\x8B\x89", t820, 4},
    {"\xE6\x8B\x8D", t821, 3},
    {"\xE6\x8B\x92", t822, 1},
    {"\xE6\x8B\x93", t823, 1},
    {"\xE6\x8B\x94", t824, 1},
    {"\xE6\x8B\x9A", t825, 1},
    {"\xE6\x8B\x9B", t826, 9},
    {"\xE6\x8B\x9C", t827, 1},
    {"\xE6\x8B\x9F", t828, 1},
    {"\xE6\x8B\xA5", t829, 3},
    {"\xE6\x8B\xA6", t830, 2},
    {"\xE6\x8B\xA8", t831, 1},
    {"\xE6\x8B\xAF", t832, 1},
    {"\xE6\x8B\xB1", t833, 1},
    {"\xE6\x8B\xB3", t834, 1},
    {"\xE6\x8B\xBC", t835, 1},
    {"\xE6\x8B\xBE", t836, 1},
    {"\xE6\x8B\xBF", t837, 5},
    {"\xE6\x8C\x81", t838, 4},
    {"\xE6\x8C\x87", t839, 19},
    {"\xE6\x8C\x89", t840, 3},
    {"\xE6\x8C\x91", t841, 2},
    {"\xE6\x8C\x96", t842, 1},
    {"\xE6\x8C\xA1", t843, 1},
    {"\xE6\x8C\xA3", t844, 1},
    {"\xE6\x8C\xA5", t845, 2},
    {"\xE6\x8C\xAA", t846, 1},
    {"\xE6\x8C\xAB", t847, 1},
    {"\xE6\x8C\xAF", t848, 2},
    {"\xE6\x8C\xBA", t849, 1},
    {"\xE6\x8C\xBD", t850, 1},
    {"\xE6\x8D\x90", t851, 1},
    {"\xE6\x8D\x95", t852, 4},
    {"\xE6\x8D\x9F", t853, 4},
    {"\xE6\x8D\xA2", t854, 1},
    {"\xE6\x8D\xAE", t855, 3},
    {"\xE6\x8D\xB7", t856, 1},
    {"\xE6\x8E\x80", t857, 2},
    {"\xE6\x8E\x88", t858, 2},
    {"\xE6\x8E\x8C", t859, 5},
    {"\xE6\x8E\x8F", t860, 1},
    {"\xE6\x8E\x92", t861, 9},
    {"\xE6\x8E\xA0", t862, 2},
    {"\xE6\x8E\xA2", t863, 6},
    {"\xE6\x8E\xA5", t864, 15},
    {"\xE6\x8E\xA7", t865, 3},
    {"\xE6\x8E\xA8", t866, 16},
    {"\xE6\x8E\xA9", t867, 3},
    {"\xE6\x8E\xAA", t868, 1},
    {"\xE6\x8F\x8F", t869, 3},
    {"\xE6\x8F\x90", t870, 21},
    {"\xE6\x8F\x92", t871, 1},
    {"\xE6\x8F\xA1", t872, 1},
    {"\xE6\x8F\xAD", t873, 3},
    {"\xE6\x8F\xB4", t874, 1},
    {"\xE6\x90\x8F", t875, 1},
    {"\xE6\x90\x9C", t876, 4},
    {"\xE6\x90\x9E", t877, 2},
    {"\xE6\x90\xAD", t878, 1},
    {"\xE6\x90\xBA", t879, 1},
    {"\xE6\x91\x84", t880, 2},
    {"\xE6\x91\x86", t881, 3},
    {"\xE6\x91\x87", t882, 3},
    {"\xE6\x91\x94", t883, 1},
    {"\xE6\x91\x98", t884, 1},
    {"\xE6\x91\xA7", t885, 1},
    {"\xE6\x91\xA9", t886, 2},
    {"\xE6\x92\x9E", t887, 1},
    {"\xE6\x92\xA4", t888, 2},
    {"\xE6\x92\xAD", t889, 2},
    {"\xE6\x92\xB0", t890, 1},
    {"\xE6\x93\x85", t891, 2},
    {"\xE6\x93\x8D", t892, 5},
    {"\xE6\x94\x80", t893, 1},
    {"\xE6\x94\xAF", t894, 9},
    {"\xE6\x94\xB6", t895, 15},
    {"\xE6\x94\xB9", t896, 15},
    {"\xE6\x94\xBB", t897, 8},
    {"\xE6\x94\xBE", t898, 16},
    {"\xE6\x94\xBF", t899, 18},
    {"\xE6\x95\x85", t900, 9},
    {"\xE6\x95\x88", t901, 5},
    {"\xE6\x95\x8C", t902, 5},
    {"\xE6\x95\x8F", t903, 1},
    {"\xE6\x95\x91", t904, 6},
    {"\xE6\x95\x99", t905, 15},
    {"\xE6\x95\x9E", t906, 1},
    {"\xE6\x95\xA2", t907, 1},
    {"\xE6\x95\xA3", t908, 3},
    {"\xE6\x95\xA6", t909, 1},
    {"\xE6\x95\xAC", t910, 1},
    {"\xE6\x95\xB0", t911, 18},
    {"\xE6\x95\xB4", t912, 11},
    {"\xE6\x96\x87", t913, 23},
    {"\xE6\x96\x97", t914, 1},
    {"\xE6\x96\x99", t915, 3},
    {"\xE6\x96\xA9", t916, 1},
    {"\xE6\x96\xAD", t917, 3},
    {"\xE6\x96\xAF", t918, 2},
    {"\xE6\x96\xB0", t919, 30},
    {"\xE6\x96\xB9", t920, 13},
    {"\xE6\x96\xBD", t921, 4},
    {"\xE6\x97\x81", t922, 2},
    {"\xE6\x97\x85", t923, 8},
    {"\xE6\x97\x8B", t924, 1},
    {"\xE6\x97\x97", t925, 2},
    {"\xE6\x97\xA0", t926, 37},
    {"\xE6\x97\xA2", t927, 2},
    {"\xE6\x97\xA5", t928, 19},
    {"\xE6\x97\xA7", t929, 1},
    {"\xE6\x97\xA8", t930, 1},
    {"\xE6\x97\xA9", t931, 10},
    {"\xE6\x97\xB6", t932, 16},
    {"\xE6\x97\xB7", t933, 1},
    {"\xE6\x97\xBA", t934, 1},
    {"\xE6\x98\x82", t935, 1},
    {"\xE6\x98\x86", t936, 3},
    {"\xE6\x98\x8E", t937, 21},
    {"\xE6\x98\x8F", t938, 1},
    {"\xE6\x98\x93", t939, 1},
    {"\xE6\x98\x94", t940, 1},
    {"\xE6\x98\x9F", t941, 5},
    {"\xE6\x98\xA5", t942, 4},
    {"\xE6\x98\xA8", t943, 4},
    {"\xE6\x98\xAF", t944, 5},
    {"\xE6\x98\xBC", t945, 1},
    {"\xE6\x98\xBE", t946, 9},
    {"\xE6\x99\x83", t947, 1},
    {"\xE6\x99\x8B", t948, 1},
    {"\xE6\x99\x93", t949, 1},
    {"\xE6\x99\x9A", t950, 6},
    {"\xE6\x99\xAE", t951, 4},
    {"\xE6\x99\xAF", t952, 5},
    {"\xE6\x99\xB6", t953, 1},
    {"\xE6\x99\xBA", t954, 4},
    {"\xE6\x9A\x82", t955, 3},
    {"\xE6\x9A\x97", t956, 6},
    {"\xE6\x9A\xB4", t957, 4},
    {"\xE6\x9B\xB2", t958, 2},
    {"\xE6\x9B\xB4", t959, 7},
    {"\xE6\x9B\xB9", t960, 3},
    {"\xE6\x9B\xBE", t961, 2},
    {"\xE6\x9B\xBF", t962, 2},
    {"\xE6\x9C\x80", t963, 19},
    {"\xE6\x9C\x88", t964, 8},
    {"\xE6\x9C\x89", t965, 38},
    {"\xE6\x9C\x8B", t966, 1},
    {"\xE6\x9C\x8D", t967, 9},
    {"\xE6\x9C\x9B", t968, 4},
    {"\xE6\x9C\x9D", t969, 8},
    {"\xE6\x9C\x9F", t970, 4},
    {"\xE6\x9C\xA6", t971, 1},
    {"\xE6\x9C\xA8", t972, 6},
    {"\xE6\x9C\xAA", t973, 7},
    {"\xE6\x9C\xAB", t974, 3},
    {"\xE6\x9C\xAC", t975, 25},
    {"\xE6\x9C\xB1", t976, 4},
    {"\xE6\x9C\xB4", t977, 1},
    {"\xE6\x9C\xBA", t978, 19},
    {"\xE6\x9D\x80", t979, 5},
    {"\xE6\x9D\x82", t980, 1},
    {"\xE6\x9D\x83", t981, 5},
    {"\xE6\x9D\x89", t982, 1},
    {"\xE6\x9D\x8E", t983, 15},
    {"\xE6\x9D\x90", t984, 1},
    {"\xE6\x9D\x91", t985, 6},
    {"\xE6\x9D\x9C", t986, 3},
    {"\xE6\x9D\x9F", t987, 1},
    {"\xE6\x9D\xA1", t988, 4},
    {"\xE6\x9D\xA5", t989, 17},
    {"\xE6\x9D\xA8", t990, 3},
    {"\xE6\x9D\xAD", t991, 3},
    {"\xE6\x9D\xB0", t992, 1},
    {"\xE6\x9D\xBE", t993, 1},
    {"\xE6\x9D\xBF", t994, 2},
    {"\xE6\x9E\x81", t995, 10},
    {"\xE6\x9E\x84", t996, 4},
    {"\xE6\x9E\x95", t997, 1},
    {"\xE6\x9E\x97", t998, 6},
    {"\xE6\x9E\x9C", t999, 5},
    {"\xE6\x9E\xA2", t1000, 1},
    {"\xE6\x9E\xB6", t1001, 1},
    {"\xE6\x9F\x8F", t1002, 2},
    {"\xE6\x9F\x90", t1003, 3},
    {"\xE6\x9F\x93", t1004, 2},
    {"\xE6\x9F\x94", t1005, 1},
    {"\xE6\x9F\xA5", t1006, 4},
    {"\xE6\x9F\xAC", t1007, 1},
    {"\xE6\x9F\xAF", t1008, 1},
    {"\xE6\x9F\xB1", t1009, 1},
    {"\xE6\x9F\xB4", t1010, 2},
    {"\xE6\xA0\x87", t1011, 5},
    {"\xE6\xA0\x8F", t1012, 1},
    {"\xE6\xA0\x91", t1013, 8},
    {"\xE6\xA0\x96", t1014, 1},
    {"\xE6\xA0\xA1", t1015, 4},
    {"\xE6\xA0\xB7", t1016, 2},
    {"\xE6\xA0\xB8", t1017, 6},
    {"\xE6\xA0\xB9", t1018, 4},
    {"\xE6\xA0\xBC", t1019, 3},
    {"\xE6\xA0\xBD", t1020, 1},
    {"\xE6\xA1\x82", t1021, 2},
    {"\xE6\xA1\x83", t1022, 1},
    {"\xE6\xA1\x86", t1023, 1},
    {"\xE6\xA1\x88", t1024, 4},
    {"\xE6\xA1\x8C", t1025, 2},
    {"\xE6\xA1\xA3", t1026, 1},
    {"\xE6\xA1\xA5", t1027, 3},
    {"\xE6\xA2\x81", t1028, 2},
    {"\xE6\xA2\x85", t1029, 1},
    {"\xE6\xA2\xA6", t1030, 1},
    {"\xE6\xA3\x80", t1031, 6},
    {"\xE6\xA3\x89", t1032, 2},
    {"\xE6\xA3\x8B", t1033, 1},
    {"\xE6\xA3\xAE", t1034, 2},
    {"\xE6\xA3\xBA", t1035, 1},
    {"\xE6\xA4\x85", t1036, 1},
    {"\xE6\xA4\x8D", t1037, 3},
    {"\xE6\xA4\xAD", t1038, 1},
    {"\xE6\xA5\x9A", t1039, 2},
    {"\xE6\xA5\xA0", t1040, 1},
    {"\xE6\xA5\xBC", t1041, 3},
    {"\xE6\xA6\x82", t1042, 7},
    {"\xE6\xA6\x9C", t1043, 1},
    {"\xE6\xA6\xA8", t1044, 1},
    {"\xE6\xA8\xA1", t1045, 8},
    {"\xE6\xA8\xAA", t1046, 1},
    {"\xE6\xA9\xA1", t1047, 1},
    {"\xE6\xAC\xA1", t1048, 3},
    {"\xE6\xAC\xA2", t1049, 4},
    {"\xE6\xAC\xA3", t1050, 1},
    {"\xE6\xAC\xA7", t1051, 5},
    {"\xE6\xAC\xB2", t1052, 1},
    {"\xE6\xAC\xBA", t1053, 3},
    {"\xE6\xAD\x8C", t1054, 5},
    {"\xE6\xAD\xA3", t1055, 22},
    {"\xE6\xAD\xA4", t1056, 14},
    {"\xE6\xAD\xA5", t1057, 6},
    {"\xE6\xAD\xA6", t1058, 23},
    {"\xE6\xAD\xA7", t1059, 1},
    {"\xE6\xAD\xBB", t1060, 6},
    {"\xE6\xAD\xBC", t1061, 2},
    {"\xE6\xAE\x8B", t1062, 4},
    {"\xE6\xAE\x96", t1063, 3},
    {"\xE6\xAE\xA1", t1064, 1},
    {"\xE6\xAE\xB5", t1065, 2},
    {"\xE6\xAE\xB7", t1066, 2},
    {"\xE6\xAE\xBF", t1067, 1},
    {"\xE6\xAF\x81", t1068, 1},
    {"\xE6\xAF\x8D", t1069, 2},
    {"\xE6\xAF\x8F", t1070, 11},
    {"\xE6\xAF\x92", t1071, 6},
    {"\xE6\xAF\x94", t1072, 14},
    {"\xE6\xAF\x95", t1073, 3},
    {"\xE6\xAF\x9B", t1074, 3},
    {"\xE6\xAF\xAB", t1075, 5},
    {"\xE6\xB0\x8F", t1076, 1},
    {"\xE6\xB0\x91", t1077, 20},
    {"\xE6\xB0\x94", t1078, 13},
    {"\xE6\xB0\x9B", t1079, 1},
    {"\xE6\xB0\xA7", t1080, 2},
    {"\xE6\xB0\xA8", t1081, 1},
    {"\xE6\xB0\xB4", t1082, 36},
    {"\xE6\xB0\xB8", t1083, 5},
    {"\xE6\xB1\x82", t1084, 5},
    {"\xE6\xB1\x87", t1085, 5},
    {"\xE6\xB1\x89", t1086, 19},
    {"\xE6\xB1\x97", t1087, 1},
    {"\xE6\xB1\x9F", t1088, 25},
    {"\xE6\xB1\xA0", t1089, 2},
    {"\xE6\xB1\xA1", t1090, 1},
    {"\xE6\xB1\xBD", t1091, 3},
    {"\xE6\xB2\x88", t1092, 1},
    {"\xE6\xB2\x89", t1093, 7},
    {"\xE6\xB2\x94", t1094, 1},
    {"\xE6\xB2\x99", t1095, 10},
    {"\xE6\xB2\x9F", t1096, 1},
    {"\xE6\xB2\xA1", t1097, 6},
    {"\xE6\xB2\xA6", t1098, 1},
    {"\xE6\xB2\xAE", t1099, 1},
    {"\xE6\xB2\xB3", t1100, 13},
    {"\xE6\xB2\xB9", t1101, 5},
    {"\xE6\xB2\xBB", t1102, 7},
    {"\xE6\xB2\xBC", t1103, 1},
    {"\xE6\xB2\xBF", t1104, 8},
    {"\xE6\xB3\x84", t1105, 2},
    {"\xE6\xB3\x89", t1106, 1},
    {"\xE6\xB3\x8A", t1107, 1},
    {"\xE6\xB3\x95", t1108, 21},
    {"\xE6\xB3\x9B", t1109, 1},
    {"\xE6\xB3\xA1", t1110, 1},
    {"\xE6\xB3\xA2", t1111, 5},
    {"\xE6\xB3\xA5", t1112, 2},
    {"\xE6\xB3\xA8", t1113, 9},
    {"\xE6\xB3\xAA", t1114, 1},
    {"\xE6\xB3\xB0", t1115, 2},
    {"\xE6\xB4\x8B", t1116, 2},
    {"\xE6\xB4\x9B", t1117, 2},
    {"\xE6\xB4\x9E", t1118, 3},
    {"\xE6\xB4\xA5", t1119, 1},
    {"\xE6\xB4\xAA", t1120, 7},
    {"\xE6\xB4\xBB", t1121, 8},
    {"\xE6\xB4\xBC", t1122, 1},
    {"\xE6\xB4\xBE", t1123, 3},
    {"\xE6\xB5\x81", t1124, 24},
    {"\xE6\xB5\x8B", t1125, 3},
    {"\xE6\xB5\x8E", t1126, 1},
    {"\xE6\xB5\x8F", t1127, 1},
    {"\xE6\xB5\x91", t1128, 2},
    {"\xE6\xB5\x93", t1129, 4},
    {"\xE6\xB5\x99", t1130, 2},
    {"\xE6\xB5\xA0", t1131, 1},
    {"\xE6\xB5\xA9", t1132, 1},
    {"\xE6\xB5\xAA", t1133, 2},
    {"\xE6\xB5\xAE", t1134, 1},
    {"\xE6\xB5\xB7", t1135, 23},
    {"\xE6\xB6\x82", t1136, 1},
    {"\xE6\xB6\x88", t1137, 11},
    {"\xE6\xB6\x89", t1138, 1},
    {"\xE6\xB6\x8C", t1139, 1},
    {"\xE6\xB6\xA1", t1140, 1},
    {"\xE6\xB6\xA8", t1141, 2},
    {"\xE6\xB6\xB2", t1142, 1},
    {"\xE6\xB6\xB5", t1143, 1},
    {"\xE6\xB7\x98", t1144, 1},
    {"\xE6\xB7\xA1", t1145, 3},
    {"\xE6\xB7\xA4", t1146, 1},
    {"\xE6\xB7\xAE", t1147, 2},
    {"\xE6\xB7\xB1", t1148, 15},
    {"\xE6\xB7\xB7", t1149, 4},
    {"\xE6\xB7\xB9", t1150, 1},
    {"\xE6\xB7\xBB", t1151, 2},
    {"\xE6\xB8\x85", t1152, 25},
    {"\xE6\xB8\x8A", t1153, 1},
    {"\xE6\xB8\x90", t1154, 1},
    {"\xE6\xB8\x94", t1155, 3},
    {"\xE6\xB8\x97", t1156, 1},
    {"\xE6\xB8\xA0", t1157, 1},
    {"\xE6\xB8\xA1", t1158, 2},
    {"\xE6\xB8\xA4", t1159, 1},
    {"\xE6\xB8\xA9", t1160, 7},
    {"\xE6\xB8\xAF", t1161, 2},
    {"\xE6\xB8\xB4", t1162, 1},
    {"\xE6\xB8\xB8", t1163, 8},
    {"\xE6\xB9\x96", t1164, 9},
    {"\xE6\xB9\x98", t1165, 1},
    {"\xE6\xB9\xBF", t1166, 2},
    {"\xE6\xBA\x90", t1167, 1},
    {"\xE6\xBA\xB6", t1168, 4},
    {"\xE6\xBB\x8B", t1169, 2},
    {"\xE6\xBB\x9A", t1170, 1},
    {"\xE6\xBB\xA1", t1171, 7},
    {"\xE6\xBB\xA5", t1172, 1},
    {"\xE6\xBC\x82", t1173, 1},
    {"\xE6\xBC\x86", t1174, 1},
    {"\xE6\xBC\x8F", t1175, 1},
    {"\xE6\xBC\x94", t1176, 10},
    {"\xE6\xBC\x95", t1177, 1},
    {"\xE6\xBC\xAB", t1178, 1},
    {"\xE6\xBD\x87", t1179, 2},
    {"\xE6\xBD\x9C", t1180, 6},
    {"\xE6\xBD\xAE", t1181, 2},
    {"\xE6\xBD\xBC", t1182, 1},
    {"\xE6\xBE\xB3", t1183, 2},
    {"\xE6\xBF\x80", t1184, 11},
    {"\xE7\x80\x91", t1185, 1},
    {"\xE7\x81\x8C", t1186, 2},
    {"\xE7\x81\xAB", t1187, 16},
    {"\xE7\x81\xAD", t1188, 2},
    {"\xE7\x81\xAF", t1189, 3},
    {"\xE7\x81\xB0", t1190, 1},
    {"\xE7\x81\xB5", t1191, 3},
    {"\xE7\x81\xBE", t1192, 3},
    {"\xE7\x81\xBF", t1193, 1},
    {"\xE7\x82\x8E", t1194, 3},
    {"\xE7\x82\x92", t1195, 2},
    {"\xE7\x82\xAE", t1196, 4},
    {"\xE7\x82\xB8", t1197, 2},
    {"\xE7\x82\xB9", t1198, 9},
    {"\xE7\x83\x88", t1199, 1},
    {"\xE7\x83\x9F", t1200, 3},
    {"\xE7\x83\xA6", t1201, 1},
    {"\xE7\x83\xA7", t1202, 3},
    {"\xE7\x83\xAD", t1203, 12},
    {"\xE7\x83\xB9", t1204, 2},
    {"\xE7\x84\x95", t1205, 1},
    {"\xE7\x84\xA6", t1206, 4},
    {"\xE7\x84\xB6", t1207, 2},
    {"\xE7\x85\xA4", t1208, 2},
    {"\xE7\x85\xA7", t1209, 8},
    {"\xE7\x86\x8A", t1210, 1},
    {"\xE7\x86\x94", t1211, 1},
    {"\xE7\x86\x9F", t1212, 3},
    {"\xE7\x87\x83", t1213, 2},
    {"\xE7\x87\x95", t1214, 2},
    {"\xE7\x88\x86", t1215, 3},
    {"\xE7\x88\xB1", t1216, 7},
    {"\xE7\x88\xB6", t1217, 3},
    {"\xE7\x88\xB7", t1218, 1},
    {"\xE7\x88\xB8", t1219, 1},
    {"\xE7\x88\xB9", t1220, 1},
    {"\xE7\x89\x87", t1221, 2},
    {"\xE7\x89\x88", t1222, 2},
    {"\xE7\x89\x8C", t1223, 3},
    {"\xE7\x89\x99", t1224, 1},
    {"\xE7\x89\x9B", t1225, 5},
    {"\xE7\x89\xA2", t1226, 2},
    {"\xE7\x89\xA7", t1227, 1},
    {"\xE7\x89\xA9", t1228, 11},
    {"\xE7\x89\xB2", t1229, 2},
    {"\xE7\x89\xB5", t1230, 3},
    {"\xE7\x89\xB9", t1231, 18},
    {"\xE7\x89\xBA", t1232, 1},
    {"\xE7\x8A\xAF", t1233, 3},
    {"\xE7\x8A\xB6", t1234, 3},
    {"\xE7\x8A\xB9", t1235, 3},
    {"\xE7\x8B\xA0", t1236, 1},
    {"\xE7\x8B\xA9", t1237, 1},
    {"\xE7\x8B\xAC", t1238, 7},
    {"\xE7\x8B\xAD", t1239, 1},
    {"\xE7\x8B\xAE", t1240, 2},
    {"\xE7\x8B\xBC", t1241, 1},
    {"\xE7\x8C\x9B", t1242, 3},
    {"\xE7\x8C\x9C", t1243, 2},
    {"\xE7\x8C\xAA", t1244, 1},
    {"\xE7\x8C\xAE", t1245, 1},
    {"\xE7\x8C\xB4", t1246, 1},
    {"\xE7\x8E\x84", t1247, 1},
    {"\xE7\x8E\x87", t1248, 2},
    {"\xE7\x8E\x89", t1249, 5},
    {"\xE7\x8E\x8B", t1250, 16},
    {"\xE7\x8E\xA9", t1251, 2},
    {"\xE7\x8E\xAB", t1252, 1},
    {"\xE7\x8E\xAF", t1253, 5},
    {"\xE7\x8E\xB0", t1254, 17},
    {"\xE7\x8E\xBB", t1255, 1},
    {"\xE7\x8F\x8A", t1256, 1},
    {"\xE7\x8F\x8D", t1257, 5},
    {"\xE7\x8F\x9E", t1258, 1},
    {"\xE7\x8F\xA0", t1259, 2},
    {"\xE7\x8F\xAD", t1260, 3},
    {"\xE7\x90\x83", t1261, 4},
    {"\xE7\x90\x86", t1262, 15},
    {"\xE7\x90\x89", t1263, 1},
    {"\xE7\x90\xA2", t1264, 1},
    {"\xE7\x90\xB4", t1265, 1},
    {"\xE7\x90\xB5", t1266, 1},
    {"\xE7\x91\x9E", t1267, 2},
    {"\xE7\x91\xB6", t1268, 1},
    {"\xE7\x93\x9C", t1269, 1},
    {"\xE7\x93\xA6", t1270, 2},
    {"\xE7\x93\xB7", t1271, 1},
    {"\xE7\x94\x98", t1272, 4},
    {"\xE7\x94\x9A", t1273, 3},
    {"\xE7\x94\x9C", t1274, 1},
    {"\xE7\x94\x9F", t1275, 36},
    {"\xE7\x94\xA8", t1276, 14},
    {"\xE7\x94\xB0", t1277, 3},
    {"\xE7\x94\xB1", t1278, 2},
    {"\xE7\x94\xB2", t1279, 2},
    {"\xE7\x94\xB3", t1280, 4},
    {"\xE7\x94\xB5", t1281, 22},
    {"\xE7\x94\xB7", t1282, 4},
    {"\xE7\x94\xBB", t1283, 3},
    {"\xE7\x95\x85", t1284, 1},
    {"\xE7\x95\x8C", t1285, 2},
    {"\xE7\x95\x8F", t1286, 1},
    {"\xE7\x95\x99", t1287, 8},
    {"\xE7\x95\x9C", t1288, 2},
    {"\xE7\x95\xA5", t1289, 1},
    {"\xE7\x95\xB8", t1290, 1},
    {"\xE7\x96\x91", t1291, 4},
    {"\xE7\x96\x97", t1292, 2},
    {"\xE7\x96\x99", t1293, 1},
    {"\xE7\x96\xAF", t1294, 1},
    {"\xE7\x96\xB2", t1295, 2},
    {"\xE7\x96\xBC", t1296, 1},
    {"\xE7\x96\xBE", t1297, 1},
    {"\xE7\x97\x85", t1298, 6},
    {"\xE7\x97\x87", t1299, 1},
    {"\xE7\x97\x95", t1300, 1},
    {"\xE7\x97\x9B", t1301, 3},
    {"\xE7\x99\x8C", t1302, 1},
    {"\xE7\x99\xBB", t1303, 6},
    {"\xE7\x99\xBD", t1304, 14},
    {"\xE7\x99\xBE", t1305, 8},
    {"\xE7\x9A\x84", t1306, 2},
    {"\xE7\x9A\x87", t1307, 13},
    {"\xE7\x9A\xAE", t1308, 4},
    {"\xE7\x9A\xB1", t1309, 1},
    {"\xE7\x9B\x86", t1310, 1},
    {"\xE7\x9B\x88", t1311, 2},
    {"\xE7\x9B\x91", t1312, 11},
    {"\xE7\x9B\x98", t1313, 2},
    {"\xE7\x9B\x9B", t1314, 6},
    {"\xE7\x9B\x9F", t1315, 1},
    {"\xE7\x9B\xAE", t1316, 7},
    {"\xE7\x9B\xB2", t1317, 1},
    {"\xE7\x9B\xB4", t1318, 14},
    {"\xE7\x9B\xB8", t1319, 33},
    {"\xE7\x9B\xBC", t1320, 1},
    {"\xE7\x9C\x81", t1321, 12},
    {"\xE7\x9C\x89", t1322, 2},
    {"\xE7\x9C\x8B", t1323, 20},
    {"\xE7\x9C\x9F", t1324, 11},
    {"\xE7\x9C\xBC", t1325, 14},
    {"\xE7\x9D\x80", t1326, 6},
    {"\xE7\x9D\xA1", t1327, 3},
    {"\xE7\x9D\xA3", t1328, 1},
    {"\xE7\x9E\x84", t1329, 1},
    {"\xE7\x9E\x8E", t1330, 1},
    {"\xE7\x9E\xA7", t1331, 2},
    {"\xE7\x9E\xA9", t1332, 1},
    {"\xE7\x9E\xAC", t1333, 1},
    {"\xE7\x9E\xBB", t1334, 1},
    {"\xE7\x9F\x9B", t1335, 1},
    {"\xE7\x9F\xA5", t1336, 9},
    {"\xE7\x9F\xAD", t1337, 4},
    {"\xE7\x9F\xB3", t1338, 19},
    {"\xE7\x9F\xBF", t1339, 7},
    {"\xE7\xA0\x81", t1340, 1},
    {"\xE7\xA0\x82", t1341, 1},
    {"\xE7\xA0\x94", t1342, 9},
    {"\xE7\xA0\xB4", t1343, 5},
    {"\xE7\xA1\x95", t1344, 1},
    {"\xE7\xA1\xAC", t1345, 1},
    {"\xE7\xA1\xAE", t1346, 7},
    {"\xE7\xA2\xB0", t1347, 3},
    {"\xE7\xA3\x81", t1348, 1},
    {"\xE7\xA3\x95", t1349, 1},
    {"\xE7\xA4\xBA", t1350, 5},
    {"\xE7\xA4\xBC", t1351, 5},
    {"\xE7\xA4\xBE", t1352, 7},
    {"\xE7\xA5\x96", t1353, 5},
    {"\xE7\xA5\x9D", t1354, 1},
    {"\xE7\xA5\x9E", t1355, 17},
    {"\xE7\xA5\xA8", t1356, 1},
    {"\xE7\xA5\xAD", t1357, 2},
    {"\xE7\xA6\x80", t1358, 1},
    {"\xE7\xA6\x81", t1359, 4},
    {"\xE7\xA6\x8F", t1360, 5},
    {"\xE7\xA6\xBB", t1361, 4},
    {"\xE7\xA7\x80", t1362, 2},
    {"\xE7\xA7\x81", t1363, 3},
    {"\xE7\xA7\x8B", t1364, 1},
    {"\xE7\xA7\x8D", t1365, 5},
    {"\xE7\xA7\x91", t1366, 9},
    {"\xE7\xA7\x98", t1367, 4},
    {"\xE7\xA7\x9F", t1368, 1},
    {"\xE7\xA7\xA6", t1369, 3},
    {"\xE7\xA7\xA9", t1370, 1},
    {"\xE7\xA7\xAD", t1371, 1},
    {"\xE7\xA7\xAF", t1372, 7},
    {"\xE7\xA7\xB0", t1373, 7},
    {"\xE7\xA7\xBB", t1374, 4},
    {"\xE7\xA8\x80", t1375, 2},
    {"\xE7\xA8\x8B", t1376, 3},
    {"\xE7\xA8\x8D", t1377, 2},
    {"\xE7\xA8\x8E", t1378, 2},
    {"\xE7\xA8\xB3", t1379, 3},
    {"\xE7\xA8\xBB", t1380, 1},
    {"\xE7\xA9\x86", t1381, 1},
    {"\xE7\xA9\xB4", t1382, 1},
    {"\xE7\xA9\xB6", t1383, 1},
    {"\xE7\xA9\xB7", t1384, 1},
    {"\xE7\xA9\xBA", t1385, 10},
    {"\xE7\xA9\xBF", t1386, 2},
    {"\xE7\xAA\x81", t1387, 7},
    {"\xE7\xAA\x91", t1388, 1},
    {"\xE7\xAA\x97", t1389, 3},
    {"\xE7\xAB\x8B", t1390, 12},
    {"\xE7\xAB\x99", t1391, 3},
    {"\xE7\xAB\x9E", t1392, 4},
    {"\xE7\xAB\x9F", t1393, 2},
    {"\xE7\xAB\xA0", t1394, 2},
    {"\xE7\xAB\xA3", t1395, 1},
    {"\xE7\xAB\xA5", t1396, 1},
    {"\xE7\xAB\xAD", t1397, 1},
    {"\xE7\xAB\xAF", t1398, 2},
    {"\xE7\xAB\xB9", t1399, 1},
    {"\xE7\xAC\x91", t1400, 5},
    {"\xE7\xAC\x94", t1401, 5},
    {"\xE7\xAC\xA6", t1402, 2},
    {"\xE7\xAC\xAC", t1403, 31},
    {"\xE7\xAC\xBC", t1404, 1},
    {"\xE7\xAD\x89", t1405, 7},
    {"\xE7\xAD\x91", t1406, 2},
    {"\xE7\xAD\x94", t1407, 4},
    {"\xE7\xAD\x96", t1408, 2},
    {"\xE7\xAD\xB7", t1409, 1},
    {"\xE7\xAD\xB9", t1410, 1},
    {"\xE7\xAD\xBE", t1411, 4},
    {"\xE7\xAE\x80", t1412, 6},
    {"\xE7\xAE\x97", t1413, 3},
    {"\xE7\xAE\xA1", t1414, 8},
    {"\xE7\xAE\xB1", t1415, 1},
    {"\xE7\xAF\xAE", t1416, 2},
    {"\xE7\xB0\x87", t1417, 1},
    {"\xE7\xB1\xB3", t1418, 3},
    {"\xE7\xB1\xBB", t1419, 3},
    {"\xE7\xB2\x89", t1420, 2},
    {"\xE7\xB2\x92", t1421, 1},
    {"\xE7\xB2\x97", t1422, 2},
    {"\xE7\xB2\xAE", t1423, 2},
    {"\xE7\xB2\xBE", t1424, 20},
    {"\xE7\xB3\x8A", t1425, 1},
    {"\xE7\xB3\x8D", t1426, 1},
    {"\xE7\xB3\x96", t1427, 1},
    {"\xE7\xB3\x9F", t1428, 1},
    {"\xE7\xB3\xAF", t1429, 2},
    {"\xE7\xB3\xBB", t1430, 4},
    {"\xE7\xB4\x8A", t1431, 1},
    {"\xE7\xB4\xA0", t1432, 2},
    {"\xE7\xB4\xA2", t1433, 2},
    {"\xE7\xB4\xA7", t1434, 8},
    {"\xE7\xB4\xAB", t1435, 2},
    {"\xE7\xB4\xAF", t1436, 1},
    {"\xE7\xB9\x81", t1437, 8},
    {"\xE7\xBA\xA0", t1438, 3},
    {"\xE7\xBA\xA2", t1439, 11},
    {"\xE7\xBA\xA4", t1440, 3},
    {"\xE7\xBA\xA6", t1441, 3},
    {"\xE7\xBA\xA7", t1442, 1},
    {"\xE7\xBA\xAA", t1443, 4},
    {"\xE7\xBA\xAF", t1444, 4},
    {"\xE7\xBA\xB2", t1445, 1},
    {"\xE7\xBA\xB3", t1446, 3},
    {"\xE7\xBA\xB5", t1447, 5},
    {"\xE7\xBA\xB7", t1448, 1},
    {"\xE7\xBA\xB8", t1449, 1},
    {"\xE7\xBA\xBA", t1450, 2},
    {"\xE7\xBA\xBD", t1451, 1},
    {"\xE7\xBA\xBF", t1452, 3},
    {"\xE7\xBB\x83", t1453, 1},
    {"\xE7\xBB\x84", t1454, 7},
    {"\xE7\xBB\x86", t1455, 9},
    {"\xE7\xBB\x88", t1456, 7},
    {"\xE7\xBB\x8D", t1457, 1},
    {"\xE7\xBB\x8F", t1458, 20},
    {"\xE7\xBB\x93", t1459, 11},
    {"\xE7\xBB\x95", t1460, 1},
    {"\xE7\xBB\x98", t1461, 2},
    {"\xE7\xBB\x99", t1462, 2},
    {"\xE7\xBB\x9D", t1463, 6},
    {"\xE7\xBB\x9F", t1464, 12},
    {"\xE7\xBB\xA7", t1465, 4},
    {"\xE7\xBB\xB3", t1466, 2},
    {"\xE7\xBB\xB4", t1467, 6},
    {"\xE7\xBB\xB5", t1468, 1},
    {"\xE7\xBB\xBC", t1469, 3},
    {"\xE7\xBB\xBF", t1470, 4},
    {"\xE7\xBC\x85", t1471, 1},
    {"\xE7\xBC\x93", t1472, 4},
    {"\xE7\xBC\x94", t1473, 1},
    {"\xE7\xBC\x96", t1474, 9},
    {"\xE7\xBC\x98", t1475, 1},
    {"\xE7\xBC\xA9", t1476, 2},
    {"\xE7\xBC\xB4", t1477, 1},
    {"\xE7\xBC\xBA", t1478, 5},
    {"\xE7\xBD\x90", t1479, 1},
    {"\xE7\xBD\x91", t1480, 6},
    {"\xE7\xBD\x95", t1481, 1},
    {"\xE7\xBD\x97", t1482, 7},
    {"\xE7\xBD\x9A", t1483, 1},
    {"\xE7\xBD\xA2", t1484, 3},
    {"\xE7\xBD\xAA", t1485, 4},
    {"\xE7\xBD\xAE", t1486, 1},
    {"\xE7\xBE\x81", t1487, 1},
    {"\xE7\xBE\x8A", t1488, 2},
    {"\xE7\xBE\x8E", t1489, 14},
    {"\xE7\xBE\x9F", t1490, 1},
    {"\xE7\xBE\xA1", t1491, 1},
    {"\xE7\xBE\xA4", t1492, 6},
    {"\xE7\xBF\x85", t1493, 1},
    {"\xE7\xBF\x8C", t1494, 1},
    {"\xE7\xBF\xB0", t1495, 1},
    {"\xE7\xBF\xBB", t1496, 3},
    {"\xE8\x80\x80", t1497, 1},
    {"\xE8\x80\x81", t1498, 26},
    {"\xE8\x80\x83", t1499, 10},
    {"\xE8\x80\x8C", t1500, 7},
    {"\xE8\x80\x90", t1501, 1},
    {"\xE8\x80\x95", t1502, 3},
    {"\xE8\x80\x97", t1503, 1},
    {"\xE8\x80\xB3", t1504, 3},
    {"\xE8\x80\xB6", t1505, 2},
    {"\xE8\x80\xBD", t1506, 2},
    {"\xE8\x81\x8A", t1507, 1},
    {"\xE8\x81\x8C", t1508, 11},
    {"\xE8\x81\x94", t1509, 15},
    {"\xE8\x81\x98", t1510, 1},
    {"\xE8\x81\x9A", t1511, 4},
    {"\xE8\x81\xAA", t1512, 1},
    {"\xE8\x82\x83", t1513, 1},
    {"\xE8\x82\x86", t1514, 1},
    {"\xE8\x82\x8C", t1515, 2},
    {"\xE8\x82\x9A", t1516, 1},
    {"\xE8\x82\x9D", t1517, 1},
    {"\xE8\x82\xA0", t1518, 1},
    {"\xE8\x82\xA1", t1519, 7},
    {"\xE8\x82\xA2", t1520, 1},
    {"\xE8\x82\xA5", t1521, 2},
    {"\xE8\x82\xA9", t1522, 3},
    {"\xE8\x82\xAF", t1523, 1},
    {"\xE8\x82\xB2", t1524, 1},
    {"\xE8\x82\xBF", t1525, 1},
    {"\xE8\x83\x86", t1526, 1},
    {"\xE8\x83\x8C", t1527, 8},
    {"\xE8\x83\x8E", t1528, 1},
    {"\xE8\x83\x96", t1529, 1},
    {"\xE8\x83\x9A", t1530, 1},
    {"\xE8\x83\x9C", t1531, 6},
    {"\xE8\x83\xA1", t1532, 8},
    {"\xE8\x83\xB3", t1533, 1},
    {"\xE8\x83\xB8", t1534, 3},
    {"\xE8\x83\xBD", t1535, 5},
    {"\xE8\x84\x82", t1536, 1},
    {"\xE8\x84\x86", t1537, 1},
    {"\xE8\x84\x89", t1538, 1},
    {"\xE8\x84\x8A", t1539, 1},
    {"\xE8\x84\x91", t1540, 3},
    {"\xE8\x84\x96", t1541, 1},
    {"\xE8\x84\x9A", t1542, 4},
    {"\xE8\x84\xB1", t1543, 2},
    {"\xE8\x84\xB8", t1544, 3},
    {"\xE8\x84\xBE", t1545, 1},
    {"\xE8\x85\x8A", t1546, 1},
    {"\xE8\x85\x90", t1547, 2},
    {"\xE8\x85\xB0", t1548, 1},
    {"\xE8\x85\xB9", t1549, 3},
    {"\xE8\x86\xA8", t1550, 1},
    {"\xE8\x87\xA3", t1551, 1},
    {"\xE8\x87\xAA", t1552, 42},
    {"\xE8\x87\xB3", t1553, 6},
    {"\xE8\x87\xB4", t1554, 5},
    {"\xE8\x88\x85", t1555, 1},
    {"\xE8\x88\x86", t1556, 1},
    {"\xE8\x88\x8C", t1557, 1},
    {"\xE8\x88\x8D", t1558, 2},
    {"\xE8\x88\x92", t1559, 2},
    {"\xE8\x88\x9E", t1560, 3},
    {"\xE8\x88\xAA", t1561, 11},
    {"\xE8\x88\xAC", t1562, 1},
    {"\xE8\x88\xB0", t1563, 3},
    {"\xE8\x88\xB5", t1564, 1},
    {"\xE8\x88\xB9", t1565, 5},
    {"\xE8\x89\xAF", t1566, 3},
    {"\xE8\x89\xB0", t1567, 2},
    {"\xE8\x89\xB2", t1568, 3},
    {"\xE8\x89\xBA", t1569, 3},
    {"\xE8\x89\xBE", t1570, 1},
    {"\xE8\x8A\x82", t1571, 7},
    {"\xE8\x8A\x99", t1572, 1},
    {"\xE8\x8A\xA6", t1573, 2},
    {"\xE8\x8A\xAC", t1574, 1},
    {"\xE8\x8A\xAF", t1575, 1},
    {"\xE8\x8A\xB1", t1576, 8},
    {"\xE8\x8B\x8D", t1577, 1},
    {"\xE8\x8B\x8F", t1578, 7},
    {"\xE8\x8B\x97", t1579, 2},
    {"\xE8\x8B\xA5", t1580, 2},
    {"\xE8\x8B\xA6", t1581, 4},
    {"\xE8\x8B\xB1", t1582, 10},
    {"\xE8\x8B\xB9", t1583, 1},
    {"\xE8\x8C\x83", t1584, 4},
    {"\xE8\x8C\xAB", t1585, 2},
    {"\xE8\x8C\xB6", t1586, 1},
    {"\xE8\x8D\x86", t1587, 7},
    {"\xE8\x8D\x89", t1588, 4},
    {"\xE8\x8D\x92", t1589, 2},
    {"\xE8\x8D\xA3", t1590, 4},
    {"\xE8\x8D\xAF", t1591, 6},
    {"\xE8\x8D\xB7", t1592, 3},
    {"\xE8\x8E\xAB", t1593, 4},
    {"\xE8\x8E\xB2", t1594, 3},
    {"\xE8\x8E\xB7", t1595, 5},
    {"\xE8\x8F\x8A", t1596, 1},
    {"\xE8\x8F\x9C", t1597, 2},
    {"\xE8\x8F\xA9", t1598, 1},
    {"\xE8\x8F\xB1", t1599, 1},
    {"\xE8\x8F\xB2", t1600, 1},
    {"\xE8\x90\xA5", t1601, 8},
    {"\xE8\x90\xBD", t1602, 8},
    {"\xE8\x91\x97", t1603, 4},
    {"\xE8\x91\xA1", t1604, 2},
    {"\xE8\x91\xA3", t1605, 4},
    {"\xE8\x91\xAB", t1606, 1},
    {"\xE8\x92\x8B", t1607, 4},
    {"\xE8\x92\x99", t1608, 3},
    {"\xE8\x92\xB2", t1609, 1},
    {"\xE8\x92\xB8", t1610, 1},
    {"\xE8\x93\x9D", t1611, 2},
    {"\xE8\x93\xA6", t1612, 1},
    {"\xE8\x93\xAC", t1613, 1},
    {"\xE8\x94\x93", t1614, 1},
    {"\xE8\x94\xAC", t1615, 1},
    {"\xE8\x95\xB4", t1616, 2},
    {"\xE8\x96\x84", t1617, 1},
    {"\xE8\x96\xAA", t1618, 2},
    {"\xE8\x97\x8F", t1619, 1},
    {"\xE8\x97\xBB", t1620, 1},
    {"\xE8\x98\x91", t1621, 1},
    {"\xE8\x99\x9A", t1622, 1},
    {"\xE8\x99\xBD", t1623, 2},
    {"\xE8\x9B\x8B", t1624, 3},
    {"\xE8\x9C\x88", t1625, 1},
    {"\xE8\x9C\xA1", t1626, 1},
    {"\xE8\x9C\xBF", t1627, 1},
    {"\xE8\x9D\xB4", t1628, 1},
    {"\xE8\x9E\x8D", t1629, 3},
    {"\xE8\x9E\xBA", t1630, 1},
    {"\xE8\xA1\x80", t1631, 4},
    {"\xE8\xA1\x8C", t1632, 24},
    {"\xE8\xA1\x94", t1633, 1},
    {"\xE8\xA1\x97", t1634, 3},
    {"\xE8\xA1\x99", t1635, 2},
    {"\xE8\xA1\xA1", t1636, 1},
    {"\xE8\xA1\xA3", t1637, 5},
    {"\xE8\xA1\xA5", t1638, 4},
    {"\xE8\xA1\xA8", t1639, 12},
    {"\xE8\xA1\xB0", t1640, 2},
    {"\xE8\xA2\x81", t1641, 4},
    {"\xE8\xA2\x96", t1642, 1},
    {"\xE8\xA2\xAB", t1643, 8},
    {"\xE8\xA2\xAD", t1644, 1},
    {"\xE8\xA3\x81", t1645, 3},
    {"\xE8\xA3\x85", t1646, 7},
    {"\xE8\xA3\x98", t1647, 1},
    {"\xE8\xA3\xA4", t1648, 1},
    {"\xE8\xA4\x90", t1649, 1},
    {"\xE8\xA4\xB6", t1650, 1},
    {"\xE8\xA5\x84", t1651, 3},
    {"\xE8\xA5\xBF", t1652, 26},
    {"\xE8\xA6\x81", t1653, 8},
    {"\xE8\xA6\x86", t1654, 1},
    {"\xE8\xA7\x81", t1655, 8},
    {"\xE8\xA7\x82", t1656, 9},
    {"\xE8\xA7\x84", t1657, 10},
    {"\xE8\xA7\x86", t1658, 6},
    {"\xE8\xA7\x89", t1659, 2},
    {"\xE8\xA7\x92", t1660, 3},
    {"\xE8\xA7\xA3", t1661, 17},
    {"\xE8\xA8\x80", t1662, 2},
    {"\xE8\xA9\xB9", t1663, 1},
    {"\xE8\xAA\x89", t1664, 1},
    {"\xE8\xAD\xA6", t1665, 7},
    {"\xE8\xAD\xAC", t1666, 1},
    {"\xE8\xAE\xA1", t1667, 6},
    {"\xE8\xAE\xA2", t1668, 1},
    {"\xE8\xAE\xA4", t1669, 9},
    {"\xE8\xAE\xA8", t1670, 3},
    {"\xE8\xAE\xAD", t1671, 2},
    {"\xE8\xAE\xAE", t1672, 8},
    {"\xE8\xAE\xB0", t1673, 8},
    {"\xE8\xAE\xB2", t1674, 4},
    {"\xE8\xAE\xB8", t1675, 3},
    {"\xE8\xAE\xBA", t1676, 4},
    {"\xE8\xAE\xBD", t1677, 1},
    {"\xE8\xAE\xBE", t1678, 11},
    {"\xE8\xAE\xBF", t1679, 2},
    {"\xE8\xAF\x81", t1680, 5},
    {"\xE8\xAF\x84", t1681, 6},
    {"\xE8\xAF\x86", t1682, 1},
    {"\xE8\xAF\x89", t1683, 1},
    {"\xE8\xAF\x8A", t1684, 1},
    {"\xE8\xAF\x8D", t1685, 3},
    {"\xE8\xAF\x8F", t1686, 2},
    {"\xE8\xAF\x95", t1687, 6},
    {"\xE8\xAF\x97", t1688, 5},
    {"\xE8\xAF\x9A", t1689, 1},
    {"\xE8\xAF\x9D", t1690, 2},
    {"\xE8\xAF\x9E", t1691, 1},
    {"\xE8\xAF\xA2", t1692, 1},
    {"\xE8\xAF\xA5", t1693, 4},
    {"\xE8\xAF\xA6", t1694, 2},
    {"\xE8\xAF\xA7", t1695, 1},
    {"\xE8\xAF\xAD", t1696, 6},
    {"\xE8\xAF\xAF", t1697, 2},
    {"\xE8\xAF\xB1", t1698, 1},
    {"\xE8\xAF\xB4", t1699, 12},
    {"\xE8\xAF\xB7", t1700, 7},
    {"\xE8\xAF\xB8", t1701, 7},
    {"\xE8\xAF\xBB", t1702, 4},
    {"\xE8\xAF\xBE", t1703, 4},
    {"\xE8\xB0\x81", t1704, 1},
    {"\xE8\xB0\x83", t1705, 11},
    {"\xE8\xB0\x88", t1706, 5},
    {"\xE8\xB0\x8B", t1707, 1},
    {"\xE8\xB0\xA2", t1708, 2},
    {"\xE8\xB0\xA3", t1709, 1},
    {"\xE8\xB0\xA8", t1710, 1},
    {"\xE8\xB0\xB4", t1711, 1},
    {"\xE8\xB0\xB7", t1712, 2},
    {"\xE8\xB1\x86", t1713, 1},
    {"\xE8\xB1\x8C", t1714, 1},
    {"\xE8\xB1\xA1", t1715, 2},
    {"\xE8\xB1\xAA", t1716, 2},
    {"\xE8\xB4\x9D", t1717, 1},
    {"\xE8\xB4\x9F", t1718, 5},
    {"\xE8\xB4\xA1", t1719, 2},
    {"\xE8\xB4\xA2", t1720, 7},
    {"\xE8\xB4\xA3", t1721, 3},
    {"\xE8\xB4\xA6", t1722, 1},
    {"\xE8\xB4\xA7", t1723, 3},
    {"\xE8\xB4\xA8", t1724, 4},
    {"\xE8\xB4\xA9", t1725, 1},
    {"\xE8\xB4\xAA", t1726, 2},
    {"\xE8\xB4\xAB", t1727, 5},
    {"\xE8\xB4\xAC", t1728, 1},
    {"\xE8\xB4\xAD", t1729, 2},
    {"\xE8\xB4\xAE", t1730, 1},
    {"\xE8\xB4\xAF", t1731, 2},
    {"\xE8\xB4\xB5", t1732, 3},
    {"\xE8\xB4\xB7", t1733, 1},
    {"\xE8\xB4\xB8", t1734, 1},
    {"\xE8\xB4\xB9", t1735, 1},
    {"\xE8\xB4\xBE", t1736, 2},
    {"\xE8\xB4\xBF", t1737, 1},
    {"\xE8\xB5\x84", t1738, 13},
    {"\xE8\xB5\x8B", t1739, 2},
    {"\xE8\xB5\x8C", t1740, 1},
    {"\xE8\xB5\x8F", t1741, 1},
    {"\xE8\xB5\x94", t1742, 1},
    {"\xE8\xB5\x9A", t1743, 1},
    {"\xE8\xB5\x9B", t1744, 4},
    {"\xE8\xB5\x9E", t1745, 5},
    {"\xE8\xB5\xA2", t1746, 1},
    {"\xE8\xB5\xA4", t1747, 2},
    {"\xE8\xB5\xB0", t1748, 14},
    {"\xE8\xB5\xB5", t1749, 3},
    {"\xE8\xB5\xB6", t1750, 7},
    {"\xE8\xB5\xB7", t1751, 16},
    {"\xE8\xB6\x81", t1752, 2},
    {"\xE8\xB6\x85", t1753, 5},
    {"\xE8\xB6\x8A", t1754, 5},
    {"\xE8\xB6\x8B", t1755, 3},
    {"\xE8\xB6\xB3", t1756, 3},
    {"\xE8\xB6\xB4", t1757, 1},
    {"\xE8\xB7\x83", t1758, 1},
    {"\xE8\xB7\x9D", t1759, 1},
    {"\xE8\xB7\x9F", t1760, 4},
    {"\xE8\xB7\xA8", t1761, 2},
    {"\xE8\xB7\xAA", t1762, 2},
    {"\xE8\xB7\xAF", t1763, 8},
    {"\xE8\xB7\xB3", t1764, 1},
    {"\xE8\xB7\xBB", t1765, 1},
    {"\xE8\xB8\x8C", t1766, 1},
    {"\xE8\xB8\x8F", t1767, 2},
    {"\xE8\xBA\xAB", t1768, 19},
    {"\xE8\xBA\xAC", t1769, 1},
    {"\xE8\xBA\xAF", t1770, 1},
    {"\xE8\xBA\xB2", t1771, 1},
    {"\xE8\xBD\xA6", t1772, 10},
    {"\xE8\xBD\xA8", t1773, 2},
    {"\xE8\xBD\xAC", t1774, 18},
    {"\xE8\xBD\xAE", t1775, 4},
    {"\xE8\xBD\xAF", t1776, 1},
    {"\xE8\xBD\xB0", t1777, 2},
    {"\xE8\xBD\xBB", t1778, 10},
    {"\xE8\xBD\xBD", t1779, 1},
    {"\xE8\xBD\xBF", t1780, 2},
    {"\xE8\xBE\x83", t1781, 4},
    {"\xE8\xBE\x85", t1782, 2},
    {"\xE8\xBE\x88", t1783, 1},
    {"\xE8\xBE\x89", t1784, 1},
    {"\xE8\xBE\x90", t1785, 1},
    {"\xE8\xBE\x93", t1786, 3},
    {"\xE8\xBE\x96", t1787, 1},
    {"\xE8\xBE\x9B", t1788, 3},
    {"\xE8\xBE\x9E", t1789, 2},
    {"\xE8\xBE\xA3", t1790, 1},
    {"\xE8\xBE\xA9", t1791, 1},
    {"\xE8\xBE\xB9", t1792, 7},
    {"\xE8\xBE\xBD", t1793, 3},
    {"\xE8\xBE\xBE", t1794, 2},
    {"\xE8\xBF\x81", t1795, 2},
    {"\xE8\xBF\x84", t1796, 1},
    {"\xE8\xBF\x85", t1797, 1},
    {"\xE8\xBF\x87", t1798, 15},
    {"\xE8\xBF\x88", t1799, 1},
    {"\xE8\xBF\x8E", t1800, 3},
    {"\xE8\xBF\x90", t1801, 15},
    {"\xE8\xBF\x91", t1802, 8},
    {"\xE8\xBF\x94", t1803, 1},
    {"\xE8\xBF\x98", t1804, 5},
    {"\xE8\xBF\x99", t1805, 30},
    {"\xE8\xBF\x9B", t1806, 24},
    {"\xE8\xBF\x9C", t1807, 8},
    {"\xE8\xBF\x9D", t1808, 3},
    {"\xE8\xBF\x9E", t1809, 8},
    {"\xE8\xBF\x9F", t1810, 2},
    {"\xE8\xBF\xA6", t1811, 1},
    {"\xE8\xBF\xAB", t1812, 3},
    {"\xE8\xBF\xB7", t1813, 1},
    {"\xE8\xBF\xB9", t1814, 1},
    {"\xE8\xBF\xBD", t1815, 8},
    {"\xE9\x80\x80", t1816, 6},
    {"\xE9\x80\x81", t1817, 3},
    {"\xE9\x80\x82", t1818, 9},
    {"\xE9\x80\x83", t1819, 5},
    {"\xE9\x80\x89", t1820, 14},
    {"\xE9\x80\x8F", t1821, 3},
    {"\xE9\x80\x90", t1822, 3},
    {"\xE9\x80\x92", t1823, 2},
    {"\xE9\x80\x94", t1824, 2},
    {"\xE9\x80\x9A", t1825, 24},
    {"\xE9\x80\x9D", t1826, 1},
    {"\xE9\x80\x9F", t1827, 1},
    {"\xE9\x80\xA0", t1828, 8},
    {"\xE9\x80\xAE", t1829, 1},
    {"\xE9\x80\xBB", t1830, 1},
    {"\xE9\x80\xBC", t1831, 1},
    {"\xE9\x81\x87", t1832, 3},
    {"\xE9\x81\x8D", t1833, 2},
    {"\xE9\x81\x8F", t1834, 1},
    {"\xE9\x81\x93", t1835, 9},
    {"\xE9\x81\x97", t1836, 7},
    {"\xE9\x81\xA5", t1837, 1},
    {"\xE9\x81\xAD", t1838, 3},
    {"\xE9\x81\xB5", t1839, 2},
    {"\xE9\x81\xBF", t1840, 2},
    {"\xE9\x82\x80", t1841, 1},
    {"\xE9\x82\x93", t1842, 1},
    {"\xE9\x82\xA3", t1843, 16},
    {"\xE9\x82\xAE", t1844, 3},
    {"\xE9\x82\xB5", t1845, 1},
    {"\xE9\x82\xBB", t1846, 3},
    {"\xE9\x83\x8A", t1847, 1},
    {"\xE9\x83\x91", t1848, 3},
    {"\xE9\x83\xA1", t1849, 1},
    {"\xE9\x83\xA7", t1850, 1},
    {"\xE9\x83\xA8", t1851, 13},
    {"\xE9\x83\xAD", t1852, 1},
    {"\xE9\x83\xBD", t1853, 5},
    {"\xE9\x84\x82", t1854, 7},
    {"\xE9\x85\x8D", t1855, 5},
    {"\xE9\x85\x92", t1856, 5},
    {"\xE9\x85\xB8", t1857, 1},
    {"\xE9\x85\xBF", t1858, 1},
    {"\xE9\x87\x87", t1859, 6},
    {"\xE9\x87\x8A", t1860, 1},
    {"\xE9\x87\x8C", t1861, 4},
    {"\xE9\x87\x8D", t1862, 24},
    {"\xE9\x87\x8E", t1863, 8},
    {"\xE9\x87\x8F", t1864, 1},
    {"\xE9\x87\x91", t1865, 19},
    {"\xE9\x89\xB4", t1866, 2},
    {"\xE9\x92\x88", t1867, 2},
    {"\xE9\x92\x9F", t1868, 2},
    {"\xE9\x92\xA2", t1869, 4},
    {"\xE9\x92\xA5", t1870, 1},
    {"\xE9\x92\xA6", t1871, 1},
    {"\xE9\x92\xB1", t1872, 3},
    {"\xE9\x92\xBB", t1873, 1},
    {"\xE9\x93\x81", t1874, 3},
    {"\xE9\x93\xAD", t1875, 1},
    {"\xE9\x93\xB6", t1876, 3},
    {"\xE9\x93\xB8", t1877, 1},
    {"\xE9\x93\xBE", t1878, 1},
    {"\xE9\x94\x80", t1879, 2},
    {"\xE9\x94\x85", t1880, 1},
    {"\xE9\x94\x99", t1881, 1},
    {"\xE9\x94\xA6", t1882, 3},
    {"\xE9\x94\xBB", t1883, 1},
    {"\xE9\x95\x87", t1884, 5},
    {"\xE9\x95\x9C", t1885, 2},
    {"\xE9\x95\xBF", t1886, 29},
    {"\xE9\x97\xA8", t1887, 14},
    {"\xE9\x97\xAA", t1888, 4},
    {"\xE9\x97\xAD", t1889, 1},
    {"\xE9\x97\xAE", t1890, 6},
    {"\xE9\x97\xAF", t1891, 1},
    {"\xE9\x97\xB2", t1892, 2},
    {"\xE9\x97\xB4", t1893, 4},
    {"\xE9\x97\xB9", t1894, 1},
    {"\xE9\x97\xBA", t1895, 1},
    {"\xE9\x97\xBB", t1896, 3},
    {"\xE9\x98\x81", t1897, 1},
    {"\xE9\x98\x85", t1898, 1},
    {"\xE9\x98\x8E", t1899, 1},
    {"\xE9\x98\x90", t1900, 2},
    {"\xE9\x98\x94", t1901, 1},
    {"\xE9\x98\x9F", t1902, 4},
    {"\xE9\x98\xAE", t1903, 1},
    {"\xE9\x98\xB2", t1904, 12},
    {"\xE9\x98\xB3", t1905, 2},
    {"\xE9\x98\xB4", t1906, 4},
    {"\xE9\x98\xB5", t1907, 4},
    {"\xE9\x98\xB6", t1908, 5},
    {"\xE9\x98\xBB", t1909, 6},
    {"\xE9\x98\xBF", t1910, 7},
    {"\xE9\x99\x84", t1911, 2},
    {"\xE9\x99\x86", t1912, 7},
    {"\xE9\x99\x88", t1913, 10},
    {"\xE9\x99\x8C", t1914, 1},
    {"\xE9\x99\x8D", t1915, 6},
    {"\xE9\x99\x90", t1916, 3},
    {"\xE9\x99\x95", t1917, 3},
    {"\xE9\x99\x9B", t1918, 1},
    {"\xE9\x99\xA1", t1919, 1},
    {"\xE9\x99\xA2", t1920, 8},
    {"\xE9\x99\xA4", t1921, 5},
    {"\xE9\x99\xA9", t1922, 2},
    {"\xE9\x99\xAA", t1923, 1},
    {"\xE9\x99\xB5", t1924, 1},
    {"\xE9\x99\xB6", t1925, 2},
    {"\xE9\x99\xB7", t1926, 3},
    {"\xE9\x9A\x86", t1927, 3},
    {"\xE9\x9A\x8B", t1928, 1},
    {"\xE9\x9A\x8F", t1929, 14},
    {"\xE9\x9A\x90", t1930, 6},
    {"\xE9\x9A\x94", t1931, 2},
    {"\xE9\x9A\x9C", t1932, 1},
    {"\xE9\x9A\xA7", t1933, 1},
    {"\xE9\x9A\xB6", t1934, 1},
    {"\xE9\x9A\xBE", t1935, 10},
    {"\xE9\x9B\x84", t1936, 2},
    {"\xE9\x9B\x85", t1937, 1},
    {"\xE9\x9B\x86", t1938, 11},
    {"\xE9\x9B\x87", t1939, 2},
    {"\xE9\x9B\x8D", t1940, 1},
    {"\xE9\x9B\x95", t1941, 2},
    {"\xE9\x9B\xA8", t1942, 1},
    {"\xE9\x9B\xAA", t1943, 2},
    {"\xE9\x9B\xB6", t1944, 3},
    {"\xE9\x9B\xB7", t1945, 1},
    {"\xE9\x9C\x80", t1946, 2},
    {"\xE9\x9C\x87", t1947, 3},
    {"\xE9\x9C\x8D", t1948, 1},
    {"\xE9\x9C\x8E", t1949, 1},
    {"\xE9\x9C\xB2", t1950, 2},
    {"\xE9\x9D\x92", t1951, 10},
    {"\xE9\x9D\x99", t1952, 3},
    {"\xE9\x9D\x9E", t1953, 5},
    {"\xE9\x9D\xA0", t1954, 1},
    {"\xE9\x9D\xA2", t1955, 17},
    {"\xE9\x9D\xA9", t1956, 3},
    {"\xE9\x9E\xAD", t1957, 1},
    {"\xE9\x9F\xA6", t1958, 1},
    {"\xE9\x9F\xA9", t1959, 2},
    {"\xE9\x9F\xB3", t1960, 2},
    {"\xE9\xA1\xB6", t1961, 3},
    {"\xE9\xA1\xB9", t1962, 2},
    {"\xE9\xA1\xBA", t1963, 6},
    {"\xE9\xA1\xBB", t1964, 1},
    {"\xE9\xA1\xBD", t1965, 2},
    {"\xE9\xA1\xBE", t1966, 3},
    {"\xE9\xA1\xBF", t1967, 1},
    {"\xE9\xA2\x81", t1968, 2},
    {"\xE9\xA2\x84", t1969, 14},
    {"\xE9\xA2\x86", t1970, 10},
    {"\xE9\xA2\x91", t1971, 4},
    {"\xE9\xA2\x97", t1972, 1},
    {"\xE9\xA2\x98", t1973, 2},
    {"\xE9\xA2\x9C", t1974, 1},
    {"\xE9\xA2\x9D", t1975, 2},
    {"\xE9\xA2\xA4", t1976, 1},
    {"\xE9\xA3\x8E", t1977, 16},
    {"\xE9\xA3\x9E", t1978, 6},
    {"\xE9\xA3\x9F", t1979, 7},
    {"\xE9\xA4\x90", t1980, 2},
    {"\xE9\xA5\xA5", t1981, 1},
    {"\xE9\xA5\xAD", t1982, 2},
    {"\xE9\xA5\xAE", t1983, 3},
    {"\xE9\xA5\xB2", t1984, 2},
    {"\xE9\xA5\xBF", t1985, 1},
    {"\xE9\xA6\x92", t1986, 1},
    {"\xE9\xA6\x96", t1987, 18},
    {"\xE9\xA6\x99", t1988, 5},
    {"\xE9\xA9\xAC", t1989, 11},
    {"\xE9\xA9\xB0", t1990, 2},
    {"\xE9\xA9\xB1", t1991, 3},
    {"\xE9\xA9\xB8", t1992, 1},
    {"\xE9\xA9\xBB", t1993, 6},
    {"\xE9\xA9\xBE", t1994, 2},
    {"\xE9\xAA\x84", t1995, 1},
    {"\xE9\xAA\x86", t1996, 1},
    {"\xE9\xAA\x8C", t1997, 2},
    {"\xE9\xAA\x91", t1998, 3},
    {"\xE9\xAA\x9A", t1999, 1},
    {"\xE9\xAA\xA1", t2000, 1},
    {"\xE9\xAA\xA8", t2001, 3},
    {"\xE9\xAB\x98", t2002, 50},
    {"\xE9\xAC\xBC", t2003, 1},
    {"\xE9\xAD\x85", t2004, 1},
    {"\xE9\xAD\x8F", t2005, 2},
    {"\xE9\xAD\x94", t2006, 1},
    {"\xE9\xB1\xBC", t2007, 6},
    {"\xE9\xB2\x81", t2008, 1},
    {"\xE9\xB2\x9C", t2009, 7},
    {"\xE9\xB2\x9F", t2010, 1},
    {"\xE9\xB3\x87", t2011, 1},
    {"\xE9\xB8\x9F", t2012, 2},
    {"\xE9\xB8\xA1", t2013, 1},
    {"\xE9\xB8\xA6", t2014, 2},
    {"\xE9\xB8\xAD", t2015, 1},
    {"\xE9\xB8\xB3", t2016, 1},
    {"\xE9\xB9\xA7", t2017, 1},
    {"\xE9\xB9\xBF", t2018, 3},
    {"\xE9\xBA\x8B", t2019, 1},
    {"\xE9\xBA\xBB", t2020, 3},
    {"\xE9\xBB\x84", t2021, 23},
    {"\xE9\xBB\x8E", t2022, 2},
    {"\xE9\xBB\x91", t2023, 9},
    {"\xE9\xBB\x98", t2024, 2},
    {"\xE9\xBC\x93", t2025, 4},
    {"\xE9\xBC\xBB", t2026, 1},
    {"\xE9\xBD\x90", t2027, 3},
    {"\xE9\xBE\x99", t2028, 4},
};
static const int kCjkGroupCount = 2029;

#endif /* WHALEUI_CJK_DICT_LITE_H */
