/* generated by tools/gen_cjk_dict.py from jieba dict.txt */
/* do not edit by hand */
#ifndef WHALEUI_CJK_DICT_FULL_H
#define WHALEUI_CJK_DICT_FULL_H

struct CjkWordGroup { const char* head;
                     const char* const* tails; int count; };

static const char* const t0[] = {
    "\xE4\xB8\xAA",
    "\xE4\xBA\x9B",
    "\xE7\xA7\x8D",
    "\xE8\x88\xAC",
    "\xE5\xAE\x9A",
    "\xE6\xA0\xB7",
    "\xE6\xAC\xA1",
    "\xE7\x9B\xB4",
    "\xE5\x88\x87",
    "\xE5\xA3\xB0",
    "\xE8\xB5\xB7",
    "\xE7\x82\xB9",
    "\xE4\xB8\x8B",
    "\xE6\x9D\xA1",
    "\xE4\xBD\x8D",
    "\xE5\x8F\xA5",
    "\xE5\xA4\xA9",
    "\xE5\xB9\xB4",
    "\xE9\x98\xB5",
    "\xE8\xBE\xB9",
    "\xE5\x9D\x97",
    "\xE7\x89\x87",
    "\xE5\x8F\xAA",
    "\xE9\x9D\xA2",
    "\xE5\xBA\xA7",
    "\xE4\xBB\xB6",
    "\xE7\xBA\xA7",
    "\xE5\x9C\xBA",
    "\xE7\x9C\xBC",
    "\xE5\xBC\xA0",
    "\xE4\xB8\xAD",
    "\xE5\xAE\xB6",
    "\xE8\x87\xB4",
    "\xE6\x97\xB6",
    "\xE6\xAD\xA5",
    "\xE6\x97\xA6",
    "\xE9\x83\xA8\xE5\x88\x86",
    "\xE7\xB3\xBB\xE5\x88\x97",
    "\xE6\x8A\x8A",
    "\xE5\x90\x8D",
    "\xE5\x8D\x8A",
    "\xE6\xAE\xB5",
    "\xE6\x89\xB9",
    "\xE5\xB8\xA6",
    "\xE9\x81\x93",
    "\xE6\x94\xAF",
    "\xE9\xA1\xB5",
    "\xE5\x8F\xA3",
    "\xE4\xBB\xBD",
    "\xE7\x95\xAA",
    "\xE7\x94\x9F",
    "\xE5\xA4\xA7",
    "\xE4\xBC\x9A\xE5\x84\xBF",
    "\xE4\xBC\x9A",
    "\xE8\x82\xA1",
    "\xE9\x83\xA8",
    "\xE6\x96\xB9\xE9\x9D\xA2",
    "\xE8\xB7\xAF",
    "\xE7\xB1\xBB",
    "\xE9\xA1\xB9",
    "\xE5\xA5\x97",
    "\xE6\x8B\x9B",
    "\xE6\xA0\xB9",
    "\xE9\xBD\x90",
    "\xE5\xB1\x82",
    "\xE5\xBA\xA6",
    "\xE5\x9B\x9E",
    "\xE5\xAF\xB9",
    "\xE9\x81\x8D",
    "\xE5\xA4\x84",
    "\xE4\xB8\x8B\xE5\xAD\x90",
    "\xE9\xA1\xBF",
    "\xE8\xBA\xAB",
    "\xE6\x97\xA5",
    "\xE9\x97\xA8",
    "\xE6\x96\xB9",
    "\xE4\xBB\xA3",
    "\xE4\xB8\xAA\xE4\xB8\xAA",
    "\xE9\xA2\x97",
    "\xE7\xBE\xA4",
    "\xE5\x8F\xA3\xE6\xB0\x94",
    "\xE5\x89\xAF",
    "\xE5\xA4\xB4",
    "\xE8\xBE\x88\xE5\xAD\x90",
    "\xE4\xB8\xAA\xE6\x9C\x88",
    "\xE5\x8F\x8C",
    "\xE4\xB8\x80",
    "\xE6\x89\x8B",
    "\xE5\xA4\x9C",
    "\xE8\xA1\x8C",
    "\xE5\xBE\x8B",
    "\xE5\x88\x80",
    "\xE4\xBD\x93",
    "\xE5\x90\x91",
    "\xE6\x9C\xAC",
    "\xE6\x9D\xAF",
    "\xE5\xB9\x85",
    "\xE7\xBA\xBF",
    "\xE6\xB5\x81",
    "\xE5\xB0\x8F",
    "\xE6\xB4\xBE",
    "\xE5\xB0\x81",
    "\xE5\x88\x86",
    "\xE9\x97\xB4",
    "\xE5\x89\x91",
    "\xE4\xB8\x9D",
    "\xE4\xBD\x93\xE5\x8C\x96",
    "\xE7\xAC\x94",
    "\xE8\xBE\x86",
    "\xE7\xAF\x87",
    "\xE5\x88\xBB",
    "\xE5\x86\x8D",
    "\xE5\x9B\xA2",
    "\xE8\x84\x9A",
    "\xE7\xA2\x97",
    "\xE5\x85\xAB",
    "\xE6\x9E\x9A",
    "\xE7\x82\xB9\xE5\x84\xBF",
    "\xE5\x90\x8C",
    "\xE8\xB4\xAF",
    "\xE6\x97\x81",
    "\xE8\xB6\x9F",
    "\xE5\x91\xA8",
    "\xE6\x9E\xB6",
    "\xE5\x80\x8D",
    "\xE8\xBD\xAE",
    "\xE5\x87\xBA",
    "\xE4\xBA\x8C",
    "\xE5\x8C\xB9",
    "\xE4\xBA\x8B",
    "\xE5\xA0\x86",
    "\xE5\xBF\x83",
    "\xE7\x81\xAF",
    "\xE8\x89\x98",
    "\xE6\x9D\xA5",
    "\xE5\x88\x99",
    "\xE4\xB8\xBE",
    "\xE9\x99\xA2\xE5\x88\xB6",
    "\xE6\x8B\xB3",
    "\xE5\x93\x81",
    "\xE9\xA6\x96",
    "\xE5\xAE\xB6\xE4\xBA\xBA",
    "\xE5\x9C\x88",
    "\xE6\x89\x80",
    "\xE5\x8F\xB7",
    "\xE8\x84\xB8",
    "\xE9\x98\x9F",
    "\xE6\x97\xA9",
    "\xE7\xAD\x89",
    "\xE4\xB8\x96",
    "\xE5\x91\xB3",
    "\xE8\xB7\xAF\xE4\xB8\x8A",
    "\xE5\x93\x8D",
    "\xE6\xA0\xAA",
    "\xE6\x96\xA4",
    "\xE7\xAB\xAF",
    "\xE7\x82\xB9\xE7\x82\xB9",
    "\xE7\xBB\x84",
    "\xE4\xBE\xA7",
    "\xE5\x85\xB1",
    "\xE6\x97\xB6\xE6\x9C\x9F",
    "\xE4\xB8\xB2",
    "\xE6\xA3\xB5",
    "\xE9\x9A\x85",
    "\xE5\x9D\x97\xE5\x84\xBF",
    "\xE6\x88\x98",
    "\xE6\x9C\x9F",
    "\xE5\x91\x98",
    "\xE6\x9C\x88",
    "\xE6\x9E\x9D",
    "\xE6\x96\xB0",
    "\xE5\x8F\xB0",
    "\xE6\xA8\xA1\xE4\xB8\x80\xE6\xA0\xB7",
    "\xE7\xB2\x92",
    "\xE6\x8E\x92",
    "\xE8\xBF\x9E",
    "\xE7\xBB\x8F",
    "\xE5\xB9\x95",
    "\xE5\x8F\x91",
    "\xE6\x9C\xB5",
    "\xE5\x8A\xA8\xE4\xB8\x8D\xE5\x8A\xA8",
    "\xE5\x8D\x83",
    "\xE5\x88\x86\xE9\x92\x9F",
    "\xE6\x9D\x9F",
    "\xE4\xBC\x99",
    "\xE8\xA7\x92",
    "\xE6\x99\x83",
    "\xE5\xB1\x8A",
    "\xE7\x99\xBE",
    "\xE6\x96\x87",
    "\xE6\x97\xB6\xE9\x97\xB4",
    "\xE5\x85\xB7",
    "\xE6\x9E\xAA",
    "\xE6\xA6\x82",
    "\xE9\xA1\xB6",
    "\xE7\x9B\x8F",
    "\xE5\x9B\xBD\xE4\xB8\xA4\xE5\x88\xB6",
    "\xE7\xAD\x89\xE5\xA5\x96",
    "\xE8\x8A\x82",
    "\xE4\xB8\x87",
    "\xE9\x98\xB5\xE5\xAD\x90",
    "\xE6\xAC\xA1\xE6\x80\xA7",
    "\xE8\xA8\x80\xE4\xB8\x8D\xE5\x8F\x91",
    "\xE4\xB8\xA4\xE4\xB8\xAA",
    "\xE7\x9E\xA5",
    "\xE9\x98\xB5\xE9\x98\xB5",
    "\xE4\xB8\xAA\xE5\xA4\x9A\xE6\x9C\x88",
    "\xE5\xA4\xA7\xE6\x97\xA9",
    "\xE5\xAD\xA3\xE5\xBA\xA6",
    "\xE9\x81\xAD",
    "\xE8\x88\xAC\xE8\xAF\xB4\xE6\x9D\xA5",
    "\xE8\xAE\xB0",
    "\xE9\x80\x9A",
    "\xE7\x9B\x98",
    "\xE7\x8F\xAD",
    "\xE4\xB8\xA4",
    "\xE4\xB8\xAA\xE5\xA4\x9A",
    "\xE6\x88\x90\xE4\xB8\x8D\xE5\x8F\x98",
    "\xE5\xBA\x94",
    "\xE5\x8C\x85",
    "\xE6\x9B\xB2",
    "\xE5\xB9\xB6",
    "\xE5\x8D\xB7",
    "\xE6\xBB\xB4",
    "\xE8\xBF\x9E\xE4\xB8\xB2",
    "\xE5\xA6\x82",
    "\xE7\x9D\x80",
    "\xE5\xAE\x9A\xE9\x87\x8F",
    "\xE6\xA1\xA9",
    "\xE7\x93\xB6",
    "\xE5\xB8\xAE",
    "\xE6\xB8\x85\xE4\xBA\x8C\xE6\xA5\x9A",
    "\xE5\x91\xA8\xE5\xB9\xB4",
    "\xE6\x9D\x91",
    "\xE5\xAF\xB8",
    "\xE7\xAB\x99",
    "\xE4\xB8\x88",
    "\xE5\xA4\x9C\xE9\x97\xB4",
    "\xE5\xA4\xA9\xE5\x88\xB0\xE6\x99\x9A",
    "\xE6\x8B\xA5\xE8\x80\x8C\xE4\xB8\x8A",
    "\xE6\xAC\xBE",
    "\xE5\xB0\xBA",
    "\xE6\x8A\x8A\xE6\x89\x8B",
    "\xE5\x8A\xA8",
    "\xE7\xAB\xA0",
    "\xE6\x9C\x88\xE4\xBB\xBD",
    "\xE7\xBC\x95",
    "\xE6\xA1\x8C",
    "\xE6\x89\x87",
    "\xE6\xAD\xA5\xE6\xAD\xA5",
    "\xE7\x9B\x86",
    "\xE7\x99\xBE\xE4\xB8\xAA",
    "\xE5\xBC\x80",
    "\xE7\xBA\xB8",
    "\xE8\x82\x9A\xE5\xAD\x90",
    "\xE6\x95\xB4\xE5\xA5\x97",
    "\xE7\x9B\xAE",
    "\xE7\x9E\xAC",
    "\xE5\xBF\x83\xE4\xB8\x80\xE6\x84\x8F",
    "\xE4\xB8\xAD\xE5\x85\xA8\xE4\xBC\x9A",
    "\xE4\xBE\x8B",
    "\xE6\x9C\xAC\xE6\xAD\xA3\xE7\xBB\x8F",
    "\xE5\xB8\xAD",
    "\xE7\x99\xBE\xE5\xB9\xB4",
    "\xE7\x9E\xAC\xE9\x97\xB4",
    "\xE6\x97\xA0\xE6\x89\x80\xE7\x9F\xA5",
    "\xE5\xA3\xB0\xE4\xB8\x8D\xE5\x90\xAD",
    "\xE5\x88\xB9\xE9\x82\xA3",
    "\xE5\xA6\x82\xE6\x97\xA2\xE5\xBE\x80",
    "\xE5\xB0\x8A",
    "\xE5\xB9\xA2",
    "\xE7\xB1\xB3",
    "\xE7\xBB\x9F",
    "\xE4\xB8\xBE\xE6\x88\x90\xE5\x90\x8D",
    "\xE5\x8F\xA0",
    "\xE6\x8A\xB9",
    "\xE8\xB7\x83\xE8\x80\x8C\xE8\xB5\xB7",
};

static const char* const t1[] = {
    "\xE8\x83\xBD\xE9\x80\x9A",
    "\xE6\x80\x9D\xE7\x94\x9C",
    "\xE6\xB1\x9D\xE6\x98\x8C",
    "\xE6\x98\xA5\xE7\xA7\x8B",
    "\xE5\x8D\xAF",
    "\xE7\x9F\xB3\xE5\xAD\x99",
    "\xE5\xA4\xA7\xE6\x97\xBA",
};

static const char* const t2[] = {
    "\xE5\xB9\xB4",
    "\xE6\x9C\x88",
    "\xE4\xB8\xAA",
    "\xE5\xBA\xA7",
    "\xE5\x8D\x81",
    "\xE5\xB1\x8A",
    "\xE6\x97\xA5",
    "\xE5\x85\xAB\xE4\xB8\xAA",
    "\xE6\x98\x9F\xE9\xB1\xBC",
    "\xE5\x85\xAB",
    "\xE9\x87\x8C\xE6\xB2\x9F",
    "\xE5\xA4\xA9",
    "\xE5\x8D\x81\xE4\xBA\x8C",
    "\xE9\x9B\xB6\xE5\x85\xAB\xE8\x90\xBD",
};

static const char* const t3[] = {
    "\xE5\x85\x83",
    "\xE5\x90\xA8",
    "\xE4\xBA\xA9",
    "\xE5\x85\xAC\xE9\xA1\xB7",
    "\xE5\xB2\x81",
    "\xE7\xBE\x8E\xE5\x85\x83",
    "\xE5\xB9\xB3\xE6\x96\xB9\xE7\xB1\xB3",
    "\xE5\x8E\x86",
    "\xE4\xB8\x80",
    "\xE5\xB9\xB4",
    "\xE5\xAE\xB6",
    "\xE5\xA4\x9A\xE4\xBA\xA9",
    "\xE7\xAB\x8B\xE6\x96\xB9\xE7\xB1\xB3",
    "\xE4\xB8\x87",
    "\xE8\xBE\x86",
    "\xE5\x8D\x83\xE7\x93\xA6",
    "\xE7\x89\xA9",
    "\xE4\xBD\x99",
    "\xE5\x88\x86",
    "\xE9\x87\x8C",
    "\xE5\x85\xAC\xE6\x96\xA4",
    "\xE4\xBA\xBA\xE6\xAC\xA1",
    "\xE5\x90\x91",
    "\xE8\x82\xA1",
    "\xE5\xB0\xBE",
    "\xE5\xA4\x9A",
    "\xE5\x90\x8D",
    "\xE4\xB8\xAA",
    "\xE4\xB8\x96",
    "\xE5\xA4\xB4",
    "\xE5\xA4\x9A\xE5\x85\xAC\xE9\x87\x8C",
    "\xE4\xBA\x8B",
    "\xE5\x90\xA8\xE7\xBA\xA7",
    "\xE6\x96\xA4",
    "\xE6\x88\xB7",
    "\xE5\x8F\xB0",
    "\xE6\xB0\x91",
    "\xE9\x95\x91",
    "\xE7\xBA\xBF",
    "\xE5\xAD\xA6\xE6\x96\x87",
    "\xE5\xAD\xA6\xE8\xBF\x9C",
    "\xE5\xAF\xBF\xE7\xBE\xB9",
    "\xE5\x8D\x83\xE7\xB1\xB3",
    "\xE6\x96\xB9",
    "\xE9\x9C\x87\xE5\xB1\xB1",
    "\xE5\x85\xAC\xE9\x87\x8C",
    "\xE6\x97\xA0\xE4\xB8\x80\xE5\xA4\xB1",
};

static const char* const t4[] = {
    "\xE5\xA4\xAB",
    "\xE9\x87\x8F",
};

static const char* const t5[] = {
    "\xE4\xB8\xAA",
    "\xE5\xB9\xB4",
    "\xE5\xB3\xA1",
    "\xE5\x88\x86",
    "\xE7\xBA\xA7",
    "\xE5\xA4\xA9",
    "\xE5\xB1\x82",
    "\xE7\xA7\x8D",
    "\xE6\x9C\x88",
    "\xE6\xAC\xA1",
    "\xE8\x97\x8F",
    "\xE9\x9D\xA2",
    "\xE4\xBD\x8D",
    "\xE5\x9B\xBD",
    "\xE5\x90\x88",
    "\xE5\x8D\x81\xE5\xB9\xB4",
    "\xE5\x8D\x81",
    "\xE6\x97\xA5",
    "\xE8\xB7\xAF",
    "\xE5\x90\x8D",
    "\xE8\xA7\x92\xE6\xB4\xB2",
    "\xE5\x85\x83",
    "\xE5\xBA\xA7\xE9\x97\xA8",
    "\xE7\xB1\xBB",
    "\xE5\x8D\x83",
    "\xE5\x86\x9B",
    "\xE8\xA7\x92",
    "\xE5\xAE\xB6",
    "\xE4\xB8\xAD\xE5\x85\xA8\xE4\xBC\x9A",
    "\xE4\xB8\xAD",
    "\xE6\x88\xB7",
    "\xE5\x93\x81",
    "\xE5\xBA\xA7",
    "\xE5\xB0\xBA",
    "\xE8\xA7\x92\xE5\xBD\xA2",
    "\xE9\xA1\xB9",
    "\xE8\x80\x85",
    "\xE4\xBB\xA3",
    "\xE6\x9D\xA1",
    "\xE6\x9E\x9A",
    "\xE9\x97\xB4",
    "\xE9\x80\x9A",
    "\xE5\x8D\x81\xE5\xA4\x9A\xE5\xB9\xB4",
    "\xE6\x8B\x9B",
    "\xE4\xB8\x96",
    "\xE6\x98\x9F",
    "\xE8\x8A\x82",
    "\xE7\x99\xBE",
    "\xE6\xAD\xA5",
    "\xE7\x8E\x8B",
    "\xE9\x81\x93",
    "\xE9\x97\xA8",
    "\xE5\x8F\xAA",
    "\xE5\x8F\x89",
    "\xE5\xB1\x80",
    "\xE7\x82\xB9",
    "\xE4\xB8\x8B",
    "\xE9\x99\xA2",
    "\xE4\xBB\xB6",
    "\xE5\x8D\x81\xE5\x85\xAD",
    "\xE9\x83\xA8\xE6\x9B\xB2",
    "\xE4\xB8\x87",
    "\xE5\xA3\xB0",
    "\xE6\xB0\x91\xE4\xB8\xBB\xE4\xB9\x89",
    "\xE5\xB3\xA1\xE5\xA4\xA7\xE5\x9D\x9D",
    "\xE7\xAD\x89",
    "\xE9\xA1\xBE\xE8\x8C\x85\xE5\xBA\x90",
    "\xE5\xAD\x90",
    "\xE9\xB2\x9C",
    "\xE8\x87\xAA\xE7\x88\xB1\xE5\x9B\xBD",
    "\xE5\x8D\x83\xE7\xB2\x92",
    "\xE7\x94\xB2",
    "\xE7\xBB\xB4",
    "\xE9\x87\x8D",
    "\xE5\xB2\x81",
    "\xE4\xB8\xAA\xE4\xBB\xA3\xE8\xA1\xA8",
    "\xE4\xB8\x88",
    "\xE6\x9D\xAF",
    "\xE7\xAB\xAF",
    "\xE5\x8F\xA3",
};

static const char* const t6[] = {
    "\xE6\xB5\xB7",
    "\xE8\xBF\xB0",
    "\xE9\x9D\xA2",
    "\xE6\x9D\xA5",
    "\xE5\x8D\x87",
    "\xE5\x8E\xBB",
    "\xE7\xBA\xA7",
    "\xE5\xB8\x82",
    "\xE5\x8D\x88",
    "\xE6\xB6\xA8",
    "\xE4\xB8\x8B",
    "\xE5\xB9\xB4",
    "\xE6\xB5\xB7\xE5\xB8\x82",
    "\xE6\xB8\xB8",
    "\xE5\x89\x8D",
    "\xE7\x8F\xAD",
    "\xE5\xB8\x9D",
    "\xE5\x8F\xB8",
    "\xE9\xA9\xAC",
    "\xE5\xB1\x82",
    "\xE7\xA9\xBA",
    "\xE6\xAC\xA1",
    "\xE5\xAD\xA6",
    "\xE5\x8D\x8A\xE5\x9C\xBA",
    "\xE5\x8D\x8A\xE5\xB9\xB4",
    "\xE7\xBD\x91",
    "\xE5\xB1\xB1",
    "\xE4\xB9\xA6",
    "\xE5\x8F\xB0",
    "\xE6\x96\xB9",
    "\xE5\xB0\x86",
    "\xE6\x8A\xA5",
    "\xE7\xBA\xBF",
    "\xE8\xAF\xBE",
    "\xE6\xBC\x94",
    "\xE5\x91\xA8",
    "\xE8\xBE\xB9",
    "\xE4\xBB\xBB",
    "\xE9\x97\xA8",
    "\xE8\xA1\xA3",
    "\xE8\xA1\x8C",
    "\xE4\xB9\x98",
    "\xE5\x9C\xBA",
    "\xE6\x89\xAC",
    "\xE5\xBD\x93",
    "\xE5\xB2\xB8",
    "\xE8\xBD\xA6",
    "\xE8\xB7\xAF",
    "\xE9\x99\xA2",
    "\xE9\x83\xA8",
    "\xE9\xA3\x8E",
    "\xE8\x88\xB9",
    "\xE9\x93\xBA",
    "\xE8\xB0\x83",
    "\xE5\xA4\xA9",
    "\xE5\xBA\x8A",
    "\xE5\xB2\x97",
    "\xE4\xB8\x87\xE5\x85\x83",
    "\xE6\x97\xAC",
    "\xE9\x98\xB5",
    "\xE8\xAE\xAE\xE9\x99\xA2",
    "\xE8\xBA\xAB",
    "\xE5\x93\x81",
    "\xE6\xA0\xA1",
    "\xE7\xAF\xAE",
    "\xE7\x88\xAC",
    "\xE5\xAE\x98\xE6\xB4\xB2",
    "\xE7\x9A\xAE",
    "\xE4\xB8\x8A\xE4\xB8\x8B\xE4\xB8\x8B",
    "\xE5\xB1\x82\xE5\xBB\xBA\xE7\xAD\x91",
    "\xE5\x8F\xA4",
    "\xE6\x88\xBF",
    "\xE8\xA1\x97",
    "\xE9\x99\x90",
    "\xE5\x90\x8A",
    "\xE4\xBA\xA4",
    "\xE6\xA5\xBC",
    "\xE7\x8F\xAD\xE6\x97\x8F",
    "\xE6\x9C\x9D",
    "\xE6\x98\xA0",
    "\xE8\xAE\xBF",
    "\xE4\xB8\x87",
    "\xE4\xB8\xAA\xE6\x9C\x88",
    "\xE6\x9C\x88",
};

static const char* const t7[] = {
    "\xE6\x9D\xA5",
    "\xE5\x8E\xBB",
    "\xE9\x99\x8D",
    "\xE5\x8D\x88",
    "\xE9\x9D\xA2",
    "\xE5\xB2\x97",
    "\xE4\xBB\xA4",
    "\xE6\xB8\xB8",
    "\xE7\xBA\xA7",
    "\xE5\xB1\x9E",
    "\xE8\xBD\xBD",
    "\xE8\xBE\xBE",
    "\xE8\xBE\x96",
    "\xE5\x88\x97",
    "\xE9\xA9\xAC",
    "\xE8\xB7\x8C",
    "\xE6\x89\x8B",
    "\xE5\x8D\x8A\xE5\xB9\xB4",
    "\xE5\x8D\x8A\xE5\x9C\xBA",
    "\xE5\xB1\xB1",
    "\xE6\xBB\x91",
    "\xE8\x90\xBD",
    "\xE8\xAE\xBE",
    "\xE6\x97\xAC",
    "\xE6\xAC\xA1",
    "\xE7\x8F\xAD",
    "\xE9\x94\x85",
    "\xE9\x83\xA8",
    "\xE8\xBE\xB9",
    "\xE5\xB1\x82",
    "\xE6\xB0\xB4",
    "\xE8\xBD\xA6",
    "\xE9\x9B\xA8",
    "\xE8\xB0\x83",
    "\xE4\xB9\xA1",
    "\xE4\xB8\x80\xE4\xBB\xA3",
    "\xE6\xA5\xBC",
    "\xE8\xBF\x87",
    "\xE9\x99\xA2",
    "\xE5\x8F\x91",
    "\xE5\x9C\xBA",
    "\xE6\xB2\x89",
    "\xE5\x9B\x9E\xE5\x88\x86\xE8\xA7\xA3",
    "\xE5\x9E\x82",
    "\xE5\xB7\xB4",
    "\xE6\x94\xBE",
    "\xE5\x8A\x9F\xE5\xA4\xAB",
    "\xE9\xA2\x8C",
    "\xE6\xA3\x8B",
    "\xE9\x99\x86\xE5\x8C\xBA",
    "\xE6\x84\x8F\xE8\xAF\x86",
    "\xE5\xAE\x98",
    "\xE4\xB8\x98\xE8\x84\x91",
    "\xE6\x96\xB9",
    "\xE5\x86\xB3\xE5\xBF\x83",
    "\xE5\x9C\xB0",
    "\xE5\x8D\x8A\xE5\x8F\xB6",
    "\xE8\xBF\xB0",
    "\xE6\x96\x87",
    "\xE5\xAE\x9A\xE5\x86\xB3\xE5\xBF\x83",
};

static const char* const t8[] = {
    "\xE6\x98\xAF",
    "\xE8\x83\xBD",
    "\xE5\x90\x8C",
    "\xE4\xBC\x9A",
    "\xE8\xBF\x87",
    "\xE6\x96\xAD",
    "\xE7\x9F\xA5",
    "\xE8\xA6\x81",
    "\xE6\x95\xA2",
    "\xE4\xBB\x85",
    "\xE5\x88\xB0",
    "\xE5\x8F\xAF",
    "\xE5\xB0\x91",
    "\xE5\x86\x8D",
    "\xE5\xBE\x97",
    "\xE8\xB6\xB3",
    "\xE4\xBA\x86",
    "\xE9\x94\x99",
    "\xE8\x82\xAF",
    "\xE5\xA5\xBD",
    "\xE7\xAE\xA1",
    "\xE4\xB9\x85",
    "\xE4\xBD\x86",
    "\xE6\x83\xB3",
    "\xE7\xA6\x81",
    "\xE5\xBF\x85",
    "\xE5\x9C\xA8",
    "\xE8\xA1\x8C",
    "\xE7\x94\xB1\xE5\xBE\x97",
    "\xE5\xBE\x97\xE4\xB8\x8D",
    "\xE7\x94\xA8",
    "\xE8\xAE\xB8",
    "\xE5\xA4\x9F",
    "\xE5\xA6\x82",
    "\xE8\xAE\xA9",
    "\xE8\xAE\xBA",
    "\xE8\xA7\x81",
    "\xE5\x8F\x98",
    "\xE5\x85\x8D",
    "\xE5\x81\x9C",
    "\xE4\xB8\x8B",
    "\xE4\xBD\x8F",
    "\xE8\x89\xAF",
    "\xE8\xAF\xA5",
    "\xE6\xBB\xA1",
    "\xE5\xB9\xB8",
    "\xE5\x88\xA9",
    "\xE9\xA1\xBE",
    "\xE6\x98\x93",
    "\xE9\x9A\xBE",
    "\xE7\xAE\x97",
    "\xE6\x80\x95",
    "\xE6\x96\x99",
    "\xE5\xAE\x89",
    "\xE5\x8F\x8A",
    "\xE5\xA6\xA8",
    "\xE8\x83\xBD\xE4\xB8\x8D",
    "\xE8\xA7\x89",
    "\xE8\xBF\x9C",
    "\xE5\xAE\x9C",
    "\xE5\x87\x86",
    "\xE7\x84\xB6",
    "\xE6\x88\x90",
    "\xE4\xBB\x85\xE4\xBB\x85",
    "\xE5\x90\x8C\xE4\xBA\x8E",
    "\xE7\xAD\x89",
    "\xE4\xBE\xBF",
    "\xE5\xB0\x8F",
    "\xE6\x9B\xBE",
    "\xE5\xB7\xB2",
    "\xE5\x90\x83",
    "\xE6\x97\xB6",
    "\xE5\xB0\xBD",
    "\xE5\xA0\xAA",
    "\xE6\xAD\xA2",
    "\xE8\xAF\xAD",
    "\xE6\x83\x9C",
    "\xE8\x87\xB4",
    "\xE4\xB8\x80",
    "\xE5\xA5\xBD\xE6\x84\x8F\xE6\x80\x9D",
    "\xE6\x9C\x8D",
    "\xE6\x98\x8E",
    "\xE5\x8F\x98\xE8\xB5\x84\xE6\x9C\xAC",
    "\xE5\xA4\xA7",
    "\xE4\xB8\xAD",
    "\xE4\xBB\x85\xE5\xA6\x82\xE6\xAD\xA4",
    "\xE5\xAE\x9A",
    "\xE5\xA4\x9A\xE6\x97\xB6",
    "\xE7\x94\xB1",
    "\xE7\x90\x86",
    "\xE5\xAF\xB9",
    "\xE8\x80\x90\xE7\x83\xA6",
    "\xE7\x9F\xA5\xE4\xB8\x8D\xE8\xA7\x89",
    "\xE5\xBD\x93",
    "\xE5\xAE\xB9",
    "\xE5\x8F\xAF\xE9\x81\xBF\xE5\x85\x8D",
    "\xE8\x87\xB3\xE4\xBA\x8E",
    "\xE5\xBF\x8D",
    "\xE5\x88\xA9\xE4\xBA\x8E",
    "\xE4\xB9\x85\xE5\x89\x8D",
    "\xE5\xB1\x88",
    "\xE7\x94\xB1\xE8\x87\xAA\xE4\xB8\xBB",
    "\xE8\xB4\xA5",
    "\xE5\xB9\xB3",
    "\xE9\x80\x9A",
    "\xE5\xBE\x97\xE5\xB7\xB2",
    "\xE8\xB6\xB3\xE4\xBB\xA5",
    "\xE5\x90\x88",
    "\xE9\x80\x82",
    "\xE5\xBF\x85\xE8\xA6\x81",
    "\xE5\x85\x89",
    "\xE5\x9C\xA8\xE4\xB9\x8E",
    "\xE8\xA7\xA3",
    "\xE5\xA6\xA5",
    "\xE8\x83\x9C",
    "\xE5\xBF\xAB",
    "\xE5\x90\x88\xE7\x90\x86",
    "\xE5\x8A\xA8\xE5\xA3\xB0\xE8\x89\xB2",
    "\xE5\xA6\x99",
    "\xE6\x9C\x9F",
    "\xE8\xAE\xBA\xE6\x98\xAF",
    "\xE5\x8F\xAF\xE6\x80\x9D\xE8\xAE\xAE",
    "\xE8\xB4\x9F",
    "\xE7\x95\x99",
    "\xE4\xB9\x8F",
    "\xE5\x96\x84",
    "\xE4\xBA\x88",
    "\xE8\xBF\x9C\xE5\xA4\x84",
    "\xE8\xA6\x81\xE7\xB4\xA7",
    "\xE7\xBA\xA6\xE8\x80\x8C\xE5\x90\x8C",
    "\xE7\x94\x98",
    "\xE4\xBC\x91",
    "\xE5\xBE\x97\xE4\xBA\x86",
    "\xE5\xB1\x91",
    "\xE5\xA4\xB1",
    "\xE5\x87\xA1",
    "\xE8\xA7\x84\xE5\x88\x99",
    "\xE6\x9C\xBD",
    "\xE6\x84\xA7",
    "\xE9\xA1\xBB",
    "\xE5\x9C\xA8\xE8\xAF\x9D\xE4\xB8\x8B",
    "\xE6\x95\xA2\xE5\xBD\x93",
    "\xE7\x9F\xA5\xE6\x89\x80\xE6\x8E\xAA",
    "\xE7\x95\x8F",
    "\xE4\xBB\xA5\xE4\xB8\xBA\xE7\x84\xB6",
    "\xE8\xAE\xA1\xE5\x85\xB6\xE6\x95\xB0",
    "\xE9\x97\xAE",
    "\xE7\xAE\xA1\xE6\x80\x8E\xE6\xA0\xB7",
    "\xE7\xA5\xA5",
    "\xE7\x9F\xA5\xE5\x8E\xBB\xE5\x90\x91",
    "\xE8\xAF\xA6",
    "\xE8\x87\xAA\xE7\xA6\x81",
    "\xE5\x8F\xAF\xE4\xB8\x80\xE4\xB8\x96",
    "\xE5\x9D\x87",
    "\xE6\x97\xA0",
    "\xE5\xA4\xB1\xE4\xB8\xBA",
    "\xE6\x87\x88",
    "\xE6\x80\x8E\xE4\xB9\x88",
    "\xE5\x88\x97\xE9\xA2\xA0",
    "\xE8\xAE\xA1",
    "\xE5\x8F\xAF\xE4\xB8\x8D",
    "\xE5\x8A\x9B",
    "\xE4\xB8\xBA\xE8\xBF\x87",
    "\xE9\xA1\xBE\xE4\xB8\x80\xE5\x88\x87",
    "\xE8\xA6\x81\xE8\x84\xB8",
    "\xE8\xA7\x81\xE5\xBE\x97",
    "\xE6\xB5\x8E",
    "\xE7\xBB\x8F\xE6\x84\x8F",
    "\xE6\xB3\x95",
    "\xE7\x9B\xB8\xE5\xB9\xB2",
    "\xE4\xB8\x80\xE4\xBC\x9A\xE5\x84\xBF",
    "\xE6\xAD\xA3",
    "\xE9\xA1\xBA",
    "\xE4\xBF\x97",
    "\xE5\x85\xAC",
    "\xE5\x8D\x95",
    "\xE4\xBA\x8C",
    "\xE9\x85\x8D",
    "\xE8\xA8\x80\xE8\x80\x8C\xE5\x96\xBB",
    "\xE5\x81\x9A\xE5\xA3\xB0",
    "\xE6\x82\xA6",
    "\xE6\xB6\x88",
    "\xE6\x85\x8C\xE4\xB8\x8D\xE5\xBF\x99",
    "\xE4\xB8\xBA\xE4\xBA\xBA\xE7\x9F\xA5",
    "\xE6\x81\xAF",
    "\xE7\xAC\xA6",
};

static const char* const t9[] = {
    "\xE5\x85\xB6",
    "\xE6\xAD\xA4\xE5\x90\x8C\xE6\x97\xB6",
    "\xE4\xBC\x9A",
    "\xE5\x90\xA6",
    "\xE4\xBC\x97\xE4\xB8\x8D\xE5\x90\x8C",
    "\xE4\xBC\x9A\xE8\x80\x85",
    "\xE9\x9D\x9E",
};

static const char* const t10[] = {
    "\xE5\xB8\xAE",
};

static const char* const t11[] = {
    "\xE9\x99\x8B",
    "\xE6\x81\xB6",
};

static const char* const t12[] = {
    "\xE4\xB8\x9A",
    "\xE5\xAE\xB6",
    "\xE9\x97\xA8",
    "\xE9\xA2\x98",
    "\xE5\x88\xB6",
    "\xE7\xBA\xBF",
    "\xE5\x88\xA9",
    "\xE6\x94\xBF",
    "\xE7\xA7\x91",
    "\xE7\x94\xA8",
    "\xE5\x8C\xBA",
    "\xE9\xA1\xB9",
    "\xE7\xA7\x91\xE5\xAD\xA6\xE6\xA0\xA1",
    "\xE8\x91\x97",
    "\xE5\xBF\x83",
    "\xE6\xB3\xA8",
    "\xE4\xBB\xBB",
    "\xE8\x81\x8C",
    "\xE4\xB8\x9A\xE5\x8C\x96",
    "\xE7\x94\xB5",
    "\xE5\x9C\xBA",
    "\xE7\xA8\x8B",
    "\xE5\x91\x98",
    "\xE6\x9D\x83",
    "\xE4\xBA\xBA",
    "\xE6\xA0\x8F",
    "\xE5\x8D\x96",
    "\xE7\xAE\xA1",
};

static const char* const t13[] = {
    "\xE8\xAF\xB4",
    "\xE6\x85\xA2",
};

static const char* const t14[] = {
    "\xE7\x95\x8C",
    "\xE7\xBA\xAA",
    "\xE4\xB8\x8A",
    "\xE7\x95\x8C\xE6\x9D\xAF",
    "\xE4\xBA\xBA",
    "\xE7\xBA\xAA\xE6\x9C\xAB",
    "\xE9\x97\xB4",
    "\xE8\xA2\xAD",
    "\xE7\x95\x8C\xE5\x90\x84\xE5\x9C\xB0",
    "\xE4\xBF\x97",
    "\xE4\xBB\xA3",
    "\xE5\xAE\xB6",
    "\xE4\xBA\x8B",
    "\xE7\x95\x8C\xE6\x80\xA7",
    "\xE4\xBB\xA3\xE7\x9B\xB8\xE4\xBC\xA0",
    "\xE7\x95\x8C\xE8\xA7\x82",
    "\xE9\x94\xA6\xE8\xB5\x9B",
    "\xE7\x95\x8C\xE5\xA4\xA7\xE6\x88\x98",
    "\xE7\x95\x8C\xE5\xB8\x82\xE5\x9C\xBA",
};

static const char* const t15[] = {
    "\xE9\x99\xB5",
    "\xE5\xA4\x84\xE6\x9C\xBA",
    "\xE5\x90\x89\xE5\xB0\x94",
};

static const char* const t16[] = {
    "\xE5\x8A\xA1",
    "\xE7\xBB\xA9",
    "\xE4\xBD\x99",
    "\xE5\x86\x85\xE4\xBA\xBA\xE5\xA3\xAB",
    "\xE5\xB7\xB2",
    "\xE7\x95\x8C",
    "\xE5\x86\x85",
    "\xE4\xB8\xBB",
};

static const char* const t17[] = {
    "\xE6\x9E\x97",
    "\xE4\xB9\xA6",
    "\xE4\xB8\xAD",
    "\xE7\x94\x9F",
};

static const char* const t18[] = {
    "\xE8\xA5\xBF",
    "\xE5\x8C\x97",
    "\xE9\x83\xA8",
    "\xE5\x8D\x97",
    "\xE6\x96\xB9",
    "\xE4\xBA\xAC",
    "\xE6\xB1\x89",
    "\xE6\xB9\x96",
    "\xE5\x8D\x97\xE4\xBA\x9A",
    "\xE5\x8D\x97\xE9\x83\xA8",
    "\xE7\xBB\x8F",
    "\xE4\xBE\xA7",
    "\xE9\xA3\x8E",
    "\xE4\xBA\xA4\xE6\xB0\x91\xE5\xB7\xB7",
    "\xE4\xBA\x9A",
    "\xE5\x8C\x97\xE9\x83\xA8",
    "\xE6\xB5\xB7",
    "\xE5\x8C\x97\xE5\xA4\xA7\xE5\xAD\xA6",
    "\xE8\xBE\xB9",
    "\xE5\xB2\xB3",
    "\xE6\xAC\xA7",
    "\xE6\x99\x8B",
    "\xE5\x9F\x8E",
    "\xE5\x8D\x87",
    "\xE5\xB2\xB8",
    "\xE5\x8C\x97\xE5\x9C\xB0\xE5\x8C\xBA",
    "\xE8\xB7\xAF",
    "\xE9\x9D\xA2",
    "\xE5\x9D\xA1",
    "\xE5\xBE\x81",
    "\xE9\x97\xA8",
    "\xE9\x95\xBF\xE5\xAE\x89\xE8\xA1\x97",
    "\xE5\x90\xB4",
    "\xE6\x9E\x97\xE5\x85\x9A",
    "\xE5\xB7\x9E",
    "\xE9\x81\x93",
    "\xE9\x9D\x9E",
    "\xE8\x87\xB3",
    "\xE5\xAE\x89\xE9\x97\xA8",
    "\xE5\xAE\xAB",
    "\xE8\xA5\xBF\xE6\x96\xB9",
    "\xE8\x8E\x9E",
    "\xE7\x9B\x9F",
    "\xE5\x9D\xA1\xE8\x82\x89",
    "\xE8\xA5\xBF\xE6\xB9\x96\xE5\x8C\xBA",
    "\xE5\xAE\x9D\xE5\x8C\xBA",
    "\xE8\xBF\x9E\xE5\x90\xB4",
    "\xE5\x8D\x87\xE9\x95\x87",
    "\xE5\x8D\x8E\xE9\x97\xA8",
    "\xE5\x8C\x97\xE5\x86\x9B",
    "\xE5\xAE\xB6",
    "\xE6\xAD\xA3\xE6\x95\x99",
};

static const char* const t19[] = {
    "\xE6\xAF\xAB",
    "\xE7\xBB\xB8",
    "\xE7\xBB\xB8\xE4\xB9\x8B\xE8\xB7\xAF",
};

static const char* const t20[] = {
    "\xE7\x9B\xB8",
};

static const char* const t21[] = {
    "\xE5\xA4\xB1",
    "\xE4\xB8\x8B",
    "\xE6\x8E\x89",
};

static const char* const t22[] = {
    "\xE4\xB8\xAA",
    "\xE7\xA7\x8D",
    "\xE4\xBE\xA7",
    "\xE6\xAC\xA1",
    "\xE5\xB9\xB4",
    "\xE4\xBD\x8D",
    "\xE8\x80\x85",
    "\xE5\xB2\xB8",
    "\xE5\x8F\xAA",
    "\xE5\xA4\xA9",
    "\xE6\x9D\xA1",
    "\xE5\x90\x8D",
    "\xE8\xBE\xB9",
    "\xE4\xBB\xA3",
    "\xE5\xBA\xA7",
    "\xE7\xB1\xBB",
    "\xE9\x99\xA2\xE5\x88\xB6",
    "\xE9\x9D\xA2",
    "\xE5\x9C\xB0",
    "\xE5\xB1\x8A",
    "\xE5\x8F\xA5",
    "\xE5\xAE\xB6",
    "\xE5\xB1\x82",
    "\xE6\x97\x81",
    "\xE6\xAD\xA5",
    "\xE9\x99\xA2",
    "\xE7\xBA\xA7",
    "\xE6\xB9\x96",
    "\xE6\x94\xAF",
    "\xE4\xBB\xB6",
    "\xE7\xAB\xAF",
    "\xE6\x89\x8B",
    "\xE5\xA3\xB0",
    "\xE4\xB8\x8B",
    "\xE9\x81\x93",
    "\xE5\x9D\x97",
    "\xE7\x9C\xBC",
    "\xE7\x82\xB9",
    "\xE8\xA1\x8C",
    "\xE5\xA4\xB4",
    "\xE6\x96\xB9",
    "\xE6\xA0\x96",
    "\xE6\xA0\xB9",
    "\xE8\xB7\xAF",
    "\xE9\xA1\xB9",
    "\xE4\xBC\x9A",
    "\xE7\xBF\xBC",
    "\xE9\x83\xA8",
    "\xE5\xA4\x84",
    "\xE8\x89\x98",
    "\xE6\xB4\xBE",
    "\xE5\xBC\xA0",
    "\xE6\x9E\x9A",
    "\xE6\x97\xA5",
    "\xE5\x8F\xA3",
    "\xE6\x80\xA7",
    "\xE9\x98\x9F",
    "\xE6\x9E\x81",
    "\xE9\xA2\x97",
    "\xE7\xBB\x84",
    "\xE5\xB9\x85",
    "\xE6\x99\x8B",
    "\xE7\x94\xA8",
    "\xE6\x8A\x8A",
    "\xE5\x9C\xBA",
    "\xE4\xB8\x89\xE4\xB8\xAA",
    "\xE6\xA0\xB7",
    "\xE5\xAF\xB9",
    "\xE5\xB9\xBF",
    "\xE9\x97\xA8",
    "\xE4\xB8\xAA\xE5\x87\xA1\xE6\x98\xAF",
    "\xE5\x8F\xA3\xE5\xAD\x90",
    "\xE4\xB8\x87",
    "\xE5\x80\x8D",
    "\xE5\x88\x97",
    "\xE5\x8D\x83",
    "\xE5\x8C\xB9",
    "\xE4\xBB\xBD",
    "\xE6\x9E\xB6",
    "\xE7\x89\x87",
    "\xE5\x91\xA8",
    "\xE9\x97\xB4",
    "\xE7\xA2\x97",
    "\xE7\xB1\xB3",
    "\xE6\xB2\xB3",
    "\xE5\x8D\x8A",
    "\xE4\xB8\x89\xE5\xB9\xB4",
    "\xE6\xAE\xB5",
    "\xE5\xBA\xA6",
};

static const char* const t23[] = {
    "\xE9\x87\x8D",
    "\xE6\xA0\xBC",
    "\xE8\x82\x83",
    "\xE5\x8E\x89",
    "\xE5\xB3\xBB",
    "\xE5\xAF\x86",
    "\xE8\xB0\xA8",
    "\xE7\xA6\x81",
    "\xE5\xAF\x92",
    "\xE5\xAE\x88",
    "\xE6\x95\xB4",
    "\xE6\x83\xA9",
    "\xE5\x88\x91",
    "\xE6\xAD\xA3",
    "\xE9\x85\xB7",
    "\xE5\x8A\xA0",
    "\xE4\xB9\x89\xE5\x9F\x99",
    "\xE6\x99\x93\xE9\xA2\x91",
    "\xE6\x99\xBA\xE6\xB3\xBD",
    "\xE6\x98\x8E",
    "\xE4\xB8\xA5\xE5\xAE\x9E\xE5\xAE\x9E",
};

static const char* const t24[] = {
    "\xE5\xA4\xB1",
    "\xE4\xBA\x8B",
    "\xE7\x94\x9F",
    "\xE5\x91\xBD",
};

static const char* const t25[] = {
    "\xE4\xBA\xBA",
    "\xE5\x88\xAB",
    "\xE4\xBD\x93",
    "\xE4\xB8\xAA",
    "\xE6\x80\xA7",
    "\xE8\x82\xA1",
    "\xE5\xA4\xB4",
    "\xE5\xAD\x90",
    "\xE6\x80\xA7\xE5\x8C\x96",
    "\xE5\x84\xBF",
    "\xE6\x95\xB0",
    "\xE4\xBA\xBA\xE5\xB4\x87\xE6\x8B\x9C",
};

static const char* const t26[] = {
    "\xE5\xA4\xB4",
    "\xE9\xAC\x9F",
    "\xE7\x8E\xAF",
};

static const char* const t27[] = {
    "\xE5\x9B\xBD",
    "\xE5\xBF\x83",
    "\xE5\xA4\xAE",
    "\xE5\xAD\xA6",
    "\xE9\x97\xB4",
    "\xE9\x83\xA8",
    "\xE5\x85\xB1\xE4\xB8\xAD\xE5\xA4\xAE",
    "\xE5\x85\xB1",
    "\xE5\x8E\x9F",
    "\xE5\x8D\x8E\xE6\xB0\x91\xE6\x97\x8F",
    "\xE5\x8D\x8E",
    "\xE6\x9C\x9F",
    "\xE5\x9B\xBD\xE9\x98\x9F",
    "\xE5\xA4\x96",
    "\xE6\x96\x87",
    "\xE7\xAD\x89",
    "\xE5\x8D\x8E\xE9\x97\xA8",
    "\xE5\x8D\x88",
    "\xE7\xBA\xBA",
    "\xE6\x96\xB9",
    "\xE6\xAF\x92",
    "\xE5\x8F\xB6",
    "\xE8\xBD\xB4\xE7\xBA\xBF",
    "\xE5\x9B\xBD\xE6\x94\xBF\xE5\xBA\x9C",
    "\xE5\xB1\xB1\xE5\x85\xAC\xE5\x9B\xAD",
    "\xE4\xB8\x9C",
    "\xE5\xB1\xB1",
    "\xE8\x8D\xAF",
    "\xE4\xBA\x9A",
    "\xE5\x8C\xBB",
    "\xE5\xB0\x8F\xE5\xAD\xA6",
    "\xE5\xB9\xB4",
    "\xE8\xB7\xAF",
    "\xE6\xB8\xB8",
    "\xE5\x8D\x97\xE9\x83\xA8",
    "\xE6\x97\xA5",
    "\xE6\x97\xAC",
    "\xE6\x96\xAD",
    "\xE7\xBA\xA7",
    "\xE4\xB8\x96\xE7\xBA\xAA",
    "\xE6\xAE\xB5",
    "\xE5\x8D\x8E\xE6\xB0\x91\xE5\x9B\xBD",
    "\xE5\x8D\x8E\xE9\xB2\x9F",
    "\xE9\x98\x9F",
    "\xE5\xAF\x86\xE5\xBA\xA6",
    "\xE4\xB8\x93",
    "\xE6\xB4\xB2",
    "\xE6\x9E\xA2",
    "\xE5\xB0\x86",
    "\xE5\x9E\x8B",
    "\xE5\xA4\xAE\xE5\x86\x9B\xE5\xA7\x94",
    "\xE5\xB0\x8F\xE4\xBC\x81\xE4\xB8\x9A",
    "\xE5\x85\xB4",
    "\xE4\xB8\x8B\xE6\xB8\xB8",
    "\xE4\xB9\xA6\xE7\x9C\x81",
    "\xE5\x8D\x97",
    "\xE9\x81\x93",
    "\xE4\xBB\x8B",
    "\xE5\xB0\x8F",
    "\xE9\x80\x94",
    "\xE4\xBA\xA7\xE9\x98\xB6\xE7\xBA\xA7",
    "\xE5\x92\x8C",
    "\xE5\x86\x9B",
    "\xE6\x96\xB0\xE7\xBD\x91",
    "\xE5\xB1\xB1\xE5\xA0\x82",
    "\xE5\x8D\x8E\xE5\x92\x8C\xE9\x92\x9F",
    "\xE6\x80\xA7",
    "\xE5\xA4\xAE\xE9\x9B\x86\xE6\x9D\x83",
    "\xE5\xA4\xAE\xE5\xA7\x94\xE5\x91\x98",
    "\xE5\xA4\xAE\xE6\x94\xBF\xE5\xBA\x9C",
    "\xE6\x98\x9F",
    "\xE5\xB9\xB4\xE4\xBA\xBA",
    "\xE5\xAD\x90",
    "\xE9\x97\xB4\xE4\xBD\x93",
    "\xE5\x9B\xBD\xE8\xB6\xB3\xE5\x8D\x8F",
    "\xE7\xAB\x8B",
    "\xE5\xB1\x82",
    "\xE5\x9B\xBD\xE7\xA7\xBB\xE5\x8A\xA8",
    "\xE5\xAD\xA6\xE7\x94\x9F",
    "\xE7\xBA\xBF",
    "\xE6\x8C\x87",
    "\xE5\xB8\xB8",
    "\xE5\x8D\x97\xE6\xB5\xB7",
    "\xE5\x9C\xBA",
    "\xE5\xA0\x82",
    "\xE8\xA1\x8C",
    "\xE6\xB5\x81\xE7\xA0\xA5\xE6\x9F\xB1",
    "\xE5\xA4\xA7",
    "\xE8\xA5\xBF",
    "\xE5\x9B\xBD\xE5\xA4\xA7\xE5\xAD\xA6",
    "\xE8\x83\xBD",
    "\xE9\x98\xB3",
    "\xE6\x9E\xA2\xE7\xA5\x9E\xE7\xBB\x8F",
    "\xE8\xA5\xBF\xE9\x83\xA8",
    "\xE7\xBE\x8E\xE6\xB4\xB2",
    "\xE5\xBB\xBA",
    "\xE5\xB1\xB1\xE8\xB7\xAF",
    "\xE5\x8D\x8E\xE4\xB9\xA6\xE5\xB1\x80",
    "\xE5\x9C\x9F",
    "\xE7\xBB\x9F",
    "\xE6\xAD\xA2",
    "\xE5\x9B\xBD\xE6\x94\xBF\xE5\x8D\x8F",
    "\xE7\xA8\x8B",
    "\xE7\xA7\x91\xE9\x99\xA2",
    "\xE5\x9B\xBD\xE7\x94\xBB",
    "\xE7\x94\x9F\xE4\xBB\xA3",
    "\xE5\x9B\xBD\xE8\x81\x94\xE9\x80\x9A",
    "\xE4\xBA\xBA",
    "\xE5\xBC\x8F",
    "\xE6\xAC\xA7",
    "\xE5\x9B\xBD\xE5\x8C\xBA",
    "\xE6\x9B\xBE",
    "\xE5\xB0\x8F\xE5\xAD\xA6\xE7\x94\x9F",
    "\xE7\x94\xA8",
    "\xE4\xBF\xA1",
    "\xE5\x9B\xBD\xE9\x93\xB6\xE8\xA1\x8C",
};

static const char* const t28[] = {
    "\xE5\xAF\x8C",
    "\xE4\xBA\xA7",
    "\xE5\x8E\x9A",
    "\xE6\x94\xB6",
    "\xE5\xAF\x8C\xE5\xA4\x9A\xE5\xBD\xA9",
    "\xE6\xBB\xA1",
    "\xE7\x9B\x9B",
};

static const char* const t29[] = {
    "\xE7\x8F\xA0",
};

static const char* const t30[] = {
    "\xE6\x97\xB6",
    "\xE5\xBA\x8A",
    "\xE8\xBF\x91",
    "\xE6\xAD\xBB",
    "\xE5\xAE\x89",
    "\xE8\xB5\xB0",
    "\xE7\xBB\x88",
    "\xE7\x95\x8C",
    "\xE5\xA4\xB4",
};

static const char* const t31[] = {
    "\xE9\xBA\xA6",
    "\xE6\xB1\x9F\xE5\x8F\xA3",
    "\xE7\x94\xB0",
    "\xE9\xBA\xA6\xE9\x98\x9F",
    "\xE6\xB1\x9F\xE5\x8F\xA3\xE5\xB8\x82",
    "\xE9\x9D\x92",
    "\xE9\x98\xB3",
};

static const char* const t32[] = {
    "\xE4\xBA\x86",
    "\xE4\xB8\xBB",
    "\xE4\xBB\x80\xE4\xB9\x88",
    "\xE4\xBD\x95",
    "\xE9\xA6\x96",
    "\xE6\xAD\xA2",
    "\xE6\x9C\x9F",
    "\xE5\x90\x8D",
    "\xE7\x9D\x80",
    "\xE6\xB0\x91",
    "\xE5\x87\x86",
    "\xE6\x95\xB0",
    "\xE9\x87\x8D",
    "\xE5\xAE\xB3",
    "\xE7\x94\x9F",
    "\xE6\xAD\xA4",
    "\xE9\x9A\xBE",
    "\xE7\x9A\x84\xE6\x98\xAF",
    "\xE6\x94\xBF",
    "\xE5\x95\xA5",
    "\xE6\x89\x80\xE6\xAC\xB2\xE4\xB8\xBA",
    "\xE5\xAE\x98",
};

static const char* const t33[] = {
    "\xE8\xA6\x81",
    "\xE5\xB8\xAD",
    "\xE4\xBB\xBB",
    "\xE5\xBC\xA0",
    "\xE6\x8C\x81",
    "\xE4\xBA\xBA",
    "\xE5\x8A\xA8",
    "\xE6\x84\x8F",
    "\xE7\xAE\xA1",
    "\xE4\xBD\x93",
    "\xE9\xA2\x98",
    "\xE5\x8A\x9B",
    "\xE4\xB9\x89",
    "\xE6\x8C\x81\xE4\xBA\xBA",
    "\xE6\x9D\x83",
    "\xE5\xB8\xAD\xE5\x9B\xA2",
    "\xE5\xAF\xBC",
    "\xE5\x9C\xBA",
    "\xE5\xB3\xB0",
    "\xE7\xBC\x96",
    "\xE8\xA7\x82",
    "\xE6\xB5\x81",
    "\xE5\x8A\x9E",
    "\xE6\xBC\x94",
    "\xE8\xA7\x92",
    "\xE6\x95\x99\xE7\xBB\x83",
    "\xE5\xB8\x85",
    "\xE5\xAD\x90",
    "\xE4\xBA\xBA\xE5\x85\xAC",
    "\xE4\xB9\x89\xE8\x80\x85",
    "\xE5\x85\xAC",
    "\xE6\x9C\xBA",
    "\xE5\xB8\xAD\xE5\x8F\xB0",
    "\xE6\x88\x98",
    "\xE5\x8A\xA8\xE6\x80\xA7",
    "\xE5\xAE\xB0",
    "\xE5\xB0\x86",
    "\xE9\x98\x9F",
    "\xE4\xBB\xBB\xE5\xA7\x94\xE5\x91\x98",
    "\xE6\x97\x8B\xE5\xBE\x8B",
    "\xE6\x96\x99",
    "\xE6\x95\x99",
    "\xE6\xB2\xBB",
    "\xE5\xB9\xB2",
    "\xE5\x8A\xA8\xE6\x9D\x83",
    "\xE8\x90\xA5\xE4\xB8\x9A\xE5\x8A\xA1",
    "\xE6\x97\xA8",
    "\xE9\xA3\x9F",
    "\xE6\x94\xBB",
    "\xE6\x94\xBF",
};

static const char* const t34[] = {
    "\xE6\xB1\x9F",
};

static const char* const t35[] = {
    "\xE8\xA1\x8C",
    "\xE5\x8A\x9E",
    "\xE5\x8A\xA8",
    "\xE6\x8E\xAA",
    "\xE4\xBA\xBA",
    "\xE6\x8A\xA5",
    "\xE6\xAD\xA2",
    "\xE6\x89\x8B",
    "\xE4\xB8\x96\xE9\x97\xBB\xE5\x90\x8D",
    "\xE4\xBE\x8B",
    "\xE5\x87\xBA",
    "\xE5\xAD\x90",
    "\xE8\xB6\xB3\xE8\xBD\xBB\xE9\x87\x8D",
    "\xE8\xB5\xB7",
};

static const char* const t36[] = {
    "\xE6\x98\xAF",
    "\xE8\x87\xB3",
};

static const char* const t37[] = {
    "\xE4\xB9\x85",
    "\xE8\xBF\x9C",
    "\xE7\xBE\x8E",
    "\xE8\x80\x8C\xE4\xB9\x85\xE4\xB9\x8B",
    "\xE4\xBB\xB0",
};

static const char* const t38[] = {
    "\xE5\x92\x8C\xE5\x9B\xA2",
    "\xE5\x8A\xA1",
    "\xE5\x86\x9B",
    "\xE5\x8A\xA1\xE6\x95\x99\xE8\x82\xB2",
    "\xE7\x88\xB6",
    "\xE6\xB0\x94",
    "\xE5\x8B\x87\xE5\x86\x9B",
    "\xE6\x84\xA4\xE5\xA1\xAB\xE8\x86\xBA",
    "\xE5\x8A\xA1\xE4\xBA\xBA",
};

static const char* const t39[] = {
    "\xE9\x97\xB4",
    "\xE4\xB8\x80",
    "\xE5\x90\x8E",
    "\xE4\xB8\xAD",
    "\xE5\x89\x8D",
    "\xE4\xB8\x8B",
    "\xE5\xA4\x96",
    "\xE4\xB8\x8A",
    "\xE6\x89\x80\xE4\xBB\xA5",
    "\xE9\x99\x85",
    "\xE7\xB1\xBB",
    "\xE5\x86\x85",
    "\xE6\xB1\x9F",
    "\xE7\x94\xA8",
    "\xE4\xBA\x8C",
};

static const char* const t40[] = {
    "\xE5\x85\x8B\xE5\x85\xB0",
    "\xE4\xBA\x91",
    "\xE9\xBE\x9F",
    "\xE9\xB2\x81\xE6\x9C\xA8\xE9\xBD\x90",
    "\xE6\xA1\x95",
    "\xE9\xB8\xA6",
    "\xE9\xB1\xBC",
    "\xE6\x8B\x89\xE5\x9C\xAD",
    "\xE6\x97\xA5\xE5\x9B\xBE",
    "\xE9\xBB\x91",
};

static const char* const t41[] = {
    "\xE5\x8A\x9B",
};

static const char* const t42[] = {
    "\xE5\x99\xA8",
    "\xE5\x9B\xAD",
    "\xE8\xA7\x82",
    "\xE9\x98\x9F",
    "\xE4\xBA\x8E",
    "\xE8\xB6\xA3",
    "\xE6\x84\x8F",
    "\xE6\x9B\xB2",
    "\xE8\x88\x9E",
    "\xE5\x9B\xA2",
    "\xE5\xBA\x9C",
};

static const char* const t43[] = {
    "\xE4\xB9\x93\xE7\x90\x83",
};

static const char* const t44[] = {
    "\xE6\x99\x93\xE9\x98\xB3",
    "\xE6\x9C\xA8",
    "\xE6\xB2\xBB",
    "\xE7\xBA\xA2",
};

static const char* const t45[] = {
    "\xE4\xB9\x96",
};

static const char* const t46[] = {
    "\xE6\x9C\xBA",
    "\xE5\x9D\x90",
    "\xE5\xAE\xA2",
    "\xE5\x91\x98",
    "\xE5\x8A\xBF",
    "\xE8\xBD\xA6",
    "\xE7\x9D\x80",
    "\xE9\xA9\xAC",
};

static const char* const t47[] = {
    "\xE9\x86\x87",
    "\xE8\x82\x9D",
    "\xE7\x83\xAF",
    "\xE9\x86\x9A",
};

static const char* const t48[] = {
    "\xE5\xB9\xB4",
    "\xE6\x9B\xB2\xE5\x9B\x9E\xE8\x82\xA0",
    "\xE6\x9C\x88",
    "\xE6\xB1\x9F",
    "\xE4\xB8\xAA",
    "\xE9\x97\xB4",
    "\xE4\xBA\x94",
    "\xE4\xBA\x94\xE4\xB9\x8B\xE5\xB0\x8A",
    "\xE5\x8D\x81",
    "\xE6\x9B\xB2",
    "\xE9\x98\xB4\xE7\x9C\x9F\xE7\xBB\x8F",
    "\xE7\xAB\xA0",
    "\xE5\xAE\xAB\xE5\xB1\xB1",
    "\xE5\xB0\xBA",
    "\xE7\xBA\xBF",
    "\xE5\xB7\x9E",
    "\xE9\x98\xB3",
    "\xE9\xBE\x99",
    "\xE5\xA4\xA7",
    "\xE5\x8D\xBF",
    "\xE5\x93\x81",
    "\xE5\xA4\xA9",
};

static const char* const t49[] = {
    "\xE4\xB8\x90",
};

static const char* const t50[] = {
    "\xE8\xAE\xB8",
    "\xE5\xA5\xBD",
    "\xE5\xB0\xB1\xE6\x98\xAF\xE8\xAF\xB4",
    "\xE7\xBD\xA2",
    "\xE9\x97\xA8",
};

static const char* const t51[] = {
    "\xE6\x83\xAF",
    "\xE4\xBF\x97",
    "\xE6\x80\xA7",
    "\xE6\x83\xAF\xE4\xBA\x8E",
    "\xE5\xAE\xB6\xE6\xB1\xA0",
};

static const char* const t52[] = {
    "\xE6\x9D\x91",
    "\xE9\x95\xBF",
    "\xE9\x95\x87",
    "\xE9\x95\x87\xE4\xBC\x81\xE4\xB8\x9A",
    "\xE4\xB8\x8B",
    "\xE4\xBA\xB2",
    "\xE8\xAF\x95",
    "\xE5\x9C\x9F\xE6\xB0\x94\xE6\x81\xAF",
    "\xE6\x94\xBF\xE5\xBA\x9C",
    "\xE9\x87\x8C",
    "\xE4\xB8\x8B\xE4\xBA\xBA",
};

static const char* const t53[] = {
    "\xE8\xAE\xB0",
    "\xE5\x86\x99",
    "\xE6\xB3\x95",
    "\xE7\xB1\x8D",
    "\xE7\x94\xBB",
    "\xE6\x88\xBF",
    "\xE9\x9D\xA2",
    "\xE7\x94\x9F",
    "\xE6\x9C\xAC",
    "\xE9\x99\xA2",
    "\xE7\x9B\xAE",
    "\xE4\xBF\xA1",
    "\xE5\xBA\x97",
    "\xE6\xA1\x8C",
    "\xE5\x9F\x8E",
    "\xE4\xB8\x8A",
    "\xE6\xB3\x95\xE5\xAE\xB6",
    "\xE8\xAE\xB0\xE5\xA4\x84",
    "\xE5\xBD\xB1",
    "\xE6\x9E\xB6",
    "\xE5\x8C\x85",
};

static const char* const t54[] = {
    "\xE5\x8D\x96",
    "\xE8\x80\x85",
    "\xE6\x9D\xA5",
    "\xE4\xB9\xB0\xE6\x8F\x90",
    "\xE6\x88\xBF",
    "\xE5\x8A\x9E",
    "\xE6\x96\xB9",
    "\xE4\xB8\x8B",
    "\xE5\x85\xA5",
};

static const char* const t55[] = {
    "\xE6\x89\x93",
    "\xE7\xA0\x8D",
    "\xE4\xB8\x83\xE5\x85\xAB\xE7\xB3\x9F",
    "\xE7\x9F\xB3",
};

static const char* const t56[] = {
    "\xE6\x88\xBF",
    "\xE8\x85\xBA\xE7\x99\x8C",
    "\xE7\x99\xBD\xE8\x89\xB2",
    "\xE8\x85\xBA",
    "\xE5\xA4\xB4",
    "\xE6\xB1\x81",
};

static const char* const t57[] = {
    "\xE9\x9A\x86",
    "\xE5\x9D\xA4",
};

static const char* const t58[] = {
    "\xE8\xA7\xA3",
    "\xE4\xB8\x8D\xE8\xB5\xB7",
    "\xE7\xBB\x93",
    "\xE5\xBE\x97",
};

static const char* const t59[] = {
    "\xE4\xBB\xA5",
};

static const char* const t60[] = {
    "\xE5\x8F\x96",
    "\xE5\xA4\xBA",
    "\xE8\xAE\xBA",
    "\xE8\xAE\xAE",
    "\xE6\x89\xA7",
    "\xE5\x90\xB5",
    "\xE7\x9B\xB8",
    "\xE7\xAB\xAF",
    "\xE6\x96\x97",
    "\xE8\xBE\xA9",
    "\xE6\xB0\x94",
};

static const char* const t61[] = {
    "\xE6\x83\x85",
    "\xE4\xB8\x9A",
    "\xE4\xBB\xB6",
    "\xE5\x8A\xA1",
    "\xE5\xAE\x9E",
    "\xE7\x89\xA9",
    "\xE5\xAE\x9E\xE4\xB8\x8A",
    "\xE9\xA1\xB9",
    "\xE5\x84\xBF",
    "\xE6\x95\x85",
    "\xE5\x85\x88",
    "\xE5\xAE\x9C",
    "\xE8\xBF\xB9",
    "\xE5\x8A\xA1\xE6\x89\x80",
    "\xE5\x8F\x98",
    "\xE4\xBE\x8B",
    "\xE5\x90\x8E",
    "\xE6\x80\x81",
    "\xE5\x85\xB3",
    "\xE5\x89\x8D",
    "\xE4\xBA\x8B",
};

static const char* const t62[] = {
    "\xE4\xBA\xBA",
    "\xE5\xB9\xB4",
    "\xE7\xBA\xA7",
    "\xE5\x8D\x81",
    "\xE8\x80\x85",
    "\xE5\x8D\x81\xE5\xB9\xB4",
    "\xE8\xB7\xAF",
    "\xE6\x9C\x88",
    "\xE6\xAC\xA1",
    "\xE4\xBD\x8D",
    "\xE5\x93\xA5",
    "\xE4\xB8\x96",
    "\xE6\x9D\xA5",
    "\xE6\xB0\xA7\xE5\x8C\x96\xE7\xA2\xB3",
    "\xE5\x8D\x81\xE4\xB8\x83\xE5\xB9\xB4",
    "\xE6\x88\x98",
    "\xE4\xB8\xAD",
    "\xE5\x8D\x81\xE5\x9B\x9B\xE5\xB9\xB4",
    "\xE7\x88\xB7",
    "\xE5\x88\x99",
    "\xE5\x88\x86",
    "\xE5\x8D\x81\xE5\x85\xAD\xE5\xB9\xB4",
    "\xE5\x8D\x81\xE4\xB8\x80",
    "\xE5\x8D\x81\xE4\xB8\x80\xE6\x9D\xA1",
    "\xE5\x8D\x81\xE4\xB8\x83\xE6\x97\xA5",
    "\xE5\x8D\x81\xE5\xA4\x9A\xE5\xB9\xB4",
    "\xE4\xB8\x83",
    "\xE5\x8D\x81\xE5\x9B\x9B",
    "\xE5\x8D\x81\xE4\xBA\x8C\xE5\xB9\xB4",
    "\xE9\xBE\x99",
    "\xE7\x8E\xAF",
    "\xE9\x97\xA8",
    "\xE9\x87\x8C\xE5\xA4\xB4",
    "\xE6\xB0\xAF",
    "\xE9\x83\x8E\xE5\xBA\x99",
    "\xE5\x8D\x81\xE4\xBA\x94",
    "\xE5\x8D\x81\xE4\xB8\x87",
    "\xE4\xB8\x83\xE8\xB7\xAF",
    "\xE7\xAD\x89\xE5\xA5\x96",
    "\xE6\x9F\xB1",
    "\xE6\xA5\xBC",
    "\xE5\x8D\x81\xE4\xBA\x94\xE5\xB9\xB4",
    "\xE5\x8D\x81\xE4\xB8\x80\xE5\xB9\xB4",
    "\xE5\x8D\x81\xE5\xB2\x81",
    "\xE4\xB8\xAD\xE5\x85\xA8\xE4\xBC\x9A",
    "\xE5\x8D\x81\xE4\xB8\x89\xE5\xB9\xB4",
    "\xE9\x81\x93",
    "\xE7\x99\xBE",
    "\xE5\x8D\x83",
    "\xE5\x85\x83",
    "\xE8\x80\x81",
    "\xE5\x93\x81",
    "\xE5\x8F\xB7",
    "\xE5\x8D\x81\xE5\x85\xAB\xE5\xB9\xB4",
    "\xE4\xB8\x89\xE5\x8D\x81",
    "\xE6\x9C\x9F",
};

static const char* const t63[] = {
    "\xE6\x98\xAF",
    "\xE9\x95\xBF\xE6\xB1\x9F",
    "\xE5\x9F\x8E\xE9\x82\xA6",
    "\xE4\xBA\x8C\xE9\xBE\x99",
    "\xE6\xB1\x89\xE5\x88\x9D",
    "\xE4\xBB\x8A",
};

static const char* const t64[] = {
    "\xE6\x8D\x9F",
};

static const char* const t65[] = {
    "\xE5\x8D\x97",
    "\xE9\x9B\x86",
    "\xE9\x9B\xBE",
    "\xE6\xAF\x8D",
    "\xE5\x8D\x97\xE7\x9C\x81",
    "\xE7\x9B\x98",
    "\xE6\x9C\xB5",
    "\xE6\xA2\xA6\xE5\x8E\xBF",
    "\xE4\xB8\xAD\xE9\xB9\xA4",
    "\xE6\xA2\xAF",
};

static const char* const t66[] = {
    "\xE7\x9B\xB8",
    "\xE8\x81\x94\xE7\xBD\x91",
    "\xE5\x8A\xA8",
    "\xE5\x8A\xA9",
    "\xE4\xB8\x8D",
    "\xE8\xA1\xA5",
    "\xE4\xB8\xBA",
    "\xE9\x80\x9A",
    "\xE5\x88\xA9",
};

static const char* const t67[] = {
    "\xE5\xB9\xB4",
    "\xE4\xB8\x80",
    "\xE4\xB8\xAA",
    "\xE4\xBB\xA3",
    "\xE6\x9C\x88",
    "\xE5\x88\x86",
    "\xE9\x97\xB4",
    "\xE5\x9B\x9B\xE8\xBF\x90\xE5\x8A\xA8",
    "\xE8\xA1\x8C",
    "\xE4\xBF\x9D",
    "\xE5\x9B\x9B",
    "\xE5\x8D\x81",
    "\xE8\x89\xB2\xE5\x9C\x9F",
    "\xE5\xB2\xB3",
    "\xE6\x98\x9F\xE7\xBA\xA2\xE6\x97\x97",
    "\xE5\xA4\xA7",
    "\xE7\x99\xBE",
    "\xE9\x87\x8C",
    "\xE5\x8D\x83",
    "\xE5\x90\x8D",
    "\xE5\xBD\xA9",
    "\xE5\xB1\x8A",
    "\xE6\x9B\xB4",
    "\xE5\x8F\xB0\xE5\xB1\xB1",
    "\xE8\xA7\x92\xE5\xA4\xA7\xE6\xA5\xBC",
    "\xE8\xB0\xB7",
    "\xE4\xB8\x88",
    "\xE9\x81\x93",
    "\xE7\xA7\x8D",
    "\xE5\xB3\xB0",
    "\xE9\x97\xA8",
    "\xE5\xA4\xA9",
    "\xE5\xBA\xA7",
    "\xE5\x8E\xBF",
    "\xE4\xB8\xAD",
    "\xE9\xA1\xB9",
    "\xE6\xA8\xAA",
    "\xE5\xB0\xBA",
    "\xE4\xB8\xAD\xE5\x85\xA8\xE4\xBC\x9A",
    "\xE6\x8C\x87",
    "\xE6\x98\x9F",
    "\xE4\xB8\x87",
    "\xE7\x99\xBE\xE5\xB9\xB4",
    "\xE5\x8D\x85\xE8\xBF\x90\xE5\x8A\xA8",
    "\xE6\xAC\xA1",
    "\xE5\xAE\x98",
    "\xE4\xBD\x8D",
    "\xE4\xB8\x96",
    "\xE5\x93\x81",
};

static const char* const t68[] = {
    "\xE5\x86\x88\xE5\xB1\xB1",
    "\xE5\x8F\xA3",
};

static const char* const t69[] = {
    "\xE6\xB4\xB2",
    "\xE7\x83\xAD\xE5\xB8\xA6",
    "\xE8\xBF\x90\xE4\xBC\x9A",
    "\xE5\xA4\xAA\xE5\x9C\xB0\xE5\x8C\xBA",
    "\xE5\x8E\x86\xE5\xB1\xB1\xE5\xA4\xA7",
    "\xE7\xBB\x86\xE4\xBA\x9A",
    "\xE5\x86\x9B",
    "\xE5\xB9\xB3",
    "\xE7\xA7\x91",
    "\xE9\xBA\xBB",
    "\xE7\xBE\x8E\xE5\xB0\xBC\xE4\xBA\x9A",
};

static const char* const t70[] = {
    "\xE5\x9B\xBD",
};

static const char* const t71[] = {
    "\xE9\x80\x9A",
    "\xE6\xB5\x81",
    "\xE6\x98\x93",
    "\xE6\x8D\xA2",
    "\xE7\xBB\x99",
    "\xE5\xBE\x80",
    "\xE6\xB6\x89",
    "\xE6\x9B\xBF",
    "\xE4\xBB\x98",
    "\xE4\xBB\xA3",
    "\xE8\xB0\x88",
    "\xE5\x8F\x89",
    "\xE6\x88\x98",
    "\xE9\x94\x99",
    "\xE6\x98\x93\xE6\x89\x80",
    "\xE7\x95\x8C",
    "\xE9\x94\x8B",
    "\xE9\x85\x8D",
    "\xE7\x95\x8C\xE5\xA4\x84",
    "\xE7\xBA\xB3",
    "\xE6\x98\x93\xE6\x97\xA5",
    "\xE8\xB4\xA7",
    "\xE6\xB1\x87",
    "\xE5\xBE\x85",
    "\xE7\xBB\x87",
    "\xE5\x87\xBA",
    "\xE6\x8E\xA5",
    "\xE4\xBA\x92",
    "\xE5\x93\x8D\xE4\xB9\x90\xE5\x9B\xA2",
    "\xE5\x93\x8D\xE6\x9B\xB2",
    "\xE8\xAD\xA6",
    "\xE8\xB4\xA7\xE5\x80\xBC",
    "\xE6\x83\x85",
    "\xE9\x80\x9A\xE5\xB7\xA5\xE5\x85\xB7",
    "\xE6\x98\x93\xE4\xBC\x9A",
    "\xE8\xBF\x98",
    "\xE9\x99\x85",
    "\xE6\x89\x8B",
    "\xE6\x8D\xA2\xE4\xBB\xB7\xE5\x80\xBC",
};

static const char* const t72[] = {
    "\xE5\x8F\xAF",
};

static const char* const t73[] = {
    "\xE5\x93\x81",
    "\xE7\x94\x9F",
    "\xE4\xB8\x9A",
    "\xE9\x87\x8F",
    "\xE5\x80\xBC",
    "\xE5\x8D\xB5",
    "\xE7\x89\xA9",
    "\xE4\xB8\x9A\xE5\x8C\x96",
    "\xE5\x9C\xB0",
    "\xE5\x8C\xBA",
    "\xE4\xBA\x8E",
    "\xE6\x9D\x83",
    "\xE8\x83\xBD",
    "\xE5\xA6\x87",
    "\xE5\x87\xBA",
    "\xE4\xB8\x9A\xE8\xB5\x84\xE6\x9C\xAC",
    "\xE9\x94\x80\xE7\x8E\x87",
    "\xE4\xB8\x9A\xE5\x9B\xAD",
    "\xE4\xB8\x9A\xE9\x93\xBE",
};

static const char* const t74[] = {
    "\xE5\x88\xA9",
    "\xE7\x89\xB9",
};

static const char* const t75[] = {
    "\xE5\x8F\x97",
    "\xE6\x9C\x89",
    "\xE7\x94\xA8",
};

static const char* const t76[] = {
    "\xE5\x9F\x8E",
    "\xE5\xB8\x88",
    "\xE5\x89\xA7",
    "\xE5\xB9\xBF\xE9\x93\x81\xE8\xB7\xAF",
    "\xE5\xB9\xBF\xE7\xBA\xBF",
    "\xE5\xB1\xB1\xE5\x8E\xBF",
    "\xE6\xB1\x89",
    "\xE8\xA5\xBF",
    "\xE9\x83\xBD",
    "\xE6\x97\x8F",
    "\xE5\xB1\xB1",
    "\xE4\xB9\x9D\xE9\x93\x81\xE8\xB7\xAF",
    "\xE4\xB9\x9D\xE7\xBA\xBF",
    "\xE5\xB9\xBF",
};

static const char* const t77[] = {
    "\xE5\xAD\x90",
};

static const char* const t78[] = {
    "\xE7\x9B\xB8",
    "\xE4\xB8\xBD",
    "\xE7\x82\xB9",
    "\xE5\xBA\xA6",
};

static const char* const t79[] = {
    "\xE8\x87\xAA",
    "\xE5\x85\xB5",
    "\xE7\x8E\x8B",
    "\xE6\x88\x9A",
    "\xE5\x88\x87",
    "\xE4\xBA\xBA",
    "\xE4\xBF\xA1",
    "\xE7\x9C\xBC",
    "\xE5\xBE\x81",
    "\xE6\x89\x8B",
    "\xE5\xB1\x9E",
    "\xE5\xAF\x86",
    "\xE8\xBA\xAB",
    "\xE7\x83\xAD",
    "\xE8\xBF\x91",
    "\xE7\x94\x9F",
    "\xE7\x88\xB1",
    "\xE4\xB8\xB4",
    "\xE5\x8F\x8B",
    "\xE6\x83\x85",
    "\xE6\x94\xBF",
    "\xE5\x8F\xA3",
    "\xE7\xAC\x94",
    "\xE5\xAE\xB6",
    "\xE7\x8E\x87",
    "\xE4\xBA\x8B",
    "\xE6\x97\xA5\xE6\xB4\xBE",
    "\xE7\x9C\xBC\xE7\x9B\xAE\xE7\x9D\xB9",
};

static const char* const t80[] = {
    "\xE6\xB0\x91",
    "\xE4\xBB\xAC",
    "\xE5\x8F\xA3",
    "\xE5\x91\x98",
    "\xE6\xB0\x91\xE6\x94\xBF\xE5\xBA\x9C",
    "\xE5\xA4\xA7",
    "\xE7\x89\xA9",
    "\xE7\xB1\xBB",
    "\xE6\x95\xB0",
    "\xE6\x89\x8D",
    "\xE5\xAE\xB6",
    "\xE6\xB0\x91\xE6\xB3\x95\xE9\x99\xA2",
    "\xE5\xA3\xAB",
    "\xE5\xA4\xA7\xE4\xBB\xA3\xE8\xA1\xA8",
    "\xE7\x94\x9F",
    "\xE9\xA9\xAC",
    "\xE4\xBD\x93",
    "\xE5\x9D\x87",
    "\xE6\xB0\x91\xE5\xB8\x81",
    "\xE5\xB7\xA5",
    "\xE4\xBA\xBA",
    "\xE7\xBE\xA4",
    "\xE5\x8A\x9B",
    "\xE9\x80\x89",
    "\xE9\x97\xB4",
    "\xE4\xB8\xBA",
    "\xE6\xB0\x91\xE5\x85\xAC\xE7\xA4\xBE",
    "\xE5\x8F\xA3\xE6\x95\xB0",
    "\xE5\xBF\x83",
    "\xE8\xBA\xAB",
    "\xE4\xBA\x8B",
    "\xE9\x80\xA0",
    "\xE6\xB0\x91\xE6\x97\xA5\xE6\x8A\xA5",
    "\xE6\x96\x87",
    "\xE6\xA0\xBC",
    "\xE6\x80\xA7",
    "\xE5\xBD\xB1",
    "\xE6\xB0\x91\xE5\x86\x9B\xE9\x98\x9F",
    "\xE6\xAC\xA1",
    "\xE6\xB0\x91\xE5\x9B\xA2\xE4\xBD\x93",
    "\xE5\xAD\xA6",
    "\xE7\xA7\xB0",
    "\xE9\x99\x85\xE5\x85\xB3\xE7\xB3\xBB",
    "\xE8\xA1\x8C\xE9\x81\x93",
    "\xE6\x83\x85",
    "\xE5\x93\x81",
    "\xE6\xB0\x94",
    "\xE6\xB0\x91\xE7\xBD\x91",
    "\xE5\xA4\xB4",
    "\xE6\x9D\x83",
    "\xE6\x89\x8B",
    "\xE8\xA1\x8C",
    "\xE4\xB8\x96",
    "\xE9\x81\x93\xE4\xB8\xBB\xE4\xB9\x89",
    "\xE5\x8F\x82",
    "\xE6\xB0\x91\xE6\x94\xBF\xE5\x8D\x8F",
    "\xE5\xB7\xA5\xE6\xB9\x96",
    "\xE6\xB0\x91\xE6\xAD\xA6\xE8\xA3\x85",
    "\xE4\xBB\xA3\xE4\xBC\x9A",
    "\xE7\xB1\xBB\xE5\xAD\xA6",
    "\xE5\xA3\xB0",
    "\xE6\x9D\xB0\xE5\x9C\xB0\xE7\x81\xB5",
    "\xE7\xA7\x8D",
    "\xE6\xB5\x81",
    "\xE5\xBD\xA2",
    "\xE8\xB4\xA8",
    "\xE4\xB8\x9B",
    "\xE9\x99\x85",
    "\xE8\xBF\xB9",
    "\xE6\xB0\x8F",
    "\xE5\x91\xBD",
};

static const char* const t81[] = {
    "\xE5\x85\x83",
    "\xE7\xBE\x8E\xE5\x85\x83",
    "\xE7\xAB\x8B\xE6\x96\xB9\xE7\xB1\xB3",
    "\xE5\x90\xA8",
    "\xE4\xB8\x87",
    "\xE5\xB9\xB4",
    "\xE5\xA4\x9A\xE5\x85\x83",
    "\xE5\x8D\x83\xE7\x93\xA6\xE6\x97\xB6",
    "\xE6\xA0\xAA",
};

static const char* const t82[] = {
    "\xE4\xB9\x88",
    "\xE4\xB9\x88\xE6\xA0\xB7",
};

static const char* const t83[] = {
    "\xE5\x85\x84",
    "\xE4\xB9\x89",
    "\xE6\x85\x88",
};

static const char* const t84[] = {
    "\xE4\xBB\x85",
    "\xE6\xAC\xA1\xE4\xBA\x8E",
    "\xE4\xBE\x9B\xE5\x8F\x82\xE8\x80\x83",
};

static const char* const t85[] = {
    "\xE4\xBA\xBA",
};

static const char* const t86[] = {
    "\xE6\x81\xA8",
    "\xE4\xBA\xBA",
};

static const char* const t87[] = {
    "\xE5\xA4\xA9",
    "\xE6\x97\xA5",
    "\xE5\xB9\xB4",
    "\xE5\x90\x8E",
    "\xE6\x99\x9A",
    "\xE5\xA4\x9C",
    "\xE5\x84\xBF",
    "\xE5\x84\xBF\xE4\xB8\xAA",
};

static const char* const t88[] = {
    "\xE7\xBB\x8D",
    "\xE8\xB4\xA8",
    "\xE4\xBA\x8E",
    "\xE5\x85\xA5",
    "\xE6\x84\x8F",
};

static const char* const t89[] = {
    "\xE7\x84\xB6",
    "\xE6\x97\xA7",
};

static const char* const t90[] = {
    "\xE8\x80\x8C",
    "\xE4\xBA\x8B",
    "\xE6\xAD\xA4",
    "\xE6\x9D\xA5",
    "\xE6\x9C\xAA",
    "\xE4\xB8\x8D",
    "\xE4\xB8\x9A",
    "\xE5\x89\x8D",
    "\xE5\xB0\x8F",
    "\xE4\xB8\xAD",
    "\xE6\x9D\xA5\xE4\xB8\x8D",
    "\xE6\xB2\xA1",
    "\xE5\xAE\xB9",
    "\xE5\xA4\xB4",
    "\xE4\xB8\xA5",
    "\xE5\xB1\x9E",
    "\xE6\x94\xBF",
    "\xE5\xAE\xB9\xE4\xB8\x8D\xE8\xBF\xAB",
    "\xE6\x9C\xAA\xE6\x9C\x89\xE8\xBF\x87",
    "\xE4\xBB\x8A",
    "\xE5\x86\x9B",
};

static const char* const t91[] = {
    "\xE5\xBA\x93",
    "\xE7\x9A\x87",
};

static const char* const t92[] = {
    "\xE7\xBB\x86",
};

static const char* const t93[] = {
    "\xE9\x80\x94",
};

static const char* const t94[] = {
    "\xE4\xBB\xAC",
    "\xE4\xBA\xBA",
    "\xE5\xA6\x88\xE7\x9A\x84",
    "\xE5\xAE\xB6",
    "\xE7\x94\xA8",
    "\xE4\xBF\xA9",
    "\xE6\x9D\x80",
};

static const char* const t95[] = {
    "\xE5\x87\xBA",
    "\xE7\xBB\x99",
    "\xE6\xAC\xBE",
};

static const char* const t96[] = {
    "\xE6\xA1\x83",
    "\xE6\xA1\x83\xE5\xB8\x82",
    "\xE4\xBA\xBA",
    "\xE5\xA5\xB3",
};

static const char* const t97[] = {
    "\xE4\xBD\xAC\xE6\x97\x8F",
};

static const char* const t98[] = {
    "\xE8\xA1\xA8",
    "\xE6\x9B\xBF",
    "\xE7\xA0\x81",
    "\xE7\x90\x86",
    "\xE8\xA1\xA8\xE5\x9B\xA2",
    "\xE8\xA1\xA8\xE5\xA4\xA7\xE4\xBC\x9A",
    "\xE4\xBB\xB7",
    "\xE8\xA1\xA8\xE4\xBD\x9C",
    "\xE8\xA1\xA8\xE6\x80\xA7",
    "\xE8\xB0\xA2",
    "\xE7\x90\x86\xE4\xBA\xBA",
    "\xE6\x95\xB0",
    "\xE5\x8F\xB7",
    "\xE4\xB8\xBB\xE4\xBB\xBB",
    "\xE4\xB8\xBA",
    "\xE8\xA1\xA8\xE4\xBA\xBA",
    "\xE8\xA8\x80\xE4\xBA\xBA",
};

static const char* const t99[] = {
    "\xE7\x8B\x90\xE5\x86\xB2",
    "\xE4\xBA\xBA",
    "\xE7\x8B\x90",
    "\xE7\x8B\x90\xE5\xA4\xA7\xE5\x93\xA5",
    "\xE5\xB0\x8A",
};

static const char* const t100[] = {
    "\xE5\x8F\x8A",
    "\xE4\xB8\x8A",
    "\xE5\x90\x8E",
    "\xE6\x9D\xA5",
    "\xE5\x89\x8D",
    "\xE4\xB8\x8B",
    "\xE4\xB8\xBA",
    "\xE5\xA4\x96",
    "\xE4\xBE\xBF",
    "\xE5\x8C\x97",
    "\xE8\x89\xB2\xE5\x88\x97",
    "\xE5\xBE\x80",
    "\xE5\x8D\x97",
    "\xE8\x87\xB4",
    "\xE8\x87\xB3",
    "\xE6\xAD\xA4",
    "\xE5\x85\x8D",
    "\xE4\xB8\x9C",
    "\xE5\x86\x85",
    "\xE8\xA5\xBF",
    "\xE7\xA4\xBA",
    "\xE8\x87\xB3\xE4\xBA\x8E",
    "\xE6\xB1\x82",
    "\xE9\x98\xB2",
    "\xE5\xA4\x87",
};

static const char* const t101[] = {
    "\xE5\xBC\x8F",
    "\xE5\x99\xA8",
    "\xE4\xBB\x97",
    "\xE8\xA1\xA8",
};

static const char* const t102[] = {
    "\xE5\xA4\xA9",
    "\xE6\x85\x95",
    "\xE6\x9C\x9B",
};

static const char* const t103[] = {
    "\xE8\xA3\x81",
};

static const char* const t104[] = {
    "\xE5\x80\xBC",
    "\xE6\xA0\xBC",
    "\xE9\x92\xB1",
    "\xE5\x80\xBC\xE8\xA7\x82",
    "\xE5\x80\xBC\xE9\x87\x8F",
    "\xE4\xBD\x8D",
};

static const char* const t105[] = {
    "\xE5\x8A\xA1",
    "\xE4\xBD\x95",
    "\xE6\x9C\x9F",
    "\xE5\x85\x8D",
    "\xE8\x81\x8C",
    "\xE5\x91\xBD",
    "\xE4\xBD\x95\xE4\xBA\xBA",
    "\xE6\x95\x99",
    "\xE6\x84\x8F",
    "\xE7\x94\xA8",
    "\xE6\x84\x8F\xE7\x90\x83",
    "\xE5\x87\xAD",
    "\xE5\x85\x8D\xE6\x9D\x83",
    "\xE6\x96\xB0\xE6\xB0\x91",
    "\xE6\x80\xA7",
    "\xE8\xB4\xA4\xE9\xBD\x90",
    "\xE5\x85\x8B\xE7\xA4\xBC",
    "\xE8\x8C\x82\xE4\xB8\x9C",
    "\xE5\xBC\xBC\xE6\x97\xB6",
    "\xE7\x94\xB1",
};

static const char* const t106[] = {
    "\xE9\xA2\x9D",
};

static const char* const t107[] = {
    "\xE4\xBD\x9B",
    "\xE7\x85\xA7",
    "\xE6\x95\x88",
    "\xE5\x88\xB6",
    "\xE7\x9C\x9F",
};

static const char* const t108[] = {
    "\xE4\xB8\x9A",
    "\xE5\x9B\xBE",
    "\xE4\xB8\x9A\xE5\xAE\xB6",
    "\xE7\x9B\xBC",
};

static const char* const t109[] = {
    "\xE6\x9C\x97",
    "\xE6\x8B\x89\xE5\x85\x8B",
    "\xE6\x96\xAF\xE5\x85\xB0\xE6\x95\x99",
    "\xE6\x96\xAF\xE5\x85\xB0",
    "\xE5\xB0\x94",
    "\xE7\x8A\x81",
    "\xE5\x88\xA9",
    "\xE4\xB8\x87",
    "\xE8\x97\xA4\xE5\x8D\x9A\xE6\x96\x87",
};

static const char* const t110[] = {
    "\xE5\xAD\x90\xE8\x83\xA5",
    "\xE5\xA2\x9E\xE8\x8D\xA3",
    "\xE5\xAE\xB6\xE5\xB2\x97\xE5\x8C\xBA",
    "\xE5\xBB\xB7\xE8\x8A\xB3",
};

static const char* const t111[] = {
    "\xE6\x98\x8E\xE9\x9C\x9E",
    "\xE5\x85\xB5",
    "\xE5\xB0\x94\xE5\x8A\xA0\xE6\xB2\xB3",
};

static const char* const t112[] = {
    "\xE6\x81\xAF",
    "\xE9\x97\xB2",
    "\xE5\x85\x8B",
    "\xE5\x85\xBB",
    "\xE5\x81\x87",
};

static const char* const t113[] = {
    "\xE4\xBA\xBA",
    "\xE5\xA4\x9A",
    "\xE5\xB0\x86",
    "\xE8\xAE\xAE\xE9\x99\xA2",
    "\xE6\x98\x9F\xE6\x8D\xA7\xE6\x9C\x88",
    "\xE6\x89\x80\xE5\x91\xA8\xE7\x9F\xA5",
};

static const char* const t114[] = {
    "\xE5\x8A\xBF",
    "\xE7\xA7\x80",
    "\xE8\x89\xAF",
    "\xE8\xB4\xA8",
    "\xE7\x82\xB9",
    "\xE5\x85\x88",
    "\xE6\x83\xA0",
    "\xE7\xBE\x8E",
    "\xE8\xB6\x8A",
    "\xE5\x8C\x96",
    "\xE5\xBC\x82",
    "\xE4\xBA\x8E",
    "\xE9\x9B\x85",
    "\xE5\x8A\xA3",
    "\xE8\x83\x9C",
    "\xE5\xAD\x9F",
    "\xE8\xB6\x8A\xE6\x80\xA7",
    "\xE5\xBE\x85",
};

static const char* const t115[] = {
    "\xE4\xBC\xB4",
    "\xE8\xAE\xA1",
};

static const char* const t116[] = {
    "\xE8\xAE\xAE",
    "\xE4\xB8\x8A",
    "\xE8\xA7\x81",
    "\xE8\xB0\x88",
    "\xE9\x95\xBF",
    "\xE8\xAE\xA1",
    "\xE5\x91\x98",
    "\xE5\x90\x8C",
    "\xE5\x9C\xBA",
    "\xE5\x90\x8E",
    "\xE6\x99\xA4",
    "\xE8\xAE\xAE\xE5\xAE\xA4",
    "\xE8\xAE\xA1\xE5\xB8\x88",
    "\xE5\x90\x88",
    "\xE6\x88\x98",
    "\xE8\xAF\x95",
    "\xE9\xA4\x90",
    "\xE5\x84\xBF",
    "\xE5\xB8\x88",
    "\xE5\x9D\x80",
    "\xE6\x84\x8F",
    "\xE5\xAE\xA1",
    "\xE9\x9D\xA2",
    "\xE9\xA6\x86",
};

static const char* const t117[] = {
    "\xE5\x85\xB5",
};

static const char* const t118[] = {
    "\xE5\xA4\xA7",
};

static const char* const t119[] = {
    "\xE7\xBB\x9F",
    "\xE6\x92\xAD",
    "\xE8\xAF\xB4",
    "\xE6\x9D\xA5",
    "\xE9\x80\x92",
    "\xE5\x85\xA5",
    "\xE5\xAA\x92",
    "\xE5\x87\xBA",
    "\xE5\xA5\x87",
    "\xE5\x88\xB0",
    "\xE6\x8E\x88",
    "\xE8\xBE\x93",
    "\xE8\xBE\xBE",
    "\xE9\x80\x81",
    "\xE4\xB8\x96",
    "\xE6\x9F\x93\xE7\x97\x85",
    "\xE4\xBB\xA4",
    "\xE9\x97\xBB",
    "\xE7\xBB\x99",
    "\xE6\x84\x9F\xE5\x99\xA8",
    "\xE5\x8A\xA8",
    "\xE7\x9C\x9F",
    "\xE9\x94\x80",
    "\xE8\xAE\xB0",
    "\xE5\x91\xBC",
    "\xE8\xA8\x80",
    "\xE7\x90\x83",
    "\xE6\x95\x99\xE5\xA3\xAB",
    "\xE6\x95\x99",
    "\xE5\xAF\xBC",
    "\xE6\x9F\x93",
    "\xE4\xBA\xBA",
    "\xE6\x89\xBF",
    "\xE9\x81\x8D",
};

static const char* const t120[] = {
    "\xE5\xAE\xB3",
    "\xE5\x8F\xA3",
    "\xE5\xBF\x83",
    "\xE4\xBA\xA1",
    "\xE5\x8A\xBF",
    "\xE4\xBA\xBA",
    "\xE5\x91\x98",
    "\xE6\x84\x9F",
    "\xE7\x97\x95",
    "\xE7\x97\x9B",
    "\xE5\xAF\x92",
};

static const char* const t121[] = {
    "\xE6\x95\xA6",
    "\xE7\x90\x86",
    "\xE6\xAF\x94",
    "\xE7\x90\x86\xE5\xAD\xA6",
};

static const char* const t122[] = {
    "\xE8\xA3\x85",
    "\xE5\x86\x9B",
    "\xE9\x80\xA0",
};

static const char* const t123[] = {
    "\xE4\xBC\xAF",
    "\xE7\x88\xB5",
    "\xE7\x88\xB6",
    "\xE6\xAF\x8D",
};

static const char* const t124[] = {
    "\xE8\xAE\xA1",
    "\xE4\xBB\xB7",
    "\xE7\xAE\x97",
};

static const char* const t125[] = {
    "\xE9\x9A\x8F",
    "\xE7\x94\x9F",
    "\xE6\x9C\x89",
    "\xE5\xA5\x8F",
    "\xE4\xBE\xA3",
};

static const char* const t126[] = {
    "\xE6\x89\x8B",
    "\xE5\x87\xBA",
    "\xE5\xB1\x95",
    "\xE7\xBC\xA9",
    "\xE9\x95\xBF",
};

static const char* const t127[] = {
    "\xE5\x80\x99",
};

static const char* const t128[] = {
    "\xE4\xB9\x8E",
    "\xE7\x9A\x84",
    "\xE5\x9C\xB0",
};

static const char* const t129[] = {
    "\xE5\x88\xA9\xE7\x95\xA5",
};

static const char* const t130[] = {
    "\xE6\x98\xAF",
    "\xE6\x84\xBF",
    "\xE5\x87\xA1",
};

static const char* const t131[] = {
    "\xE4\xBA\x8E",
    "\xE7\xBD\xAE",
    "\xE5\xB1\x85",
    "\xE5\xAD\x90",
    "\xE7\xA7\xBB",
};

static const char* const t132[] = {
    "\xE5\xA3\xB0",
    "\xE4\xBA\x8E",
    "\xE5\xA4\xB4",
    "\xE4\xB8\x8B",
    "\xE6\xB8\xA9",
    "\xE7\xBA\xA7",
    "\xE4\xBB\xB7",
    "\xE6\xB2\x89",
    "\xE7\xA9\xBA",
    "\xE5\xBB\x89",
    "\xE4\xBC\xB0",
    "\xE6\xBD\xAE",
    "\xE8\xB0\x83",
    "\xE8\x90\xBD",
    "\xE5\xBE\xAE",
    "\xE5\x8E\x8B",
    "\xE6\xB4\xBC",
};

static const char* const t133[] = {
    "\xE6\x88\xBF",
    "\xE5\xAE\x85",
    "\xE9\x99\xA2",
    "\xE5\xAE\xBF",
    "\xE5\xA4\x84",
    "\xE6\x89\x80",
};

static const char* const t134[] = {
    "\xE7\xB3\xBB",
    "\xE8\x82\xB2",
    "\xE5\x88\xB6",
    "\xE7\x8E\xB0",
    "\xE5\x86\x85",
    "\xE9\xAA\x8C",
    "\xE7\xA7\xAF",
    "\xE9\x87\x8D",
    "\xE4\xBC\x9A",
    "\xE5\x8A\x9B",
    "\xE8\xB4\xA8",
    "\xE8\x82\xB2\xE5\x9C\xBA",
    "\xE6\x93\x8D",
    "\xE6\xA0\xBC",
    "\xE9\x95\xBF",
    "\xE6\xA3\x80",
    "\xE8\xA1\xA8",
    "\xE5\x9E\x8B",
    "\xE8\xA3\x81",
    "\xE6\xB8\xA9",
    "\xE9\x9D\xA2",
    "\xE8\xB4\xB4",
    "\xE5\xA4\x96",
    "\xE5\xBD\xA2",
    "\xE5\xBC\xB1",
    "\xE8\x83\xBD",
    "\xE8\x99\x9A",
    "\xE8\x82\xB2\xE9\xA6\x86",
    "\xE6\xB6\xB2",
    "\xE8\x82\xB2\xE8\xBF\x90\xE5\x8A\xA8",
};

static const char* const t135[] = {
    "\xE5\x86\xB5",
    "\xE5\xBF\x85",
    "\xE5\xA4\x84",
    "\xE4\xBB\xA5",
    "\xE7\xAD\x89",
    "\xE6\x97\xB6",
    "\xE4\xB8\x8D",
    "\xE5\x9C\xA8",
    "\xE6\x95\x85",
    "\xE4\xBA\xBA",
    "\xE4\xBA\x8B",
    "\xE5\xBA\x94\xE9\x92\xA6",
    "\xE7\xA7\x8D",
    "\xE5\xB0\x9D",
    "\xE7\x94\xA8",
    "\xE5\xBF\x83\xE9\x9A\x90",
    "\xE8\x8B\xA6",
    "\xE9\xB2\x81\xE4\xB8\xBD",
    "\xE6\x96\xB9",
    "\xE6\xA4\xBF\xE9\x9C\x96",
    "\xE6\x99\x94\xE6\x99\x96",
    "\xE6\x99\x9F\xE9\x93\xAD",
    "\xE5\xA6\x82",
    "\xE8\x80\x85",
    "\xE5\xA4\xAA\xE5\x86\xB2",
};

static const char* const t136[] = {
    "\xE7\xA7\x8D",
    "\xE5\x9C\xB0",
    "\xE5\xAE\xB6",
    "\xE4\xB8\x8B",
    "\xE4\xB8\x87",
    "\xE9\xA2\x9D",
    "\xE5\xB9\xB4",
    "\xE8\x84\x89",
    "\xE5\xA4\x84",
    "\xE4\xB8\x87\xE5\x85\x83",
    "\xE5\x8F\x94\xE5\xB2\xA9",
    "\xE5\xB9\xB3\xE6\x96\xB9\xE7\xB1\xB3",
    "\xE4\xBA\xA9",
    "\xE7\xB1\xB3",
    "\xE5\xB0\x91\xE7\xBE\xA4",
    "\xE9\x83\xA8",
};

static const char* const t137[] = {
    "\xE6\x95\x99",
    "\xE5\x83\x8F",
    "\xE5\xA1\x94",
    "\xE7\xBD\x97\xE4\xBC\xA6\xE8\x90\xA8",
    "\xE7\xBB\x8F",
    "\xE5\xB1\xB1",
    "\xE6\x95\x99\xE5\x8D\x8F\xE4\xBC\x9A",
    "\xE6\xB3\x95",
    "\xE7\xA5\x96",
    "\xE9\x97\xA8",
};

static const char* const t138[] = {
    "\xE4\xB8\xBA",
    "\xE7\x94\xA8",
    "\xE6\x88\x98",
    "\xE5\x93\x81",
    "\xE5\x87\xBA",
    "\xE8\x80\x85",
    "\xE5\xAE\xB6",
    "\xE4\xB8\x9A",
    "\xE9\xA3\x8E",
    "\xE7\x89\xA9",
    "\xE6\x96\x87",
    "\xE6\x9B\xB2\xE5\xAE\xB6",
    "\xE5\x9D\x8A",
    "\xE5\x93\x8D",
    "\xE6\xB3\x95",
    "\xE6\x9B\xB2",
    "\xE5\xAF\xB9",
    "\xE5\xA5\xBD",
    "\xE8\xAF\x81",
    "\xE5\xBC\x8A",
};

static const char* const t139[] = {
    "\xE4\xBB\xAC",
    "\xE5\xA5\xBD",
    "\xE5\xAE\xB6",
    "\xE8\x80\x81",
    "\xE6\xAD\xBB\xE6\x88\x91\xE6\xB4\xBB",
};

static const char* const t140[] = {
    "\xE5\xB7\xA5",
};

static const char* const t141[] = {
    "\xE6\x9C\x8D",
    "\xE6\x88\xB4",
};

static const char* const t142[] = {
    "\xE8\x82\xB4",
};

static const char* const t143[] = {
    "\xE7\x94\xA8",
    "\xE5\xBE\x97",
    "\xE5\x91\xBD",
    "\xE8\x80\x85",
    "\xE5\x8A\xB2",
    "\xE9\xA6\x86",
    "\xE5\x87\xBA",
    "\xE8\x8A\x82",
    "\xE8\x87\xA3",
    "\xE7\x94\xA8\xE8\x80\x85",
    "\xE9\xA6\x86\xE5\x8C\xBA",
    "\xE5\x94\xA4",
    "\xE7\x94\xA8\xE6\x9D\x83",
};

static const char* const t144[] = {
    "\xE5\x84\xBF",
    "\xE5\xA5\xB3",
};

static const char* const t145[] = {
    "\xE5\xA6\x82",
    "\xE5\xAD\x90",
    "\xE5\xA4\x96",
    "\xE8\xA1\x8C",
};

static const char* const t146[] = {
    "\xE5\x8D\xAB",
    "\xE9\x83\x8E",
    "\xE5\x80\x99",
    "\xE5\xA5\xB3",
    "\xE4\xBB\x8E",
};

static const char* const t147[] = {
    "\xE6\x97\x8F",
};

static const char* const t148[] = {
    "\xE5\xBA\x94",
    "\xE5\xA5\x89",
    "\xE7\xBB\x99",
    "\xE5\x85\xBB",
    "\xE6\xB1\x82",
    "\xE7\x94\xB5",
    "\xE5\xBA\x94\xE5\x95\x86",
    "\xE6\xB0\xB4",
    "\xE8\x81\x8C",
};

static const char* const t149[] = {
    "\xE6\x8D\xAE",
    "\xE7\x84\xB6",
    "\xE7\x85\xA7",
    "\xE9\x9D\xA0",
    "\xE6\xB3\x95",
    "\xE6\xAC\xA1",
    "\xE8\xB5\x96",
    "\xE6\x97\xA7",
    "\xE6\x89\x98",
    "\xE9\x99\x84",
    "\xE7\xA8\x80",
    "\xE5\xB1\xB1\xE5\x82\x8D\xE6\xB0\xB4",
    "\xE6\x81\x8B",
};

static const char* const t150[] = {
    "\xE4\xB9\x89",
    "\xE5\xAE\xA2",
};

static const char* const t151[] = {
    "\xE5\xB9\xB8",
};

static const char* const t152[] = {
    "\xE5\xAF\x9F",
    "\xE5\xAF\x9F\xE6\x9C\xBA",
    "\xE6\x9F\xA5",
};

static const char* const t153[] = {
    "\xE9\x9D\xA2",
    "\xE8\xBA\xAB",
    "\xE9\x87\x8D",
    "\xE8\x80\xB3",
};

static const char* const t154[] = {
    "\xE7\x9C\xB7",
};

static const char* const t155[] = {
    "\xE8\xBE\xB1",
};

static const char* const t156[] = {
    "\xE6\x96\xB9\xE5\x9F\x9F",
    "\xE4\xB9\x89\xE6\x96\x8C",
    "\xE5\xBC\xA0\xE4\xBF\xA1",
    "\xE9\x95\xBF\xE5\xAE\x89",
};

static const char* const t157[] = {
    "\xE7\x95\xA5",
    "\xE7\x95\xA5\xE8\x80\x85",
    "\xE5\x85\xA5",
    "\xE7\x8A\xAF",
    "\xE5\x8D\xA0",
    "\xE8\x9A\x80",
    "\xE7\x95\xA5\xE5\x86\x9B",
    "\xE5\xAE\xB3",
    "\xE8\xA2\xAD",
    "\xE5\x8D\x8E",
    "\xE6\x9D\x83",
};

static const char* const t158[] = {
    "\xE6\x98\xAF",
    "\xE5\xAE\x9C",
    "\xE4\xBA\x8E",
    "\xE5\x88\xA9",
    "\xE6\x8D\xB7",
    "\xE5\xBD\x93",
    "\xE7\xA7\x98",
    "\xE5\xA3\xAB",
    "\xE8\xA1\xA3",
};

static const char* const t159[] = {
    "\xE8\xBF\x9B",
    "\xE4\xBD\xBF",
    "\xE6\x88\x90",
    "\xE9\x94\x80",
};

static const char* const t160[] = {
    "\xE7\xBD\x97\xE6\x96\xAF",
    "\xE5\x9B\xBD",
    "\xE5\x86\x9B",
    "\xE5\x9B\xBD\xE4\xBA\xBA",
    "\xE5\x85\xB1",
};

static const char* const t161[] = {
    "\xE7\xA7\xB0",
    "\xE5\x90\x8D",
    "\xE8\xAF\x9D\xE8\xAF\xB4",
};

static const char* const t162[] = {
    "\xE8\x99\x8F",
    "\xE8\x8E\xB7",
};

static const char* const t163[] = {
    "\xE6\x8A\xA4",
    "\xE6\x8C\x81",
    "\xE8\xAF\x81",
    "\xE9\x9A\x9C",
    "\xE5\xAD\x98",
    "\xE9\x99\xA9",
    "\xE7\x95\x99",
    "\xE5\x8D\xAB",
    "\xE5\x81\xA5",
    "\xE5\x85\xA8",
    "\xE5\xAE\x88",
    "\xE5\xAE\x9A",
    "\xE4\xBD\x8F",
    "\xE5\xAF\x86",
    "\xE5\xA7\x86",
    "\xE7\xAE\xA1",
    "\xE5\x8A\xA0\xE5\x88\xA9\xE4\xBA\x9A",
    "\xE4\xBD\x91",
    "\xE5\xAE\x89",
    "\xE6\x8A\xA4\xE5\x8C\xBA",
    "\xE5\x85\xBB",
    "\xE7\xBD\x97",
    "\xE5\x92\x8C\xE6\xAE\xBF",
    "\xE8\x8D\x90",
    "\xE5\xBA\xB7\xE5\x8E\xBF",
    "\xE5\xBA\xB7",
    "\xE8\xB4\x9E\xE5\xA0\x82",
    "\xE9\x87\x8D",
};

static const char* const t164[] = {
    "\xE4\xBC\xAF\xE7\x89\x99",
    "\xE8\x8E\xB2\xE8\x88\x9F",
    "\xE6\xAD\xA3\xE5\xA3\xB0",
    "\xE5\xB0\x8F\xE5\x87\xA1",
};

static const char* const t165[] = {
    "\xE6\x81\xAF",
    "\xE5\xBF\x83",
    "\xE5\x8F\xB7",
    "\xE4\xBB\xBB",
    "\xE4\xBB\xB0",
    "\xE7\x94\xA8",
    "\xE6\x81\xAF\xE5\x8C\x96",
    "\xE5\xA5\x89",
    "\xE5\xBF\xB5",
    "\xE8\xB4\xB7",
    "\xE4\xBB\xB6",
    "\xE5\xB0\x81",
    "\xE6\x81\xAF\xE6\x8A\x80\xE6\x9C\xAF",
    "\xE8\xB5\x96",
    "\xE6\x81\xAF\xE7\xBD\x91",
    "\xE5\xBE\x92",
    "\xE7\x94\xA8\xE5\x8D\xA1",
    "\xE6\x89\x98",
    "\xE6\x98\xA5\xE9\xB9\xB0",
    "\xE8\xAA\x89",
    "\xE9\x81\x93",
    "\xE6\x81\xAF\xE7\xB3\xBB\xE7\xBB\x9F",
};

static const char* const t166[] = {
    "\xE7\x84\xB6",
};

static const char* const t167[] = {
    "\xE6\x9C\xB4",
};

static const char* const t168[] = {
    "\xE6\x94\xB9",
    "\xE5\xBB\xBA",
    "\xE7\xBC\xAE",
    "\xE8\xA1\x8C",
    "\xE8\xAE\xA2",
    "\xE6\xAD\xA3",
    "\xE7\xAD\x91",
    "\xE7\x82\xBC",
    "\xE5\x85\xBB",
    "\xE5\xA4\x8D",
    "\xE7\x90\x86",
    "\xE8\x91\xBA",
    "\xE8\xA1\xA5",
    "\xE4\xB9\xA0",
    "\xE6\xAD\xA3\xE4\xB8\xBB\xE4\xB9\x89",
    "\xE6\x89\xBF\xE5\xA4\xA9",
    "\xE6\xAD\xA3\xE6\xA1\x88",
};

static const char* const t169[] = {
    "\xE8\xBA\xAB",
    "\xE5\x86\xB2",
};

static const char* const t170[] = {
    "\xE4\xB9\x90\xE9\x83\xA8",
    "\xE5\x85\xA8",
};

static const char* const t171[] = {
    "\xE7\xA6\x84",
};

static const char* const t172[] = {
    "\xE4\xBB\xAC",
};

static const char* const t173[] = {
    "\xE5\x9C\xB0",
};

static const char* const t174[] = {
    "\xE9\x80\x80",
    "\xE9\x9C\x89",
    "\xE4\xB8\x8B",
    "\xE5\x9C\xB0",
    "\xE5\xA1\x8C",
    "\xE8\xBD\xAC",
    "\xE9\x97\xAD",
    "\xE5\xA5\xBD",
    "\xE5\x83\x8F",
    "\xE8\x85\xBE",
};

static const char* const t175[] = {
    "\xE5\xBC\xBA",
};

static const char* const t176[] = {
    "\xE8\x8B\xA5",
    "\xE4\xBD\xBF",
    "\xE6\x88\x96",
};

static const char* const t177[] = {
    "\xE9\x80\x89\xE4\xBA\xBA",
    "\xE8\xA1\xA5\xE5\xA7\x94\xE5\x91\x98",
    "\xE8\xA1\xA5",
};

static const char* const t178[] = {
    "\xE5\x8F\xA3",
    "\xE5\x8A\xA9",
    "\xE9\x89\xB4",
    "\xE6\xAC\xBE",
    "\xE4\xBB\xA5",
    "\xE7\x9D\x80",
    "\xE8\xB4\xB7",
    "\xE7\x94\xA8",
    "\xE6\x9C\xBA",
    "\xE5\x8A\xA9\xE4\xBA\x8E",
    "\xE7\xBB\x99",
    "\xE9\x92\xB1",
};

static const char* const t179[] = {
    "\xE5\xAF\xBC",
    "\xE8\xAE\xAE",
};

static const char* const t180[] = {
    "\xE5\xAE\xB6\xE5\xA1\x94",
    "\xE5\xB2\xB3\xE5\xB3\xB0",
};

static const char* const t181[] = {
    "\xE5\xAF\x87",
};

static const char* const t182[] = {
    "\xE5\x8A\xA1",
    "\xE5\x88\xB8",
    "\xE6\x9D\x83",
    "\xE6\x9D\x83\xE4\xBA\xBA",
};

static const char* const t183[] = {
    "\xE5\xBE\x97",
    "\xE7\x8F\xAD",
    "\xE9\x92\xB1",
};

static const char* const t184[] = {
    "\xE5\x90\x91",
    "\xE6\x96\x9C",
    "\xE5\x90\xAC",
    "\xE5\xBF\x83",
    "\xE8\xA6\x86",
    "\xE8\xAF\x89",
    "\xE5\x80\x92",
};

static const char* const t185[] = {
    "\xE5\xAE\x9A",
    "\xE5\xA6\x82",
    "\xE8\xAE\xBE",
    "\xE8\xA3\x85",
    "\xE4\xBD\xBF",
    "\xE6\x9C\x9F",
    "\xE5\x86\x92",
    "\xE6\x97\xA5",
    "\xE8\x8B\xA5",
    "\xE8\xAF\xB4",
    "\xE8\xAF\x9D",
    "\xE5\xB1\xB1",
};

static const char* const t186[] = {
    "\xE5\xA4\xA7",
};

static const char* const t187[] = {
    "\xE5\x81\x8F",
    "\xE9\x87\x8D",
    "\xE7\xA6\xBB",
    "\xE5\x90\x91",
    "\xE5\xB7\xAE",
    "\xE8\xA7\x81",
    "\xE5\x8D\x97",
    "\xE5\x83\xBB",
    "\xE8\xA6\x81",
    "\xE5\xB0\x86",
};

static const char* const t188[] = {
    "\xE6\xB3\x95",
    "\xE5\x87\xBA",
    "\xE5\x88\xB0",
    "\xE5\xA5\xBD",
    "\xE9\xA5\xAD",
    "\xE6\x88\x90",
    "\xE4\xBA\x8B",
    "\xE4\xBA\xBA",
    "\xE6\xA2\xA6",
    "\xE8\xB5\xB7",
    "\xE7\x94\x9F\xE6\x84\x8F",
    "\xE5\xAE\x98",
    "\xE5\xAE\xA2",
    "\xE5\xB7\xA5",
    "\xE4\xB8\xBA",
};

static const char* const t189[] = {
    "\xE6\xAD\xA2",
    "\xE7\x95\x99",
    "\xE4\xB8\x8B",
    "\xE6\x88\x98",
    "\xE6\xBB\x9E",
    "\xE9\xA1\xBF",
    "\xE6\xAD\xA5",
    "\xE6\xB3\x8A",
    "\xE5\xBD\x93",
    "\xE4\xBA\xA7",
    "\xE6\x94\xBE",
    "\xE8\xBD\xA6",
    "\xE9\x9D\xA0",
    "\xE7\x89\x8C",
};

static const char* const t190[] = {
    "\xE5\xBA\xB7",
    "\xE5\x85\xA8",
    "\xE8\xBA\xAB",
    "\xE5\xA3\xAE",
    "\xE7\xBE\x8E",
};

static const char* const t191[] = {
    "\xE5\xB0\x94",
    "\xE7\x84\xB6",
    "\xE5\x83\x8F",
};

static const char* const t192[] = {
    "\xE5\x81\xB7",
    "\xE8\xA2\xAD",
};

static const char* const t193[] = {
    "\xE8\xBF\x98",
};

static const char* const t194[] = {
    "\xE5\x84\xA1",
};

static const char* const t195[] = {
    "\xE5\xBE\xB7\xE8\xBE\x89",
    "\xE5\xBF\x97\xE5\xAF\xB0",
    "\xE6\x8C\xAF\xE9\x82\xA6",
    "\xE8\x87\xAA\xE5\xBA\x94",
};

static const char* const t196[] = {
    "\xE6\x99\x9A",
};

static const char* const t197[] = {
    "\xE6\x97\x8F",
};

static const char* const t198[] = {
    "\xE9\x87\x8F",
    "\xE5\xA4\x87",
    "\xE5\xAD\x98",
    "\xE8\x93\x84",
    "\xE8\x97\x8F\xE9\x87\x8F",
    "\xE6\xB2\xB9\xE6\x9E\x84\xE9\x80\xA0",
};

static const char* const t199[] = {
    "\xE4\xBF\x83",
    "\xE5\x8C\x96\xE5\x89\x82",
    "\xE5\x8C\x96",
};

static const char* const t200[] = {
    "\xE6\x85\xA2",
};

static const char* const t201[] = {
    "\xE5\xAD\x90",
    "\xE7\x93\x9C",
    "\xE8\x9B\x8B",
};

static const char* const t202[] = {
    "\xE6\x98\xAF",
};

static const char* const t203[] = {
    "\xE4\xBA\xBA",
    "\xE4\xBE\xA3",
    "\xE9\x81\x93",
};

static const char* const t204[] = {
    "\xE5\xB0\xB8",
    "\xE7\xA1\xAC",
    "\xE5\xB1\x80",
    "\xE5\x8C\x96",
    "\xE6\x8C\x81",
};

static const char* const t205[] = {
    "\xE5\xAE\xB6",
    "\xE5\xAD\xA6",
    "\xE7\x94\x9F",
};

static const char* const t206[] = {
    "\xE5\xAD\x90",
    "\xE7\xAB\xA5",
    "\xE5\xA5\xB3",
    "\xE5\xAA\xB3",
    "\xE5\xAA\xB3\xE5\xA6\x87",
};

static const char* const t207[] = {
    "\xE8\x87\xAA",
};

static const char* const t208[] = {
    "\xE8\xAE\xB8",
};

static const char* const t209[] = {
    "\xE5\xB9\xB4",
    "\xE7\xB4\xA0",
    "\xE4\xBB\xA3",
    "\xE5\xA4\xA7\xE9\x83\xBD",
    "\xE6\x9C\x9D",
    "\xE5\xB8\x85",
    "\xE9\xA6\x96",
    "\xE6\x97\xA6",
    "\xE4\xB8\x96\xE7\xA5\x96",
    "\xE8\x80\x81",
    "\xE4\xBB\xB6",
    "\xE6\xB0\x94",
    "\xE5\xAE\x9D",
};

static const char* const t210[] = {
    "\xE5\xBC\x9F",
    "\xE9\x95\xBF",
    "\xE5\xA6\xB9",
};

static const char* const t211[] = {
    "\xE5\x88\x86",
    "\xE6\xBB\xA1",
    "\xE8\xB6\xB3",
    "\xE5\xBD\x93",
    "\xE5\xAE\x9E",
    "\xE6\xB2\x9B",
    "\xE7\x94\xB5",
    "\xE5\x86\x9B",
    "\xE6\x96\xA5",
    "\xE8\xA3\x95",
    "\xE4\xBB\xBB",
};

static const char* const t212[] = {
    "\xE7\x94\x9F",
    "\xE8\xBF\x9B",
    "\xE5\x90\x8E",
    "\xE5\x89\x8D",
    "\xE9\x94\x8B",
    "\xE8\xA1\x8C",
    "\xE6\x98\xAF",
    "\xE4\xBB\xA4",
    "\xE9\xA9\xB1",
    "\xE7\xA7\xA6",
    "\xE5\xA4\xA9",
    "\xE6\x9C\x9F",
    "\xE4\xBE\x8B",
    "\xE5\xB8\x9D",
    "\xE4\xBA\x8E",
    "\xE5\xA4\xA9\xE6\x80\xA7",
    "\xE5\xB8\x88",
    "\xE4\xBA\xBA",
    "\xE7\x83\x88",
};

static const char* const t213[] = {
    "\xE7\xBB\xAA",
    "\xE8\x8D\xA3",
    "\xE5\x8D\x8E",
    "\xE8\x8A\x92",
    "\xE8\xBE\x89",
    "\xE6\x98\x8E",
    "\xE5\xAD\xA6",
    "\xE6\xB3\xBD",
    "\xE7\xBA\xBF",
    "\xE7\x94\xB5",
    "\xE5\xBD\xA9",
    "\xE8\xB0\xB1",
    "\xE8\xB0\xB7",
    "\xE6\xBB\x91",
    "\xE4\xBA\xAE",
    "\xE7\xBA\xA4",
    "\xE7\xBC\x86",
    "\xE5\xB9\xB4",
    "\xE6\x99\xAF",
    "\xE7\x9B\x98",
    "\xE7\x85\xA7",
    "\xE5\xBD\xA9\xE5\xA4\xBA\xE7\x9B\xAE",
    "\xE4\xB8\xB4",
    "\xE6\xBA\x90",
    "\xE5\x90\x88\xE4\xBD\x9C\xE7\x94\xA8",
    "\xE5\xAD\x90",
    "\xE9\x80\x9F",
    "\xE6\x98\xAF",
    "\xE9\xA1\xBE",
    "\xE6\xB3\xA2",
    "\xE7\xBB\xAA\xE5\xB8\x9D",
    "\xE5\xBA\xA6",
    "\xE5\xA4\x8D",
    "\xE6\x9D\x9F",
    "\xE5\xA4\xA7",
};

static const char* const t214[] = {
    "\xE6\x9C\x8D",
    "\xE9\x87\x8C\xE7\x89\xB9",
    "\xE5\x88\xB6",
    "\xE6\x8B\x89",
    "\xE7\xBD\x97\xE5\x9C\xB0\xE4\xBA\x9A",
    "\xE9\x9A\x86",
    "\xE6\x9E\x97\xE9\xA1\xBF",
    "\xE9\x87\x8C",
    "\xE4\xBB\x80\xE7\xB1\xB3\xE5\xB0\x94",
};

static const char* const t215[] = {
    "\xE8\xB4\xB9",
    "\xE7\x96\xAB",
    "\xE5\xBE\x97",
    "\xE9\x99\xA4",
    "\xE4\xB8\x8D\xE4\xBA\x86",
    "\xE4\xBA\x8E",
    "\xE5\x8E\xBB",
    "\xE7\x96\xAB\xE5\x8A\x9B",
};

static const char* const t216[] = {
    "\xE6\x8D\xA2",
    "\xE7\x8E\xB0",
};

static const char* const t217[] = {
    "\xE5\xAD\x90",
};

static const char* const t218[] = {
    "\xE4\xB8\xAD\xE5\xA4\xAE",
    "\xE5\x91\x98",
    "\xE5\xA7\x94",
    "\xE5\x86\x85",
    "\xE7\xBB\x84\xE7\xBB\x87",
    "\xE6\x94\xBF",
    "\xE6\xB4\xBE",
    "\xE7\xBB\x84",
    "\xE5\xA7\x94\xE4\xB9\xA6\xE8\xAE\xB0",
    "\xE9\xA3\x8E",
    "\xE6\x94\xBF\xE5\x86\x9B",
    "\xE6\x94\xAF\xE9\x83\xA8",
    "\xE7\xAB\xA0",
    "\xE4\xBA\xBA",
    "\xE7\xB1\x8D",
};

static const char* const t219[] = {
    "\xE4\xBE\xB5",
    "\xE5\xAD\xA6\xE7\x8E\x87",
    "\xE5\xAD\xA6",
    "\xE5\xA2\x83",
    "\xE5\x8F\xA3",
    "\xE5\xB8\x82",
    "\xE9\x80\x89",
    "\xE6\x89\x8B",
    "\xE6\xB5\xB7",
    "\xE7\x9D\xA1",
    "\xE5\xB7\x9D",
    "\xE5\x85\xB3",
    "\xE5\xBA\x93",
    "\xE9\x97\xA8",
    "\xE4\xB8\xBB",
    "\xE4\xBC\x8D",
    "\xE5\x85\x9A",
    "\xE7\x8B\xB1",
    "\xE5\x9C\x9F",
    "\xE9\x98\x81",
};

static const char* const t220[] = {
    "\xE5\x9B\xBD",
    "\xE7\x9C\x81",
    "\xE9\x83\xA8",
    "\xE9\x9D\xA2",
    "\xE5\xB8\x82",
    "\xE5\x9B\xBD\xE4\xBA\xBA\xE5\xA4\xA7",
    "\xE4\xBD\x93",
    "\xE7\x90\x83",
    "\xE8\xBA\xAB",
    "\xE5\xB9\xB4",
    "\xE4\xB8\x96\xE7\x95\x8C",
    "\xE9\x83\xBD",
    "\xE9\x95\xBF",
    "\xE5\x85\x9A",
    "\xE5\x9B\xBD\xE6\x94\xBF\xE5\x8D\x8F",
    "\xE5\xA2\x83",
    "\xE5\x86\x9B",
    "\xE6\xB0\x91",
    "\xE5\x8A\x9B",
    "\xE4\xBC\x9A",
    "\xE4\xB9\xA6",
    "\xE6\x96\xB0",
    "\xE7\x84\xB6",
    "\xE5\x8E\xBF",
    "\xE5\xAE\xB6",
    "\xE5\x9B\xBD\xE6\x80\xA7",
    "\xE7\x90\x83\xE5\x8C\x96",
    "\xE5\xB1\x80",
    "\xE5\x9C\xBA",
    "\xE7\xA7\xB0",
    "\xE6\x96\x87",
    "\xE6\x9D\x83\xE4\xBB\xA3\xE8\xA1\xA8",
    "\xE5\x9F\x8E",
    "\xE7\xBA\xBF",
    "\xE6\x96\xB9\xE4\xBD\x8D",
    "\xE5\x8C\xBA",
    "\xE6\x9D\x83",
    "\xE9\x82\xA6",
    "\xE5\xBF\x83\xE5\x85\xA8\xE6\x84\x8F",
    "\xE5\xB7\x9E",
    "\xE7\xA8\x8B",
    "\xE9\x9B\x86",
    "\xE7\x90\x83\xE6\x80\xA7",
    "\xE9\x98\x9F",
    "\xE5\xA4\xA9",
    "\xE5\x86\x9B\xE8\xA6\x86\xE6\xB2\xA1",
    "\xE7\x9B\x98",
    "\xE5\xAE\xB6\xE7\xA6\x8F",
    "\xE6\x9D\x91",
    "\xE7\xA5\x9E\xE8\xB4\xAF\xE6\xB3\xA8",
    "\xE5\xB2\x9B",
    "\xE8\xBF\x87\xE7\xA8\x8B",
    "\xE6\x99\xAF",
    "\xE5\xA4\xA9\xE5\x80\x99",
    "\xE7\x90\x83\xE9\x80\x9A",
    "\xE5\x89\xAF\xE6\xAD\xA6\xE8\xA3\x85",
    "\xE6\xAD\xBC",
    "\xE7\x9C\x9F",
    "\xE6\xA0\xA1",
    "\xE8\x83\xBD",
};

static const char* const t221[] = {
    "\xE5\xB9\xB4",
    "\xE6\x88\x92",
    "\xE5\x9B\xBD\xE8\x81\x94\xE5\x86\x9B",
    "\xE6\x9C\x88",
    "\xE4\xB8\xAA",
    "\xE8\xB7\xAF\xE5\x86\x9B",
    "\xE8\xA7\x92",
    "\xE5\x8D\xA6",
    "\xE4\xB8\x80",
    "\xE6\x97\x97",
    "\xE5\xA4\xA7",
    "\xE5\xB1\x8A",
    "\xE4\xBA\x94",
    "\xE4\xB8\x83",
    "\xE4\xB8\xAD",
    "\xE5\xAE\x9D",
    "\xE5\x8D\x81\xE5\xB9\xB4\xE4\xBB\xA3",
    "\xE5\xAD\x97",
    "\xE6\x88\x90",
    "\xE4\xB8\x87\xE6\x96\xA4",
    "\xE5\x90\x8D",
};

static const char* const t222[] = {
    "\xE5\x8F\xB8",
    "\xE9\x87\x8C",
    "\xE6\xB0\x91",
    "\xE8\xB7\xAF",
    "\xE5\x85\x83",
    "\xE5\xB8\x83",
    "\xE5\x85\x83\xE5\x89\x8D",
    "\xE5\xBC\x80",
    "\xE5\x9B\xAD",
    "\xE5\x85\xB1",
    "\xE6\x96\xA4",
    "\xE4\xB8\xBB",
    "\xE4\xBC\x97",
    "\xE5\xAE\x89",
    "\xE5\x91\x8A",
    "\xE5\xAD\x90",
    "\xE7\xA4\xBE",
    "\xE5\xB9\xB3",
    "\xE5\x8A\xA1\xE5\x91\x98",
    "\xE6\xAD\xA3",
    "\xE5\xBC\x8F",
    "\xE8\xAE\xA4",
    "\xE4\xBD\xBF",
    "\xE5\x85\xAC",
    "\xE7\xBA\xA6",
    "\xE6\x8A\xA5",
    "\xE5\x8A\xA1",
    "\xE8\x81\x8C",
    "\xE9\xA1\xB7",
    "\xE7\x94\x9F\xE6\xA1\xA5",
    "\xE5\xAF\x93",
    "\xE9\x81\x93",
    "\xE5\xAE\x89\xE5\xB1\x80",
    "\xE7\x84\xB6",
    "\xE7\xA7\xAF\xE9\x87\x91",
    "\xE6\x9C\x89",
    "\xE5\xAE\x89\xE5\x8E\xBF",
    "\xE7\xA7\x81",
    "\xE6\x96\x87",
    "\xE6\x9C\x89\xE5\x88\xB6",
    "\xE6\xAC\xBE",
    "\xE7\x90\x86",
    "\xE5\x85\xB3",
    "\xE7\x9B\x8A",
    "\xE8\xB7\xAF\xE7\xBD\x91",
    "\xE8\xB7\xAF\xE6\xA1\xA5",
    "\xE7\x88\xB5",
    "\xE4\xBA\x8B",
    "\xE5\xAE\x89\xE9\x83\xA8",
    "\xE5\xAD\x99\xE6\xAD\xA2",
    "\xE5\xAD\x99",
    "\xE4\xBA\xA4",
    "\xE4\xBA\xBA",
    "\xE6\xA1\x88",
    "\xE5\xAE\x89\xE9\x83\xA8\xE9\x98\x9F",
    "\xE5\x8A\x9E",
    "\xE4\xBC\x97\xE7\xBD\x91",
    "\xE5\x87\xB8",
    "\xE7\xAB\x8B",
    "\xE5\xBC\x80\xE8\xB5\x9B",
    "\xE5\xB7\xAE",
    "\xE4\xBC\x97\xE8\x82\xA1",
    "\xE5\x8F\xB8\xE6\xB3\x95",
    "\xE5\xAD\x99\xE8\x83\x9C",
    "\xE5\xAE\xB6",
    "\xE7\x94\xA8",
    "\xE8\xAF\x81",
    "\xE5\x9B\xBD",
    "\xE5\xAD\x99\xE8\xB0\xB7\xE4\xB8\xBB",
    "\xE9\xB8\xA1",
    "\xE9\xA6\x86",
    "\xE5\xAE\x89\xE9\x83\xA8\xE9\x97\xA8",
    "\xE7\x89\x9B",
};

static const char* const t223[] = {
    "\xE5\xB9\xB4",
    "\xE4\xB8\xAA",
    "\xE9\x83\xA8",
    "\xE6\x9C\x88",
    "\xE5\xA4\xA7",
    "\xE5\x8D\x81",
    "\xE8\xA7\x92",
    "\xE5\x90\x88",
    "\xE5\xB1\x8A",
    "\xE8\xB7\xAF",
    "\xE6\x9C\x9F",
    "\xE4\xB8\xAD",
    "\xE4\xBD\x8D",
    "\xE4\xB8\xAD\xE5\x85\xA8\xE4\xBC\x9A",
    "\xE7\xBA\xA7",
    "\xE6\x9C\x9D",
};

static const char* const t224[] = {
    "\xE5\xB7\x9E",
    "\xE8\x8A\xB1",
    "\xE4\xB8\x96\xE7\xAB\x8B",
    "\xE6\xB9\x96",
};

static const char* const t225[] = {
    "\xE5\x90\x8C",
    "\xE4\xBA\xA7\xE5\x85\x9A",
    "\xE5\x92\x8C\xE5\x9B\xBD",
    "\xE5\x92\x8C",
    "\xE4\xBA\xA7\xE5\x9B\xBD\xE9\x99\x85",
    "\xE4\xBA\xA7\xE4\xB8\xBB\xE4\xB9\x89",
    "\xE4\xBA\xA7\xE5\x85\x9A\xE5\x91\x98",
    "\xE4\xBA\xA7\xE5\x85\x9A\xE4\xBA\xBA",
    "\xE6\x9C\x89",
    "\xE4\xBA\xAB",
    "\xE8\xAF\x86",
    "\xE8\xAE\xA1",
    "\xE7\x94\x9F",
    "\xE7\x94\xA8",
    "\xE5\x90\x8C\xE4\xBD\x93",
    "\xE5\x90\x8C\xE7\xBA\xB2\xE9\xA2\x86",
    "\xE5\xBB\xBA",
    "\xE5\xAD\x98",
    "\xE9\xB8\xA3",
    "\xE5\x92\x8C\xE5\x85\x9A",
};

static const char* const t226[] = {
    "\xE7\xB3\xBB",
    "\xE4\xBA\x8E",
    "\xE9\x94\xAE",
    "\xE6\xB3\xA8",
    "\xE5\xBF\x83",
    "\xE9\x97\xAD",
    "\xE8\x8A\x82",
    "\xE8\x81\x94",
    "\xE6\x80\x80",
    "\xE7\xB3\xBB\xE4\xBA\xBA",
    "\xE5\x85\xAC",
    "\xE4\xB8\xAD",
    "\xE5\xA4\xB4",
    "\xE5\xB1\xB1",
    "\xE7\xA8\x8E",
    "\xE4\xB8\x8A",
    "\xE5\x88\x87",
    "\xE9\x97\xA8",
    "\xE5\x8F\xA3",
    "\xE4\xB8\x9C",
    "\xE6\x8A\xBC",
    "\xE7\x85\xA7",
    "\xE5\xA4\x96",
    "\xE5\x86\x85",
    "\xE5\xB9\xBF\xE5\xAF\x8C",
    "\xE8\xB7\xAF\xE5\x9C\xBB",
    "\xE7\x88\xB1",
    "\xE5\xB2\x9B",
    "\xE7\xBE\xBD",
    "\xE4\xB8\x9C\xE5\x86\x9B",
};

static const char* const t227[] = {
    "\xE8\xB6\xA3",
    "\xE5\xA5\x8B",
    "\xE5\xBB\xBA",
    "\xE8\xB5\xB7",
    "\xE5\x9B\xBD",
    "\xE8\xA1\xB0",
    "\xE8\x87\xB4",
    "\xE7\x9B\x9B",
    "\xE5\x8A\x9E",
    "\xE6\x97\xBA",
    "\xE5\xB1\xB1",
    "\xE9\xAB\x98\xE9\x87\x87\xE7\x83\x88",
    "\xE5\xB1\xB1\xE5\x8E\xBF",
    "\xE9\x9A\x86",
    "\xE8\x87\xB4\xE5\x8B\x83\xE5\x8B\x83",
    "\xE4\xBF\xAE",
};

static const char* const t228[] = {
    "\xE5\x8A\x9B",
    "\xE5\x88\x83",
    "\xE5\x9B\xA2",
    "\xE5\x99\xA8",
    "\xE9\x83\xA8",
    "\xE9\xA9\xAC",
    "\xE6\xB3\x95",
    "\xE5\xA3\xAB",
    "\xE6\x9D\x83",
    "\xE7\x81\xAB",
    "\xE4\xB8\x81",
    "\xE4\xB9\xA6",
    "\xE5\x88\xB6",
};

static const char* const t229[] = {
    "\xE4\xB8\xAD",
    "\xE4\xBB\x96",
    "\xE5\xAE\x9E",
    "\xE5\xAE\x83",
    "\xE4\xBD\x99",
    "\xE6\xAC\xA1",
    "\xE9\x97\xB4",
    "\xE4\xB8\x80",
    "\xE5\x90\x8E",
    "\xE6\x97\xB6",
    "\xE4\xBB\x96\xE4\xBA\xBA",
    "\xE7\x88\xB6",
    "\xE4\xBA\x8C",
    "\xE5\x86\x85",
    "\xE5\xAD\x90",
};

static const char* const t230[] = {
    "\xE6\x9C\x89",
    "\xE4\xBD\x93",
    "\xE5\xA4\x87",
};

static const char* const t231[] = {
    "\xE5\x9E\x8B",
    "\xE7\xA4\xBC",
    "\xE9\x9B\x85",
    "\xE7\xAB\xA0",
    "\xE8\x8C\x83",
    "\xE7\xB1\x8D",
};

static const char* const t232[] = {
    "\xE6\xAE\x96",
    "\xE6\x88\x90",
    "\xE8\x80\x81",
    "\xE7\x8C\xAA",
    "\xE6\xB4\xBB",
    "\xE7\x89\x9B",
    "\xE9\xB8\xA1\xE5\x9C\xBA",
    "\xE5\x88\x86",
    "\xE7\x94\x9F",
};

static const char* const t233[] = {
    "\xE5\xA4\x87",
    "\xE4\xBB\xBB",
    "\xE5\xB9\xB6",
    "\xE6\x9C\x89",
    "\xE9\xA1\xBE",
    "\xE8\x81\x8C",
    "\xE5\xAE\xB9",
    "\xE7\x94\xA8",
};

static const char* const t234[] = {
    "\xE5\xAE\xB9",
    "\xE9\x83\xA8",
    "\xE9\x98\x81",
    "\xE5\x9C\xB0",
    "\xE5\xBF\x83",
    "\xE5\xA4\x96",
    "\xE6\x88\x98",
    "\xE5\x8A\x9B",
    "\xE8\x92\x99\xE5\x8F\xA4",
    "\xE6\xB2\xB3",
    "\xE5\x8A\x9F",
    "\xE9\x99\x86",
    "\xE6\xB6\xB5",
    "\xE5\xAD\x98",
    "\xE8\xAE\xA7",
    "\xE5\x9F\x8E",
    "\xE5\x9C\xA8",
    "\xE6\x94\xBF",
    "\xE5\x88\x86\xE6\xB3\x8C",
    "\xE8\x84\x8F",
    "\xE4\xB9\xB1",
    "\xE8\xAE\xBE",
    "\xE4\xBE\xA7",
    "\xE5\x8A\xA1",
    "\xE4\xBE\x8D",
    "\xE8\x86\x9C",
    "\xE5\x8F\x82",
    "\xE9\x87\x8C",
    "\xE7\xA7\x91",
};

static const char* const t235[] = {
    "\xE5\x86\x89",
};

static const char* const t236[] = {
    "\xE7\xAB\x8B",
    "\xE5\xB0\x81",
};

static const char* const t237[] = {
    "\xE6\xAC\xA1",
    "\xE4\xB9\x9F",
    "\xE8\xAF\xB4",
    "\xE5\xBA\xA6",
    "\xE6\x9C\x89",
    "\xE7\x94\x9F",
    "\xE4\xB8\x89",
    "\xE7\x94\x9F\xE4\xBA\xA7",
    "\xE7\x8E\xB0",
    "\xE8\xA1\x8C",
    "\xE8\xA7\x81",
    "\xE5\x88\x9B",
};

static const char* const t238[] = {
    "\xE9\x99\xA9",
    "\xE7\x8A\xAF",
    "\xE5\x85\x85",
    "\xE7\x83\x9F",
    "\xE9\x99\xA9\xE4\xB8\xBB\xE4\xB9\x89",
};

static const char* const t239[] = {
    "\xE4\xBD\x9C",
    "\xE4\xB8\x8B",
    "\xE9\x81\x93",
    "\xE6\x88\x90",
    "\xE5\x87\xBA",
    "\xE4\xBF\xA1",
    "\xE7\xBB\x99",
};

static const char* const t240[] = {
    "\xE4\xBA\x8B",
    "\xE9\x98\x9F",
    "\xE8\xAD\xA6",
    "\xE4\xBA\xBA",
    "\xE9\x98\x80",
    "\xE5\xAE\x98",
    "\xE6\xB0\x91",
    "\xE5\x8C\xBA",
    "\xE9\xA9\xAC",
    "\xE6\x96\xB9",
    "\xE8\x88\xB0",
    "\xE4\xB8\xAD",
    "\xE5\xB8\x88",
    "\xE5\xA3\xAB",
    "\xE7\x94\xA8",
    "\xE9\x95\xBF",
    "\xE6\x94\xBF",
    "\xE8\xB4\xB9",
    "\xE5\x9B\xA2",
    "\xE8\x90\xA5",
    "\xE4\xBA\x8B\xE6\xB3\x95\xE9\x99\xA2",
    "\xE6\x94\xBF\xE5\xBA\x9C",
    "\xE6\x83\x85",
    "\xE5\x8A\xA1",
    "\xE6\xA2\xB0",
    "\xE6\x9C\xBA",
    "\xE7\x81\xAB",
    "\xE6\xA0\xA1",
    "\xE5\xA4\x87",
    "\xE5\xA7\x94",
    "\xE7\xA7\x8D",
    "\xE5\xBF\x83",
    "\xE7\xBA\xAA",
    "\xE5\xAE\xB9",
    "\xE8\xA1\x94",
    "\xE5\xA7\x94\xE4\xBC\x9A",
    "\xE8\xAE\xAD",
    "\xE8\xA3\x85",
    "\xE5\x8A\x9B",
    "\xE5\xB7\xA5",
    "\xE9\x9C\x80",
    "\xE4\xBB\xA4",
    "\xE4\xBA\x8B\xE5\xAE\xB6",
    "\xE9\x83\xA8",
    "\xE5\x94\xAE",
    "\xE9\xA5\xB7",
    "\xE6\xB8\xAF",
};

static const char* const t241[] = {
    "\xE4\xB8\x9A",
    "\xE6\xB0\x91",
    "\xE6\x9D\x91",
    "\xE4\xBA\xA7\xE5\x93\x81",
    "\xE4\xBD\x9C\xE7\x89\xA9",
    "\xE4\xB8\x9A\xE9\x83\xA8",
    "\xE5\x8E\x86",
    "\xE5\x9C\xBA",
    "\xE7\x94\xB0",
    "\xE5\xA5\xB4",
    "\xE5\xAE\xB6",
    "\xE8\x8D\xAF",
    "\xE6\x88\xB7",
    "\xE7\x94\xA8",
    "\xE4\xB8\x9A\xE5\x8C\xBA",
    "\xE8\xA1\x8C",
    "\xE7\x94\xB0\xE6\xB0\xB4\xE5\x88\xA9",
    "\xE7\x89\xA7\xE4\xB8\x9A",
    "\xE5\xA4\xAB",
    "\xE6\xB0\x91\xE8\xB5\xB7\xE4\xB9\x89",
    "\xE5\xAE\xB6\xE4\xB9\x90",
    "\xE5\x9C\xBA\xE4\xB8\xBB",
    "\xE6\xB0\x91\xE5\xB7\xA5",
    "\xE5\x85\xB7",
    "\xE5\x89\xAF\xE4\xBA\xA7\xE5\x93\x81",
    "\xE7\x89\xA7",
    "\xE8\x80\x95",
};

static const char* const t242[] = {
    "\xE5\x86\x9B",
    "\xE4\xBB\xA5",
    "\xE5\xBF\x83\xE7\x97\x85",
};

static const char* const t243[] = {
    "\xE6\x9E\x89",
};

static const char* const t244[] = {
    "\xE5\xAD\xA3",
    "\xE5\xA4\xA9",
    "\xE7\x93\x9C",
    "\xE8\x87\xB3",
};

static const char* const t245[] = {
    "\xE7\x8E\x89\xE7\xA5\xA5",
    "\xE5\x85\xAC\xE5\x85\xAC",
    "\xE4\xB9\x8B\xE6\xB5\x9A",
    "\xE4\xBA\x91\xE4\xB9\x94",
    "\xE9\x94\xA1\xE8\x8C\x83",
};

static const char* const t246[] = {
    "\xE5\xB7\x9D",
    "\xE9\x9B\xAA",
    "\xE5\x86\xB7",
    "\xE7\xAE\xB1",
    "\xE5\x87\x89",
    "\xE5\xB1\xB1",
    "\xE6\x9C\x9F",
    "\xE5\x9D\x97",
    "\xE5\xB2\x9B",
};

static const char* const t247[] = {
    "\xE7\xAA\x81",
    "\xE5\x87\xBB",
    "\xE5\x8A\xA8",
    "\xE7\xA0\xB4",
    "\xE5\x87\xBA",
    "\xE7\xA7\xAF\xE5\xB9\xB3\xE5\x8E\x9F",
    "\xE7\x9D\x80",
    "\xE5\xBC\x80",
    "\xE9\x94\x8B\xE6\x9E\xAA",
    "\xE8\x99\x9A",
    "\xE9\x94\x8B",
    "\xE6\xB4\x97",
    "\xE6\x95\xA3",
    "\xE6\x9D\x80",
    "\xE5\xA4\xA9",
    "\xE7\xA7\xAF",
    "\xE5\x88\xBA",
    "\xE6\x92\x9E",
    "\xE5\x85\xA5",
};

static const char* const t248[] = {
    "\xE5\xAE\x9A",
    "\xE8\xAE\xAE",
    "\xE7\xAD\x96",
    "\xE5\xBF\x83",
    "\xE8\xB5\x9B",
    "\xE6\x88\x98",
    "\xE8\xAE\xA1",
    "\xE4\xB8\x8D\xE8\x83\xBD",
    "\xE4\xB8\x8D",
    "\xE5\xAE\x9A\xE6\x80\xA7",
    "\xE6\x84\x8F",
    "\xE4\xB8\x8D\xE4\xBC\x9A",
    "\xE6\x96\xAD",
    "\xE8\xAE\xAE\xE6\xA1\x88",
    "\xE9\x9D\x9E",
    "\xE6\x97\xA0",
    "\xE7\xAD\x96\xE8\x80\x85",
};

static const char* const t249[] = {
    "\xE4\xB8\x94",
};

static const char* const t250[] = {
    "\xE9\x87\x91",
    "\xE7\x82\xBC",
};

static const char* const t251[] = {
    "\xE7\xAC\x91",
    "\xE9\x9D\x99",
    "\xE5\x8D\xB4",
    "\xE6\xB1\x97",
    "\xE5\x86\xB7\xE7\x9A\x84",
    "\xE6\x88\x98",
    "\xE6\xBC\xA0",
    "\xE6\xB7\xA1",
    "\xE6\xB0\xB4",
    "\xE8\x90\xBD",
    "\xE9\x85\xB7",
    "\xE9\x97\xA8",
    "\xE6\xB0\x94",
};

static const char* const t252[] = {
    "\xE7\xBB\x93",
    "\xE5\x9C\x9F",
};

static const char* const t253[] = {
    "\xE5\x88\xA9\xE6\xB6\xA6",
    "\xE5\x8C\x96",
};

static const char* const t254[] = {
    "\xE5\x87\x89",
    "\xE7\x84\xB6",
};

static const char* const t255[] = {
    "\xE5\xA4\x87",
    "\xE7\xA1\xAE",
    "\xE5\x88\x99",
    "\xE8\xAE\xB8",
    "\xE5\x99\xB6\xE5\xB0\x94",
    "\xE5\xA4\x87\xE9\x87\x91",
    "\xE6\x97\xB6",
};

static const char* const t256[] = {
    "\xE6\x8B\x8C",
    "\xE7\x88\xBD",
    "\xE5\xB7\x9E",
};

static const char* const t257[] = {
    "\xE8\xBE\xB1",
    "\xE6\x99\xA8",
    "\xE5\x8E\x89",
    "\xE7\xA9\xBA",
};

static const char* const t258[] = {
    "\xE5\xB0\x91",
    "\xE8\xBD\xBB",
    "\xE5\xBC\xB1",
    "\xE5\xB0\x8F",
    "\xE8\x82\xA5",
    "\xE4\xBA\xA7",
    "\xE9\x80\x80",
    "\xE5\x85\x8D",
    "\xE5\x8E\xBB",
};

static const char* const t259[] = {
    "\xE5\xB7\xA7",
    "\xE5\x90\x88",
    "\xE8\xBF\x91",
};

static const char* const t260[] = {
    "\xE7\x84\xB6",
};

static const char* const t261[] = {
    "\xE8\x81\x9A",
    "\xE8\xA7\x86",
    "\xE7\xA5\x9E",
    "\xE5\x9B\xBA",
    "\xE7\xBB\x93",
    "\xE8\x81\x9A\xE5\x8A\x9B",
    "\xE9\x87\x8D",
    "\xE6\x9C\x9B",
};

static const char* const t262[] = {
    "\xE4\xB8\xAA",
    "\xE4\xB9\x8E",
    "\xE5\xA4\xA9",
    "\xE5\xB9\xB4",
    "\xE5\x8F\xA5",
    "\xE6\xAC\xA1",
    "\xE7\xA7\x8D",
    "\xE4\xBD\x95",
    "\xE4\xBD\x8D",
    "\xE5\x8D\x81\xE5\xB9\xB4",
    "\xE6\xAD\xA5",
    "\xE4\xB8\x8B",
    "\xE5\x88\x86",
    "\xE5\xA3\xB0",
    "\xE6\x97\xA5",
    "\xE7\xBB\x8F",
    "\xE5\x90\x8D",
    "\xE6\x9D\xA1",
    "\xE7\x99\xBE\xE5\xB9\xB4",
    "\xE5\xAE\xB6",
    "\xE4\xB8\x87",
    "\xE5\x8D\x81\xE4\xB8\xAA",
    "\xE6\x97\xB6",
    "\xE4\xBB\xB6",
    "\xE5\x8F\xA3",
    "\xE5\x8D\x83\xE5\xB9\xB4",
    "\xE4\xBD\x95\xE5\xAD\xA6",
    "\xE5\x8F\xAA",
    "\xE7\x82\xB9",
    "\xE5\x8D\x83",
    "\xE5\x8D\x81",
    "\xE5\x86\x85\xE4\xBA\x9A",
    "\xE5\x9D\x97",
    "\xE9\x81\x93",
    "\xE5\x88\x86\xE9\x92\x9F",
    "\xE7\x99\xBE",
    "\xE5\xA4\x84",
    "\xE5\x8D\x81\xE6\x96\xA4",
    "\xE5\xBC\xA0",
    "\xE7\x99\xBE\xE6\x96\xA4",
    "\xE6\xA0\xB9",
    "\xE6\x9D\xAF",
    "\xE9\xA1\xB9",
    "\xE5\x8D\x81\xE4\xB8\x87",
    "\xE7\x9C\xBC",
    "\xE9\x81\x8D",
    "\xE7\x8E\x87",
    "\xE6\x8B\x9B",
    "\xE5\xB1\x82",
    "\xE5\xB2\x81",
    "\xE4\xBB\xA3",
};

static const char* const t263[] = {
    "\xE6\x98\xAF",
    "\xE4\xBA\x8B",
};

static const char* const t264[] = {
    "\xE5\x87\xB0",
    "\xE5\xA7\x90\xE5\x84\xBF",
    "\xE5\x87\xB0\xE5\xB1\xB1",
    "\xE5\xB1\xB1",
    "\xE5\xA4\xA9\xE5\x8D\x97",
    "\xE9\x98\xB3",
};

static const char* const t265[] = {
    "\xE5\x80\x9F",
    "\xE8\xAF\x81",
    "\xE7\x9D\x80",
};

static const char* const t266[] = {
    "\xE6\x97\x8B\xE5\xBD\x92\xE6\x9D\xA5",
    "\xE6\x97\x8B",
};

static const char* const t267[] = {
    "\xE5\xAD\x90",
};

static const char* const t268[] = {
    "\xE7\x8C\x9B",
    "\xE9\x99\xA9",
    "\xE6\x89\x8B",
    "\xE7\x8B\xA0",
    "\xE6\x81\xB6",
};

static const char* const t269[] = {
    "\xE5\x87\xBA",
};

static const char* const t270[] = {
    "\xE6\x9D\xA5",
    "\xE7\x8E\xB0",
    "\xE5\x8E\xBB",
    "\xE5\x8F\xA3",
    "\xE7\x89\x88",
    "\xE5\xB8\xAD",
    "\xE5\x8F\x91",
    "\xE4\xBA\x8E",
    "\xE8\xBA\xAB",
    "\xE5\x94\xAE",
    "\xE5\x85\xA5",
    "\xE7\x94\x9F",
    "\xE5\x9C\x9F",
    "\xE9\x97\xA8",
    "\xE6\x89\x8B",
    "\xE5\xBE\x81",
    "\xE5\x8F\xB0",
    "\xE8\x89\xB2",
    "\xE4\xBB\xBB",
    "\xE7\x89\x88\xE7\xA4\xBE",
    "\xE5\x90\x8D",
    "\xE5\x9B\xBD",
    "\xE9\x9D\xA2",
    "\xE8\xB7\xAF",
    "\xE5\x8A\xA8",
    "\xE8\x87\xAA",
    "\xE5\xA2\x83",
    "\xE5\x8D\x96",
    "\xE5\x85\xB5",
    "\xE5\x87\xBB",
    "\xE5\x9C\xBA",
    "\xE8\xA1\x80",
    "\xE4\xBA\xA7",
    "\xE8\xA1\x8C",
    "\xE5\xB7\xAE",
    "\xE8\xA8\x80",
    "\xE5\x8F\x91\xE7\x82\xB9",
    "\xE8\xAE\xBF",
    "\xE7\xA7\x9F\xE8\xBD\xA6",
    "\xE8\xB5\x84",
    "\xE5\xAB\x81",
    "\xE4\xBD\xBF",
    "\xE6\xB8\xB8",
    "\xE5\x8A\x9B",
    "\xE9\xA9\xAC",
    "\xE7\x82\x89",
    "\xE5\x85\xB7",
    "\xE5\xA5\x87",
    "\xE7\x94\x9F\xE7\x8E\x87",
    "\xE4\xB9\x8E",
    "\xE5\xA5\x87\xE5\x88\xB6\xE8\x83\x9C",
    "\xE5\xA4\xB4",
    "\xE6\xB2\xA1",
    "\xE7\x89\x88\xE7\x89\xA9",
    "\xE5\x85\xB6\xE4\xB8\x8D\xE6\x84\x8F",
    "\xE6\xB5\xB7",
    "\xE5\xAE\xB6",
    "\xE6\xA0\x8F",
    "\xE6\x96\xB0",
    "\xE9\x92\xB1",
    "\xE7\xBC\xBA",
    "\xE5\x93\x81",
    "\xE4\xBA\xBA\xE6\x84\x8F\xE6\x96\x99",
    "\xE5\xB1\xB1",
    "\xE4\xB8\x96",
    "\xE5\xAE\xB6\xE4\xBA\xBA",
    "\xE4\xBA\x8B",
    "\xE5\xA4\x96",
    "\xE7\xA4\xBA",
    "\xE7\xA7\x9F",
    "\xE5\x85\xA5\xE5\xA2\x83",
    "\xE6\x81\xAF",
    "\xE9\xA2\x98",
    "\xE5\xA2\x83\xE6\xB8\xB8",
    "\xE8\xBF\x87",
    "\xE7\x8B\xB1",
    "\xE5\xB8\x88",
    "\xE6\xB1\x97",
    "\xE4\xB9\x8E\xE6\x84\x8F\xE6\x96\x99",
};

static const char* const t271[] = {
    "\xE8\xB4\xA5",
    "\xE4\xB8\xAD",
    "\xE8\x90\xBD",
    "\xE9\x80\x80",
    "\xE6\xBA\x83",
    "\xE6\xAF\x99",
    "\xE6\xB2\x89",
};

static const char* const t272[] = {
    "\xE6\x95\xB0",
};

static const char* const t273[] = {
    "\xE6\xB3\x95",
    "\xE5\xAD\x90",
    "\xE5\x89\x91",
    "\xE5\xB7\xA5",
    "\xE7\xBE\x8E\xE5\x85\xB0",
    "\xE6\x9E\xAA",
};

static const char* const t274[] = {
    "\xE5\x88\xAB",
    "\xE5\xB8\x83",
    "\xE6\x9E\x90",
    "\xE4\xB8\xBA",
    "\xE9\x92\x9F",
    "\xE5\xAD\x90",
    "\xE9\x85\x8D",
    "\xE7\xB1\xBB",
    "\xE4\xBA\xAB",
    "\xE8\xA3\x82",
    "\xE7\xA6\xBB",
    "\xE6\x88\x90",
    "\xE6\x94\xAF",
    "\xE6\x95\xA3",
    "\xE6\xB3\x8C",
    "\xE8\xA7\xA3",
    "\xE5\x8C\x96",
    "\xE6\xB5\x81",
    "\xE6\x98\x8E",
    "\xE5\xB7\xA5",
    "\xE6\x95\xB0",
    "\xE5\xBC\x80",
    "\xE6\xAD\xA7",
    "\xE5\x89\xB2",
    "\xE8\xBE\xA8",
    "\xE5\x85\xAC\xE5\x8F\xB8",
    "\xE9\x87\x8F",
    "\xE6\xB0\xB4\xE5\xB2\xAD",
    "\xE9\x99\xA2",
    "\xE6\x95\xB0\xE7\xBA\xBF",
    "\xE6\x9E\x90\xE5\xB8\x88",
    "\xE6\x89\x8B",
    "\xE8\xA1\x8C",
    "\xE4\xBC\x9A",
    "\xE6\xA0\xA1",
    "\xE5\xB1\x80",
    "\xE7\xBB\x99",
    "\xE6\xB2\xBB",
    "\xE5\xA4\xB4",
    "\xE9\x98\x9F",
    "\xE8\xBE\xA8\xE7\x8E\x87",
    "\xE5\x87\xBA",
    "\xE7\xAE\xA1",
    "\xE5\xA8\xA9",
    "\xE6\xB3\x8C\xE7\x89\xA9",
    "\xE6\x9C\x9F",
    "\xE4\xBB\x98",
    "\xE5\xAD\x90\xE5\xBC\x8F",
    "\xE5\x8C\xBA",
    "\xE6\x9E\x9D",
    "\xE5\xB1\x9E",
    "\xE6\x8B\x85",
    "\xE5\xB0\x81",
    "\xE9\x83\xA8",
    "\xE5\xA4\x96",
    "\xE5\x9B\xA2",
    "\xE9\x9A\x94",
    "\xE7\xAB\x8B",
    "\xE5\x88\x97",
    "\xE6\x89\xB9",
    "\xE8\xBA\xAB",
    "\xE6\x9E\x90\xE5\xAE\xB6",
    "\xE7\xBA\xA2",
    "\xE6\xB4\xBE",
    "\xE7\xA5\x9E",
};

static const char* const t275[] = {
    "\xE5\xAE\x9E",
    "\xE5\x89\xB2",
    "\xE6\x96\xAD",
    "\xE9\x99\xA4",
    "\xE5\x9D\x97",
    "\xE5\x90\x88",
};

static const char* const t276[] = {
    "\xE7\x89\xA9",
    "\xE7\x99\xBB",
};

static const char* const t277[] = {
    "\xE9\x83\xA8",
    "\xE4\xBA\x8B",
    "\xE7\xBD\x9A",
    "\xE6\xB3\x95",
    "\xE5\x9C\xBA",
};

static const char* const t278[] = {
    "\xE5\x88\x86",
    "\xE5\xAE\x9A",
    "\xE5\xBD\x92",
    "\xE4\xB8\x80",
    "\xE5\x87\xBA",
    "\xE6\x97\xB6\xE4\xBB\xA3",
};

static const char* const t279[] = {
    "\xE4\xB8\xBA",
    "\xE5\x85\xA5",
    "\xE8\xBD\xA6",
    "\xE5\xB8\xAD",
    "\xE5\xAE\x81",
    "\xE5\xBC\xBA",
    "\xE4\xB8\xBE",
    "\xE8\xA1\xA8",
    "\xE5\x87\xBA",
    "\xE4\xBD\x8D",
    "\xE4\xBC\xA0",
};

static const char* const t280[] = {
    "\xE5\xA4\x87",
    "\xE5\xAE\x97\xE6\x95\x8F",
    "\xE5\xB0\x91\xE5\xA5\x87",
    "\xE9\x82\xA6",
    "\xE5\xAD\x90\xE5\x8D\x8E",
    "\xE9\x83\x8E\xE6\xB5\xA6",
    "\xE4\xBC\xAF\xE6\x89\xBF",
    "\xE7\xBF\x94",
    "\xE7\xB5\xAE\xE4\xBA\x91",
    "\xE4\xBD\x93\xE7\xBA\xAF",
    "\xE5\xAE\xB6",
    "\xE5\x8D\x8E\xE6\xB8\x85",
    "\xE5\xA7\xA5\xE5\xA7\xA5",
    "\xE8\x8A\xB3\xE4\xBA\xAE",
    "\xE5\xBF\x97\xE5\x86\x9B",
    "\xE5\x92\x8C\xE7\x8F\x8D",
    "\xE5\xA4\xA7\xE5\x93\x8D",
    "\xE9\x86\x92\xE9\xBE\x99",
    "\xE7\xA7\xAF\xE6\x96\x8C",
    "\xE6\x98\x8E\xE7\xA5\x96",
    "\xE7\xB2\xBE\xE6\x9D\xBE",
    "\xE4\xBA\xA6\xE8\x8F\xB2",
    "\xE5\x86\xAC\xE5\x86\xAC",
    "\xE5\x8D\xAB\xE4\xB8\x9C",
    "\xE5\x90\x88\xE7\x82\xB3",
    "\xE5\x9B\xBD\xE6\xAD\xA3",
    "\xE5\xAD\x90\xE5\x8E\x9A",
    "\xE5\xBA\x94\xE6\x98\x8E",
    "\xE6\x8C\xAF\xE4\xBC\x9F",
    "\xE6\xB9\x9B\xE6\x81\xA9",
    "\xE7\x9F\xB3\xE6\xB3\x89",
    "\xE9\x81\x93\xE7\x8E\x89",
    "\xE9\x9B\x81\xE9\xA3\x9E",
    "\xE9\x9B\xAA\xE8\x8D\xA3",
    "\xE9\xBB\x8E\xE6\x95\x8F",
    "\xE6\xAD\xA3\xE9\xA3\x8E",
    "\xE7\x8E\x89\xE5\xB0\xBA",
};

static const char* const t281[] = {
    "\xE6\x89\x8D",
    "\xE5\x88\x9A",
    "\xE5\xA5\xBD",
    "\xE6\xAF\x85",
    "\xE6\x9E\x9C",
    "\xE4\xBD\x93",
};

static const char* const t282[] = {
    "\xE9\x80\xA0",
    "\xE4\xBD\x9C",
    "\xE6\x96\xB0",
    "\xE5\x8A\x9E",
    "\xE5\xBB\xBA",
    "\xE7\xAB\x8B",
    "\xE4\xB8\x9A",
    "\xE5\xBB\xBA\xE8\x80\x85",
    "\xE5\xA7\x8B\xE4\xBA\xBA",
    "\xE9\x80\xA0\xE6\x80\xA7",
    "\xE5\x88\xB6",
    "\xE6\x84\x8F",
    "\xE6\xB1\x87",
    "\xE4\xBC\xA4",
    "\xE5\x88\x8A",
    "\xE4\xB8\x8B",
    "\xE4\xB8\x9A\xE5\x9B\xAD",
    "\xE9\x80\xA0\xE5\x8A\x9B",
    "\xE8\xAE\xBE",
    "\xE7\xBB\xB4",
};

static const char* const t283[] = {
    "\xE6\xAD\xA5",
    "\xE6\x9C\x9F",
    "\xE4\xB8\xAD",
    "\xE7\xBA\xA7",
    "\xE5\xB9\xB4",
    "\xE7\xBA\xA7\xE9\x98\xB6\xE6\xAE\xB5",
    "\xE6\x97\xB6",
    "\xE6\xAC\xA1",
    "\xE4\xB8\x80",
    "\xE7\xAD\x89\xE6\x95\x99\xE8\x82\xB2",
    "\xE5\xA7\x8B",
    "\xE8\xA1\xB7",
    "\xE4\xB8\x89",
    "\xE5\x86\xAC",
};

static const char* const t284[] = {
    "\xE9\x99\xA4",
};

static const char* const t285[] = {
    "\xE6\x96\xAD",
    "\xE5\x86\xB3",
    "\xE5\xA4\x84",
    "\xE5\xAE\x98",
    "\xE5\xAE\x9A",
    "\xE5\x88\x91",
};

static const char* const t286[] = {
    "\xE7\x94\xA8",
    "\xE7\x9B\x8A",
    "\xE6\xB6\xA6",
    "\xE5\xAE\xB3",
    "\xE7\x8E\x87",
    "\xE6\x81\xAF",
    "\xE6\xB6\xA6\xE7\x8E\x87",
    "\xE7\xA8\x8E",
    "\xE4\xBA\x8E",
    "\xE6\x81\xAF\xE7\x8E\x87",
    "\xE6\xAF\x94\xE4\xBA\x9A",
    "\xE7\x89\xA9\xE6\xB5\xA6",
    "\xE5\x88\x83",
    "\xE4\xBA\x9A",
    "\xE5\x99\xA8",
    "\xE5\xB7\x9D\xE5\xB8\x82",
    "\xE7\x94\xA8\xE7\x8E\x87",
};

static const char* const t287[] = {
    "\xE4\xBA\xBA",
    "\xE7\x9A\x84",
    "\xE8\xAF\xB4",
    "\xE5\xA4\x84",
    "\xE5\x90\x8D",
    "\xE5\xA2\x85",
    "\xE6\x89\xAD",
    "\xE6\x9C\x89\xE9\xA3\x8E\xE5\x91\xB3",
    "\xE5\x9B\xBD",
    "\xE5\xBF\x85\xE9\x9B\x84",
    "\xE6\x8F\x90",
};

static const char* const t288[] = {
    "\xE6\xB0\xB4\xE5\x99\xA8",
};

static const char* const t289[] = {
    "\xE5\xBA\x95",
    "\xE5\xA4\x84",
    "\xE8\xBE\xBE",
    "\xE6\x9D\xA5",
    "\xE4\xBD\x8D",
    "\xE6\x97\xB6\xE5\x80\x99",
    "\xE6\x9C\x9F",
    "\xE5\xA4\xB4\xE6\x9D\xA5",
    "\xE6\x89\x8B",
    "\xE5\xA4\xB4",
};

static const char* const t290[] = {
    "\xE5\xBA\xA6",
    "\xE5\xAE\x9A",
    "\xE9\x80\xA0",
    "\xE4\xBD\x9C",
    "\xE6\x88\x90",
    "\xE7\xBA\xA6",
    "\xE5\x93\x81",
    "\xE8\xAE\xA2",
    "\xE6\xAD\xA2",
    "\xE8\x8D\xAF",
    "\xE5\xAF\xBC",
    "\xE8\xA3\x81",
    "\xE9\x80\xA0\xE4\xB8\x9A",
    "\xE5\x89\x82",
    "\xE6\x9C\x8D",
    "\xE5\xBA\xA6\xE5\x8C\x96",
    "\xE5\xBC\x8F",
    "\xE5\xA4\x87",
    "\xE9\x80\xA0\xE5\x95\x86",
    "\xE7\xB3\x96",
    "\xE5\x8F\x96",
    "\xE5\x8A\xA8\xE9\x98\x80",
};

static const char* const t291[] = {
    "\xE5\x88\xB7",
    "\xE6\x96\xB0",
};

static const char* const t292[] = {
    "\xE9\x97\xA8",
    "\xE5\x95\x86",
};

static const char* const t293[] = {
    "\xE9\x82\xA3\xE9\x97\xB4",
};

static const char* const t294[] = {
    "\xE6\xBF\x80",
    "\xE5\x8F\xB2",
    "\xE5\x88\x80",
    "\xE5\xAE\xA2",
    "\xE6\x9D\x80",
    "\xE4\xBC\xA4",
    "\xE6\xBF\x80\xE6\x80\xA7",
    "\xE7\xBB\xA3",
};

static const char* const t295[] = {
    "\xE6\x9C\x89",
    "\xE7\x94\xBB",
    "\xE6\x9C\xAC",
    "\xE6\x84\x8F",
    "\xE8\x8B\xA6",
};

static const char* const t296[] = {
    "\xE9\x87\x8F",
};

static const char* const t297[] = {
    "\xE5\xBC\xB1",
    "\xE5\x87\x8F",
};

static const char* const t298[] = {
    "\xE9\x9D\xA2",
    "\xE6\x8F\x90",
    "\xE8\xBF\x9B",
    "\xE6\x9D\xA5",
    "\xE5\x90\x8E",
    "\xE5\xBE\x80",
    "\xE8\x80\x85",
    "\xE8\xBE\x88",
    "\xE6\x99\xAF",
    "\xE5\x8E\xBB",
    "\xE6\x9C\x9F",
    "\xE7\xBA\xBF",
    "\xE9\x80\x94",
    "\xE5\x88\x97",
    "\xE9\x94\x8B",
    "\xE5\xA4\x95",
    "\xE6\x89\x80\xE6\x9C\xAA\xE6\x9C\x89",
    "\xE6\x96\xB9",
    "\xE8\xBA\xAB",
    "\xE8\xBE\xB9",
    "\xE4\xB8\x80\xE5\xA4\xA9",
    "\xE6\xB2\xBF",
    "\xE4\xBA\xBA",
    "\xE8\xA1\x8C",
    "\xE9\x83\xA8",
    "\xE5\xB9\xB4",
    "\xE6\x97\xA5",
    "\xE9\x97\xA8",
    "\xE4\xB8\x8D\xE4\xB9\x85",
    "\xE6\xAE\xBF",
    "\xE5\x93\xA8",
    "\xE5\xAF\xBC",
    "\xE5\xA4\xB4",
    "\xE7\xAB\xAF",
    "\xE7\xA8\x8B",
    "\xE4\xBB\xBB",
    "\xE5\xA4\xA9",
    "\xE5\x88\x97\xE8\x85\xBA",
    "\xE8\x83\xB8",
    "\xE7\xA7\xA6",
    "\xE6\x9C\x9D",
    "\xE5\x8F\xB0",
    "\xE5\x9C\xBA",
};

static const char* const t299[] = {
    "\xE6\xB3\x95",
    "\xE6\x9C\xAF",
    "\xE6\xA1\xA5",
    "\xE6\xA1\xA5\xE5\xA4\xA7\xE5\xAD\xA6",
};

static const char* const t300[] = {
    "\xE6\x9E\x90",
};

static const char* const t301[] = {
    "\xE5\x89\x8A",
    "\xE5\xA4\xBA",
    "\xE8\x90\xBD",
    "\xE8\x9A\x80",
};

static const char* const t302[] = {
    "\xE7\x83\x88",
    "\xE6\x9C\xAC",
    "\xE9\x99\xA2",
    "\xE5\x9B\xA2",
    "\xE7\x9B\xAE",
    "\xE5\x9C\xBA",
    "\xE7\xA4\xBE",
    "\xE6\xAF\x92",
    "\xE7\x97\x9B",
    "\xE4\xBD\x9C",
    "\xE4\xBD\x9C\xE5\xAE\xB6",
    "\xE6\x83\x85",
    "\xE7\x85\xA7",
    "\xE4\xB8\xAD",
    "\xE7\xA7\x8D",
};

static const char* const t303[] = {
    "\xE4\xB8\x8B",
    "\xE4\xBD\x99\xE4\xBB\xB7\xE5\x80\xBC",
    "\xE4\xBD\x99",
    "\xE4\xBD\x99\xE5\x8A\xB3\xE5\x8A\xA8",
    "\xE4\xBD\x99\xE4\xBA\xA7\xE5\x93\x81",
};

static const char* const t304[] = {
    "\xE5\x88\x80",
};

static const char* const t305[] = {
    "\xE4\xBD\x9C\xE7\x94\xA8",
    "\xE6\x80\xBB",
    "\xE8\x81\x8C",
    "\xE5\xAE\x98",
    "\xE5\xB0\x86",
    "\xE6\x95\x99\xE6\x8E\x88",
};

static const char* const t306[] = {
    "\xE6\x8D\xAE",
    "\xE6\x96\xAD",
    "\xE8\xA3\x82",
};

static const char* const t307[] = {
    "\xE7\x81\xAD",
};

static const char* const t308[] = {
    "\xE9\x87\x8F",
    "\xE5\xBA\xA6",
    "\xE5\xAD\xA6",
    "\xE6\xB0\x94",
    "\xE6\xB1\x82",
    "\xE5\x9B\xBE",
    "\xE4\xBA\x89",
    "\xE9\x81\x93",
    "\xE4\xB8\xBB",
};

static const char* const t309[] = {
    "\xE8\xAF\xB4",
    "\xE9\x98\xBB",
    "\xE5\x91\x8A",
};

static const char* const t310[] = {
    "\xE6\xB3\x95",
    "\xE5\x85\xAC\xE5\xAE\xA4",
    "\xE4\xBA\x8B",
    "\xE7\x90\x86",
    "\xE4\xBA\x8B\xE5\xA4\x84",
    "\xE5\xAD\xA6",
    "\xE5\x85\xAC",
    "\xE5\x85\xAC\xE5\x8E\x85",
    "\xE5\x85\xAC\xE6\xA5\xBC",
    "\xE5\xA5\xBD",
    "\xE5\x85\xAC\xE6\xA1\x8C",
};

static const char* const t311[] = {
    "\xE8\x83\xBD",
    "\xE5\xA4\xAB",
    "\xE7\x8E\x87",
    "\xE5\x8A\x9B",
    "\xE8\x87\xA3",
    "\xE5\x8A\xB3",
    "\xE6\x95\x88",
    "\xE7\xBB\xA9",
    "\xE8\xAF\xBE",
    "\xE5\x8B\x8B",
    "\xE5\x90\x8D",
    "\xE5\xBE\xB7",
    "\xE8\xBF\x87",
    "\xE4\xB8\x9A",
};

static const char* const t312[] = {
    "\xE5\xBC\xBA",
    "\xE4\xB8\x8A",
    "\xE5\xB7\xA5",
    "\xE5\x85\xA5",
    "\xE4\xBB\xA5",
    "\xE9\x80\x9F",
    "\xE5\xBF\xAB",
    "\xE5\xA4\xA7",
    "\xE6\x8B\xBF\xE5\xA4\xA7",
    "\xE9\x87\x8D",
    "\xE7\xB4\xA7",
    "\xE7\x83\xAD",
    "\xE5\x89\xA7",
    "\xE4\xB9\x8B",
    "\xE6\xB7\xB1",
    "\xE7\x8F\xAD",
    "\xE7\x9B\x9F",
    "\xE6\xB2\xB9",
    "\xE8\x96\xAA",
    "\xE5\xAE\xB3",
    "\xE5\x80\x8D",
    "\xE5\x8B\x92\xE6\xAF\x94\xE6\xB5\xB7",
    "\xE6\x81\xAF",
    "\xE9\x80\x9F\xE5\x99\xA8",
    "\xE8\xA3\x85",
    "\xE7\xAD\x91",
    "\xE7\xBA\xB3",
    "\xE5\x9B\xBA",
    "\xE6\xB2\xB9\xE6\x9C\xBA",
    "\xE8\x93\xAC",
    "\xE5\xB7\x9E",
    "\xE9\x80\x9F\xE5\xBA\xA6",
};

static const char* const t313[] = {
    "\xE5\xAE\x9E",
    "\xE5\xBF\x85",
};

static const char* const t314[] = {
    "\xE5\x8A\xBF",
};

static const char* const t315[] = {
    "\xE7\x89\xA9",
    "\xE5\x8A\x9B",
    "\xE4\xBD\x9C",
    "\xE6\x89\x8B",
    "\xE6\x80\x81",
    "\xE5\x91\x98",
    "\xE9\x9D\x99",
    "\xE6\x9C\xBA",
    "\xE6\x91\x87",
    "\xE5\xBC\xB9",
    "\xE8\x8D\xA1",
    "\xE8\xBA\xAB",
    "\xE5\x8A\x9B\xE5\xAD\xA6",
    "\xE4\xBA\xBA",
    "\xE7\x94\xA8",
    "\xE6\xA4\x8D\xE7\x89\xA9",
    "\xE8\x84\x89",
    "\xE4\xB9\xB1",
    "\xE5\xB7\xA5",
    "\xE5\x90\x91",
    "\xE4\xB8\x8D\xE5\x8A\xA8",
    "\xE7\x89\xA9\xE5\x9B\xAD",
    "\xE8\x83\xBD",
    "\xE8\xAF\x8D",
    "\xE6\xA4\x8D\xE7\x89\xA9\xE5\x9B\xAD",
    "\xE7\x94\xBB",
    "\xE8\xBE\x84",
    "\xE6\xAD\xA6",
    "\xE9\x87\x8F",
};

static const char* const t316[] = {
    "\xE7\x90\x86",
    "\xE6\x89\x8B",
    "\xE5\xAD\xA6",
    "\xE6\x94\xBB",
    "\xE9\x95\xBF",
};

static const char* const t317[] = {
    "\xE5\x8A\x9B",
    "\xE5\xB0\x94\xE5\x93\x88",
};

static const char* const t318[] = {
    "\xE5\x8A\x9B",
    "\xE5\x84\xBF",
    "\xE9\xA3\x8E",
    "\xE6\x95\x8C",
    "\xE5\xA4\xB4",
};

static const char* const t319[] = {
    "\xE5\x8A\xA8",
    "\xE5\x8A\xA8\xE5\x8A\x9B",
    "\xE5\x8A\xA8\xE8\x80\x85",
    "\xE5\x8A\xA1",
    "\xE7\xB4\xAF",
    "\xE5\xBD\xB9",
    "\xE5\x8A\x9B",
    "\xE5\xB7\xA5",
    "\xE4\xBD\x9C",
    "\xE5\x8A\xA8\xE8\xB5\x84\xE6\x96\x99",
    "\xE5\xBE\xB7\xE8\xAF\xBA",
};

static const char* const t320[] = {
    "\xE5\x8A\x9B",
    "\xE5\xA4\xB4",
    "\xE5\xBF\x85",
};

static const char* const t321[] = {
    "\xE6\xB0\x94",
    "\xE6\x95\xA2",
    "\xE5\xA3\xAB",
    "\xE7\x8C\x9B",
    "\xE4\xBA\x8E",
};

static const char* const t322[] = {
    "\xE5\xBC\xBA",
};

static const char* const t323[] = {
    "\xE7\xAB\xA0",
};

static const char* const t324[] = {
    "\xE9\xA9\xAC",
};

static const char* const t325[] = {
    "\xE6\x8E\xA2",
    "\xE6\xB5\x8B",
};

static const char* const t326[] = {
    "\xE9\x9B\x86",
    "\xE6\x8D\x90",
    "\xE6\xAC\xBE",
};

static const char* const t327[] = {
    "\xE5\x8A\xB3",
    "\xE5\xA5\x8B",
    "\xE5\x8A\xA1",
};

static const char* const t328[] = {
    "\xE7\xBB\x93",
    "\xE5\xBD\x93",
};

static const char* const t329[] = {
    "\xE7\xA7\xB0",
};

static const char* const t330[] = {
    "\xE6\x8B\xAC",
    "\xE5\x90\xAB",
    "\xE5\x9B\xB4",
    "\xE8\xA2\xB1",
    "\xE8\xA3\xB9",
    "\xE8\xA3\x85",
    "\xE6\x9C\xBA",
    "\xE6\x89\x8E",
    "\xE9\x87\x91",
    "\xE9\x93\xB6",
    "\xE5\xA4\xA9\xE5\x89\x91",
    "\xE5\xA4\xB4",
};

static const char* const t331[] = {
    "\xE5\x8C\x86",
    "\xE5\xBF\x99",
};

static const char* const t332[] = {
    "\xE5\xA5\xB4",
    "\xE7\x89\x99\xE5\x88\xA9",
};

static const char* const t333[] = {
    "\xE9\xA6\x96",
};

static const char* const t334[] = {
    "\xE5\xAD\xA6",
    "\xE5\xB7\xA5",
    "\xE7\x9F\xB3",
    "\xE5\x90\x88\xE7\x89\xA9",
    "\xE8\x82\xA5",
    "\xE4\xB8\xBA",
    "\xE8\xA7\xA3",
    "\xE7\x96\x97",
    "\xE5\xA6\x86\xE5\x93\x81",
    "\xE7\xBA\xA4",
    "\xE5\xAD\xA6\xE5\xAE\xB6",
    "\xE5\xAD\xA6\xE5\xB7\xA5\xE4\xB8\x9A",
    "\xE5\xAD\xA6\xE5\x8F\x8D\xE5\xBA\x94",
    "\xE9\xAA\x8C",
    "\xE5\xA6\x86",
    "\xE8\xBA\xAB",
    "\xE5\xAD\xA6\xE5\x85\x83\xE7\xB4\xA0",
    "\xE5\x86\x9B",
    "\xE6\x88\x90",
    "\xE5\x90\x8D",
};

static const char* const t335[] = {
    "\xE4\xBA\xAC",
    "\xE9\x83\xA8",
    "\xE5\xB9\xB3",
    "\xE6\x96\xB9",
    "\xE4\xBA\xAC\xE5\xB8\x82",
    "\xE4\xBA\xAC\xE5\xA4\xA7\xE5\xAD\xA6",
    "\xE4\xBA\xAC\xE5\x9F\x8E",
    "\xE5\xA4\xA7",
    "\xE7\xBA\xAC",
    "\xE5\xAE\x8B",
    "\xE7\xBA\xA6",
    "\xE4\xB8\x8A",
    "\xE6\xB4\x8B",
    "\xE7\xBE\x8E",
    "\xE5\xB2\xB8",
    "\xE9\x97\xA8",
    "\xE9\x9D\xA2",
    "\xE6\xB4\x8B\xE5\x86\x9B\xE9\x98\x80",
    "\xE4\xBE\xA7",
    "\xE9\xAD\x8F",
    "\xE6\xB4\x8B\xE6\x94\xBF\xE5\xBA\x9C",
    "\xE9\x9D\x9E",
    "\xE6\xB5\xB7",
    "\xE4\xBC\x90",
    "\xE5\x90\x91",
    "\xE9\xBA\x93",
    "\xE6\xAE\xB5",
    "\xE7\xAB\xAF",
    "\xE6\xAC\xA7",
    "\xE6\x9E\x81",
    "\xE8\xBE\xB9",
    "\xE8\xB7\xAF",
    "\xE9\xA3\x8E",
    "\xE6\xB5\x81",
    "\xE7\xBE\x8E\xE6\xB4\xB2",
    "\xE9\xBD\x90",
    "\xE5\xB1\xB1",
    "\xE4\xBC\x90\xE5\x86\x9B",
    "\xE5\x86\xB0\xE6\xB4\x8B",
    "\xE5\x91\xA8",
    "\xE4\xBA\xAC\xE5\x9C\xB0\xE5\x8C\xBA",
    "\xE5\x9F\x8E",
    "\xE4\xBC\x90\xE6\x88\x98\xE4\xBA\x89",
    "\xE6\xB9\x96",
    "\xE6\x96\x97",
    "\xE6\xB2\xB3\xE5\x8F\xA3",
    "\xE5\x8D\x8A\xE7\x90\x83",
    "\xE9\x83\x8A",
    "\xE5\x9D\xA1",
    "\xE7\x88\xB1",
};

static const char* const t336[] = {
    "\xE5\xAD\x90",
};

static const char* const t337[] = {
    "\xE5\xA4\xB7\xE6\x89\x80\xE6\x80\x9D",
};

static const char* const t338[] = {
    "\xE4\xB9\x8F",
};

static const char* const t339[] = {
    "\xE9\x85\x8D",
};

static const char* const t340[] = {
    "\xE5\x9F\x9F",
    "\xE5\x88\xAB",
    "\xE9\x95\xBF",
    "\xE5\x88\x86",
    "\xE5\x88\x92",
    "\xE9\x9B\x84\xE6\xA5\x9A",
    "\xE5\x86\x85",
    "\xE5\x8C\xBA",
    "\xE5\xA7\x94",
    "\xE5\x9B\x9B\xE5\x9B\xAD",
    "\xE6\x94\xBF",
    "\xE5\x9F\x9F\xE6\x80\xA7",
};

static const char* const t341[] = {
    "\xE9\x99\xA2",
    "\xE7\x94\x9F",
    "\xE7\x96\x97",
    "\xE5\xAD\xA6",
    "\xE8\x8D\xAF",
    "\xE5\xB8\x88",
    "\xE5\xAD\xA6\xE9\x99\xA2",
    "\xE6\xB2\xBB",
    "\xE5\x8A\xA1",
    "\xE4\xBF\x9D",
    "\xE7\x96\x97\xE4\xBF\x9D\xE9\x99\xA9",
};

static const char* const t342[] = {
    "\xE9\xA2\x9D",
};

static const char* const t343[] = {
    "\xE5\x88\x86",
    "\xE5\xB9\xB4",
    "\xE5\xA0\xB0",
    "\xE5\xA0\xB0\xE5\xB8\x82",
    "\xE4\xBA\x94",
    "\xE5\x85\xAB\xE5\xB9\xB4",
    "\xE4\xBA\x94\xE5\xB9\xB4",
    "\xE4\xB8\x89",
    "\xE5\x9B\x9B",
    "\xE5\xA4\xA7",
    "\xE4\xBA\x8C",
    "\xE5\x85\xAB",
    "\xE5\x85\xAD",
    "\xE4\xB8\x80",
    "\xE6\x9C\x88",
    "\xE4\xB8\xAA",
    "\xE4\xB8\x83\xE5\xB9\xB4",
    "\xE8\xB6\xB3",
    "\xE4\xB8\x89\xE5\xB9\xB4",
    "\xE4\xBA\x8C\xE5\xB9\xB4",
    "\xE4\xB8\x80\xE4\xBA\x94",
    "\xE4\xB8\x83",
    "\xE4\xBA\x94\xE5\xA4\xA7",
    "\xE5\x87\xA0\xE4\xB8\xAA",
    "\xE4\xBA\x8C\xE6\x9C\x88",
    "\xE5\x87\xA0\xE5\xB9\xB4",
    "\xE4\xB8\x87",
    "\xE4\xB9\x9D\xE5\xB9\xB4",
    "\xE4\xB8\x80\xE6\x9C\x88",
    "\xE5\xA4\xA9",
    "\xE5\x85\xAD\xE5\xB9\xB4",
    "\xE4\xB8\x80\xE5\xB1\x8A",
    "\xE4\xB8\x80\xE5\xB9\xB4",
    "\xE5\x9B\x9B\xE5\xB9\xB4",
    "\xE5\xA4\x9A\xE5\xB9\xB4",
    "\xE5\x80\x8D",
    "\xE9\x87\x8C",
    "\xE6\x9C\x88\xE9\x9D\xA9\xE5\x91\xBD",
    "\xE4\xB9\x9D",
    "\xE4\xBD\x99\xE5\xB9\xB4",
    "\xE4\xBD\x99",
    "\xE4\xB8\x89\xE4\xB8\xAA",
    "\xE5\x90\x8D",
    "\xE6\xAC\xA1",
    "\xE5\x87\xA0",
    "\xE9\x81\x93",
    "\xE4\xBA\x94\xE9\x81\x93",
    "\xE4\xBA\x8C\xE4\xBA\x94",
    "\xE5\x85\xAB\xE6\x97\xA5",
    "\xE5\x9B\x9B\xE6\x89\x80",
    "\xE5\xAD\x97\xE5\x86\x9B",
    "\xE5\xA4\x9A\xE8\xB5\xB7",
    "\xE5\x85\xAB\xE5\xB2\x81",
    "\xE4\xBA\x94\xE6\x97\xA5",
    "\xE4\xBA\x8C\xE4\xB8\xAA",
    "\xE4\xBD\x99\xE4\xB8\x88",
    "\xE5\xB2\x81",
    "\xE6\x97\xA5",
    "\xE5\x87\xA0\xE5\xB2\x81",
    "\xE5\x9B\x9B\xE5\xA4\xA7",
    "\xE4\xB8\x89\xE5\xB1\x8A",
};

static const char* const t344[] = {
    "\xE7\xB1\xB3",
    "\xE4\xB8\x87",
    "\xE6\xAD\xA5",
    "\xE5\x85\x8B",
    "\xE5\xB9\xB4",
    "\xE5\x85\xAC\xE9\xA1\xB7",
    "\xE9\x87\x8C",
    "\xE5\xB0\xBA",
    "\xE5\x8F\xA4",
    "\xE5\xBC\xA0",
    "\xE6\x96\xA4",
    "\xE6\x88\xB7",
    "\xE6\x96\xB9\xE7\x99\xBE\xE8\xAE\xA1",
    "\xE5\x85\x83",
    "\xE7\x99\xBE\xE5\xB9\xB4",
    "\xE4\xBA\xA9",
    "\xE5\x8D\xA1",
    "\xE5\x90\xA8\xE7\xBA\xA7",
    "\xE7\xA7\x8B",
    "\xE9\x87\x91",
    "\xE7\x93\xA6",
    "\xE5\xAE\xB6\xE4\xB8\x87\xE6\x88\xB7",
};

static const char* const t345[] = {
    "\xE7\xBA\xA7",
    "\xE9\xAB\x98",
    "\xE8\xB5\xB7",
    "\xE5\x80\xBC",
    "\xE9\x99\x8D",
    "\xE5\xAD\xA6\xE7\x8E\x87",
    "\xE6\x97\x97",
    "\xE4\xBB\xBB",
    "\xE8\x87\xB3",
    "\xE8\xBF\x81",
    "\xE8\x85\xBE",
    "\xE5\x8D\x8E",
    "\xE7\xA9\xBA",
    "\xE6\xB8\xA9",
    "\xE8\x81\x8C",
};

static const char* const t346[] = {
    "\xE9\x97\xA8",
    "\xE9\xA5\xAD",
    "\xE5\x90\x8E",
    "\xE9\xA4\x90",
    "\xE5\xA4\x9C",
};

static const char* const t347[] = {
    "\xE5\xA4\xA9",
    "\xE4\xB8\xAA",
    "\xE6\x99\x8C",
    "\xE5\xB9\xB4",
    "\xE7\x82\xB9",
    "\xE5\xB2\x9B",
    "\xE6\x95\xB0",
    "\xE5\xA4\x9C",
    "\xE5\xAF\xBC\xE4\xBD\x93",
    "\xE7\xA9\xBA",
    "\xE5\xBE\x84",
    "\xE6\x88\xAA",
    "\xE5\x86\xB3\xE8\xB5\x9B",
    "\xE6\x9C\x88",
    "\xE5\x88\x86",
    "\xE6\x97\xA5",
    "\xE6\xAE\x96\xE6\xB0\x91\xE5\x9C\xB0",
    "\xE5\x8F\xA5",
    "\xE8\xB7\xAF",
    "\xE6\x96\xA4",
    "\xE8\xBE\xB9",
    "\xE5\xB0\x81\xE9\x97\xAD",
    "\xE5\xA4\xB4",
    "\xE9\x83\xA8",
    "\xE5\xB0\x81\xE5\xBB\xBA",
    "\xE6\xAD\xA5",
    "\xE7\x90\x83",
};

static const char* const t348[] = {
    "\xE5\x8C\x97",
    "\xE8\xA1\xA8",
    "\xE5\xB1\xB1",
    "\xE5\xA4\x8F",
    "\xE4\xB8\xAD",
    "\xE4\xBE\xA8",
    "\xE7\x9B\x9B\xE9\xA1\xBF",
    "\xE4\xBA\xBA",
    "\xE4\xB8\x9C",
    "\xE5\xAE\xB9\xE5\x8E\xBF",
    "\xE5\x8D\x97",
    "\xE4\xB8\xBD",
    "\xE4\xB8\xBA",
    "\xE5\x9B\xBD\xE9\x94\x8B",
    "\xE7\x91\x9E",
    "\xE6\xB2\x99",
    "\xE5\xAE\xB9",
    "\xE4\xB8\xAD\xE5\x9C\xB0\xE5\x8C\xBA",
    "\xE5\xAE\xB9\xE5\x8C\xBA",
    "\xE8\xBE\xB0\xE6\x98\xA5",
    "\xE7\xBE\x8E",
    "\xE8\x8E\xB1\xE5\xA3\xAB",
};

static const char* const t349[] = {
    "\xE8\xAE\xAE",
    "\xE8\xB0\x83",
    "\xE4\xBC\x9A",
    "\xE5\xAE\x9A",
    "\xE5\x8A\xA9",
    "\xE5\x95\x86",
    "\xE5\x90\x8C",
    "\xE4\xBD\x9C",
    "\xE5\xA5\x8F\xE6\x9B\xB2",
    "\xE7\xBA\xA6\xE5\x9B\xBD",
};

static const char* const t350[] = {
    "\xE8\x81\x8C",
    "\xE9\x84\x99",
};

static const char* const t351[] = {
    "\xE8\xB6\x8A",
    "\xE8\x91\x97",
    "\xE6\x9C\x89\xE6\x88\x90\xE6\x95\x88",
};

static const char* const t352[] = {
    "\xE4\xBD\x8D",
    "\xE7\x8B\xAC",
    "\xE7\xBA\xAF",
    "\xE8\xA1\x8C",
    "\xE4\xB8\x80",
    "\xE4\xB8\xAA",
    "\xE5\x85\x83",
    "\xE5\x88\x80",
    "\xE8\xAF\x8D",
    "\xE6\x9D\xBF",
    "\xE4\xBA\xBA",
    "\xE6\x89\x93",
    "\xE8\xBA\xAB",
    "\xE4\xBD\x93",
    "\xE8\xB0\x83",
    "\xE5\x90\x91",
    "\xE8\x96\x84",
    "\xE5\x85\xB5",
    "\xE6\x9E\x9C",
    "\xE6\x9E\x9C\xE9\xB2\x9C",
    "\xE9\xA1\xB9",
    "\xE6\x96\xB9\xE9\x9D\xA2",
    "\xE5\x8D\x95",
    "\xE4\xBA\x8E",
};

static const char* const t353[] = {
    "\xE5\x9B\xBD\xE8\xB4\xBC",
    "\xE5\x9B\xBD",
    "\xE5\x87\xBA",
    "\xE6\x8E\x89",
    "\xE5\x9B\xBD\xE6\xB1\x82\xE8\x8D\xA3",
};

static const char* const t354[] = {
    "\xE4\xBA\xAC",
    "\xE5\x8C\x97",
    "\xE9\x83\xA8",
    "\xE6\x96\xB9",
    "\xE6\xB5\xB7",
    "\xE4\xBA\xAC\xE5\xB8\x82",
    "\xE8\xB7\xAF",
    "\xE9\x9D\x9E",
    "\xE6\xB9\x96",
    "\xE9\x98\xB3",
    "\xE5\xAE\x8B",
    "\xE5\xB2\xB3",
    "\xE7\x8E\xAF\xE8\xB7\xAF",
    "\xE5\xB2\xB8",
    "\xE7\xAB\xAF",
    "\xE6\x9C\x9D",
    "\xE5\x8C\x97\xE6\x9C\x9D",
    "\xE9\x97\xA8",
    "\xE6\x98\x8C",
    "\xE9\x9D\xA2",
    "\xE6\x9E\x81",
    "\xE4\xBE\xA7",
    "\xE4\xBA\x9A",
    "\xE6\x96\xAF\xE6\x8B\x89\xE5\xA4\xAB",
    "\xE5\x8F\xA3",
    "\xE5\x8E\xBF",
    "\xE5\x94\x90",
    "\xE4\xB8\x8B",
    "\xE5\xB2\xA9\xE5\xAE\xAB",
    "\xE9\x80\x9A",
    "\xE7\xBE\x8E\xE6\xB4\xB2",
    "\xE7\xA7\xBB",
    "\xE7\xBE\x8E",
    "\xE8\x88\xAA",
    "\xE5\xB9\xB3",
    "\xE6\xB4\x8B",
    "\xE6\xB9\x98",
    "\xE4\xBA\xAC\xE5\x9F\x8E",
    "\xE5\xAE\x81",
    "\xE5\xB1\xB1",
    "\xE8\xBE\xB9",
    "\xE6\x98\x8C\xE8\xB5\xB7\xE4\xB9\x89",
    "\xE7\xBA\xAC",
    "\xE6\xB0\xB4\xE5\x8C\x97\xE8\xB0\x83",
    "\xE6\xB8\xAF",
    "\xE6\xBC\xB3",
    "\xE9\x83\x8A",
    "\xE8\xA5\x84",
    "\xE5\x8F\xA3\xE9\x95\x87",
    "\xE6\x8C\xAF\xE4\xB8\xAD",
    "\xE6\xBC\xB3\xE5\x8E\xBF",
    "\xE5\xB2\xB3\xE5\xB1\xB1",
    "\xE5\xB2\xB3\xE5\xB0\x96",
    "\xE6\xB2\xB3\xE5\xA4\xB4",
    "\xE6\xB2\xB3\xE6\xB4\xB2",
    "\xE6\xB4\xB2\xE5\xAD\x90",
    "\xE9\xBA\x93",
    "\xE5\xBC\x80\xE5\xA4\xA7\xE5\xAD\xA6",
    "\xE7\x96\x86",
};

static const char* const t355[] = {
    "\xE5\xA3\xAB",
    "\xE7\x89\xA9\xE9\xA6\x86",
    "\xE8\xA7\x88\xE4\xBC\x9A",
    "\xE5\xAE\xA2",
    "\xE5\xA3\xAB\xE7\x94\x9F",
    "\xE9\x9B\x85",
    "\xE5\xBE\x97",
};

static const char* const t356[] = {
    "\xE5\xAD\xA6\xE4\xBA\xAE",
};

static const char* const t357[] = {
    "\xE9\xA2\x86",
    "\xE6\x9C\x89",
    "\xE6\x8D\xAE",
    "\xE5\x9C\xB0",
    "\xE7\x94\xA8",
    "\xE4\xBC\x98\xE5\x8A\xBF",
    "\xE5\x8D\x9C",
};

static const char* const t358[] = {
    "\xE8\xBD\xA6",
    "\xE6\x8B\x89",
    "\xE7\x89\xB9",
};

static const char* const t359[] = {
    "\xE4\xBF\x8A\xE4\xB9\x89",
    "\xE8\xB1\xA1\xE5\x8D\x87",
    "\xE5\xB8\x83",
    "\xE6\xA3\xAE\xE5\xA0\xA1",
    "\xE7\x91\x9E\xE5\x8D\x8E",
    "\xE9\x82\xA6\xE6\xAD\xA3",
};

static const char* const t360[] = {
    "\xE9\xB8\xA1",
};

static const char* const t361[] = {
    "\xE5\xAE\xA4",
    "\xE8\x96\xAA\xE5\xB0\x9D\xE8\x83\x86",
};

static const char* const t362[] = {
    "\xE7\x94\x9F",
    "\xE6\x98\x9F",
    "\xE5\xA3\xAB",
    "\xE7\x94\x9F\xE9\x83\xA8",
    "\xE5\x85\xB5",
    "\xE9\x98\x9F",
    "\xE5\x9B\xBD",
    "\xE5\x86\x95",
    "\xE6\xA0\xA1",
    "\xE9\x93\x81",
    "\xE6\x98\xA5\xE5\x8D\x8E",
};

static const char* const t363[] = {
    "\xE5\xBA\xA6",
    "\xE8\xB1\xA1",
    "\xE5\x88\xB7",
    "\xE5\xBA\xA6\xE6\xB4\x8B",
    "\xE5\xB0\xBC",
    "\xE7\xAC\xAC\xE5\xAE\x89\xE4\xBA\xBA",
    "\xE5\xBA\xA6\xE6\x95\x99",
    "\xE5\xBA\xA6\xE4\xBA\xBA",
    "\xE8\xAE\xB0",
    "\xE8\xAF\x81",
    "\xE5\xBA\xA6\xE6\xB2\xB3",
    "\xE6\xAC\xA7\xE8\xAF\xAD",
    "\xE7\xAC\xAC\xE5\xAE\x89",
    "\xE7\xAB\xA0",
};

static const char* const t364[] = {
    "\xE6\x9C\xBA",
    "\xE9\x99\xA9",
    "\xE5\xAE\xB3",
    "\xE6\x80\xA5",
    "\xE9\x9A\xBE",
    "\xE5\x8F\x8A",
    "\xE5\x93\x81",
    "\xE4\xBA\xA1",
    "\xE9\x99\xA9\xE6\x80\xA7",
};

static const char* const t365[] = {
    "\xE4\xBD\xBF",
    "\xE5\xB0\x86",
    "\xE4\xBE\xBF",
    "\xE4\xBD\x8D",
    "\xE5\x8F\xAF",
    "\xE6\x97\xA5",
    "\xE5\x88\xBB",
    "\xE6\x97\xB6",
    "\xE4\xBB\xA4",
};

static const char* const t366[] = {
    "\xE6\x98\xAF",
    "\xE8\xAF\xB4",
};

static const char* const t367[] = {
    "\xE5\xB7\xA2",
};

static const char* const t368[] = {
    "\xE8\xB5\xB7",
    "\xE5\x85\xA5",
    "\xE7\x83\x9F",
    "\xE5\xAE\x97",
};

static const char* const t369[] = {
    "\xE5\x95\x86",
    "\xE9\x95\xBF",
    "\xE5\xAE\xB6",
    "\xE6\x88\xBF",
    "\xE9\x87\x8C",
};

static const char* const t370[] = {
    "\xE7\x93\x9C\xE5\xA4\x9A\xE5\xB0\x94",
};

static const char* const t371[] = {
    "\xE9\x95\xBF",
    "\xE5\xA0\x82",
};

static const char* const t372[] = {
    "\xE5\x8F\xB2",
    "\xE4\xBB\xA3",
    "\xE6\x9D\xA5",
    "\xE6\x97\xB6",
    "\xE4\xBB\xBB",
    "\xE7\xBB\x8F",
    "\xE7\xA8\x8B",
    "\xE5\x8F\xB2\xE6\x80\xA7",
    "\xE5\xB1\x8A",
    "\xE5\xB9\xB4",
    "\xE5\x8F\xB2\xE5\xAD\xA6\xE5\xAE\xB6",
    "\xE6\xB3\x95",
    "\xE6\xAC\xA1",
};

static const char* const t373[] = {
    "\xE5\xAE\xB3",
    "\xE5\xA3\xB0",
    "\xE6\x97\xA0\xE7\x95\x8F",
};

static const char* const t374[] = {
    "\xE5\x8A\x9B",
    "\xE8\xBF\xAB",
    "\xE7\xBC\xA9",
    "\xE5\x88\xB6",
    "\xE6\x8A\x91",
    "\xE4\xBD\x8E",
    "\xE5\x80\x92",
    "\xE6\xA0\xB9\xE5\x84\xBF",
    "\xE5\xBC\xBA",
};

static const char* const t375[] = {
    "\xE6\x81\xB6",
    "\xE7\x83\xA6",
    "\xE5\x80\xA6",
};

static const char* const t376[] = {
    "\xE6\x89\x80",
};

static const char* const t377[] = {
    "\xE7\xB1\xB3",
};

static const char* const t378[] = {
    "\xE5\xBA\xA6",
    "\xE5\x8E\x9A\xE7\x9A\x84",
    "\xE9\x87\x8D",
};

static const char* const t379[] = {
    "\xE6\x9D\xA5",
    "\xE5\x9B\xA0",
    "\xE5\x88\x99",
    "\xE6\x96\x99",
    "\xE5\xA7\x8B",
    "\xE7\xA7\x8D",
    "\xE7\x90\x86",
    "\xE5\xAD\x90",
    "\xE6\x9C\x89",
    "\xE6\x9C\xAC",
    "\xE5\x90\x8D",
    "\xE5\x85\x88",
    "\xE7\xA7\x8D\xE5\x9C\xBA",
    "\xE6\x9D\x90\xE6\x96\x99",
    "\xE6\xB2\xB9",
    "\xE8\xB0\x85",
    "\xE5\xAD\x90\xE5\xBC\xB9",
    "\xE5\x9C\xB0",
    "\xE5\xAD\x90\xE6\xA0\xB8",
    "\xE5\x9E\x8B",
    "\xE5\x91\x8A",
    "\xE5\xAE\x9A",
    "\xE5\x88\x99\xE4\xB8\x8A",
    "\xE6\x96\x87",
    "\xE5\x9D\x80",
    "\xE5\xAD\x90\xE8\x83\xBD",
    "\xE4\xBA\xA7",
    "\xE6\x9D\xA5\xE5\xA6\x82\xE6\xAD\xA4",
    "\xE6\x84\x8F",
    "\xE7\xB1\x8D",
    "\xE5\xA7\x8B\xE7\xA4\xBE\xE4\xBC\x9A",
    "\xE9\x87\x8E",
    "\xE5\xAD\x90\xE9\x87\x8F",
    "\xE4\xBB\xB6",
    "\xE5\x88\x9B",
    "\xE5\xA7\x94",
};

static const char* const t380[] = {
    "\xE6\x88\xBF",
};

static const char* const t381[] = {
    "\xE9\x97\xA8",
};

static const char* const t382[] = {
    "\xE6\x88\xBF",
    "\xE5\xB8\x88",
};

static const char* const t383[] = {
    "\xE6\x9D\x80",
};

static const char* const t384[] = {
    "\xE5\xB9\xB4",
    "\xE4\xB8\x96",
    "\xE8\xBF\x87",
    "\xE5\xA4\x84",
    "\xE8\xB7\xAF",
    "\xE5\x8F\x96",
    "\xE5\x90\x91",
    "\xE6\x8E\x89",
    "\xE9\x99\xA4",
};

static const char* const t385[] = {
    "\xE7\xBA\xA7",
    "\xE9\x95\xBF",
    "\xE5\xB8\x82",
    "\xE5\x9F\x8E",
    "\xE5\xA7\x94",
    "\xE7\xBA\xA7\xE5\xB8\x82",
    "\xE6\x94\xBF\xE5\xBA\x9C",
    "\xE5\xA2\x83",
    "\xE5\xB8\x82\xE5\x8C\xBA",
    "\xE5\xBA\x9C",
    "\xE9\x87\x8C",
    "\xE5\x9F\x9F",
    "\xE4\xBB\xA4",
    "\xE4\xB8\x8A",
};

static const char* const t386[] = {
    "\xE5\x8A\xA0",
    "\xE4\xB8\x8E",
    "\xE8\x80\x83",
    "\xE8\xA7\x82",
    "\xE6\x95\xB0",
    "\xE8\xAE\xAE\xE9\x99\xA2",
    "\xE8\xB0\x8B",
    "\xE8\xB0\x8B\xE9\x95\xBF",
    "\xE8\xB5\x9B",
    "\xE8\xA7\x81",
    "\xE8\xB5\x9E",
    "\xE7\x85\xA7",
    "\xE6\x88\x98",
    "\xE5\x86\x9B",
    "\xE5\xB1\x95",
    "\xE6\x94\xBF",
    "\xE5\xB7\xAE",
    "\xE9\xA2\x84",
};

static const char* const t387[] = {
    "\xE7\xA7\xB0",
    "\xE5\x90\x8D",
    "\xE6\x83\x8A\xE5\x8F\x88\xE5\x96\x9C",
};

static const char* const t388[] = {
    "\xE5\x85\xB6",
    "\xE6\x97\xB6",
    "\xE8\x87\xB3",
    "\xE6\x97\xA9",
};

static const char* const t389[] = {
    "\xE5\xA5\xBD",
    "\xE8\xB0\x8A",
    "\xE4\xBA\xBA",
    "\xE6\x83\x85",
    "\xE7\x88\xB1",
};

static const char* const t390[] = {
    "\xE6\x96\xB9",
    "\xE6\x89\x8B",
    "\xE7\x9C\xBC",
    "\xE7\x9B\xAE",
    "\xE6\x8B\xA5",
    "\xE5\x96\x9C",
    "\xE8\xBE\xB9",
    "\xE8\x87\x82",
    "\xE9\x87\x8D",
    "\xE8\x85\xBF",
    "\xE5\x84\xBF",
    "\xE8\x84\x9A",
    "\xE5\x8F\x8C",
    "\xE5\x90\x91",
    "\xE6\x89\x93",
    "\xE6\xA1\xA5",
    "\xE6\xB9\x96",
    "\xE5\xB1\x82",
    "\xE6\x98\x9F",
    "\xE4\xBA\xB2",
    "\xE5\x88\x80",
    "\xE6\xB0\xB4\xE6\x9D\x91",
    "\xE4\xBA\xBA",
};

static const char* const t391[] = {
    "\xE5\xAF\xB9",
    "\xE5\xBA\x94",
    "\xE6\x98\xA0",
    "\xE8\x80\x8C",
    "\xE5\xA4\x8D",
    "\xE6\x8A\x97",
    "\xE5\x8A\xA8",
    "\xE6\xAD\xA3",
    "\xE5\x87\xBB",
    "\xE9\x9D\xA9\xE5\x91\xBD",
    "\xE5\xB0\x84",
    "\xE5\xB8\x9D",
    "\xE5\x80\x92",
    "\xE4\xB9\x8B",
    "\xE5\x8A\xA8\xE6\xB4\xBE",
    "\xE6\xBD\x9C",
    "\xE5\x85\xB1",
    "\xE6\x94\xBB",
    "\xE6\x80\x9D",
    "\xE6\x89\x8B",
    "\xE9\xA6\x88",
    "\xE6\x84\x9F",
    "\xE5\x93\x8D",
    "\xE5\xBC\xB9",
    "\xE9\xA9\xB3",
    "\xE8\xBF\x87\xE6\x9D\xA5",
    "\xE6\x81\x90",
    "\xE5\xB8\xB8",
    "\xE5\x8F\x9B",
    "\xE5\x80\xBE\xE9\x94\x80",
    "\xE7\x9C\x81",
    "\xE5\xAF\xB9\xE6\xB4\xBE",
    "\xE9\x9D\xA2",
    "\xE8\xB4\xBC",
    "\xE5\xAF\xB9\xE5\x85\x9A",
    "\xE5\xAF\xBC",
    "\xE5\xAF\xB9\xE7\xA5\xA8",
};

static const char* const t392[] = {
    "\xE5\xB1\x95",
    "\xE7\x8E\xB0",
    "\xE7\x94\x9F",
    "\xE8\xA8\x80\xE4\xBA\xBA",
    "\xE8\xA1\xA8",
    "\xE5\xB8\x83",
    "\xE6\x8C\xA5",
    "\xE5\x87\xBA",
    "\xE8\xBE\xBE",
    "\xE5\x8A\xA8",
    "\xE5\xB0\x84",
    "\xE5\xB8\x83\xE4\xBC\x9A",
    "\xE8\x82\xB2",
    "\xE8\xA1\x8C",
    "\xE6\x98\x8E",
    "\xE5\x8A\xA8\xE6\x9C\xBA",
    "\xE8\xB5\xB7",
    "\xE6\x8E\x98",
    "\xE8\xA8\x80",
    "\xE6\x94\xBE",
    "\xE8\xBE\xBE\xE5\x9B\xBD\xE5\xAE\xB6",
    "\xE4\xBD\x9C",
    "\xE5\x85\x89",
    "\xE7\x97\x85",
    "\xE8\xA7\x89",
    "\xE7\x94\xB5",
    "\xE6\x89\xAC",
    "\xE6\x8A\x96",
    "\xE9\x80\x81",
    "\xE5\xB1\x95\xE8\xA7\x82",
    "\xE4\xBF\xA1",
    "\xE6\xBA\x90\xE5\x9C\xB0",
    "\xE4\xBF\xA1\xE4\xBA\xBA",
    "\xE5\xB1\x95\xE5\x8F\xB2",
    "\xE7\xBB\x99",
    "\xE6\xB3\x84",
    "\xE6\xBA\x90",
    "\xE7\xA5\xA5\xE5\x9C\xB0",
    "\xE7\x83\xAD",
    "\xE9\x85\xB5",
    "\xE8\xB4\xA2",
    "\xE7\x97\x85\xE7\x8E\x87",
    "\xE8\xB5\xB7\xE4\xBA\xBA",
    "\xE7\x94\xB5\xE6\x9C\xBA",
    "\xE9\x9F\xB3",
    "\xE5\xB0\x84\xE5\x99\xA8",
    "\xE8\x84\xBE\xE6\xB0\x94",
    "\xE8\xAA\x93",
    "\xE6\x84\x81",
    "\xE8\x87\xAA",
    "\xE7\x94\x9F\xE5\x9C\xB0",
    "\xE6\x80\x92",
    "\xE9\x9A\xBE",
    "\xE7\xA5\xA8",
    "\xE7\x96\xAF",
    "\xE5\xB8\x83\xE6\x9D\x83",
    "\xE4\xBA\xAE",
    "\xE7\x83\xA7",
    "\xE5\x85\xB5",
    "\xE5\x8F\xB7\xE6\x96\xBD\xE4\xBB\xA4",
    "\xE5\xAE\xA1\xE5\xA7\x94",
    "\xE5\xB8\x83\xE5\x8E\x85",
    "\xE8\xA1\x8C\xE9\x87\x8F",
    "\xE5\xB0\x84\xE6\x9E\xB6",
    "\xE6\x9D\xA5",
    "\xE7\x90\x83",
};

static const char* const t393[] = {
    "\xE5\x8F\x94",
    "\xE6\x83\xA0",
    "\xE7\x88\xB6",
};

static const char* const t394[] = {
    "\xE5\xBE\x97",
    "\xE6\xB6\x88",
    "\xE5\x87\xBA",
    "\xE4\xBB\xA3",
    "\xE5\x86\xB3",
    "\xE8\x83\x9C",
    "\xE5\x90\x8D",
    "\xE7\xBB\x8F",
    "\xE6\x9D\x90",
    "\xE7\xBC\x94",
    "\xE5\x86\xB3\xE4\xBA\x8E",
    "\xE5\x90\x91",
    "\xE6\x9A\x96",
    "\xE7\xAC\x91",
    "\xE9\xA3\x9F",
    "\xE8\x88\x8D",
};

static const char* const t395[] = {
    "\xE5\x88\xB0",
    "\xE4\xBC\xA4",
    "\xE5\x91\xBD",
    "\xE7\x90\x86",
    "\xE8\xBF\x87",
    "\xE4\xB8\x8D\xE4\xBA\x86",
    "\xE7\x9B\x8A",
    "\xE7\x83\xAD",
    "\xE8\xB4\xBF",
    "\xE6\x8D\x9F",
    "\xE4\xBD\x93",
    "\xE8\xAE\xBF\xE8\x80\x85",
    "\xE5\xAE\xB3\xE8\x80\x85",
    "\xE5\x88\x91",
    "\xE4\xBC\x97",
    "\xE8\x8B\xA6",
    "\xE7\x94\xA8",
    "\xE9\x98\xBB",
    "\xE7\xBD\x9A",
};

static const char* const t396[] = {
    "\xE5\x8C\x96",
    "\xE6\x88\x90",
    "\xE5\xBE\x97",
    "\xE9\x9D\xA9",
    "\xE5\x8A\xA8",
    "\xE4\xB8\xBA",
    "\xE6\x9B\xB4",
    "\xE9\x87\x8F",
    "\xE8\xBF\x81",
    "\xE5\xBD\xA2",
    "\xE6\x8D\xA2",
    "\xE6\x80\x81",
    "\xE8\xB4\xA8",
    "\xE6\xB3\x95",
    "\xE5\xBC\x82",
    "\xE8\xB4\xA8\xE5\xB2\xA9",
    "\xE6\x95\x85",
    "\xE8\x89\xB2",
    "\xE5\xBA\x9F\xE4\xB8\xBA\xE5\xAE\x9D",
    "\xE5\xB9\xBB",
    "\xE5\x8E\x8B\xE5\x99\xA8",
    "\xE7\x9B\xB8",
    "\xE7\xA7\x8D",
};

static const char* const t397[] = {
    "\xE8\xBF\xB0",
    "\xE5\x88\xA9\xE4\xBA\x9A",
    "\xE4\xBA\x8B",
};

static const char* const t398[] = {
    "\xE4\xB9\xB1",
    "\xE5\xBE\x92",
    "\xE5\x8F\x98",
    "\xE5\x86\x9B",
    "\xE9\x80\x86",
};

static const char* const t399[] = {
    "\xE5\x8A\xA0",
};

static const char* const t400[] = {
    "\xE5\x91\xB3",
    "\xE5\xBE\x84",
    "\xE5\x8F\xB7",
    "\xE4\xB8\xAD",
    "\xE6\xB0\x94",
    "\xE8\xA2\x8B",
    "\xE5\xAD\x90",
    "\xE8\x85\x94",
    "\xE9\x9F\xB3",
    "\xE9\x87\x8C",
    "\xE5\xA4\xB4",
    "\xE5\xB2\xB8",
    "\xE5\x90\xBB",
    "\xE6\x9C\x8D",
    "\xE8\xAF\xAD",
    "\xE8\xAF\x80",
    "\xE5\x8F\xA3\xE5\xA3\xB0\xE5\xA3\xB0",
};

static const char* const t401[] = {
    "\xE4\xBB\xA3",
    "\xE8\x80\x81",
    "\xE5\xA2\x93",
    "\xE5\x9F\x8E",
    "\xE5\xBB\xBA\xE7\xAD\x91",
    "\xE6\x80\xAA",
    "\xE8\xBF\xB9",
    "\xE4\xBA\xBA",
    "\xE5\x85\xB8",
    "\xE5\xB7\xB4",
    "\xE4\xBB\x8A",
    "\xE5\xB8\x8C\xE8\x85\x8A",
    "\xE9\x83\xBD",
    "\xE7\xA7\xB0",
    "\xE7\xB1\x8D",
    "\xE6\x96\x87",
    "\xE7\x89\xA9",
    "\xE7\x94\xB0",
    "\xE6\x97\xB6",
    "\xE4\xBA\xBA\xE7\xB1\xBB",
    "\xE6\x96\x87\xE5\x8C\x96",
    "\xE7\xBD\x97\xE9\xA9\xAC",
    "\xE8\x91\xA3",
    "\xE5\xA2\x93\xE7\xBE\xA4",
    "\xE8\xAF\x97",
    "\xE9\x95\x87",
    "\xE7\x90\xB4\xE5\x8F\xB0",
    "\xE5\xB1\xB1",
    "\xE9\x9A\x86\xE4\xB8\xAD",
    "\xE6\x9C\x88",
    "\xE4\xB8\x89\xE5\x9B\xBD",
    "\xE5\x8D\x8E\xE5\xAE\xB9",
    "\xE9\x95\xBF\xE5\xA0\xA4",
    "\xE5\xB0\xB8",
    "\xE7\x8E\xA9",
    "\xE6\x9C\xB4",
};

static const char* const t402[] = {
    "\xE5\xAD\x90",
};

static const char* const t403[] = {
    "\xE5\xA4\x96",
    "\xE4\xB8\x80\xE6\x96\xB9\xE9\x9D\xA2",
    "\xE8\xA1\x8C",
};

static const char* const t404[] = {
    "\xE5\xA4\xB4",
};

static const char* const t405[] = {
    "\xE8\xA6\x81",
    "\xE8\xA7\x81",
    "\xE8\x83\xBD",
    "\xE6\x9C\x89",
    "\xE5\xA5\xBD",
    "\xE6\x98\xAF",
    "\xE5\xBE\x97",
    "\xE6\x80\x95",
    "\xE4\xB8\x8D\xE8\xBF\x87",
    "\xE7\xAE\xA1",
    "\xE9\xA1\xBE",
    "\xE6\xB1\x82",
    "\xE7\x94\xA8",
    "\xE5\xBD\x93",
    "\xE6\xAD\xA4\xE4\xB8\x80\xE5\xAE\xB6",
};

static const char* const t406[] = {
    "\xE5\x81\x9A",
    "\xE4\xBD\x9C",
    "\xE5\xA3\xB0",
    "\xE5\x8D\x96",
    "\xE5\x8C\x96",
    "\xE5\x96\x8A",
    "\xE5\xA5\xBD",
    "\xE5\x9A\xB7",
    "\xE5\x94\xA4",
};

static const char* const t407[] = {
    "\xE5\xBC\x80",
    "\xE9\x9B\x86",
    "\xE8\xA7\x81",
    "\xE5\x9B\x9E",
    "\xE5\x94\xA4",
};

static const char* const t408[] = {
    "\xE5\x98\xB1",
};

static const char* const t409[] = {
    "\xE4\xBB\xA5",
    "\xE8\x83\xBD",
    "\xE6\x98\xAF",
    "\xE6\x83\x9C",
    "\xE8\xA7\x81",
    "\xE6\x80\x95",
    "\xE6\x80\x9C",
    "\xE7\x94\xA8",
    "\xE8\x83\xBD\xE6\x80\xA7",
    "\xE9\x9D\xA0",
    "\xE8\xB0\x93",
    "\xE4\xB8\x8D",
    "\xE4\xB8\x8D\xE6\x98\xAF",
    "\xE7\x88\xB1",
    "\xE5\x8F\x98\xE8\xB5\x84\xE6\x9C\xAC",
    "\xE7\x9F\xA5",
    "\xE6\xAF\x94",
    "\xE7\xAC\x91",
    "\xE5\x8F\xA3",
    "\xE8\xA1\x8C",
    "\xE5\x8F\xAF",
    "\xE9\x9D\xA0\xE6\x80\xA7",
    "\xE6\x83\xB3\xE8\x80\x8C\xE7\x9F\xA5",
    "\xE8\xA7\x82",
    "\xE8\xAF\xB4\xE6\x98\xAF",
    "\xE5\x96\x9C",
    "\xE7\x96\x91",
    "\xE8\xA1\x8C\xE6\x80\xA7",
    "\xE8\xA8\x80",
    "\xE6\x9C\x9B",
    "\xE5\x8F\x96",
    "\xE6\x81\xB6",
    "\xE4\xBF\xA1",
    "\xE6\x80\x96",
    "\xE6\xAF\x94\xE4\xBB\xB7",
    "\xE5\x90\xA6",
    "\xE8\xB4\xB5",
    "\xE5\xA5\xBD",
    "\xE9\x80\x86",
    "\xE8\xA7\x81\xE5\x85\x89",
};

static const char* const t410[] = {
    "\xE6\xB9\xBE",
    "\xE4\xB8\x8A",
    "\xE9\x98\xB6",
    "\xE4\xB8\x8B",
    "\xE6\xB9\xBE\xE7\x9C\x81",
    "\xE5\x8C\x97",
    "\xE7\x8B\xAC",
    "\xE5\x9C\xB0",
    "\xE6\xB5\xB7",
    "\xE5\x9F\xBA",
    "\xE9\xA3\x8E",
    "\xE5\x89\x8D",
    "\xE7\xAB\x99",
    "\xE5\xA4\xA7",
};

static const char* const t411[] = {
    "\xE6\x96\x99",
    "\xE5\xAD\xA6",
    "\xE4\xB9\xA6",
    "\xE8\xAE\xB0",
    "\xE8\xAF\x97",
    "\xE5\x86\x8C",
    "\xE5\xA4\xA9\xE9\x9B\x84",
    "\xE5\xAE\x9E",
    "\xE5\x8F\xAF\xE6\xB3\x95",
    "\xE6\x96\xB9",
    "\xE7\xB1\x8D",
    "\xE5\x89\x8D",
    "\xE5\xAD\xA6\xE5\xAE\xB6",
    "\xE5\xAF\x86\xE6\x96\xAF",
};

static const char* const t412[] = {
    "\xE6\x89\x8B",
    "\xE6\xB4\xBE",
    "\xE8\xBE\xB9",
    "\xE5\x80\xBE",
    "\xE4\xBE\xA7",
    "\xE8\x87\x82",
    "\xE7\xBF\xBC",
    "\xE6\x8E\x8C",
    "\xE8\x85\xBF",
    "\xE8\x84\x9A",
};

static const char* const t413[] = {
    "\xE5\xAD\x90",
    "\xE5\xA4\xA7\xE9\xB9\xB0",
    "\xE8\x8E\xB2\xE5\xAD\x90",
    "\xE7\x89\x87",
    "\xE5\x89\x91\xE8\x8B\xB1",
    "\xE7\xA2\xA7\xE7\xA7\x8B",
    "\xE5\x90\x9B\xE5\x81\xA5",
    "\xE5\xA6\x82\xE6\xA3\xA0",
    "\xE6\xB5\xB7\xE5\xB3\xB0",
    "\xE4\xBA\x8C\xE5\xA8\x98",
};

static const char* const t414[] = {
    "\xE7\xA7\xB0",
    "\xE5\x8F\xAC",
    "\xE7\xA0\x81",
    "\xE4\xBB\xA4",
    "\xE8\xA7\x92",
};

static const char* const t415[] = {
    "\xE6\xB3\x95",
    "\xE4\xBB\xA4",
    "\xE4\xBB\xA4\xE9\x83\xA8",
    "\xE6\x9C\xBA",
    "\xE4\xBB\xA4\xE5\x91\x98",
    "\xE9\x95\xBF",
    "\xE9\xA9\xAC",
    "\xE7\xA4\xBC\xE7\x9B\x91",
    "\xE6\xB3\x95\xE9\x83\xA8",
    "\xE7\xA9\xBA",
    "\xE9\xA9\xAC\xE4\xB9\x89",
    "\xE9\xA9\xAC\xE6\x87\xBF",
    "\xE5\xBE\x92",
};

static const char* const t416[] = {
    "\xE6\x81\xAF",
    "\xE6\xB0\x94",
};

static const char* const t417[] = {
    "\xE9\xA5\xAD",
    "\xE6\x83\x8A",
    "\xE6\xB3\x95",
    "\xE6\x8E\x89",
    "\xE5\x96\x9D",
    "\xE9\x85\x92",
    "\xE4\xBA\x8F",
    "\xE8\x8B\xA6",
    "\xE8\x8D\xAF",
};

static const char* const t418[] = {
    "\xE7\xA7\x8D",
    "\xE7\xBA\xA7",
    "\xE5\x9C\xB0",
    "\xE4\xB8\xAA",
    "\xE5\x9B\xBD",
    "\xE9\xA1\xB9",
    "\xE8\x87\xAA",
    "\xE7\xB1\xBB",
    "\xE9\x83\xA8",
    "\xE7\x9C\x81",
    "\xE4\xBD\x8D",
    "\xE4\xBA\xBA",
    "\xE7\x95\x8C",
    "\xE6\x97\x8F",
    "\xE6\xA0\xA1",
    "\xE5\xAE\xB6",
    "\xE5\xB8\x82",
    "\xE6\xB4\xBE",
    "\xE6\x96\xB9",
    "\xE5\xA4\x84",
    "\xE8\xB7\xAF",
    "\xE7\xA7\x8D\xE5\x90\x84\xE6\xA0\xB7",
    "\xE5\xB7\x9E",
    "\xE5\x88\xAB",
    "\xE5\xBC\x82",
    "\xE9\x97\xA8",
    "\xE5\x9E\x8B",
    "\xE5\xAE\xB6\xE5\x90\x84\xE6\x88\xB7",
    "\xE5\x8F\xB8\xE5\x85\xB6\xE8\x81\x8C",
    "\xE6\x9D\xA1",
    "\xE8\x89\xB2",
    "\xE5\x85\xB7\xE7\x89\xB9\xE8\x89\xB2",
    "\xE5\x8E\xBF",
    "\xE5\xBC\x8F\xE5\x90\x84\xE6\xA0\xB7",
    "\xE5\xBC\x8F",
};

static const char* const t419[] = {
    "\xE5\x96\x9D",
};

static const char* const t420[] = {
    "\xE4\xBD\x9C",
    "\xE7\x90\x86",
    "\xE5\x90\x8C",
    "\xE6\xB3\x95",
    "\xE5\xB9\xB6",
    "\xE9\x80\x82",
    "\xE6\x88\x90",
    "\xE6\xA0\xBC",
    "\xE4\xB9\x8E",
    "\xE9\x87\x91",
    "\xE8\xB5\x84",
    "\xE8\xAE\xA1",
    "\xE5\x8A\x9B",
    "\xE8\x90\xA5",
    "\xE4\xB8\x80",
    "\xE8\x82\xA5",
    "\xE4\xBD\x9C\xE7\xA4\xBE",
    "\xE7\xA7\xB0",
    "\xE8\x91\xAC",
    "\xE5\xBD\xB1",
    "\xE5\x8D\x81",
    "\xE8\x91\xAC\xE5\xA2\x93",
    "\xE5\x85\xB4",
    "\xE5\x94\xB1\xE5\x9B\xA2",
    "\xE4\xBC\x99",
    "\xE5\x94\xB1",
    "\xE4\xB8\xBA",
};

static const char* const t421[] = {
    "\xE7\xA5\xA5",
    "\xE6\x9E\x97\xE7\x9C\x81",
    "\xE5\x88\xA9",
    "\xE6\x99\xAE\xE8\xBD\xA6",
    "\xE4\xBD\xA9\xE5\xAE\x9A",
    "\xE6\x96\xB0\xE9\xB9\x8F",
    "\xE5\xB0\xBC\xE7\x8E\x9B",
    "\xE8\xB1\xA1",
    "\xE8\xB1\xA1\xE7\x89\x8C",
    "\xE7\xB1\xB3",
};

static const char* const t422[] = {
    "\xE8\x84\x9A\xE6\xA5\xBC",
    "\xE8\x88\xB1",
    "\xE6\xA1\xA5",
};

static const char* const t423[] = {
    "\xE6\x97\xB6",
    "\xE5\xBF\x97",
    "\xE6\xA0\xB7",
    "\xE6\x84\x8F",
    "\xE5\xAD\xA6",
    "\xE4\xB8\x80",
    "\xE5\xB9\xB4",
    "\xE4\xBA\x8B",
    "\xE6\xAF\x94",
    "\xE6\x9C\x9F",
    "\xE8\x83\x9E",
    "\xE7\x9B\x9F",
    "\xE6\x83\x85",
    "\xE6\xAD\xA5",
    "\xE4\xB8\x80\xE4\xB8\xAA",
    "\xE7\xAD\x89",
    "\xE4\xB9\x89\xE8\xAF\x8D",
    "\xE8\xA1\x8C",
    "\xE7\xB1\xBB",
    "\xE4\xBC\xB4",
    "\xE5\xB7\xA5\xE5\x90\x8C\xE9\x85\xAC",
    "\xE6\xB2\xBB",
    "\xE7\xBA\xA7",
    "\xE4\xBD\x8D\xE7\xB4\xA0",
    "\xE5\xA3\xB0",
    "\xE7\x9B\x9F\xE4\xBC\x9A",
    "\xE9\x97\xA8",
    "\xE5\xB1\x85",
    "\xE6\x97\xA5",
    "\xE5\x90\x8D",
    "\xE5\xBF\x83",
    "\xE5\x83\x9A",
    "\xE5\xBD\x92\xE4\xBA\x8E\xE5\xB0\xBD",
};

static const char* const t424[] = {
    "\xE7\xA7\xB0",
    "\xE5\xAD\x97",
    "\xE5\x8F\xAB",
    "\xE7\x89\x8C",
    "\xE5\x9F\x8E",
    "\xE5\x8D\x95",
    "\xE9\xA2\x9D",
    "\xE7\x89\x87",
    "\xE4\xB9\x89",
    "\xE8\xB4\xB5",
    "\xE8\x83\x9C\xE5\x8F\xA4\xE8\xBF\xB9",
    "\xE4\xB8\xBA",
    "\xE8\xAF\x8D",
    "\xE4\xBA\xBA",
    "\xE8\x83\x9C\xE5\x8C\xBA",
    "\xE8\x83\x9C",
    "\xE8\xAA\x89",
    "\xE8\x8C\xB6",
    "\xE5\x89\xAF\xE5\x85\xB6\xE5\xAE\x9E",
    "\xE5\xB0\x86",
    "\xE5\x88\x97",
    "\xE5\xA3\xB0",
    "\xE4\xBC\x98",
    "\xE5\xAE\xB6",
    "\xE6\xAC\xA1",
    "\xE5\xB1\xB1",
    "\xE4\xBD\x8D",
    "\xE5\xB8\x88",
    "\xE5\x88\x97\xE5\x89\x8D\xE8\x8C\x85",
    "\xE6\xB0\x94",
    "\xE5\xA4\xB4",
    "\xE8\x91\x97",
    "\xE6\x9B\xB0",
    "\xE9\x97\xBB\xE9\x81\x90\xE8\xBF\xA9",
    "\xE5\xA3\xAB",
    "\xE6\x9C\x9B",
    "\xE7\x89\xB9\xE4\xBC\x98",
    "\xE5\xBD\x95",
    "\xE6\xA0\xA1",
    "\xE8\xA8\x80",
    "\xE5\xA0\x82",
    "\xE5\x88\xA9",
    "\xE7\x9B\xAE",
};

static const char* const t425[] = {
    "\xE6\x9D\xA5",
    "\xE9\x9D\xA2",
    "\xE8\x80\x85",
    "\xE6\x9C\x9F",
    "\xE6\x9E\x9C",
    "\xE5\x8B\xA4",
    "\xE4\xBB\xA3",
    "\xE4\xB8\x96",
    "\xE4\xBA\xBA",
    "\xE6\x82\x94",
    "\xE8\xBE\xB9",
    "\xE8\xA3\x94",
    "\xE5\xAE\xAB",
    "\xE9\x80\x80",
    "\xE6\x96\xB9",
    "\xE5\xA4\x87",
    "\xE5\x8D\xAB",
    "\xE9\x83\xA8",
    "\xE7\xBB\xAD",
    "\xE5\x8A\xB2",
    "\xE9\x99\xA2",
    "\xE4\xBB\xBB",
    "\xE5\xA4\xA9",
    "\xE9\x97\xA8",
    "\xE5\x8F\xB0",
    "\xE9\x87\x91",
    "\xE5\xA4\xB4",
    "\xE8\x83\x8C",
    "\xE5\xB8\x82",
    "\xE9\xAD\x8F",
    "\xE4\xB8\xBB",
    "\xE7\x94\x9F",
    "\xE6\xB9\x96",
    "\xE6\xB2\xB3",
    "\xE5\x94\x90",
    "\xE5\xA6\x83",
    "\xE5\xA0\x82",
    "\xE5\xB1\xB1",
    "\xE5\x9C\xBA",
    "\xE7\xA7\xBB",
};

static const char* const t426[] = {
    "\xE9\x83\xA8",
};

static const char* const t427[] = {
    "\xE8\x95\x83",
    "\xE9\x9C\xB2",
    "\xE9\xB2\x81\xE7\x95\xAA",
};

static const char* const t428[] = {
    "\xE5\x89\x8D",
    "\xE6\x9D\xA5",
    "\xE5\xBE\x80",
    "\xE4\xB8\x9C",
    "\xE4\xB8\x8A",
    "\xE7\x9D\x80",
    "\xE4\xB8\x8B",
    "\xE9\x98\xB3",
    "\xE5\xAF\xBC",
    "\xE5\xBF\xA0\xE5\x8F\x91",
    "\xE9\x87\x8F",
};

static const char* const t429[] = {
    "\xE5\x9D\x8F",
    "\xE5\x94\xAC",
    "\xE4\xBA\xBA",
    "\xE5\x80\x92",
};

static const char* const t430[] = {
    "\xE5\xB8\x83",
    "\xE5\xBF\xA0\xE6\xA2\x85",
};

static const char* const t431[] = {
    "\xE4\xB8\xBB",
    "\xE7\x8E\x8B",
    "\xE5\xAD\x90",
    "\xE8\x87\xA3",
    "\xE6\x9D\x83",
    "\xE4\xB8\xBB\xE5\x88\xB6",
};

static const char* const t432[] = {
    "\xE5\x90\x90\xE9\x87\x8F",
    "\xE5\xB9\xB6",
    "\xE5\x99\xAC",
};

static const char* const t433[] = {
    "\xE5\x88\x99",
    "\xE5\xAE\x9A",
    "\xE8\xAE\xA4",
    "\xE5\x86\xB3",
};

static const char* const t434[] = {
    "\xE7\xB2\xAE\xE7\x94\xB0",
};

static const char* const t435[] = {
    "\xE5\x92\x90",
};

static const char* const t436[] = {
    "\xE9\x87\x8F",
    "\xE6\x9C\x89",
    "\xE4\xB9\x89",
    "\xE7\xB3\x8A",
    "\xE7\xAC\x91",
    "\xE8\x93\x84",
    "\xE6\x84\x8F",
    "\xE6\xB3\xAA",
};

static const char* const t437[] = {
    "\xE8\xAF\xB4",
    "\xE5\x88\xB0",
    "\xE8\xA7\x81",
    "\xE5\x8F\x96",
    "\xE5\x90\xAC",
    "\xE4\xBC\x97",
    "\xE5\x8A\x9B",
    "\xE4\xBB\x8E",
    "\xE8\xAF\x9D",
    "\xE8\xA7\x89",
    "\xE5\x80\x99",
    "\xE7\xBD\xA2",
    "\xE6\x87\x82",
};

static const char* const t438[] = {
    "\xE5\xA3\xB0",
};

static const char* const t439[] = {
    "\xE5\x8A\xA8",
    "\xE7\x94\xA8",
    "\xE5\x8F\x91",
    "\xE7\xA4\xBA",
    "\xE8\x92\x99",
    "\xE7\xA8\x8B",
    "\xE5\xBE\xB7",
    "\xE5\xA5\x8F",
};

static const char* const t440[] = {
    "\xE4\xB8\x89\xE6\xA1\x82",
    "\xE6\x91\xA9\xE8\xA5\xBF",
    "\xE6\xB1\x9D\xE4\xB9\x89",
    "\xE9\x82\xA6\xE5\x9B\xBD",
    "\xE4\xBB\xAA",
    "\xE5\xBA\x94\xE7\x86\x8A",
    "\xE6\xB7\x9E\xE5\x8F\xA3",
    "\xE9\xA6\x99\xE9\xA6\x99",
    "\xE6\xA5\x9A",
    "\xE5\x9B\xBD\xE4\xBC\xA6",
    "\xE5\xAE\x9A\xE5\xAF\x8C",
    "\xE5\x9F\xBA\xE4\xBC\xA0",
    "\xE5\xB0\x91\xE5\x8B\x8B",
    "\xE5\xBE\xB7\xE9\xA6\xA8",
    "\xE7\x87\x95\xE7\x94\x9F",
    "\xE4\xBD\xA9\xE5\xAD\x9A",
    "\xE5\x8E\xBF",
};

static const char* const t441[] = {
    "\xE6\x9E\xB6",
    "\xE9\x97\xB9",
};

static const char* const t442[] = {
    "\xE6\x94\xB6",
    "\xE5\xBC\x95",
    "\xE5\x8F\x96",
    "\xE5\xBC\x95\xE5\x8A\x9B",
    "\xE7\x83\x9F",
    "\xE9\x99\x84",
    "\xE5\x85\xA5",
    "\xE6\xAF\x92",
    "\xE7\xBA\xB3",
};

static const char* const t443[] = {
    "\xE7\x81\xAF",
};

static const char* const t444[] = {
    "\xE5\x90\x88",
};

static const char* const t445[] = {
    "\xE5\xA3\xB0",
    "\xE5\x8F\xAB",
};

static const char* const t446[] = {
    "\xE5\xAD\x90",
    "\xE5\x91\x86\xE5\x9C\xB0",
};

static const char* const t447[] = {
    "\xE7\x8E\xB0",
};

static const char* const t448[] = {
    "\xE8\xAF\x89",
    "\xE5\x88\xAB",
    "\xE8\xBE\x9E",
    "\xE7\x9F\xA5",
    "\xE7\x8A\xB6",
    "\xE8\xAF\xAB",
    "\xE7\xBB\x88",
    "\xE7\xA4\xBA",
};

static const char* const t449[] = {
    "\xE5\x96\x8A",
};

static const char* const t450[] = {
    "\xE5\x90\x90",
};

static const char* const t451[] = {
    "\xE5\xB7\xA5",
};

static const char* const t452[] = {
    "\xE5\x92\xBD",
};

static const char* const t453[] = {
    "\xE5\x9B\xB4",
    "\xE6\x81\xA9\xE6\x9D\xA5",
    "\xE6\x9C\x9F",
    "\xE8\xBE\xB9",
    "\xE5\xB9\xB4",
    "\xE4\xBC\xAF\xE9\x80\x9A",
    "\xE5\x88\x8A",
    "\xE8\xBD\xAC",
    "\xE8\x8A\xB7\xE8\x8B\xA5",
    "\xE6\x9C\xAB",
    "\xE9\x95\xBF",
    "\xE5\xB2\x81",
    "\xE5\xAF\x86",
    "\xE5\x88\xB0",
    "\xE6\x97\x8B",
    "\xE4\xBA\x8C",
    "\xE4\xBB\xB2\xE8\x8B\xB1",
    "\xE6\x9C\x9F\xE6\x80\xA7",
    "\xE8\xBA\xAB",
    "\xE5\x85\xAD",
    "\xE6\x97\xA5",
    "\xE4\xB8\x80",
    "\xE7\x91\x9C",
    "\xE5\xAE\xB6",
    "\xE4\xBA\x94",
    "\xE9\x80\xB8\xE7\xBE\xA4",
    "\xE7\xBB\xA7\xE7\xBA\xA2",
    "\xE5\x85\xA8",
    "\xE4\xBB\xA3",
    "\xE6\xAD\xA3\xE5\xBA\x86",
    "\xE7\xA4\xBC",
    "\xE5\x9D\xA4\xE4\xBB\x81",
    "\xE7\xBA\xAF\xE5\x85\xA8",
    "\xE4\xBC\xA0\xE9\x9B\x84",
    "\xE5\x9F\xB9\xE5\x85\xAC",
    "\xE5\xAE\xB6\xE6\xB9\x96",
    "\xE5\xB0\x91\xE6\xB3\xA2",
    "\xE6\xA3\xAE\xE9\x94\x8B",
    "\xE7\x8E\x89\xE6\xB8\x85",
    "\xE4\xB8\x89",
    "\xE5\x9B\x9B",
    "\xE8\xAF\xA6",
};

static const char* const t454[] = {
    "\xE9\x81\x93",
    "\xE5\x84\xBF",
};

static const char* const t455[] = {
    "\xE5\x90\x9F",
};

static const char* const t456[] = {
    "\xE5\x90\xB8",
    "\xE5\x90\x81",
    "\xE5\xA3\xB0",
    "\xE5\x94\xA4",
    "\xE5\x8F\xAB",
    "\xE5\x91\xBC",
    "\xE5\x96\x8A",
    "\xE5\x95\xB8",
    "\xE5\xBB\xB6",
    "\xE5\x90\xB8\xE9\x81\x93",
    "\xE5\x96\x9D",
    "\xE5\xBA\x94",
    "\xE5\x92\x8C\xE6\xB5\xA9\xE7\x89\xB9",
    "\xE6\x95\x91",
};

static const char* const t457[] = {
    "\xE4\xBB\xA4",
    "\xE8\xBF\x90",
    "\xE5\x90\x8D",
    "\xE9\xA2\x98",
    "\xE4\xB8\xAD",
    "\xE4\xB8\xAD\xE7\x8E\x87",
    "\xE8\x84\x89",
};

static const char* const t458[] = {
    "\xE5\x9A\xBC",
};

static const char* const t459[] = {
    "\xE5\x93\xAE",
};

static const char* const t460[] = {
    "\xE5\xB9\xB3",
    "\xE5\xB0\x9A",
    "\xE8\xB0\x90",
    "\xE7\xBA\xA6",
    "\xE8\xA7\xA3",
    "\xE5\x8E\xBF",
    "\xE8\xB0\x88",
    "\xE4\xB8\xB0",
    "\xE5\xB9\xB3\xE5\x85\xB1\xE5\xA4\x84",
    "\xE7\x94\xB0",
};

static const char* const t461[] = {
    "\xE9\xAA\x82",
};

static const char* const t462[] = {
    "\xE5\x92\x95",
    "\xE5\x93\x9D",
};

static const char* const t463[] = {
    "\xE5\x95\xA1",
};

static const char* const t464[] = {
    "\xE5\x92\x9A",
};

static const char* const t465[] = {
    "\xE8\xAF\xA2",
};

static const char* const t466[] = {
    "\xE7\x89\x99",
    "\xE7\x89\x99\xE5\x88\x87\xE9\xBD\xBF",
};

static const char* const t467[] = {
    "\xE4\xBB\xAC",
    "\xE4\xBF\xA9",
    "\xE5\xAE\xB6",
};

static const char* const t468[] = {
    "\xE5\x97\xBD",
};

static const char* const t469[] = {
    "\xE5\xAE\x81",
    "\xE5\xAE\x81\xE5\xB8\x82",
    "\xE4\xB8\xB0",
    "\xE9\x98\xB3",
    "\xE8\x9B\x8B",
    "\xE4\xB8\xB0\xE5\x8E\xBF",
    "\xE5\xAE\x89\xE5\x8C\xBA",
};

static const char* const t470[] = {
    "\xE5\x96\x89",
};

static const char* const t471[] = {
    "\xE6\xB1\x82",
};

static const char* const t472[] = {
    "\xE7\xA7\x8D",
    "\xE7\x89\x8C",
    "\xE5\xBE\xB7",
    "\xE8\xB4\xA8",
    "\xE4\xBD\x8D",
    "\xE7\xBA\xA7",
    "\xE5\xB0\x9D",
    "\xE6\xA0\xBC",
    "\xE5\x91\xB3",
    "\xE8\xA1\x8C",
};

static const char* const t473[] = {
    "\xE5\x97\xA6",
};

static const char* const t474[] = {
    "\xE5\x93\x87",
};

static const char* const t475[] = {
    "\xE5\x93\x88",
    "\xE5\x93\x88\xE5\xA4\xA7\xE7\xAC\x91",
    "\xE5\xB0\x94\xE6\xBB\xA8",
    "\xE5\xB0\xBC\xE6\x97\x8F",
    "\xE8\x90\xA8\xE5\x85\x8B",
    "\xE8\x90\xA8\xE5\x85\x8B\xE6\x97\x8F",
    "\xE9\x87\x8C",
    "\xE4\xBD\x9B\xE5\xA4\xA7\xE5\xAD\xA6",
    "\xE5\xAF\x86",
    "\xE5\x93\x88\xE5\x93\x88",
};

static const char* const t476[] = {
    "\xE5\xBA\x94",
    "\xE8\xB5\xB7",
    "\xE5\xA3\xB0",
    "\xE4\xBA\xAE",
    "\xE5\x8A\xA8",
    "\xE5\xBD\xBB",
};

static const char* const t477[] = {
    "\xE5\x91\x80",
    "\xE5\x93\x9F",
};

static const char* const t478[] = {
    "\xE5\xB7\xB4",
};

static const char* const t479[] = {
    "\xE5\x93\xA5",
    "\xE4\xBC\xA6\xE6\xAF\x94\xE4\xBA\x9A",
    "\xE5\x84\xBF\xE4\xBF\xA9",
    "\xE4\xBC\xA6\xE5\xB8\x83",
};

static const char* const t480[] = {
    "\xE5\x85\xB5",
};

static const char* const t481[] = {
    "\xE9\x87\x8C",
    "\xE4\xBA\x9B",
    "\xE5\x84\xBF",
    "\xE4\xB8\xAA",
    "\xE6\x80\x95",
};

static const char* const t482[] = {
    "\xE5\xA3\xB0",
    "\xE6\xB3\xA3",
};

static const char* const t483[] = {
    "\xE5\x96\x98",
};

static const char* const t484[] = {
    "\xE5\xAD\xA6",
    "\xE5\xAD\xA6\xE5\xAE\xB6",
    "\xE7\x90\x86",
};

static const char* const t485[] = {
    "\xE4\xB9\xB3\xE5\x8A\xA8\xE7\x89\xA9",
};

static const char* const t486[] = {
    "\xE5\x93\xBC",
};

static const char* const t487[] = {
    "\xE5\x92\xBD",
};

static const char* const t488[] = {
    "\xE4\xBD\xBF",
};

static const char* const t489[] = {
    "\xE4\xBB\xA3",
    "\xE5\x83\xA7",
    "\xE6\x9C\x9D",
    "\xE4\xB8\x80\xE5\xA8\x9C",
    "\xE8\xB4\x9E\xE8\xA7\x82",
    "\xE5\xA4\xAA\xE5\xAE\x97",
    "\xE5\xAE\x8B",
    "\xE4\xB8\x80\xE8\x8F\xB2",
    "\xE8\x89\xAF\xE6\x99\xBA",
    "\xE5\xAE\xB6\xE7\x92\x87",
    "\xE7\x8E\x84\xE5\xAE\x97",
    "\xE8\xAF\x97",
    "\xE5\x88\x9D",
};

static const char* const t490[] = {
    "\xE8\xB5\xB7",
    "\xE9\x86\x92",
};

static const char* const t491[] = {
    "\xE5\x94\xA7",
};

static const char* const t492[] = {
    "\xE4\xBB\xB7",
};

static const char* const t493[] = {
    "\xE4\xB8\x80",
    "\xE6\x9C\x89",
    "\xE7\x8B\xAC",
    "\xE7\x89\xA9\xE4\xB8\xBB\xE4\xB9\x89",
    "\xE6\x81\x90",
    "\xE5\xBF\x83\xE4\xB8\xBB\xE4\xB9\x89",
};

static const char* const t494[] = {
    "\xE7\x89\x87",
    "\xE6\xAD\x8C",
    "\xE5\x90\x8D",
    "\xE6\x88\x8F",
};

static const char* const t495[] = {
    "\xE6\xB2\xAB",
};

static const char* const t496[] = {
    "\xE5\x93\x81",
    "\xE4\xB8\x9A",
    "\xE4\xBA\xBA",
    "\xE9\x87\x8F",
    "\xE8\xAE\xAE",
    "\xE5\x9F\x8E",
    "\xE5\x8A\xA1",
    "\xE5\xBA\x97",
    "\xE5\x9C\xBA",
    "\xE8\xB4\xB8",
    "\xE7\x94\xA8\xE8\xBD\xA6",
    "\xE5\x93\x81\xE7\xBB\x8F\xE6\xB5\x8E",
    "\xE4\xBB\xA3",
    "\xE6\x9C\x9D",
    "\xE6\xB4\x9B\xE5\xB1\xB1",
    "\xE5\xAD\xA6\xE9\x99\xA2",
    "\xE5\xAE\xB6",
    "\xE6\xA0\x87",
    "\xE6\x97\x85",
    "\xE4\xB8\x9A\xE9\x93\xB6\xE8\xA1\x8C",
    "\xE5\x91\xA8",
    "\xE5\xAE\x9A",
    "\xE8\x88\xB9",
    "\xE7\x94\xA8",
    "\xE8\xB4\xBE",
    "\xE4\xB8\x98",
    "\xE4\xBC\x9A",
    "\xE5\x93\x81\xE7\x94\x9F\xE4\xBA\xA7",
    "\xE5\x8A\xA1\xE9\x83\xA8",
    "\xE5\x93\x81\xE6\x88\xBF",
    "\xE5\xAE\x9D\xE9\x9C\x87",
    "\xE8\xAE\xA8",
    "\xE5\x93\x81\xE6\xB5\x81\xE9\x80\x9A",
};

static const char* const t497[] = {
    "\xE5\x93\x9F",
};

static const char* const t498[] = {
    "\xE9\x85\x92",
};

static const char* const t499[] = {
    "\xE5\x93\xAD",
};

static const char* const t500[] = {
    "\xE4\xBB\x80",
    "\xE9\xBA\xA6\xE9\x9A\x86",
};

static const char* const t501[] = {
    "\xE5\x85\xBB",
};

static const char* const t502[] = {
    "\xE5\x96\x83",
};

static const char* const t503[] = {
    "\xE4\xBA\x8E",
    "\xE4\xBA\xBA",
    "\xE8\x89\xAF",
    "\xE6\x81\xB6",
    "\xE8\xA1\x8C",
    "\xE6\x84\x8F",
};

static const char* const t504[] = {
    "\xE5\x98\x9B",
    "\xE5\x8F\xAD",
};

static const char* const t505[] = {
    "\xE5\x92\x99",
    "\xE5\xA4\xB4",
};

static const char* const t506[] = {
    "\xE5\xA3\xB0",
    "\xE9\x81\x93",
    "\xE5\x8F\xAB",
};

static const char* const t507[] = {
    "\xE6\x81\xAF",
    "\xE6\xB0\x94",
};

static const char* const t508[] = {
    "\xE6\xAC\xA2",
    "\xE7\x88\xB1",
    "\xE6\x82\xA6",
    "\xE4\xBA\x8B",
    "\xE5\x89\xA7",
    "\xE5\xBA\x86",
    "\xE8\xAE\xAF",
    "\xE5\xA5\xBD",
    "\xE5\x87\xBA\xE6\x9C\x9B\xE5\xA4\x96",
};

static const char* const t509[] = {
    "\xE9\x81\x93",
    "\xE9\x85\x92",
    "\xE8\x8C\xB6",
    "\xE5\xBD\xA9",
    "\xE6\xB0\xB4",
    "\xE9\x87\x87",
    "\xE9\x86\x89",
    "\xE9\x97\xAE",
};

static const char* const t510[] = {
    "\xE5\x93\x97",
    "\xE5\x9A\xA3",
};

static const char* const t511[] = {
    "\xE5\x87\xBA",
    "\xE5\x8F\x91",
    "\xE6\xB0\x94",
    "\xE5\xB0\x84",
};

static const char* const t512[] = {
    "\xE5\xAE\xB6\xE7\xA2\x91",
    "\xE6\x9E\x97\xE7\xA5\xA5",
};

static const char* const t513[] = {
    "\xE7\xBD\x97",
};

static const char* const t514[] = {
    "\xE8\xA7\x89",
};

static const char* const t515[] = {
    "\xE5\xAD\x90",
    "\xE9\x9F\xB3",
    "\xE9\x97\xA8",
};

static const char* const t516[] = {
    "\xE5\x97\xA1",
};

static const char* const t517[] = {
    "\xE5\x92\x95",
};

static const char* const t518[] = {
    "\xE6\x9D\x82",
};

static const char* const t519[] = {
    "\xE9\x9D\x96",
    "\xE5\xAE\xBE",
    "\xE5\x85\xB4",
    "\xE5\xBA\x86",
    "\xE6\x9C\xA8\xE6\xA0\xB7",
    "\xE9\xB1\xBC\xE5\x8E\xBF",
};

static const char* const t520[] = {
    "\xE5\x92\x90",
};

static const char* const t521[] = {
    "\xE7\xAC\x91",
    "\xE8\xAE\xBD",
};

static const char* const t522[] = {
    "\xE9\x87\x8C",
    "\xE5\x94\x87",
    "\xE5\xB7\xB4",
    "\xE8\xA7\x92",
    "\xE8\xBE\xB9",
};

static const char* const t523[] = {
    "\xE5\x93\x91",
};

static const char* const t524[] = {
    "\xE5\x98\xBF",
};

static const char* const t525[] = {
    "\xE5\xAE\x98",
    "\xE6\xA2\xB0",
    "\xE6\x9D\x90",
    "\xE7\x89\xA9",
    "\xE4\xBB\xB6",
    "\xE5\x85\xB7",
    "\xE6\x9D\x90\xE5\x8E\x82",
    "\xE7\x9A\xBF",
};

static const char* const t526[] = {
    "\xE6\xA2\xA6",
};

static const char* const t527[] = {
    "\xE5\xA3\xB0",
    "\xE9\x9F\xB3",
};

static const char* const t528[] = {
    "\xE5\xBC\xA0\xE6\xB0\x94\xE7\x84\xB0",
};

static const char* const t529[] = {
    "\xE5\x9A\xB7",
};

static const char* const t530[] = {
    "\xE7\xA6\x81",
    "\xE7\x8A\xAF",
};

static const char* const t531[] = {
    "\xE4\xB8\xAA",
    "\xE5\xA4\xA7",
    "\xE5\xB7\x9D",
    "\xE5\x91\xA8",
    "\xE5\xB9\xB4",
    "\xE6\x9C\x88",
    "\xE4\xB8\x8B",
    "\xE6\x96\xB9",
    "\xE5\xA4\x84",
    "\xE8\x82\xA2",
    "\xE9\x9D\xA2",
    "\xE4\xBA\xBA\xE5\xB8\xAE",
    "\xE5\xB7\x9D\xE7\x9C\x81",
    "\xE9\xA1\xB9",
    "\xE9\x80\x9A\xE5\x85\xAB\xE8\xBE\xBE",
    "\xE5\x90\x8D",
    "\xE9\x9D\xA2\xE5\x85\xAB\xE6\x96\xB9",
    "\xE7\xBA\xA7",
    "\xE4\xBD\x8D",
    "\xE5\x93\x81",
    "\xE4\xB8\xAD",
    "\xE7\xBA\xB5",
    "\xE5\x8D\x81",
    "\xE7\xBB\xB4",
    "\xE6\xAC\xA1",
    "\xE7\xA7\x8D",
    "\xE5\x9C\x88",
    "\xE5\xAD\xA3",
    "\xE5\x88\x86",
    "\xE6\xB5\xB7",
    "\xE9\x97\xA8",
    "\xE5\x8D\x81\xE5\xB9\xB4",
    "\xE8\xA7\x92",
    "\xE6\x95\xA3",
    "\xE5\x8D\x81\xE4\xBA\x94\xE9\x87\x8C",
    "\xE4\xBA\x94",
    "\xE4\xB8\xAD\xE5\x85\xA8\xE4\xBC\x9A",
    "\xE6\x9D\xA1",
    "\xE7\x88\xB7",
    "\xE5\xB0\xBA",
    "\xE5\xA3\x81",
    "\xE5\xAE\xB6",
    "\xE5\x8F\xAA",
    "\xE5\xBA\x93",
};

static const char* const t532[] = {
    "\xE6\x9D\xA5",
    "\xE7\xAD\x94",
    "\xE5\x8E\xBB",
    "\xE5\x88\xB0",
    "\xE5\xA4\xB4",
    "\xE5\xAE\xB6",
    "\xE6\x97\x8F",
    "\xE5\x9B\xBD",
    "\xE8\xBF\x87",
    "\xE9\xA1\xBE",
    "\xE5\xBF\x86",
    "\xE5\xBD\x92",
    "\xE4\xBA\x8B",
    "\xE6\x8A\xA5",
    "\xE9\x81\xBF",
    "\xE8\xBA\xAB",
    "\xE6\x97\x8B",
    "\xE5\xBA\x94",
    "\xE6\x83\xB3",
    "\xE6\x94\xB6",
    "\xE5\xA4\x8D",
    "\xE5\x8D\x87",
    "\xE5\x90\x88",
    "\xE6\x89\xA3",
    "\xE8\x90\xBD",
    "\xE4\xB9\xA1",
    "\xE8\xBD\xAC",
    "\xE9\xB9\x98",
    "\xE5\x91\xB3\xE6\x97\xA0\xE7\xA9\xB7",
    "\xE6\xB8\xB8",
    "\xE5\xBB\x8A",
    "\xE9\x94\x85",
    "\xE8\x80\x81\xE5\xAE\xB6",
    "\xE5\x87\xBB",
    "\xE5\xBF\x86\xE5\xBD\x95",
    "\xE9\xA6\x96",
    "\xE5\xA3\xB0",
};

static const char* const t533[] = {
    "\xE4\xB8\xBA",
    "\xE6\xAD\xA4",
    "\xE7\xB4\xA0",
    "\xE8\x80\x8C",
    "\xE5\xAD\x90",
    "\xE6\x95\x85",
    "\xE7\x89\xB9\xE7\xBD\x91",
    "\xE6\x9E\x9C",
};

static const char* const t534[] = {
    "\xE4\xBD\x93",
    "\xE7\xBB\x93",
    "\xE9\x95\xBF",
    "\xE5\xAD\x90",
    "\xE9\x98\x9F",
    "\xE5\x9B\xA2",
    "\xE5\x9F\x8E",
    "\xE5\x91\x98",
    "\xE9\xA3\x8E\xE5\x8E\xBF",
};

static const char* const t535[] = {
    "\xE6\x9E\x97",
    "\xE8\x89\xBA\xE5\x9C\xBA",
    "\xE5\xAD\x90",
    "\xE5\x8C\xBA",
    "\xE6\x9E\x97\xE5\xBC\x8F",
    "\xE4\xB8\xAD",
    "\xE5\x86\x85",
};

static const char* const t536[] = {
    "\xE9\x9A\xBE",
    "\xE5\xA2\x83",
    "\xE6\x89\xB0",
    "\xE6\x83\x91",
};

static const char* const t537[] = {
    "\xE7\xBB\x95",
    "\xE5\xA2\x99",
    "\xE6\x94\xBB",
    "\xE5\x89\xBF",
    "\xE7\x9D\x80",
    "\xE6\xA3\x8B",
    "\xE4\xBD\x8F",
    "\xE5\x9B\xB0",
    "\xE5\x9F\x8E",
    "\xE8\xA7\x82",
};

static const char* const t538[] = {
    "\xE5\xAE\x9A",
    "\xE7\x84\xB6",
    "\xE4\xBD\x93",
    "\xE5\xAE\x9A\xE8\xB5\x84\xE4\xBA\xA7",
    "\xE6\x9C\x89",
    "\xE6\x89\xA7",
    "\xE5\xAE\x88",
    "\xE5\x9F\x8E",
};

static const char* const t539[] = {
    "\xE5\xAE\xB6",
    "\xE9\x99\x85",
    "\xE5\x8A\xA1\xE9\x99\xA2",
    "\xE5\x86\x85",
    "\xE6\xB0\x91\xE5\x85\x9A",
    "\xE6\xB0\x91\xE7\xBB\x8F\xE6\xB5\x8E",
    "\xE6\xB0\x91",
    "\xE5\xA4\x96",
    "\xE9\x98\xB2",
    "\xE6\x9C\x89",
    "\xE5\xAE\xB6\xE7\xBA\xA7",
    "\xE7\x8E\x8B",
    "\xE5\xAE\xB6\xE6\x9C\xBA\xE5\x85\xB3",
    "\xE5\x9C\x9F",
    "\xE5\x86\x85\xE5\xA4\x96",
    "\xE5\x8A\xA1\xE5\xA7\x94\xE5\x91\x98",
    "\xE4\xBC\x9A",
    "\xE6\xB0\x91\xE6\x94\xBF\xE5\xBA\x9C",
    "\xE9\x98\xB2\xE9\x83\xA8",
    "\xE5\xB8\x88",
    "\xE5\xBE\xBD",
    "\xE6\x97\x97",
    "\xE6\x83\x85",
    "\xE9\x98\xB2\xE9\x83\xA8\xE9\x95\xBF",
    "\xE5\x85\xB1",
    "\xE4\xBA\xA7",
    "\xE9\x99\x85\xE5\x8C\x96",
    "\xE4\xBA\xBA",
    "\xE5\xAE\xB6\xE8\xAE\xA1\xE5\x88\x92",
    "\xE7\xAB\x8B",
    "\xE5\x8A\xA1",
    "\xE5\x85\xB1\xE5\x90\x88\xE4\xBD\x9C",
    "\xE8\x90\xA5",
    "\xE5\xAE\xB6\xE9\x98\x9F",
    "\xE7\xB1\x8D",
    "\xE9\x81\x93",
    "\xE9\x97\xA8",
    "\xE5\x8A\xA1\xE5\x8D\xBF",
    "\xE5\xBA\x93",
    "\xE5\x80\xBA",
    "\xE9\x99\x85\xE6\xB3\x95",
    "\xE5\x8F\xB7",
    "\xE5\xAE\x89",
    "\xE5\x8A\x9B",
    "\xE5\xAE\x9D",
    "\xE5\xBA\x86\xE8\x8A\x82",
    "\xE4\xBC\x81",
    "\xE4\xBA\x8B",
    "\xE8\xAF\xAD",
    "\xE8\xB4\xBC",
    "\xE7\xBE\x8E",
    "\xE5\xAE\xBE",
    "\xE5\x8A\xA1\xE9\x99\xA2\xE4\xBB\xA4",
    "\xE5\x8A\xBF",
    "\xE6\xB0\x91\xE6\x94\xB6\xE5\x85\xA5",
    "\xE9\x99\x85\xE6\x80\xA7",
    "\xE6\x94\xBF",
    "\xE9\x99\x85\xE9\x98\x9F",
    "\xE5\x90\x8D",
    "\xE5\xA4\xA7\xE5\x85\x9A",
    "\xE5\xA2\x83",
    "\xE5\x86\x9B",
    "\xE7\x95\x8C",
};

static const char* const t540[] = {
    "\xE7\x89\x87",
    "\xE6\xA1\x88",
    "\xE5\x86\x8C",
    "\xE4\xB9\xA6\xE9\xA6\x86",
    "\xE5\xBA\x93",
    "\xE4\xB9\xA6",
    "\xE5\x83\x8F",
    "\xE5\xBD\xA2",
    "\xE8\xB0\x8B",
    "\xE7\x94\xBB",
    "\xE7\xBA\xB8",
    "\xE4\xB8\xB9",
    "\xE9\x81\x93\xE5\xA4\x9A\xE5\x90\x89",
    "\xE8\x85\xBE",
    "\xE8\xA1\xA8",
};

static const char* const t541[] = {
    "\xE5\xBD\xA2",
    "\xE6\xBB\xA1",
    "\xE6\x9F\xB1",
    "\xE5\x9C\x86",
    "\xE5\x9C\x88",
    "\xE9\x94\xA5\xE5\xBD\xA2",
    "\xE5\x9C\x86\xE7\x9A\x84",
};

static const char* const t542[] = {
    "\xE5\xAD\x90",
    "\xE5\xA5\x97",
};

static const char* const t543[] = {
    "\xE5\x9C\xB0",
    "\xE5\xA3\xA4",
    "\xE5\x8F\xB8",
    "\xE5\xAE\xB6\xE6\x97\x8F",
    "\xE8\x80\xB3\xE5\x85\xB6",
    "\xE5\xAE\xB6",
    "\xE7\x89\xB9\xE4\xBA\xA7",
    "\xE5\x9C\xB0\xE9\x9D\xA9\xE5\x91\xBD",
    "\xE5\x8C\xAA",
    "\xE5\xB1\x82",
    "\xE8\xB1\x86",
    "\xE8\x91\x97",
    "\xE5\x9D\x91",
    "\xE6\x97\x8F",
    "\xE5\x9F\x8E",
    "\xE5\x9D\x97",
    "\xE5\x9C\xB0\xE6\x94\xB9\xE9\x9D\xA9",
    "\xE5\x8F\xB0\xE5\xAD\x90",
    "\xE8\x80\xB3\xE5\x85\xB6\xE4\xBA\xBA",
    "\xE6\x9C\xA8",
    "\xE6\x94\xB9",
    "\xE4\xB8\x98",
};

static const char* const t544[] = {
    "\xE5\x9C\xB0",
    "\xE6\x97\xA8",
    "\xE6\xB0\xB4",
    "\xE4\xBA\xBA",
    "\xE6\xAF\x8D",
    "\xE7\xBB\x8F",
    "\xE5\xBD\xBC\xE5\xBE\x97\xE5\xA0\xA1",
    "\xE4\xB8\x8A",
    "\xE7\x81\xAB",
    "\xE8\xB4\xA4",
};

static const char* const t545[] = {
    "\xE4\xBA\x8E",
    "\xE5\x86\x85",
    "\xE6\xA0\xA1",
    "\xE5\xA4\x96",
    "\xE5\x9C\xBA",
    "\xE7\xBA\xBF",
    "\xE5\xAE\xB6",
    "\xE4\xBD\x8D",
    "\xE8\x81\x8C",
    "\xE6\x89\x8B",
    "\xE5\xBB\xBA",
    "\xE5\xBA\xA7",
    "\xE6\xA0\xA1\xE7\x94\x9F",
    "\xE6\x84\x8F",
    "\xE4\xB9\x8E",
    "\xE5\x9F\x8E\xE9\x95\x87",
};

static const char* const t546[] = {
    "\xE8\x8A\x82",
};

static const char* const t547[] = {
    "\xE6\x96\xB9",
    "\xE5\x8C\xBA",
    "\xE4\xBD\x8D",
    "\xE7\x90\x86",
    "\xE9\x9D\xA2",
    "\xE4\xB8\x8A",
    "\xE4\xB8\x8B",
    "\xE7\x90\x83",
    "\xE6\x96\xB9\xE6\x80\xA7",
    "\xE5\x9D\x80",
    "\xE5\x9B\xBE",
    "\xE5\x8A\xBF",
    "\xE8\xB4\xA8",
    "\xE5\xA4\x84",
    "\xE9\x9C\x87",
    "\xE5\xB8\xA6",
    "\xE7\x82\xB9",
    "\xE5\xBD\xA2",
    "\xE4\xB8\xBB",
    "\xE8\xB2\x8C",
    "\xE5\x9F\x9F",
    "\xE4\xB8\xAD\xE6\xB5\xB7",
    "\xE7\xA7\x9F",
    "\xE4\xB8\x8B\xE6\xB0\xB4",
    "\xE9\x93\x81",
    "\xE5\xB1\x82",
    "\xE6\xAD\xA5",
    "\xE8\xA1\xA8",
    "\xE7\xBA\xA7\xE5\xB8\x82",
    "\xE7\x90\x86\xE5\xAD\xA6",
    "\xE6\xAF\xAF",
    "\xE5\xA3\xB3",
    "\xE6\x9D\xBF",
    "\xE7\x8B\xB1",
    "\xE9\x87\x8C",
    "\xE9\x9B\xB7",
    "\xE8\xA2\xAB",
    "\xE9\x81\x93",
    "\xE4\xBA\xA7",
    "\xE6\xAE\xB5",
    "\xE5\x90\x8D",
    "\xE5\xA7\x94",
    "\xE6\x96\xB9\xE5\xAE\x98",
    "\xE8\xB4\xA8\xE5\xAD\xA6",
    "\xE7\x9B\x98",
    "\xE8\xA1\xA8\xE6\xB0\xB4",
    "\xE7\xA9\xBA\xE5\xAF\xBC\xE5\xBC\xB9",
    "\xE5\x9F\xBA",
    "\xE5\x9D\x9B",
    "\xE7\x90\x83\xE5\x8C\x96\xE5\xAD\xA6",
    "\xE6\xAF\xAF\xE5\x8E\x82",
    "\xE6\x9D\xBF\xE5\x8E\x82",
    "\xE4\xB8\xBB\xE9\x98\xB6\xE7\xBA\xA7",
    "\xE5\xBA\x95",
    "\xE5\x8C\xBA\xE6\x80\xA7",
    "\xE4\xB8\x8B\xE5\xAE\xA4",
    "\xE5\xB8\xA6\xE6\x80\xA7",
    "\xE5\xAE\xAB",
};

static const char* const t548[] = {
    "\xE6\x89\x80",
    "\xE5\x90\x88",
    "\xE9\x9D\xA2",
    "\xE6\x99\xAF",
    "\xE4\xB8\x8A",
    "\xE5\x9C\xB0",
};

static const char* const t549[] = {
    "\xE5\x8C\x80",
    "\xE8\xA1\xA1",
};

static const char* const t550[] = {
    "\xE5\x9D\xB7",
};

static const char* const t551[] = {
    "\xE4\xBA\xBA",
    "\xE4\xBA\x8B",
    "\xE6\xAD\xBB",
};

static const char* const t552[] = {
    "\xE5\x9C\xA8",
    "\xE4\xB8\x8B",
    "\xE6\xA0\x87",
    "\xE8\x90\xBD",
    "\xE9\xAA\x91",
    "\xE5\xAE\x9A",
    "\xE9\x95\x87",
};

static const char* const t553[] = {
    "\xE9\x81\x93",
    "\xE6\xB4\x9E",
};

static const char* const t554[] = {
    "\xE6\x8C\x81",
    "\xE5\x86\xB3",
    "\xE5\xAE\x9A",
    "\xE5\xBC\xBA",
    "\xE5\xAE\x88",
    "\xE5\xAE\x9E",
    "\xE5\x9B\xBA",
    "\xE7\xA1\xAC",
    "\xE4\xBF\xA1",
    "\xE5\xAE\x9A\xE4\xB8\x8D\xE7\xA7\xBB",
    "\xE9\x9F\xA7",
};

static const char* const t555[] = {
    "\xE5\xA2\x93",
};

static const char* const t556[] = {
    "\xE5\xBA\xA6",
};

static const char* const t557[] = {
    "\xE5\xAE\x81\xE5\xAE\xAB",
};

static const char* const t558[] = {
    "\xE5\x85\x8B",
    "\xE7\x84\xB6",
    "\xE8\xAF\x9A",
    "\xE7\x8E\x87",
    "\xE6\xA1\x91\xE5\xB0\xBC\xE4\xBA\x9A",
    "\xE7\x99\xBD",
    "\xE8\xA8\x80",
};

static const char* const t559[] = {
    "\xE7\x9B\xB4",
    "\xE4\xBD\x93",
    "\xE5\xB8\x98\xE5\x90\xAC\xE6\x94\xBF",
    "\xE5\x8D\xB1",
};

static const char* const t560[] = {
    "\xE5\x9C\xBE",
};

static const char* const t561[] = {
    "\xE6\x96\xAD",
};

static const char* const t562[] = {
    "\xE5\x8F\xB7",
    "\xE5\xBC\x8F",
    "\xE8\xB0\xB1",
};

static const char* const t563[] = {
    "\xE5\x8F\xA3",
};

static const char* const t564[] = {
    "\xE5\x8F\x8A",
};

static const char* const t565[] = {
    "\xE4\xBC\x8F",
    "\xE6\x80\xA8",
    "\xE8\x91\xAC",
    "\xE8\x97\x8F",
    "\xE5\xA4\xB4",
};

static const char* const t566[] = {
    "\xE5\xB8\x82",
    "\xE9\x82\xA6",
    "\xE6\xA5\xBC",
    "\xE4\xB9\xA1",
    "\xE9\x87\x8C",
    "\xE9\x95\x87",
    "\xE9\x97\xA8",
    "\xE5\x86\x85",
    "\xE5\xA2\x99",
    "\xE4\xB8\xAD",
    "\xE5\xA4\x96",
    "\xE5\x8C\xBA",
    "\xE5\x8C\x97",
    "\xE9\x83\x8A",
    "\xE5\xA4\xB4",
    "\xE5\xA0\xA1",
    "\xE6\xB1\xA0",
    "\xE5\x9E\xA3",
    "\xE4\xB8\x8B",
    "\xE5\x8D\x97",
    "\xE8\xA5\xBF",
    "\xE5\x9D\x80",
    "\xE4\xB8\x9C",
    "\xE9\x83\x8A\xE5\x9E\x8B",
    "\xE5\xB8\x82\xE5\x8C\x96",
    "\xE9\x87\x8C\xE4\xBA\xBA",
};

static const char* const t567[] = {
    "\xE5\x90\x8D",
};

static const char* const t568[] = {
    "\xE5\x85\xBB",
    "\xE8\xAE\xAD",
    "\xE8\x82\xB2",
    "\xE8\xAE\xAD\xE7\x8F\xAD",
    "\xE6\xA4\x8D",
};

static const char* const t569[] = {
    "\xE6\x9C\xAC",
    "\xE7\xA1\x80",
    "\xE5\x9C\xB0",
    "\xE9\x87\x91",
    "\xE6\x9C\xAC\xE4\xB8\x8A",
    "\xE7\x9D\xA3\xE6\x95\x99",
    "\xE5\xB1\x82",
    "\xE5\x9B\xA0",
    "\xE4\xBA\x8E",
    "\xE9\x87\x91\xE4\xBC\x9A",
    "\xE9\x83\xA8",
    "\xE6\x95\xB0",
    "\xE6\x9C\xAC\xE5\xB7\xA5\xE8\xB5\x84",
    "\xE6\x9C\xAC\xE5\xBB\xBA\xE8\xAE\xBE",
    "\xE5\x87\x86",
    "\xE7\x9D\xA3",
    "\xE5\xB2\xA9",
    "\xE5\xBA\xA7",
    "\xE5\x9B\xA2",
    "\xE8\xBE\x85",
};

static const char* const t570[] = {
    "\xE5\xA0\x82",
    "\xE5\xB1\x8B",
    "\xE4\xB8\x8A",
};

static const char* const t571[] = {
    "\xE7\xA7\xAF",
};

static const char* const t572[] = {
    "\xE8\x90\xBD",
};

static const char* const t573[] = {
    "\xE5\x9E\x92",
};

static const char* const t574[] = {
    "\xE5\x9E\xB8",
};

static const char* const t575[] = {
    "\xE7\xA7\xB0",
};

static const char* const t576[] = {
    "\xE5\x8F\xA3",
    "\xE6\xA1\xA5",
};

static const char* const t577[] = {
    "\xE5\xA1\x9E",
    "\xE4\xBD\x8F",
    "\xE6\x88\xAA",
};

static const char* const t578[] = {
    "\xE6\x96\x99",
    "\xE9\x80\xA0",
    "\xE6\x80\xA7",
    "\xE5\x83\x8F",
};

static const char* const t579[] = {
    "\xE5\x90\x89\xE5\x85\x8B\xE6\x97\x8F",
};

static const char* const t580[] = {
    "\xE6\xB2\xBD",
};

static const char* const t581[] = {
    "\xE5\xB0\x94\xE7\xBB\xB4\xE4\xBA\x9A",
};

static const char* const t582[] = {
    "\xE6\x8A\xA5",
    "\xE8\xA1\xA5",
    "\xE5\x86\x99",
    "\xE5\x85\x85",
};

static const char* const t583[] = {
    "\xE5\x86\x85",
    "\xE7\x95\x8C",
    "\xE5\xA4\x96",
    "\xE5\x9C\xB0",
    "\xE5\x86\xB5",
};

static const char* const t584[] = {
    "\xE5\xAE\xA4",
    "\xE8\x91\xAC",
    "\xE5\x9C\xB0",
    "\xE9\x81\x93",
    "\xE7\xA9\xB4",
    "\xE7\xA2\x91",
};

static const char* const t585[] = {
    "\xE4\xB8\x8A",
    "\xE5\xA3\x81",
    "\xE8\xA7\x92",
};

static const char* const t586[] = {
    "\xE9\x95\xBF",
    "\xE5\x8A\xA0",
    "\xE5\xBC\xBA",
    "\xE5\x8A\xA0\xE5\x80\xBC",
    "\xE5\xA4\x9A",
    "\xE5\xA4\xA7",
    "\xE6\xB7\xBB",
    "\xE8\xAE\xBE",
    "\xE9\x95\xBF\xE7\x8E\x87",
    "\xE4\xBA\xA7",
    "\xE6\x94\xB6",
    "\xE8\x87\xB3",
    "\xE6\xAE\x96",
    "\xE8\xBF\x9B",
    "\xE5\x80\xBC",
    "\xE9\xAB\x98",
    "\xE9\x80\x9F",
    "\xE5\x8F\x91",
    "\xE6\x8F\xB4",
    "\xE7\x94\x9F",
    "\xE5\xB9\x85",
    "\xE9\x87\x8F",
    "\xE8\xA1\xA5",
    "\xE5\x87\x8F",
    "\xE9\x95\xBF\xE7\x82\xB9",
};

static const char* const t587[] = {
    "\xE8\xA5\xBF\xE5\x93\xA5",
    "\xE9\x95\x9C",
    "\xE9\xB1\xBC",
};

static const char* const t588[] = {
    "\xE5\x8F\xB0",
};

static const char* const t589[] = {
    "\xE7\x94\xBB",
    "\xE4\xB8\x8A",
};

static const char* const t590[] = {
    "\xE5\x85\xB5",
    "\xE6\xB0\x94",
    "\xE5\xAE\x98",
    "\xE5\x8D\x92",
    "\xE5\xA4\xA7\xE5\xA4\xAB",
    "\xE6\x97\x8F",
};

static const char* const t591[] = {
    "\xE5\xAD\x90\xE5\xB9\xB4",
};

static const char* const t592[] = {
    "\xE4\xB8\xBD",
    "\xE6\x97\x8F",
    "\xE5\xA4\xA7",
    "\xE8\xA7\x82",
    "\xE5\xA3\xAB",
    "\xE7\x83\x88",
    "\xE9\x98\x94",
};

static const char* const t593[] = {
    "\xE9\x9F\xB3",
    "\xE6\x98\x8E",
    "\xE5\x93\x8D",
    "\xE9\x81\x93",
    "\xE5\x8A\xBF",
    "\xE7\xA7\xB0",
    "\xE8\xAA\x89",
    "\xE5\xAD\xA6",
    "\xE6\x81\xAF",
    "\xE8\xB0\x83",
    "\xE5\x8A\xBF\xE6\xB5\xA9\xE5\xA4\xA7",
    "\xE5\x90\x8D",
    "\xE6\x9C\x9B",
    "\xE6\x8F\xB4",
    "\xE6\xB3\xA2",
    "\xE4\xB9\x90",
    "\xE4\xB8\x9C\xE5\x87\xBB\xE8\xA5\xBF",
};

static const char* const t594[] = {
    "\xE7\x90\x86",
    "\xE4\xBA\x8E",
    "\xE5\xA4\x84",
    "\xE9\x95\xBF",
    "\xE7\xBD\x9A",
    "\xE7\xBD\xAE",
    "\xE5\x88\x86",
    "\xE5\xA2\x83",
    "\xE5\x9C\xA8",
    "\xE7\x90\x86\xE5\x99\xA8",
    "\xE6\xAD\xBB",
    "\xE6\x96\xB9",
    "\xE4\xBB\xA5",
};

static const char* const t595[] = {
    "\xE6\xA1\x88",
    "\xE5\x8F\x97",
    "\xE6\x88\x98",
    "\xE6\x9C\x89",
    "\xE8\x80\x83",
    "\xE9\x99\x8D",
    "\xE5\xBF\x98\xE5\xBD\x95",
    "\xE7\x94\xA8",
};

static const char* const t596[] = {
    "\xE6\x9D\x82",
    "\xE4\xB9\xA0",
    "\xE5\x90\x88",
    "\xE5\x85\xB4",
    "\xE5\x88\xB6",
    "\xE8\xBE\x9F",
    "\xE8\x8B\x8F",
    "\xE4\xBB\x87",
    "\xE6\x97\xA6\xE5\xA4\xA7\xE5\xAD\xA6",
    "\xE5\x8E\x9F",
    "\xE5\x8F\x91",
    "\xE7\xBA\xBF",
    "\xE6\x9D\x82\xE6\x80\xA7",
    "\xE6\x98\x8E",
    "\xE5\x8D\xB0\xE4\xBB\xB6",
    "\xE6\xB4\xBB",
    "\xE6\x9F\xA5",
    "\xE8\xAF\x95",
    "\xE6\x97\xA6",
    "\xE5\x87\xBA",
};

static const char* const t597[] = {
    "\xE5\xA4\xA9",
    "\xE5\xAD\xA3",
    "\xE7\x8E\x89\xE8\x8E\xB2",
    "\xE5\xA8\x81\xE5\xA4\xB7",
    "\xE6\x96\x97\xE5\xAF\x85",
    "\xE8\xB5\x9E\xE5\xBF\xA0",
    "\xE4\xBD\x90\xE5\x85\xA8",
    "\xE5\x95\x86\xE5\x91\xA8",
    "\xE6\x97\xA5",
    "\xE8\x87\xB3",
};

static const char* const t598[] = {
    "\xE9\x98\xB3",
};

static const char* const t599[] = {
    "\xE4\xBA\xA4\xE9\x83\xA8",
    "\xE5\x9B\xBD",
    "\xE4\xBA\xA4",
    "\xE9\x9D\xA2",
    "\xE8\xB5\x84",
    "\xE8\xB4\xB8",
    "\xE7\x95\x8C",
    "\xE6\xB1\x87",
    "\xE9\x83\xA8",
    "\xE5\x9C\xB0",
    "\xE8\xAF\xAD",
    "\xE9\x95\xBF",
    "\xE5\x95\x86",
    "\xE8\xBE\xB9",
    "\xE6\x9D\xA5",
    "\xE8\xA1\xA8",
    "\xE5\x9B\xBD\xE4\xBA\xBA",
    "\xE5\x87\xBA",
    "\xE4\xBA\xBA",
    "\xE4\xBA\x8B",
    "\xE5\xBD\xA2",
    "\xE5\x9B\xB4",
    "\xE7\xA7\x91",
    "\xE6\x96\x87",
    "\xE8\xA7\x82",
    "\xE6\x8F\xB4",
    "\xE4\xBA\xA4\xE9\x83\xA8\xE9\x95\xBF",
    "\xE5\xA4\xB4",
    "\xE7\x9A\xAE",
    "\xE5\x8F\xB7",
    "\xE4\xBE\xA7",
    "\xE4\xBC\x81",
    "\xE8\xB2\x8C",
    "\xE5\x90\x91\xE5\x9E\x8B",
    "\xE4\xBA\xA4\xE5\xAE\x98",
    "\xE5\x80\xBA",
    "\xE5\x8A\x9B",
    "\xE5\x8A\xA0",
    "\xE7\xA5\x96\xE6\xAF\x8D",
    "\xE5\x85\xAC",
    "\xE7\xB1\x8D",
    "\xE8\xA1\xA3",
    "\xE7\xBB\x8F\xE8\xB4\xB8",
    "\xE6\xA0\xA1",
    "\xE7\x94\xB5",
    "\xE5\xB1\x82",
    "\xE5\xA9\x86",
    "\xE5\x9B\xBD\xE8\xAF\xAD",
    "\xE7\x94\xA5",
    "\xE6\xB5\x81",
    "\xE5\xA3\xB3",
    "\xE6\x88\x9A",
    "\xE4\xBC\xA0",
};

static const char* const t600[] = {
    "\xE5\xB0\x91",
    "\xE5\xB9\xB4",
    "\xE7\xA7\x8D",
    "\xE6\xAC\xA1",
    "\xE6\x95\xB0",
    "\xE4\xB8\xAA",
    "\xE4\xB9\x88",
    "\xE5\x8D\x8A",
    "\xE5\xAE\xB6",
    "\xE4\xB9\x85",
    "\xE5\xB0\x94\xE8\xA1\xAE",
    "\xE5\x90\x8D",
    "\xE4\xBA\x8E",
    "\xE8\xB0\xA2",
    "\xE6\xA0\xB7",
    "\xE4\xB8\x87",
    "\xE7\x94\xA8",
    "\xE4\xBD\x99",
    "\xE6\x9D\xA1",
    "\xE5\xAA\x92\xE4\xBD\x93",
    "\xE9\xA1\xB9",
    "\xE5\x85\x83",
    "\xE6\x96\xB9",
    "\xE5\xBA\xA7",
    "\xE7\xB1\xB3",
    "\xE6\xA0\xB7\xE5\x8C\x96",
    "\xE5\x85\x83\xE5\x8C\x96",
    "\xE6\x89\x80",
    "\xE6\x9C\x88",
    "\xE5\xB2\x81",
    "\xE5\xA4\x9A",
    "\xE5\xA4\x84",
    "\xE9\x95\xBF",
    "\xE5\xA4\xA9",
    "\xE5\xAD\x90",
    "\xE6\xA0\xB7\xE6\x80\xA7",
    "\xE7\xA7\x8D\xE5\xA4\x9A\xE6\xA0\xB7",
    "\xE5\x85\xAC\xE9\x87\x8C",
    "\xE8\xBE\xB9",
    "\xE5\x87\xBA",
    "\xE8\xBE\xBE",
    "\xE5\x8A\x9F\xE8\x83\xBD",
    "\xE5\x8F\x98",
    "\xE6\x9C\x9F",
    "\xE7\x91\x99\xE6\xB2\xB3",
    "\xE8\x83\x8E",
    "\xE5\x90\x89\xE6\x89\x8D\xE8\xAE\xA9",
    "\xE6\x97\xA5",
    "\xE9\x87\x8D",
    "\xE5\xB9\xB4\xE7\x94\x9F",
    "\xE4\xB8\x80\xE4\xBA\x9B",
    "\xE4\xBA\x8F",
    "\xE4\xB8\x80\xE7\x82\xB9",
    "\xE4\xBD\x8D",
    "\xE7\xBD\x97",
    "\xE9\x83\xA8",
};

static const char* const t601[] = {
    "\xE6\x99\x9A",
    "\xE9\x87\x8C",
    "\xE9\x97\xB4",
    "\xE6\x99\xAF",
    "\xE8\x89\xB2",
    "\xE5\xB9\x95",
    "\xE7\xA9\xBA",
};

static const char* const t602[] = {
    "\xE5\xAD\xA6",
    "\xE5\xAE\xB6",
    "\xE9\x87\x8F",
    "\xE4\xBC\x9A",
    "\xE9\x81\x93",
    "\xE5\x9E\x8B",
    "\xE9\x99\x86",
    "\xE8\x87\xA3",
    "\xE5\xB0\x8F",
    "\xE9\x83\xA8\xE5\x88\x86",
    "\xE5\xA3\xB0",
    "\xE4\xBA\x8B",
    "\xE6\x98\x8E",
    "\xE8\xA7\x84\xE6\xA8\xA1",
    "\xE5\xAD\xA6\xE7\x94\x9F",
    "\xE7\xBA\xA6",
    "\xE5\xA4\x9A\xE6\x95\xB0",
    "\xE4\xBA\xBA",
    "\xE5\xA4\xA7",
    "\xE6\xA6\x82",
    "\xE6\xA1\xA5",
    "\xE9\x97\xA8",
    "\xE5\xA4\x9A",
    "\xE5\x93\xA5",
    "\xE5\x86\x9B",
    "\xE5\xB8\x88",
    "\xE6\xB8\x85",
    "\xE8\xA1\x97",
    "\xE5\x85\xB8",
    "\xE5\x8F\xAB",
    "\xE5\x8A\x9B",
    "\xE6\x89\xB9",
    "\xE5\x8E\x85",
    "\xE5\xA4\xAB",
    "\xE9\x83\xBD",
    "\xE8\x87\xB4",
    "\xE6\xB0\x94",
    "\xE7\xB1\xB3",
    "\xE5\xAD\xA6\xE5\xA3\xAB",
    "\xE5\x9B\xBD",
    "\xE5\xB0\x86",
    "\xE5\x9C\xB0",
    "\xE4\xBD\x93",
    "\xE9\x98\x9F",
    "\xE5\xB9\x85",
    "\xE4\xB8\xBA",
    "\xE8\x83\x86",
    "\xE4\xBC\x97",
    "\xE6\xAE\xBF",
    "\xE8\xA5\xBF\xE6\xB4\x8B",
    "\xE4\xBD\xBF",
    "\xE4\xB8\x9A",
    "\xE7\xAC\x91",
    "\xE7\x89\x87",
    "\xE5\x88\xAB\xE5\xB1\xB1",
    "\xE6\x88\x98",
    "\xE6\xB5\xB7",
    "\xE6\xB1\x89",
    "\xE5\xB1\x80",
    "\xE5\xB1\x95\xE5\xAE\x8F\xE5\x9B\xBE",
    "\xE7\x88\xB7",
    "\xE4\xBC\x99\xE5\x84\xBF",
    "\xE8\xBF\x9E",
    "\xE4\xBA\x8E",
    "\xE5\x90\x83\xE4\xB8\x80\xE6\x83\x8A",
    "\xE8\xB5\x9B",
    "\xE7\x82\xAE",
    "\xE7\x90\x86",
    "\xE7\x9B\x98",
    "\xE5\x93\xAD",
    "\xE6\xA5\xBC",
    "\xE7\x8E\x8B",
    "\xE8\x84\x91",
    "\xE8\xB4\xA5",
    "\xE5\x9C\xA3",
    "\xE5\x90\x8D",
    "\xE9\x83\xA8",
    "\xE4\xBE\xA0",
    "\xE6\xB4\x8B",
    "\xE4\xB8\xBE",
    "\xE5\x8E\xA6",
    "\xE5\x88\x80",
    "\xE5\xB9\x85\xE5\xBA\xA6",
    "\xE5\xAD\x97",
    "\xE7\xBA\xA2",
    "\xE7\xBA\xB2",
    "\xE5\xA6\x88",
    "\xE6\x9D\x83",
    "\xE4\xBC\x99",
    "\xE5\xA7\x90",
    "\xE6\xA0\x91",
    "\xE5\x9D\x97",
    "\xE5\xA4\xA7\xE7\x9A\x84",
    "\xE4\xB8\xAD\xE5\x9E\x8B",
    "\xE5\xB1\xB1",
    "\xE9\x80\x89",
    "\xE4\xB8\x93",
    "\xE9\xA1\xBA",
    "\xE5\x8A\x9F",
    "\xE6\xB2\xB3",
    "\xE6\xB9\x96",
    "\xE6\xB1\x9F",
    "\xE8\xB7\x83\xE8\xBF\x9B",
    "\xE9\x9D\xA2\xE7\xA7\xAF",
    "\xE5\x90\x8C",
    "\xE9\x9D\xA9\xE5\x91\xBD",
    "\xE8\x82\x86",
    "\xE6\x96\xB9",
    "\xE5\x86\xB6",
    "\xE7\x81\xAB",
    "\xE7\x9F\xB3",
    "\xE8\x87\xAA\xE7\x84\xB6",
    "\xE5\xB0\x86\xE5\x86\x9B",
    "\xE9\x83\xBD\xE5\x9F\x8E",
    "\xE5\xA5\x96",
    "\xE6\xB2\xBD\xE5\x8F\xA3",
    "\xE7\x90\x86\xE5\xAF\xBA",
    "\xE5\xA0\xA4",
    "\xE6\xB9\xBE\xE7\x89\xB9",
    "\xE5\x85\x83\xE5\xB8\x85",
    "\xE9\x9B\xA8",
    "\xE6\x97\x97",
    "\xE4\xB9\xB1",
    "\xE6\x88\xB7",
    "\xE5\xA4\xA7\xE5\xB0\x8F\xE5\xB0\x8F",
    "\xE7\x90\x86\xE7\x9F\xB3",
    "\xE7\xA4\xBC",
    "\xE5\x96\x9C",
    "\xE6\x88\x90",
    "\xE8\xB1\x86",
    "\xE8\xA1\x97\xE5\xB0\x8F\xE5\xB7\xB7",
    "\xE5\x85\xAC",
    "\xE4\xB8\x88\xE5\xA4\xAB",
    "\xE4\xBD\x9C",
    "\xE7\xA5\xB8",
    "\xE5\xAB\x82",
    "\xE8\xB8\x8F\xE6\xAD\xA5",
    "\xE5\x8D\x8A",
    "\xE9\xA3\x8E",
    "\xE8\x90\xA5",
    "\xE6\xBC\xA0",
    "\xE8\xBF\x9E\xE5\xB8\x82",
    "\xE8\x88\xB9",
    "\xE9\x98\xAA",
    "\xE5\xA0\x86",
    "\xE9\x99\x86\xE6\x9E\xB6",
    "\xE4\xB8\x93\xE5\xAD\xA6\xE6\xA0\xA1",
    "\xE5\xB3\xA1\xE8\xB0\xB7",
    "\xE4\xBD\x93\xE4\xB8\x8A",
    "\xE5\x9F\x8E",
    "\xE5\xA0\x82",
    "\xE5\x9B\xA2\xE7\xBB\x93",
    "\xE6\x8B\x87\xE6\x8C\x87",
    "\xE8\x83\x9C",
    "\xE9\x9B\xAA",
    "\xE5\xAE\x97",
    "\xE5\x94\x90",
    "\xE8\xB7\xAF",
    "\xE9\x97\xA8\xE5\x8F\xA3",
    "\xE5\xBA\x86",
    "\xE7\xA2\x97",
    "\xE8\xA1\xA3",
    "\xE4\xBB\xB6",
    "\xE9\xBA\xA6",
    "\xE5\xB7\xB4\xE5\xB1\xB1",
    "\xE5\xB8\x85",
    "\xE5\xA4\xB4",
    "\xE5\xAE\x98",
    "\xE7\x89\x8C",
    "\xE8\xA7\x82",
    "\xE9\x99\xA2",
    "\xE5\xA5\x96\xE8\xB5\x9B",
    "\xE6\xB4\x8B\xE6\xB4\xB2",
    "\xE4\xBF\xAE",
    "\xE9\xB2\xB5",
    "\xE5\xA5\xBD",
    "\xE5\xA8\x98",
    "\xE9\x80\x9A\xE9\x81\x93",
    "\xE7\x86\x8A\xE7\x8C\xAB",
    "\xE5\xA2\x9E",
    "\xE5\x96\x8A",
    "\xE4\xB9\x98",
    "\xE5\x86\x85",
    "\xE5\x8F\x94",
    "\xE6\x9D\xA8\xE6\xA0\x91",
    "\xE4\xBD\xBF\xE9\xA6\x86",
    "\xE5\x8E\xA8",
    "\xE8\x85\xBF",
    "\xE6\xB4\xAA\xE5\xB1\xB1",
    "\xE5\x85\xB4\xE5\xAE\x89\xE5\xB2\xAD",
    "\xE8\xB1\xA1",
    "\xE7\xBA\xA2\xE9\x97\xA8",
    "\xE5\xAF\xA8",
    "\xE6\xB9\xBE",
    "\xE5\x86\xB6\xE5\xB8\x82",
    "\xE6\x9C\xAC\xE8\x90\xA5",
    "\xE6\x82\x9F\xE5\x8E\xBF",
    "\xE5\xAF\xBF",
    "\xE5\xBE\xB7",
    "\xE6\xAD\xA5",
    "\xE7\x97\x85",
    "\xE6\xB0\x94\xE5\xB1\x82",
    "\xE4\xBE\xBF",
    "\xE9\x85\x92\xE5\xBA\x97",
    "\xE4\xB8\x93\xE9\x99\xA2\xE6\xA0\xA1",
    "\xE6\x8C\xAF",
    "\xE6\x8D\xB7",
    "\xE4\xB8\xAD",
    "\xE5\x8F\x91",
    "\xE9\xA1\xBA\xE5\x86\x9B",
    "\xE4\xB9\x90",
    "\xE5\xB8\x9D",
    "\xE6\x83\x8A\xE5\xA4\xB1\xE8\x89\xB2",
    "\xE4\xBC\xAF",
    "\xE6\x8A\xB5",
    "\xE4\xB8\xAA\xE5\xAD\x90",
    "\xE6\xB3\x95",
    "\xE6\x83\x8A\xE5\xB0\x8F\xE6\x80\xAA",
    "\xE5\x85\xB4\xE5\x9C\x9F\xE6\x9C\xA8",
    "\xE6\x84\x8F",
    "\xE4\xB8\xAD\xE5\x9F\x8E\xE5\xB8\x82",
    "\xE4\xBC\x9A\xE5\xA0\x82",
    "\xE5\x9D\x9D",
    "\xE5\xAE\xB6\xE5\xBA\xAD",
    "\xE6\xBD\xAE",
    "\xE5\x85\xB5",
    "\xE6\xB4\xB2",
    "\xE5\xB2\x9B",
    "\xE8\x83\xA1\xE5\xAD\x90",
    "\xE5\x8D\x8A\xE4\xB8\xAA",
    "\xE5\xA3\xB0\xE7\x96\xBE\xE5\x91\xBC",
    "\xE8\xBF\x9E\xE5\xAE\x9E\xE5\xBE\xB7",
};

static const char* const t603[] = {
    "\xE5\xAE\x89\xE9\x97\xA8",
    "\xE4\xB8\x8B",
    "\xE7\x84\xB6",
    "\xE6\xB4\xA5",
    "\xE9\x97\xA8",
    "\xE6\xB0\x94",
    "\xE5\x9C\xB0",
    "\xE5\xA4\xA9",
    "\xE7\xA9\xBA",
    "\xE5\xAD\x90",
    "\xE9\xB9\x85\xE6\xB4\xB2",
    "\xE4\xB8\xBB\xE6\x95\x99",
    "\xE9\x97\xA8\xE5\xB8\x82",
    "\xE5\xA0\x82",
    "\xE4\xB8\x8A",
    "\xE7\x84\xB6\xE6\xB0\x94",
    "\xE4\xBD\x93",
    "\xE5\xBA\x9C",
    "\xE8\x89\xB2",
    "\xE6\x96\x87",
    "\xE8\x8A\xB1",
    "\xE8\xB5\x8B",
    "\xE6\xB2\xB3\xE6\x9C\xBA\xE5\x9C\xBA",
    "\xE6\x98\x9F",
    "\xE5\xA4\xA7",
    "\xE5\xB1\xB1",
    "\xE6\xB2\xB3",
    "\xE7\x9A\x87",
    "\xE9\xBA\xBB",
    "\xE4\xBA\xAE",
    "\xE4\xB8\x8B\xE7\xAC\xAC\xE4\xB8\x80",
    "\xE5\x9C\xB0\xE4\xBC\x9A",
    "\xE9\xBB\x91",
    "\xE7\x94\x9F",
    "\xE9\xB9\x85",
    "\xE6\xA1\xA5",
    "\xE7\x9C\x9F",
    "\xE7\xAB\xBA",
    "\xE7\x8E\x8B",
    "\xE6\xB4\xA5\xE5\xB8\x82",
    "\xE6\x89\x8D",
    "\xE7\xBA\xBF",
    "\xE6\x96\x87\xE5\xAD\xA6",
    "\xE9\xA1\xBA",
    "\xE6\x96\x87\xE5\xAD\xA6\xE5\xAE\xB6",
    "\xE6\xA3\x9A",
    "\xE5\x9D\x9B",
    "\xE6\x98\x8E",
    "\xE6\xB1\xA0",
    "\xE4\xBD\xBF",
    "\xE7\x9B\x91",
    "\xE6\xB4\xA5\xE9\x98\x9F",
    "\xE6\x80\xA7",
    "\xE6\x96\x87\xE5\x8F\xB0",
    "\xE5\xAE\x87",
    "\xE7\xA5\x9E",
    "\xE5\xAE\x89",
    "\xE5\xBF\x83\xE6\xB4\xB2",
    "\xE5\x91\xBD",
    "\xE5\xAE\xAB",
    "\xE9\xB9\xB0",
    "\xE4\xBA\x95",
    "\xE5\xA0\x91",
    "\xE8\xB1\xA1",
    "\xE9\xBE\x99",
    "\xE5\xAE\x9D",
    "\xE4\xBB\x99",
    "\xE8\xBE\xB9",
};

static const char* const t604[] = {
    "\xE9\x98\xB3",
    "\xE7\x9B\x91",
    "\xE5\xBA\x99",
    "\xE5\xA4\xAA",
    "\xE5\xAD\x90",
    "\xE5\x90\x8E",
    "\xE5\xB9\xB3\xE6\xB4\x8B",
    "\xE7\xA9\xBA",
    "\xE5\x8E\x9F",
    "\xE5\xBA\xB7",
    "\xE5\xB9\xB3",
    "\xE5\x92\x8C\xE6\xAE\xBF",
    "\xE5\x92\x8C",
    "\xE5\xAE\x88",
    "\xE5\xB8\x88",
    "\xE7\xA5\x96",
    "\xE6\xB9\x96",
    "\xE9\x98\xB3\xE8\x83\xBD",
    "\xE5\xB9\xB3\xE5\xA4\xA9\xE5\x9B\xBD",
    "\xE5\xB0\x8F",
    "\xE8\xA1\x8C",
    "\xE9\x98\xB3\xE7\xB3\xBB",
    "\xE5\xAE\x97",
    "\xE9\x87\x8D",
    "\xE4\xBF\x9D",
    "\xE5\x8F\xB2",
    "\xE9\x83\x8E",
    "\xE5\x85\xAC",
    "\xE6\x9E\x81",
    "\xE5\xB0\x89",
    "\xE8\xA1\x8C\xE5\xB1\xB1",
    "\xE9\x98\xB3\xE5\xB9\xB4",
    "\xE6\x99\x96\xE8\xA7\x82",
    "\xE5\x8C\xBB",
    "\xE6\x9E\x81\xE6\x8B\xB3",
};

static const char* const t605[] = {
    "\xE4\xBA\xBA",
    "\xE5\xA6\x87",
    "\xE5\xA6\xBB",
    "\xE4\xBA\xBA\xE9\x81\x93",
    "\xE4\xBA\xBA\xE5\x9F\x8E",
};

static const char* const t606[] = {
    "\xE8\xA7\x86",
    "\xE8\xA1\x8C",
};

static const char* const t607[] = {
    "\xE8\xB4\xA5",
    "\xE5\x8E\xBB",
    "\xE4\xB8\x9A",
    "\xE6\x9C\x9B",
    "\xE8\xAF\xAF",
    "\xE5\x88\xA9",
    "\xE8\xB0\x83",
    "\xE8\xB8\xAA",
    "\xE5\xAD\xA6",
    "\xE5\xB8\xB8",
    "\xE8\x90\xBD",
    "\xE7\x9C\xA0",
    "\xE5\x9C\xB0",
    "\xE9\x99\xB7",
    "\xE5\xA3\xB0",
    "\xE5\xAE\x88",
    "\xE4\xBC\xA0",
    "\xE6\x89\x8B",
    "\xE8\xA1\xA1",
    "\xE4\xB8\x9A\xE7\x8E\x87",
    "\xE6\x95\x88",
};

static const char* const t608[] = {
    "\xE5\x8F\x91",
    "\xE4\xB8\x8A",
    "\xE9\xA1\xB6",
    "\xE8\x84\x91",
    "\xE9\x83\xA8",
    "\xE9\xA2\x86",
    "\xE9\x99\x80",
    "\xE5\x84\xBF",
    "\xE7\x9B\xAE",
    "\xE7\x97\x9B",
    "\xE8\xA1\x94",
    "\xE6\x99\x95",
    "\xE7\x9B\x94",
    "\xE7\x96\xBC",
    "\xE9\xA2\x85",
    "\xE9\xA2\x88",
    "\xE9\xAA\xA8",
    "\xE5\x8F\xB7",
    "\xE7\x9A\xAE",
    "\xE7\x90\x83",
    "\xE7\xAD\x89",
    "\xE7\xBB\xAA",
    "\xE5\xAD\x90",
    "\xE5\xB7\xBE",
};

static const char* const t609[] = {
    "\xE9\x99\xB5",
    "\xE9\x99\xB5\xE5\x8C\xBA",
};

static const char* const t610[] = {
    "\xE5\xBC\xA0",
    "\xE7\x89\xB9",
    "\xE5\xA4\xA7",
    "\xE5\xA5\x96",
};

static const char* const t611[] = {
    "\xE5\x87\xBB",
    "\xE6\x9D\x82",
    "\xE6\x94\xBB",
};

static const char* const t612[] = {
    "\xE5\x8F\x96",
    "\xE5\xBE\x97",
    "\xE5\x86\xA0",
    "\xE5\x8E\xBB",
    "\xE5\x9B\x9E",
    "\xE7\x9B\xAE",
};

static const char* const t613[] = {
    "\xE6\x80\xAA",
    "\xE7\x89\xB9",
    "\xE8\xBF\xB9",
    "\xE5\xBC\x82",
    "\xE5\xA6\x99",
    "\xE7\x8F\x8D",
    "\xE6\x89\x8D",
    "\xE8\xA7\x82",
};

static const char* const t614[] = {
    "\xE4\xBD\x95",
};

static const char* const t615[] = {
    "\xE5\x91\xBD",
    "\xE7\x8C\xAE",
    "\xE8\xA1\x8C",
    "\xE5\xA4\xA9",
    "\xE6\x81\x92\xE9\xAB\x98",
    "\xE6\x97\xA8",
    "\xE6\x89\xBF",
};

static const char* const t616[] = {
    "\xE6\x96\x97",
    "\xE5\x8A\x9B",
    "\xE8\xB5\xB7",
    "\xE5\x8B\x87",
    "\xE6\x88\x98",
    "\xE5\x8F\x91\xE8\xBF\x9B\xE5\x8F\x96",
};

static const char* const t617[] = {
    "\xE6\x8A\x98",
    "\xE7\x96\x8F",
    "\xE7\xAB\xA0",
};

static const char* const t618[] = {
    "\xE4\xB8\xB9",
    "\xE7\xBA\xA6",
    "\xE6\x9C\xBA",
};

static const char* const t619[] = {
    "\xE8\xB7\x91",
    "\xE8\x85\xBE",
    "\xE9\xA9\xB0",
    "\xE8\xB5\xB0",
    "\xE6\xB3\xA2",
    "\xE8\xB5\xB4",
};

static const char* const t620[] = {
    "\xE5\x8A\xB1",
    "\xE9\x87\x91",
    "\xE6\x83\xA9",
    "\xE5\xAD\xA6\xE9\x87\x91",
    "\xE7\xAB\xA0",
    "\xE9\xA1\xB9",
};

static const char* const t621[] = {
    "\xE9\xA4\x90",
};

static const char* const t622[] = {
    "\xE5\xAE\x9A",
    "\xE5\x9F\xBA\xE4\xBA\xBA",
};

static const char* const t623[] = {
    "\xE4\xBE\x88",
    "\xE4\xBE\x88\xE5\x93\x81",
    "\xE5\x8D\x8E",
};

static const char* const t624[] = {
    "\xE5\x9C\xB0\xE5\x88\xA9",
    "\xE8\xBF\x90\xE4\xBC\x9A",
    "\xE8\xBF\x90",
    "\xE5\xA6\x99",
    "\xE6\x96\xAF\xE5\x8D\xA1",
    "\xE7\xA7\x98",
    "\xE6\x9E\x97\xE5\x8C\xB9\xE5\x85\x8B",
    "\xE5\xB7\xB4\xE9\xA9\xAC",
};

static const char* const t625[] = {
    "\xE4\xBA\xBA",
    "\xE5\x84\xBF",
    "\xE5\xAD\x90",
    "\xE6\x80\xA7",
    "\xE5\xA3\xAB",
    "\xE5\xAD\xA9",
    "\xE5\xAD\xA9\xE5\xAD\x90",
    "\xE9\x83\x8E",
    "\xE7\x94\x9F",
    "\xE5\xA9\xBF",
    "\xE7\x8E\x8B",
    "\xE7\x9C\x9F",
    "\xE5\xB7\xA5",
    "\xE9\x98\x9F",
    "\xE5\xB0\xB8",
    "\xE5\xAD\xA9\xE5\x84\xBF",
    "\xE7\xA5\x9E",
    "\xE7\xAB\xA5",
    "\xE5\x85\xB5",
    "\xE5\x8F\x8B",
    "\xE6\x8E\x92",
    "\xE6\x9C\x8B\xE5\x8F\x8B",
    "\xE6\x96\xB9",
};

static const char* const t626[] = {
    "\xE9\x9A\xB6",
    "\xE6\x89\x8D",
    "\xE5\xA9\xA2",
    "\xE5\xBD\xB9",
    "\xE9\x9A\xB6\xE5\x88\xB6",
    "\xE9\x9A\xB6\xE4\xB8\xBB",
    "\xE4\xBB\x86",
    "\xE5\xAE\xB6",
};

static const char* const t627[] = {
    "\xE5\xA5\xB6",
    "\xE7\xB2\x89",
};

static const char* const t628[] = {
    "\xE8\xB4\xBC",
    "\xE8\x87\xA3",
    "\xE6\xB7\xAB",
    "\xE7\xBB\x86",
};

static const char* const t629[] = {
    "\xE4\xBB\xAC",
    "\xE5\xAE\xB6",
};

static const char* const t630[] = {
    "\xE5\x83\x8F",
    "\xE5\x90\x83",
    "\xE5\xA5\xBD",
    "\xE5\xA4\x84",
    "\xE7\x94\x9F",
    "\xE6\xB1\x89",
    "\xE4\xBA\x8B",
    "\xE7\x9C\x8B",
    "\xE8\xB1\xA1",
    "\xE8\xBD\xAC",
    "\xE5\xA5\x87",
    "\xE5\xA4\x9A",
    "\xE4\xB8\x8D\xE5\xA5\xBD",
    "\xE4\xB8\x8D\xE5\xAE\xB9\xE6\x98\x93",
    "\xE6\xAD\xB9",
    "\xE5\x87\xA0\xE4\xB8\xAA",
    "\xE4\xBA\xBA",
    "\xE6\xAF\x94",
    "\xE8\xAF\x84",
    "\xE4\xBA\x9B",
    "\xE4\xB9\x85",
    "\xE4\xBC\xBC",
    "\xE5\x8F\x8B",
    "\xE6\x89\x8B",
    "\xE5\xAE\xB9\xE6\x98\x93",
    "\xE5\x8A\x9E",
    "\xE5\xA5\x87\xE5\xBF\x83",
    "\xE5\x87\xA0",
    "\xE5\x96\x9D",
    "\xE5\x90\xAC",
    "\xE7\xAB\xAF\xE7\xAB\xAF",
    "\xE5\x9D\x8F",
    "\xE8\x8E\xB1\xE5\x9D\x9E",
    "\xE6\x97\xA5\xE5\xAD\x90",
    "\xE6\xB6\x88\xE6\x81\xAF",
    "\xE6\x84\x9F",
};

static const char* const t631[] = {
    "\xE6\x9E\x9C",
    "\xE4\xBD\x95",
    "\xE6\xAD\xA4",
    "\xE4\xBB\x8A",
    "\xE5\x90\x8C",
    "\xE4\xB8\x8B",
    "\xE6\x98\xAF",
    "\xE6\x9E\x9C\xE8\xAF\xB4",
    "\xE5\xAE\x9E",
    "\xE6\x84\x8F",
    "\xE6\x9E\x97",
    "\xE6\x84\xBF",
    "\xE5\x85\xB6",
    "\xE6\x9D\xA5",
    "\xE6\x9C\x9F",
    "\xE8\x8B\xA5",
};

static const char* const t632[] = {
    "\xE5\x9B\xBE",
    "\xE6\x83\xB3",
};

static const char* const t633[] = {
    "\xE5\xA5\xB3",
    "\xE4\xBA\xBA",
    "\xE7\xA7\x91",
    "\xE5\xAD\xBA",
    "\xE8\x81\x94",
};

static const char* const t634[] = {
    "\xE5\xA6\x88",
};

static const char* const t635[] = {
    "\xE5\xA8\xA0",
};

static const char* const t636[] = {
    "\xE5\xA5\xB3",
    "\xE9\x99\xA2",
};

static const char* const t637[] = {
    "\xE7\xB2\xBE",
    "\xE6\x80\xAA",
    "\xE9\xAD\x94",
};

static const char* const t638[] = {
    "\xE8\xAE\xA1",
};

static const char* const t639[] = {
    "\xE5\x8D\x8F",
    "\xE5\x96\x84",
    "\xE5\xBD\x93",
};

static const char* const t640[] = {
    "\xE7\xA2\x8D",
};

static const char* const t641[] = {
    "\xE5\xAA\x9A",
};

static const char* const t642[] = {
    "\xE5\xA6\xB9",
    "\xE5\xAD\x90",
    "\xE5\x84\xBF",
};

static const char* const t643[] = {
    "\xE5\xAD\x90",
};

static const char* const t644[] = {
    "\xE5\xA6\xB9",
    "\xE5\xA4\xAB",
};

static const char* const t645[] = {
    "\xE7\xBB\x88",
    "\xE5\xBB\xBA",
    "\xE4\xBA\x8E",
    "\xE7\xA5\x96",
};

static const char* const t646[] = {
    "\xE5\xA7\x90",
    "\xE5\xA6\xB9",
    "\xE5\xA4\xAB",
};

static const char* const t647[] = {
    "\xE5\xA8\x98",
    "\xE5\xA7\x91",
    "\xE5\xA6\x88",
    "\xE8\x8B\x8F",
    "\xE4\xB8\x94",
};

static const char* const t648[] = {
    "\xE5\x90\x8D",
    "\xE6\xB0\x8F",
};

static const char* const t649[] = {
    "\xE5\x91\x98\xE4\xBC\x9A",
    "\xE5\x91\x98",
    "\xE5\x91\x98\xE9\x95\xBF",
    "\xE6\x89\x98",
    "\xE5\xB1\x88",
    "\xE5\x86\x85\xE7\x91\x9E\xE6\x8B\x89",
    "\xE6\xB4\xBE",
    "\xE6\x89\x98\xE4\xBA\xBA",
    "\xE6\x89\x98\xE4\xB9\xA6",
    "\xE5\xA9\x89",
    "\xE4\xBB\xBB",
    "\xE5\xAE\x9E",
};

static const char* const t650[] = {
    "\xE5\xB8\x88\xE5\x82\x85",
    "\xE6\x9C\x9F\xE6\x99\xBA",
    "\xE6\x9D\xA5\xE6\xB3\x89",
    "\xE6\xB9\x98\xE6\x88\x90",
};

static const char* const t651[] = {
    "\xE6\x81\xA9\xE6\x9F\xB1",
    "\xE5\xA3\xB0\xE6\x89\xAC",
};

static const char* const t652[] = {
    "\xE5\xA7\xA5",
};

static const char* const t653[] = {
    "\xE5\xA4\xAA\xE5\xA4\xAA",
    "\xE5\xA6\x88",
};

static const char* const t654[] = {
    "\xE6\x80\x81",
    "\xE5\x8A\xBF",
};

static const char* const t655[] = {
    "\xE8\x83\x81",
    "\xE5\x8A\x9B",
    "\xE4\xB8\xA5",
    "\xE9\xA3\x8E",
    "\xE4\xBF\xA1",
    "\xE6\xAD\xA6",
    "\xE5\xB0\xBC\xE6\x96\xAF",
    "\xE9\xA3\x8E\xE5\x87\x9B\xE5\x87\x9B",
    "\xE6\x9C\x9B",
    "\xE5\x90\x8D",
    "\xE6\x85\x91",
    "\xE5\xBB\x89",
};

static const char* const t656[] = {
    "\xE5\xA8\x83",
    "\xE5\xA8\x83\xE9\xB1\xBC",
};

static const char* const t657[] = {
    "\xE5\xAD\x90",
    "\xE5\xA8\x98",
    "\xE5\xAE\xB6",
    "\xE5\x84\xBF",
};

static const char* const t658[] = {
    "\xE4\xB9\x90",
};

static const char* const t659[] = {
    "\xE7\x86\x9F",
};

static const char* const t660[] = {
    "\xE5\xA9\x86",
    "\xE5\xA8\x98",
    "\xE5\xAD\x90",
};

static const char* const t661[] = {
    "\xE8\xBD\xAC",
};

static const char* const t662[] = {
    "\xE5\xAD\x90",
};

static const char* const t663[] = {
    "\xE5\xA7\xBB",
    "\xE7\xA4\xBC",
    "\xE8\x82\xB2",
    "\xE4\xBA\x8B",
    "\xE5\x90\x8E",
};

static const char* const t664[] = {
    "\xE5\x84\xBF",
};

static const char* const t665[] = {
    "\xE5\xAD\x90",
};

static const char* const t666[] = {
    "\xE4\xBD\x93",
    "\xE4\xBB\x8B",
};

static const char* const t667[] = {
    "\xE5\xA4\x96",
};

static const char* const t668[] = {
    "\xE7\xBE\x8E",
};

static const char* const t669[] = {
    "\xE5\xA6\x87",
};

static const char* const t670[] = {
    "\xE5\xAD\x90",
    "\xE5\xAB\x82",
};

static const char* const t671[] = {
    "\xE5\xA6\x92",
};

static const char* const t672[] = {
    "\xE7\x96\x91",
};

static const char* const t673[] = {
    "\xE5\xA6\x83",
};

static const char* const t674[] = {
    "\xE7\xA5\x96",
};

static const char* const t675[] = {
    "\xE5\xA8\xA5",
};

static const char* const t676[] = {
    "\xE5\xA5\xB3",
    "\xE5\x8F\xA3",
    "\xE5\xBC\xB9",
    "\xE5\xAD\x99",
    "\xE5\xBC\x9F",
    "\xE5\xAE\xAB",
    "\xE5\x85\xAC\xE5\x8F\xB8",
    "\xE5\xBC\x9F\xE5\x85\xB5",
    "\xE5\x8F\xB6",
    "\xE6\x88\xBF",
    "\xE7\xAB\xA5\xE9\x98\x81",
};

static const char* const t677[] = {
    "\xE6\x98\x8E",
    "\xE5\xAD\x90",
    "\xE9\x9B\x80",
    "\xE9\x81\x93",
    "\xE7\xA5\xA5\xE5\xA4\x8D",
};

static const char* const t678[] = {
    "\xE5\xA6\x87",
    "\xE8\x82\xB2",
};

static const char* const t679[] = {
    "\xE5\xBD\xA2",
    "\xE6\xAF\x8D",
    "\xE6\x95\xB0",
    "\xE4\xBD\x93",
    "\xE6\xA0\xB7",
    "\xE8\xBF\xB9",
    "\xE7\xAC\xA6",
    "\xE5\x9E\x8B",
    "\xE5\xA4\xB4",
    "\xE7\x9C\xBC",
    "\xE5\x8F\xB7",
    "\xE5\x85\xB8",
    "\xE7\x94\xBB",
    "\xE7\xAC\xA6\xE4\xB8\xB2",
    "\xE5\x84\xBF",
};

static const char* const t680[] = {
    "\xE5\x9C\xA8",
    "\xE5\x82\xA8",
    "\xE6\xAC\xBE",
    "\xE6\x94\xBE",
    "\xE6\x9C\x89",
    "\xE5\xBF\x83",
    "\xE4\xBA\xA1",
    "\xE5\x82\xA8\xE5\x99\xA8",
};

static const char* const t681[] = {
    "\xE4\xB8\xAD\xE5\xB1\xB1",
    "\xE6\x9D\x83",
    "\xE5\xAD\x90",
    "\xE5\x9B\x9B\xE6\xB5\xB7",
    "\xE4\xB9\x9D\xE7\x88\xB7",
    "\xE5\xB0\x91\xE5\xB9\xB3",
    "\xE5\xB0\x91\xE5\xAE\x89",
    "\xE5\xA9\x86\xE5\xA9\x86",
    "\xE7\x8E\x89\xE4\xBA\xAD",
    "\xE5\xA4\xAB\xE4\xBA\xBA",
    "\xE4\xBC\xA0\xE5\xBA\xAD",
    "\xE9\x87\x91\xE9\xBE\x99",
    "\xE5\xAE\xB6\xE6\x8B\x90",
    "\xE5\xBF\x85\xE5\xB9\xB2",
    "\xE6\x99\x93\xE7\xBE\xA4",
    "\xE6\x82\x9F\xE7\xA9\xBA",
    "\xE6\x89\xBF\xE5\xAE\x97",
    "\xE5\xA5\xB3",
    "\xE5\xA4\xA7\xE5\x9C\xA3",
    "\xE8\xA1\x8C\xE8\x80\x85",
    "\xE7\x8E\x89\xE5\x8E\x9A",
};

static const char* const t682[] = {
    "\xE6\x84\x9F",
    "\xE6\x84\x9F\xE5\xB8\x82",
    "\xE6\x95\xAC",
    "\xE5\xAD\x90",
    "\xE6\x84\x9F\xE4\xBA\xBA",
    "\xE6\x98\x8C\xE5\x8E\xBF",
    "\xE5\x8D\x97\xE5\x8C\xBA",
    "\xE9\xA1\xBA",
};

static const char* const t683[] = {
    "\xE5\xAD\x90",
    "\xE6\xB5\xA9\xE7\x84\xB6",
    "\xE5\xB0\x9D\xE6\xB9\x96",
    "\xE5\xBA\x86\xE5\x8D\x97",
    "\xE5\x8A\xA0\xE6\x8B\x89\xE5\x9B\xBD",
    "\xE5\x8A\xA0\xE6\x8B\x89",
};

static const char* const t684[] = {
    "\xE5\xAD\x90",
};

static const char* const t685[] = {
    "\xE8\x8A\x82",
    "\xE5\xBA\xA6",
    "\xE9\xA3\x8E\xE6\xB0\x94\xE5\x80\x99",
    "\xE5\x90\x8E\xE8\xB5\x9B",
    "\xE9\xA3\x8E",
    "\xE9\xA3\x8E\xE6\x80\xA7",
    "\xE6\xA2\x81",
    "\xE5\xAE\xB6\xE5\x98\xB4",
    "\xE8\x8A\x82\xE6\x80\xA7",
};

static const char* const t686[] = {
    "\xE7\xAB\x8B",
    "\xE7\x8B\xAC",
    "\xE5\x84\xBF",
    "\xE5\x8D\x95",
};

static const char* const t687[] = {
    "\xE7\x94\x9F",
    "\xE9\x99\xA2",
    "\xE6\xA0\xA1",
    "\xE4\xB9\xA0",
    "\xE8\x80\x85",
    "\xE7\xA7\x91",
    "\xE6\x9C\xAF",
    "\xE4\xBC\x9A",
    "\xE4\xBD\x8D",
    "\xE8\xAF\xB4",
    "\xE5\x8E\x86",
    "\xE6\xB4\xBE",
    "\xE5\xA3\xAB",
    "\xE9\x99\xA2\xE8\xB7\xAF",
    "\xE5\xBA\x9C",
    "\xE5\x91\x98",
    "\xE9\x97\xAE",
    "\xE8\xB4\xB9",
    "\xE5\xA0\x82",
    "\xE8\x81\x94",
    "\xE5\x88\xB0",
    "\xE5\xBA\x9C\xE8\xB7\xAF",
    "\xE7\x95\x8C",
    "\xE5\xAD\x90",
    "\xE6\x9C\xAF\xE7\x95\x8C",
    "\xE4\xB8\x9A",
    "\xE8\x89\xBA",
    "\xE6\x9C\x9F",
    "\xE5\xAE\xB6",
    "\xE5\x88\x86",
    "\xE6\xB5\xB7",
    "\xE8\x8B\x91",
    "\xE9\xA3\x8E",
    "\xE5\x88\xB6",
    "\xE8\xAF\x86",
    "\xE5\xBE\x92",
    "\xE5\xB9\xB4",
};

static const char* const t688[] = {
    "\xE5\xAD\x90",
    "\xE5\x84\xBF",
};

static const char* const t689[] = {
    "\xE5\x8C\x96",
};

static const char* const t690[] = {
    "\xE5\xA4\x8F",
    "\xE5\x8F\xAF",
    "\xE9\x9D\x99",
    "\xE6\x84\xBF",
    "\xE6\xB3\xA2",
    "\xE8\xBF\x9C",
};

static const char* const t691[] = {
    "\xE4\xBB\xAC",
};

static const char* const t692[] = {
    "\xE5\xAD\x90",
};

static const char* const t693[] = {
    "\xE5\xAE\x99",
    "\xE8\x88\xAA\xE5\x91\x98",
};

static const char* const t694[] = {
    "\xE5\x9F\x8E",
    "\xE5\x8D\xAB",
    "\xE6\x8A\xA4",
    "\xE5\x86\x9B",
    "\xE5\xA4\x87",
    "\xE5\xBE\xA1",
    "\xE6\x81\x92",
};

static const char* const t695[] = {
    "\xE5\x85\xA8",
    "\xE6\x8E\x92",
    "\xE8\xA3\x85",
    "\xE5\xBE\xBD",
    "\xE9\x99\x86",
    "\xE6\x85\xB0",
    "\xE5\xAE\x9A",
    "\xE9\x9D\x99",
    "\xE5\xBE\xBD\xE7\x9C\x81",
    "\xE5\xA8\x9C",
    "\xE7\xBD\xAE",
    "\xE4\xB9\xA1",
    "\xE6\x8A\x9A",
    "\xE5\xBF\x83",
    "\xE7\x90\x86\xE4\xBC\x9A",
    "\xE5\xAE\x81",
    "\xE6\x94\xBE",
    "\xE5\x8D\xB1",
    "\xE5\x85\xA8\xE6\x80\xA7",
    "\xE5\xAE\x9A\xE9\x97\xA8",
    "\xE5\xBA\x86",
    "\xE5\x85\xA8\xE5\xB1\x80",
    "\xE5\x93\xA5\xE6\x8B\x89",
    "\xE7\xA8\xB3",
    "\xE8\x91\xAC",
    "\xE9\xA1\xBF",
    "\xE5\x86\x85",
    "\xE6\x81\xAF",
    "\xE9\x82\xA6\xE6\xB2\xBB\xE5\x9B\xBD",
    "\xE4\xB8\x83\xE5\xB7\x9E",
    "\xE9\x99\x86\xE5\xB8\x82",
    "\xE6\xAD\x87",
    "\xE9\x98\xB3",
    "\xE5\x8D\x97",
    "\xE5\x8F\xB2\xE4\xB9\x8B\xE4\xB9\xB1",
};

static const char* const t696[] = {
    "\xE6\xB1\x9F",
    "\xE4\xBB\xA3",
    "\xE7\x8C\xAE\xE7\xAD\x96",
    "\xE6\x9C\x9D",
    "\xE6\x80\x9D\xE6\x98\x8E",
    "\xE6\x95\x99\xE4\xBB\x81",
    "\xE7\x85\xA7\xE8\x82\x83",
    "\xE9\x9D\x92\xE4\xB9\xA6",
    "\xE5\xBA\x86\xE9\xBE\x84",
    "\xE8\xBF\x9C\xE6\xA1\xA5",
};

static const char* const t697[] = {
    "\xE6\x88\x90",
    "\xE5\x85\xA8",
    "\xE5\x96\x84",
    "\xE6\x95\xB4",
    "\xE7\xBE\x8E",
    "\xE6\xAF\x95",
    "\xE5\xA4\x87",
    "\xE5\xA5\xBD",
    "\xE5\xB7\xA5",
    "\xE5\xA9\x9A",
    "\xE6\x88\x90\xE7\x8E\x87",
    "\xE8\x9B\x8B",
    "\xE9\xA2\x9C\xE8\x90\x8D",
};

static const char* const t698[] = {
    "\xE8\xA7\x82",
    "\xE4\xBC\x9F",
    "\xE5\xA4\xA7",
    "\xE8\xBE\xBE",
};

static const char* const t699[] = {
    "\xE6\x95\x99",
    "\xE6\x97\xA8",
    "\xE5\xAE\xA4",
    "\xE6\x97\x8F",
    "\xE6\xB4\xBE",
    "\xE4\xBA\xBA\xE5\xBA\x9C",
    "\xE6\x9C\xB1\xE5\x8E\x9A",
    "\xE5\xBA\x99",
    "\xE6\xB3\x95",
};

static const char* const t700[] = {
    "\xE5\x91\x98",
    "\xE5\x85\xB5",
    "\xE5\x86\x9B",
    "\xE5\x90\x8F",
    "\xE6\x96\xB9",
    "\xE5\xAE\xB6",
    "\xE5\xBA\x9C",
    "\xE8\x81\x8C",
    "\xE5\x83\x9A",
    "\xE8\xAF\x9D",
    "\xE7\xBD\xB2",
    "\xE5\x9C\xBA",
    "\xE5\xB1\xB1",
    "\xE5\x8F\xB8",
    "\xE4\xBA\xBA",
    "\xE5\x84\xBF",
    "\xE4\xBD\x8D",
    "\xE7\xBB\x85",
    "\xE7\x94\xB0\xE6\xB9\x96",
    "\xE5\x88\xB6",
    "\xE5\x85\xB5\xE4\xBB\xAC",
    "\xE5\x83\x9A\xE4\xB8\xBB\xE4\xB9\x89",
};

static const char* const t701[] = {
    "\xE6\x96\xAF",
};

static const char* const t702[] = {
    "\xE4\xB9\x89",
    "\xE4\xBD\x8D",
    "\xE5\xBE\x8B",
    "\xE6\x9C\x9F",
    "\xE4\xB8\xBA",
    "\xE5\x90\x91",
    "\xE5\xB1\x85",
    "\xE7\x84\xB6",
    "\xE4\xBB\xB7",
    "\xE7\x90\x86",
    "\xE9\xA2\x9D",
    "\xE5\x9E\x8B",
    "\xE9\x87\x8F",
    "\xE5\x88\xB6",
    "\xE6\x80\xA7",
    "\xE4\xB8\x8B",
    "\xE6\x97\xB6",
    "\xE5\x90\x8D",
    "\xE7\x82\xB9",
    "\xE8\xAE\xBA",
    "\xE4\xBA\x8E",
    "\xE9\x83\xBD",
};

static const char* const t703[] = {
    "\xE5\xA6\x82",
};

static const char* const t704[] = {
    "\xE6\x98\x8C",
    "\xE6\x98\x8C\xE5\xB8\x82",
    "\xE9\x83\xBD",
    "\xE5\x9F\x8E",
    "\xE5\x85\xB4",
    "\xE9\xBB\x84",
    "\xE5\x9F\x8E\xE5\xB8\x82",
    "\xE9\x83\xBD\xE5\xB8\x82",
    "\xE4\xBA\xBA",
};

static const char* const t705[] = {
    "\xE7\x8E\x89",
    "\xE8\xB4\x9D",
    "\xE8\xB4\xB5",
    "\xE5\x89\x91",
    "\xE5\xBA\x93",
    "\xE7\x9F\xB3",
    "\xE5\x88\x80",
    "\xE5\xBA\xA7",
    "\xE7\x89\xA9",
    "\xE5\xAE\x9D",
    "\xE8\x97\x8F",
    "\xE9\xA9\xAC",
    "\xE4\xB8\x9A",
    "\xE6\xB5\xB7",
    "\xE5\xA1\x94",
};

static const char* const t706[] = {
    "\xE8\xA1\x8C",
    "\xE7\x8E\xB0",
    "\xE9\x99\x85",
    "\xE6\x96\xBD",
    "\xE9\x99\x85\xE4\xB8\x8A",
    "\xE5\x9C\xA8",
    "\xE9\xAA\x8C",
    "\xE8\xB7\xB5",
    "\xE5\x8A\x9B",
    "\xE9\xAA\x8C\xE5\xAE\xA4",
    "\xE7\x94\xA8",
    "\xE8\xB4\xA8",
    "\xE4\xB9\xA0",
    "\xE4\xBA\x8B\xE6\xB1\x82\xE6\x98\xAF",
    "\xE7\x89\xA9",
    "\xE4\xB8\x9A",
    "\xE4\xBD\x93",
    "\xE6\x88\x98",
    "\xE5\xBD\x95",
    "\xE4\xBA\x8B",
    "\xE5\xAE\x9E\xE5\x9C\xA8\xE5\x9C\xA8",
    "\xE8\xAF\x9D",
    "\xE5\x9C\xB0",
    "\xE4\xB8\xBA",
    "\xE6\x83\x85",
    "\xE6\x97\xB6",
    "\xE8\xB4\xA8\xE6\x80\xA7",
    "\xE4\xB9\xA0\xE7\x94\x9F",
    "\xE4\xBE\x8B",
    "\xE6\x9D\x83",
    "\xE6\x83\xA0",
    "\xE5\xBE\xB7",
    "\xE5\xBE\xB7\xE9\x98\x9F",
    "\xE6\x95\x88",
    "\xE5\x88\x99",
    "\xE5\x8A\xA1",
    "\xE6\x95\xB0",
    "\xE5\xB1\x9E",
    "\xE6\x9C\x89",
};

static const char* const t707[] = {
    "\xE7\x88\xB1",
    "\xE7\x89\xA9",
};

static const char* const t708[] = {
    "\xE8\xAE\xAE",
    "\xE5\x88\xA4",
    "\xE6\x9F\xA5",
    "\xE8\xAE\xA1\xE9\x95\xBF",
    "\xE8\xAE\xA1",
    "\xE7\x90\x86",
    "\xE5\x88\xA4\xE5\x91\x98",
    "\xE6\xA0\xB8",
    "\xE6\x89\xB9",
    "\xE7\xBE\x8E",
    "\xE8\xAE\xAF",
    "\xE5\xAE\x9A",
    "\xE8\xA7\x86",
    "\xE8\xAE\xA1\xE7\xBD\xB2",
    "\xE5\x88\xA4\xE6\x9D\x83",
    "\xE9\x97\xAE",
    "\xE6\x97\xB6\xE5\xBA\xA6\xE5\x8A\xBF",
};

static const char* const t709[] = {
    "\xE6\x88\xB7",
    "\xE4\xBA\xBA",
    "\xE8\xA7\x82",
    "\xE8\xBF\x90",
    "\xE6\xB0\x94",
    "\xE5\x8E\x85",
    "\xE5\x9C\xBA",
    "\xE5\xBA\x97",
    "\xE8\xBD\xA6",
    "\xE5\x95\x86",
    "\xE6\x88\xBF",
    "\xE6\x9C\xBA",
    "\xE8\xB4\xA7\xE8\xBD\xAE",
    "\xE6\xB5\x81",
    "\xE6\xA0\x88",
    "\xE4\xBD\x93",
};

static const char* const t710[] = {
    "\xE5\xB8\x83",
    "\xE4\xBC\xA0",
    "\xE5\x91\x8A",
    "\xE8\xA8\x80",
    "\xE8\xAF\xBB",
    "\xE7\xA7\xB0",
    "\xE6\x89\xAC",
    "\xE5\xBE\xB7",
    "\xE6\x88\x98",
    "\xE6\xAD\xA6\xE9\x97\xA8",
    "\xE4\xBC\xA0\xE9\x83\xA8",
    "\xE7\xBB\x9F",
    "\xE8\xAA\x93",
    "\xE6\x81\xA9\xE5\x8E\xBF",
    "\xE6\x8A\x9A\xE5\x8F\xB8",
    "\xE6\x8A\x9A\xE4\xBD\xBF",
    "\xE6\xAD\xA6",
    "\xE8\xAE\xB2\xE4\xBC\x9A",
};

static const char* const t711[] = {
    "\xE5\x86\x85",
    "\xE5\xA4\x96",
};

static const char* const t712[] = {
    "\xE5\xAE\x98",
};

static const char* const t713[] = {
    "\xE6\xB3\x95",
    "\xE6\x94\xBF",
    "\xE5\x85\xB5",
    "\xE5\xAE\x97",
    "\xE7\xAB\xA0",
};

static const char* const t714[] = {
    "\xE5\xBB\xB7",
    "\xE5\xA5\xB3",
    "\xE6\xAE\xBF",
    "\xE4\xB8\xAD",
    "\xE7\x81\xAF",
    "\xE5\x9F\x8E",
    "\xE9\x97\xA8",
    "\xE9\x87\x8C",
    "\xE5\xA2\x99",
    "\xE9\x98\x99",
    "\xE5\x86\x85",
    "\xE9\xA2\x88",
};

static const char* const t715[] = {
    "\xE7\x9B\xB8",
    "\xE7\x89\xB2\xE4\xBA\xAD",
};

static const char* const t716[] = {
    "\xE6\x80\x95",
    "\xE6\xAD\xBB",
    "\xE8\x99\xAB",
    "\xE4\xBA\xBA",
    "\xE7\xBE\x9E",
};

static const char* const t717[] = {
    "\xE4\xBC\x9A",
    "\xE8\xAF\xB7",
};

static const char* const t718[] = {
    "\xE5\xBA\xAD",
    "\xE9\x87\x8C",
    "\xE9\x95\xBF",
    "\xE6\x97\x8F",
    "\xE4\xB8\xAD",
    "\xE4\xBC\x99",
    "\xE4\xB9\xA1",
    "\xE5\xB1\x9E",
    "\xE5\x8A\xA1",
    "\xE4\xBA\xBA",
    "\xE5\x85\xB7",
    "\xE7\x94\xB5",
    "\xE9\x97\xA8",
    "\xE5\xA2\x83",
    "\xE5\x9B\xAD",
    "\xE7\x95\x9C",
    "\xE5\xBD\x93",
    "\xE4\xBA\xA7",
    "\xE5\xBA\x99",
    "\xE9\x87\x8C\xE4\xBA\xBA",
    "\xE5\xAE\xB6",
    "\xE4\xB8\x81",
    "\xE9\x97\xA8\xE5\x8F\xA3",
    "\xE5\x96\xBB\xE6\x88\xB7\xE6\x99\x93",
    "\xE7\xA6\xBD",
    "\xE4\xB8\x9A",
    "\xE6\x95\x99",
    "\xE4\xB8\xBB",
};

static const char* const t719[] = {
    "\xE6\x98\x93",
    "\xE9\x87\x8F",
    "\xE8\xB2\x8C",
    "\xE7\xBA\xB3",
    "\xE5\xBF\x8D",
    "\xE8\xAE\xB8",
    "\xE5\x99\xA8",
    "\xE6\xB0\xB4\xE9\x87\x8F",
    "\xE7\xA7\xAF",
};

static const char* const t720[] = {
    "\xE9\x98\x94",
    "\xE5\xB9\xBF",
    "\xE5\xA4\xA7",
    "\xE5\xBA\xA6",
    "\xE5\xAE\xB9",
    "\xE6\x95\x9E",
    "\xE6\x9D\xBE",
    "\xE5\xB8\xA6",
    "\xE6\x81\x95",
};

static const char* const t721[] = {
    "\xE9\xA6\x86",
    "\xE5\xAE\xA2",
};

static const char* const t722[] = {
    "\xE8\x88\x8D",
    "\xE4\xB8\xBB",
};

static const char* const t723[] = {
    "\xE5\xAF\x9E",
    "\xE9\x9D\x99",
};

static const char* const t724[] = {
    "\xE6\x89\x98",
    "\xE7\x94\x9F",
    "\xE5\x85\xBB",
    "\xE4\xB8\xBB",
};

static const char* const t725[] = {
    "\xE5\x88\x87",
    "\xE5\xBA\xA6",
    "\xE9\x9B\x86",
    "\xE7\xA0\x81",
    "\xE5\xB8\x83",
    "\xE5\xB0\x81",
    "\xE5\xAF\x86\xE9\xBA\xBB\xE9\xBA\xBB",
    "\xE6\x9E\x97",
    "\xE8\xB0\x8B",
    "\xE5\xAE\xA4",
};

static const char* const t726[] = {
    "\xE6\x9C\x89",
    "\xE4\xBA\xBA",
    "\xE8\xA3\x95",
    "\xE4\xBA\x8E",
    "\xE6\x88\xB7",
    "\xE8\xB4\xB5",
    "\xE5\x90\xAB",
    "\xE5\xBC\xBA",
    "\xE8\xB1\xAA",
    "\xE6\xB0\xB4",
    "\xE5\x86\x9C",
    "\xE9\xA5\xB6",
    "\xE4\xB8\xBD\xE5\xA0\x82\xE7\x9A\x87",
    "\xE7\xBF\x81",
    "\xE9\x9B\x86",
};

static const char* const t727[] = {
    "\xE5\x86\xB7",
    "\xE6\x84\x8F",
    "\xE9\xA3\x8E",
    "\xE6\xB0\x94",
    "\xE6\x9A\x84",
    "\xE5\x85\x89",
};

static const char* const t728[] = {
    "\xE6\x84\x8F",
    "\xE8\xA8\x80",
};

static const char* const t729[] = {
    "\xE5\xAE\xAB",
    "\xE5\xAE\xA4",
};

static const char* const t730[] = {
    "\xE7\x9C\x8B",
    "\xE8\xA7\x89",
    "\xE5\x93\x88\xE5\xB0\x94",
};

static const char* const t731[] = {
    "\xE5\xA4\xB4",
    "\xE5\xA6\x87",
};

static const char* const t732[] = {
    "\xE4\xB8\xBB",
};

static const char* const t733[] = {
    "\xE4\xBA\x8E",
    "\xE6\x96\xB9",
    "\xE8\xB1\xA1",
    "\xE5\xA4\x96",
    "\xE6\x89\x8B",
    "\xE4\xBB\x98",
    "\xE5\xBE\x85",
    "\xE6\x8A\x97",
    "\xE9\x9D\xA2",
    "\xE8\xAF\x9D",
    "\xE5\xA4\x96\xE5\xBC\x80\xE6\x94\xBE",
    "\xE7\xAB\x8B",
    "\xE6\xAF\x94",
    "\xE6\xAD\xA4",
    "\xE5\xBA\x94",
    "\xE4\xB8\x8D\xE8\xB5\xB7",
    "\xE7\xA7\xB0",
    "\xE7\xAD\x96",
    "\xE5\x87\x86",
    "\xE4\xBA\x86",
    "\xE5\xA4\x96\xE8\xB4\xB8\xE6\x98\x93",
    "\xE7\x85\xA7",
    "\xE5\x8F\xA3",
    "\xE6\x95\x8C",
    "\xE5\xB3\x99",
    "\xE8\x81\x94",
    "\xE5\x8D\x8E",
    "\xE5\xB2\xB8",
    "\xE9\x98\xB5",
    "\xE5\x86\x85",
    "\xE5\xBE\x97\xE8\xB5\xB7",
    "\xE7\xAD\x94",
};

static const char* const t734[] = {
    "\xE9\x99\xA2",
    "\xE5\xBA\x99",
    "\xE9\x87\x8C",
};

static const char* const t735[] = {
    "\xE6\x89\xBE",
    "\xE6\xB1\x82",
    "\xE6\x80\x9D",
    "\xE5\xB8\xB8",
    "\xE8\xA7\x85",
    "\xE8\xAE\xBF",
};

static const char* const t736[] = {
    "\xE5\xBC\xB9",
    "\xE8\x87\xB4",
    "\xE6\xBC\x94",
    "\xE8\x88\xAA",
    "\xE5\xB8\x88",
    "\xE6\xB8\xB8",
    "\xE5\x90\x91",
    "\xE7\xAE\xA1",
    "\xE4\xBD\x93",
    "\xE5\xBC\x95",
    "\xE5\x87\xBA",
    "\xE7\xBA\xBF",
    "\xE7\x94\xB5",
};

static const char* const t737[] = {
    "\xE5\x91\xBD",
};

static const char* const t738[] = {
    "\xE5\xBB\xBA",
    "\xE9\x94\x81",
    "\xE9\x97\xAD",
    "\xE5\xBB\xBA\xE7\x8E\x8B\xE6\x9C\x9D",
    "\xE5\xBB\xBA\xE7\xA4\xBE\xE4\xBC\x9A",
    "\xE9\x9D\xA2",
    "\xE5\xBB\xBA\xE4\xB8\xBB\xE4\xB9\x89",
    "\xE5\x8F\xA3",
    "\xE5\xBB\xBA\xE4\xB8\xBB",
    "\xE5\xAD\x98",
    "\xE5\x86\xBB",
    "\xE9\x97\xAD\xE5\xBC\x8F",
    "\xE7\x88\xB5",
};

static const char* const t739[] = {
    "\xE5\x87\xBB",
    "\xE7\xBA\xBF",
    "\xE7\xA8\x8B",
    "\xE9\x97\xA8",
    "\xE7\xAE\xAD",
    "\xE6\x89\x8B",
    "\xE7\x94\xB5",
    "\xE9\x80\x9F",
};

static const char* const t740[] = {
    "\xE5\x86\x9B",
    "\xE9\xA2\x86",
    "\xE6\x9D\xA5",
    "\xE5\xA3\xAB",
    "\xE8\xA6\x81",
    "\xE8\xBF\x91",
    "\xE4\xBB\xA4",
    "\xE4\xBF\xA1\xE5\xB0\x86\xE7\x96\x91",
};

static const char* const t741[] = {
    "\xE6\xB2\x90\xE6\x98\x95",
    "\xE5\x81\xA5\xE8\xA1\x8C",
};

static const char* const t742[] = {
    "\xE9\x87\x8D",
    "\xE4\xB8\xA5",
    "\xE6\x95\xAC",
    "\xE5\x8F\xB7",
    "\xE8\xB4\xB5",
};

static const char* const t743[] = {
    "\xE6\x97\xB6",
    "\xE8\xAF\xB4",
    "\xE5\xA7\x90",
    "\xE9\xBE\x99",
    "\xE5\xAD\xA6",
    "\xE7\xBB\x84",
    "\xE5\xAD\x90",
    "\xE5\xBF\x83",
    "\xE5\xB0\x8F\xE7\x9A\x84",
    "\xE9\xBA\xA6",
    "\xE5\x9E\x8B",
    "\xE4\xBA\xBA",
    "\xE5\xAD\xA9",
    "\xE5\xBC\x9F",
    "\xE5\xA3\xB0",
    "\xE5\xB0\x8F",
    "\xE5\xAD\xA9\xE5\xAD\x90",
    "\xE4\xBA\x8B",
    "\xE4\xBC\x99\xE5\xAD\x90",
    "\xE5\x90\x83",
    "\xE5\xA7\x91\xE5\xA8\x98",
    "\xE4\xBA\x8E",
    "\xE5\xBA\xB7",
    "\xE5\xAD\x94",
    "\xE9\x9B\xA8",
    "\xE8\x88\xB9",
    "\xE5\x84\xBF",
    "\xE6\x97\xB6\xE5\x80\x99",
    "\xE5\xB0\x86",
    "\xE5\xAD\xA6\xE7\x94\x9F",
    "\xE6\xB2\xB3\xE5\x8F\xA3",
    "\xE5\xBA\xB7\xE5\x8E\xBF",
    "\xE8\xB7\xAF",
    "\xE5\xBF\x83\xE7\xBF\xBC\xE7\xBF\xBC",
    "\xE5\x9F\x8E",
    "\xE5\xB2\x9B",
    "\xE8\xB4\x9D",
    "\xE5\x8E\xAE",
    "\xE5\xAD\x97",
    "\xE8\x85\xB9",
    "\xE5\xB1\x8B",
    "\xE5\x8C\xBA",
    "\xE7\xB1\xB3",
    "\xE9\xA9\xAC",
    "\xE7\x89\x9B",
    "\xE6\x8F\x90\xE7\x90\xB4",
    "\xE9\x95\x87",
    "\xE9\xAC\xBC",
    "\xE6\xA1\x82\xE5\xAD\x90",
    "\xE6\x91\x8A",
    "\xE5\xBC\xA0",
    "\xE5\xB1\xB1",
    "\xE5\x93\x81",
    "\xE5\x8F\xB2",
    "\xE7\x9F\xB3\xE6\xA1\xA5",
    "\xE6\x9E\x97",
    "\xE7\x99\xBD\xE8\x8F\x9C",
    "\xE5\xA5\xB3\xE5\xAD\xA9",
    "\xE5\xA5\xB3",
    "\xE6\xB2\xB3\xE5\x8F\xA3\xE9\x95\x87",
    "\xE6\xB2\xB3",
    "\xE6\x89\x8B",
    "\xE8\xBD\xA6",
    "\xE5\xA6\xB9",
    "\xE9\x98\x9F",
    "\xE5\x8F\xAF",
    "\xE8\x82\xA0",
    "\xE6\x9C\x8B\xE5\x8F\x8B",
    "\xE9\x92\xA2\xE7\x82\xAE",
    "\xE8\xB4\xA9",
    "\xE9\xB1\xBC",
    "\xE5\xBA\x97",
    "\xE8\xA7\x91",
    "\xE8\xAF\xB4\xE5\xAE\xB6",
    "\xE6\x9D\x91",
    "\xE4\xBE\xBF",
    "\xE7\x9C\x8B",
    "\xE6\xA5\xBC",
};

static const char* const t744[] = {
    "\xE6\x95\xB0",
    "\xE5\xB9\xB4",
    "\xE6\x95\xB0\xE6\xB0\x91\xE6\x97\x8F",
    "\xE5\xA5\xB3",
    "\xE6\x9E\x97",
    "\xE5\xB0\x86",
    "\xE9\x87\x8F",
    "\xE6\x9E\x97\xE5\xAF\xBA",
    "\xE7\x88\xB7",
    "\xE4\xBA\x8E",
    "\xE5\xB9\xB4\xE5\x84\xBF\xE7\xAB\xA5",
    "\xE8\xA7\x81",
    "\xE5\xA6\x87",
    "\xE4\xB8\x8D\xE4\xBA\x86",
    "\xE6\x9C\x89",
    "\xE5\x84\xBF",
};

static const char* const t745[] = {
    "\xE5\x90\x8E",
};

static const char* const t746[] = {
    "\xE6\xA4\x92",
    "\xE9\x94\x90",
    "\xE5\x8F\xAB",
    "\xE7\xAB\xAF",
    "\xE5\x88\x80",
};

static const char* const t747[] = {
    "\xE5\x9C\x9F",
    "\xE5\x9F\x83",
};

static const char* const t748[] = {
    "\xE4\xB9\xA6",
    "\xE6\x9C\xAA",
    "\xE6\x97\xA0",
    "\xE6\x9C\x89",
    "\xE4\xB8\x94",
    "\xE5\x8F\xAF",
};

static const char* const t749[] = {
    "\xE8\xAF\x95",
    "\xE5\xB0\x9D",
};

static const char* const t750[] = {
    "\xE5\x85\xB6",
    "\xE4\xB8\xBA",
    "\xE4\xBC\xAF\xE6\x9D\xAF",
};

static const char* const t751[] = {
    "\xE6\x98\xAF",
    "\xE4\xB8\x9A",
    "\xE7\xAE\x97",
    "\xE8\xA6\x81",
    "\xE6\xAD\xA4",
    "\xE8\xAE\xA9",
    "\xE6\x98\xAF\xE8\xAF\xB4",
    "\xE5\x8C\xBB",
    "\xE8\xAF\xBB",
    "\xE4\xBB\xBB",
    "\xE8\x81\x8C",
    "\xE8\xBF\x91",
    "\xE8\xAF\x8A",
    "\xE4\xB8\x9A\xE7\x8E\x87",
};

static const char* const t752[] = {
    "\xE5\xB0\xAC",
};

static const char* const t753[] = {
    "\xE4\xBD\x93",
    "\xE9\xA6\x96",
    "\xE8\xBA\xAB",
    "\xE9\xAA\xA8",
};

static const char* const t754[] = {
    "\xE5\x85\x8B\xE8\xA5\xBF",
    "\xE5\xBF\x97\xE5\xB9\xB3",
    "\xE5\x90\x89\xE7\x94\xAB",
    "\xE6\xB1\x89\xE5\xAE\x81",
    "\xE9\x9B\x86\xE9\x95\x87",
};

static const char* const t755[] = {
    "\xE5\xAF\xB8",
    "\xE5\xBA\xA6",
};

static const char* const t756[] = {
    "\xE5\xA7\x91",
    "\xE6\x91\xA9\xE6\x98\x9F",
    "\xE6\x97\xA5\xE5\x88\xA9\xE4\xBA\x9A",
    "\xE7\xBD\x97\xE6\xB2\xB3",
    "\xE6\xB3\x8A\xE5\xB0\x94",
    "\xE6\x97\xA5\xE5\xB0\x94",
};

static const char* const t757[] = {
    "\xE7\xAE\xA1",
    "\xE9\x87\x8F",
    "\xE5\xBF\xAB",
    "\xE5\x8F\xAF\xE8\x83\xBD",
    "\xE5\x8A\x9B",
    "\xE6\x95\xB0",
    "\xE5\xA4\xB4",
    "\xE6\x97\xA9",
    "\xE6\x83\x85",
    "\xE7\xAE\xA1\xE5\xA6\x82\xE6\xAD\xA4",
    "\xE5\xBF\x83",
};

static const char* const t758[] = {
    "\xE5\xB7\xB4",
    "\xE9\xB3\x8D",
    "\xE9\x83\xA8",
    "\xE7\xBF\xBC",
    "\xE5\xA3\xB0",
};

static const char* const t759[] = {
    "\xE9\x81\x93",
};

static const char* const t760[] = {
    "\xE9\x9D\xA2",
    "\xE9\x83\xA8",
    "\xE9\x95\xBF",
    "\xE5\x8A\xBF",
    "\xE9\x99\x90",
    "\xE9\x99\x90\xE6\x80\xA7",
};

static const char* const t761[] = {
    "\xE8\x82\xA1",
};

static const char* const t762[] = {
    "\xE6\xAC\xA1",
    "\xE9\x9D\xA2",
    "\xE5\xB1\x82",
    "\xE5\x87\xBA\xE4\xB8\x8D\xE7\xA9\xB7",
};

static const char* const t763[] = {
    "\xE6\xB0\x91",
    "\xE4\xBD\x8F",
    "\xE7\x84\xB6",
    "\xE5\xA4\x9A",
    "\xE4\xBA\x8E",
    "\xE5\xA7\x94\xE4\xBC\x9A",
    "\xE6\x96\x87\xE6\xB2\x9B",
    "\xE4\xB8\xAD",
    "\xE5\xA3\xAB",
    "\xE7\x95\x99",
};

static const char* const t764[] = {
    "\xE5\xAE\xB6\xE5\xB2\xAD",
    "\xE5\x8E\x9F",
    "\xE6\x9C\x8D",
    "\xE8\xBE\xB1",
};

static const char* const t765[] = {
    "\xE6\x97\xB6",
};

static const char* const t766[] = {
    "\xE9\x87\x8C",
    "\xE5\xAD\x90",
    "\xE9\xA1\xB6",
    "\xE8\x84\x8A",
    "\xE5\x86\x85",
    "\xE5\xA4\x96",
    "\xE6\xAA\x90",
};

static const char* const t767[] = {
    "\xE5\xB9\x95",
    "\xE9\x9A\x9C",
    "\xE9\xA3\x8E",
};

static const char* const t768[] = {
    "\xE5\xBC\x80",
    "\xE7\xA4\xBA",
    "\xE8\xA7\x88",
    "\xE7\x8E\xB0",
    "\xE5\x87\xBA",
    "\xE6\x9C\x9B",
    "\xE8\xA7\x88\xE4\xBC\x9A",
};

static const char* const t769[] = {
    "\xE4\xBA\x8E",
    "\xE6\x80\xA7",
    "\xE4\xB8\x8B",
    "\xE5\xAE\x9E",
};

static const char* const t770[] = {
    "\xE6\x9D\x80",
    "\xE9\xBE\x99\xE5\x88\x80",
    "\xE5\x88\x80",
};

static const char* const t771[] = {
    "\xE6\xAC\xA1",
    "\xE5\xB1\xA1",
};

static const char* const t772[] = {
    "\xE8\xA1\x8C",
    "\xE5\xB8\xA6",
};

static const char* const t773[] = {
    "\xE7\x94\xB0",
    "\xE5\x85\xB5",
    "\xE5\xAD\x90",
};

static const char* const t774[] = {
    "\xE4\xB8\x9C",
    "\xE5\x9C\xB0",
    "\xE5\x8C\xBA",
    "\xE8\xA5\xBF",
    "\xE8\x84\x89",
    "\xE4\xB8\x8A",
    "\xE6\xB0\xB4",
    "\xE5\x9D\xA1",
    "\xE6\xB2\xB3",
    "\xE8\xB0\xB7",
    "\xE9\xA1\xB6",
    "\xE9\xBA\x93",
    "\xE5\x8D\x97",
    "\xE6\xB4\x9E",
    "\xE9\x87\x8C",
    "\xE7\x8F\x8D",
    "\xE4\xB8\x8B",
    "\xE6\xB5\xB7\xE5\x85\xB3",
    "\xE5\xB3\xB0",
    "\xE5\xA4\xB4",
    "\xE5\xAF\xA8",
    "\xE4\xB8\xAD",
    "\xE4\xB8\x9C\xE7\x9C\x81",
    "\xE8\xB7\xAF",
    "\xE7\x9F\xB3",
    "\xE5\x8F\xA3",
    "\xE7\x8F\x8D\xE6\xB5\xB7\xE5\x91\xB3",
    "\xE9\x81\x93",
    "\xE5\x89\x8D",
    "\xE9\x95\x87",
    "\xE8\xA5\xBF\xE7\x9C\x81",
    "\xE4\xBD\x93",
    "\xE9\x97\xB4",
    "\xE6\x9E\x97",
    "\xE5\xB7\x9D",
    "\xE7\xBE\x8A",
    "\xE9\x97\xA8",
    "\xE5\xB2\xAD",
    "\xE5\x8A\xBF",
    "\xE5\xA2\x99",
    "\xE5\xBD\xB1",
    "\xE5\xBA\x84",
    "\xE7\xBE\x8A\xE8\x82\x89",
    "\xE8\x87\xAA\xE8\xA5\xBF",
    "\xE5\xAF\xBA\xE9\x95\x87",
    "\xE7\xB2\x9F\xE6\x9E\x97",
    "\xE9\x87\x8E",
    "\xE5\x90\x8E",
    "\xE6\xB2\x9F",
    "\xE8\x84\x9A\xE4\xB8\x8B",
    "\xE4\xB8\x98",
};

static const char* const t775[] = {
    "\xE6\x9C\x88",
};

static const char* const t776[] = {
    "\xE8\x83\xBD",
    "\xE9\x9D\x9E",
    "\xE5\x8F\xAF",
};

static const char* const t777[] = {
    "\xE6\x98\xA5\xE7\x85\x8A",
};

static const char* const t778[] = {
    "\xE4\xBD\x8D",
    "\xE5\x93\xA8",
};

static const char* const t779[] = {
    "\xE5\xB1\xBF",
    "\xE4\xB8\x8A",
    "\xE4\xB8\xBB",
    "\xE5\x86\x85",
    "\xE5\x9B\xBD",
};

static const char* const t780[] = {
    "\xE7\x9F\xB3",
    "\xE6\xB5\x86",
    "\xE6\xB4\x9E",
    "\xE5\xB1\x82",
    "\xE7\x9B\x90",
};

static const char* const t781[] = {
    "\xE5\xAD\x90",
    "\xE5\x8D\x97",
};

static const char* const t782[] = {
    "\xE4\xB8\x8D\xE7\xBE\xA4",
    "\xE9\xA3\x9E",
    "\xE7\x88\xB6",
    "\xE5\xAE\xB6",
    "\xE5\xA4\xAB\xE4\xBA\xBA",
    "\xE6\xAF\x8D",
};

static const char* const t783[] = {
    "\xE4\xB8\x8A",
    "\xE8\xBE\xB9",
};

static const char* const t784[] = {
    "\xE8\xB0\xB7",
};

static const char* const t785[] = {
    "\xE5\xB5\x8B",
};

static const char* const t786[] = {
    "\xE5\xA3\x81",
};

static const char* const t787[] = {
    "\xE5\xB3\xB0",
};

static const char* const t788[] = {
    "\xE5\xB3\x92",
};

static const char* const t789[] = {
    "\xE7\xA5\xAF",
    "\xE6\x8B\x9C",
    "\xE9\xAB\x98",
    "\xE9\x98\xB3\xE5\x8E\xBF",
    "\xE5\xB0\x9A",
    "\xE6\x95\xAC",
};

static const char* const t790[] = {
    "\xE5\xB2\x96",
};

static const char* const t791[] = {
    "\xE8\xB5\xB7",
};

static const char* const t792[] = {
    "\xE6\xBA\x83",
};

static const char* const t793[] = {
    "\xE6\x96\xB0",
};

static const char* const t794[] = {
    "\xE5\xB1\xB1",
};

static const char* const t795[] = {
    "\xE5\xB3\xA8",
};

static const char* const t796[] = {
    "\xE9\x95\xBF",
    "\xE6\x94\xBF\xE5\xBA\x9C",
    "\xE5\xBA\x9C",
};

static const char* const t797[] = {
    "\xE6\x8A\x9A",
    "\xE9\x80\xBB",
    "\xE8\x88\xAA\xE5\xAF\xBC\xE5\xBC\xB9",
    "\xE6\xB4\x8B\xE8\x88\xB0",
    "\xE8\xA7\x86",
    "\xE8\x88\xAA",
    "\xE8\xA7\x86\xE5\x91\x98",
    "\xE6\x8D\x95",
};

static const char* const t798[] = {
    "\xE4\xBD\x9C",
    "\xE4\xB8\x9A",
    "\xE7\xA8\x8B",
    "\xE4\xBA\xBA",
    "\xE8\xB5\x84",
    "\xE5\x85\xB7",
    "\xE5\x8E\x82",
    "\xE8\x89\xBA",
    "\xE4\xBD\x9C\xE4\xBA\xBA\xE5\x91\x98",
    "\xE5\x8C\xA0",
    "\xE9\x83\xA8",
    "\xE5\x95\x86",
    "\xE7\xA8\x8B\xE5\xB8\x88",
    "\xE4\xBA\xBA\xE9\x98\xB6\xE7\xBA\xA7",
    "\xE7\xA8\x8B\xE5\xAD\xA6\xE9\x99\xA2",
    "\xE4\xB8\x9A\xE5\x8C\x96",
    "\xE4\xBC\x9A",
    "\xE5\xA4\xAB",
    "\xE5\x95\x86\xE4\xB8\x9A",
    "\xE4\xBD\x9C\xE8\x80\x85",
    "\xE5\x86\x9C",
    "\xE4\xBD\x9C\xE6\x97\xA5",
    "\xE5\x9C\xB0",
    "\xE5\xBA\x8F",
    "\xE5\x9C\xBA",
    "\xE5\x86\x9C\xE4\xB8\x9A",
    "\xE4\xB8\x9A\xE9\x83\xA8\xE9\x97\xA8",
    "\xE4\xBD\x9C\xE9\x83\xA8\xE9\x97\xA8",
    "\xE4\xB8\x9A\xE5\x9B\xAD",
    "\xE5\xAD\xA6\xE9\x99\xA2",
    "\xE4\xBA\xBA\xE8\xBF\x90\xE5\x8A\xA8",
    "\xE5\x85\xB5",
    "\xE5\x95\x86\xE5\xB1\x80",
    "\xE4\xB8\x9A\xE5\x8C\xBA",
    "\xE8\x89\xBA\xE5\x93\x81",
    "\xE4\xBD\x9C\xE7\xBB\x84",
    "\xE4\xBA\x8B",
    "\xE8\xB4\xB8",
    "\xE4\xBF\xA1\xE5\xA4\x84",
    "\xE7\xA8\x8B\xE5\xB1\x80",
    "\xE5\x86\x9C\xE5\x85\xB5",
    "\xE5\x85\x9A",
    "\xE4\xBB\xB6",
    "\xE9\x92\xB1",
};

static const char* const t799[] = {
    "\xE5\x8F\xB3",
    "\xE6\x89\x8B",
    "\xE8\x89\xAF\xE7\x8E\x89",
    "\xE4\xBE\xA7",
    "\xE8\xBE\xB9",
    "\xE7\xBF\xBC",
    "\xE8\x87\x82",
    "\xE6\xB4\xBE",
    "\xE8\x85\xBF",
    "\xE8\x84\x9A",
    "\xE4\xBC\xA0",
    "\xE5\xB2\xB8",
};

static const char* const t800[] = {
    "\xE5\xA6\x99",
    "\xE5\x85\x8B\xE5\x8A\x9B",
    "\xE9\x81\x87",
    "\xE5\x90\x88",
};

static const char* const t801[] = {
    "\xE5\xA4\xA7",
    "\xE9\xA2\x9D",
    "\xE5\xA4\xB4",
    "\xE5\xB9\x85",
    "\xE5\x93\x8D",
    "\xE7\x9F\xB3",
    "\xE4\xBA\xBA",
    "\xE5\x9E\x8B",
};

static const char* const t802[] = {
    "\xE5\x9B\xBA",
};

static const char* const t803[] = {
    "\xE5\xB1\xB1",
};

static const char* const t804[] = {
    "\xE4\xB8\x8D\xE5\xA4\x9A",
    "\xE5\x88\xAB",
    "\xE5\xBC\x82",
    "\xE8\xB7\x9D",
    "\xE9\xA2\x9D\xE9\x80\x89\xE4\xB8\xBE",
    "\xE7\x82\xB9",
    "\xE9\xA2\x9D",
    "\xE9\x81\xA3",
    "\xE9\x94\x99",
    "\xE5\xBD\xB9",
    "\xE4\xBD\xBF",
};

static const char* const t805[] = {
    "\xE6\x96\xB9",
};

static const char* const t806[] = {
    "\xE7\xBB\x8F",
    "\xE6\x9C\x89",
    "\xE7\x84\xB6",
    "\xE7\x9F\xA5",
    "\xE6\x88\x90",
};

static const char* const t807[] = {
    "\xE9\xBB\x8E",
    "\xE8\xA5\xBF",
    "\xE5\x9F\xBA\xE6\x96\xAF\xE5\x9D\xA6",
    "\xE5\x8B\x92\xE6\x96\xAF\xE5\x9D\xA6",
    "\xE6\x8E\x8C",
    "\xE8\x9C\x80",
    "\xE6\xA0\xBC\xE8\xBE\xBE",
    "\xE4\xB8\x9C",
    "\xE6\xAF\x94\xE4\xBC\xA6",
    "\xE6\x8B\xBF\xE9\xA9\xAC",
    "\xE8\xA5\xBF\xE9\x98\x9F",
    "\xE4\xB8\x9C\xE5\x8E\xBF",
    "\xE4\xB8\x8D\xE5\xBE\x97",
    "\xE6\x8B\x89\xE5\x9C\xAD",
    "\xE7\xBB\x93",
    "\xE5\xA1\x9E\xE7\xBD\x97\xE9\x82\xA3",
};

static const char* const t808[] = {
    "\xE5\x9C\xBA",
    "\xE9\x95\xBF",
    "\xE6\xB0\x91",
    "\xE5\x8C\xBA",
    "\xE5\xA7\x94",
    "\xE5\x9C\xBA\xE7\xBB\x8F\xE6\xB5\x8E",
    "\xE6\x94\xBF\xE5\xBA\x9C",
    "\xE8\xBE\x96\xE5\x8C\xBA",
    "\xE5\x86\x85",
    "\xE4\xB8\xAD\xE5\xBF\x83",
    "\xE7\xBA\xA7",
    "\xE6\x94\xBF",
    "\xE5\xAE\xB9",
    "\xE9\x95\x87",
    "\xE9\x87\x8C",
    "\xE5\x9C\xBA\xE5\x8C\x96",
    "\xE5\x8E\xBF",
    "\xE9\x83\x8A",
};

static const char* const t809[] = {
    "\xE5\xB1\x80",
    "\xE7\xBD\xAE",
    "\xE6\x9C\x97",
    "\xE6\x94\xBF\xE4\xBD\xBF",
    "\xE4\xBB\x80",
    "\xE6\xBB\xA1",
    "\xE4\xBE\x9D\xE6\x97\x8F",
    "\xE8\xA2\x8B",
    "\xE9\x9B\xB7",
    "\xE6\x8B\x89\xE6\xA0\xBC",
    "\xE5\xB0\x94",
    "\xE9\xB2\x81\xE5\xA1\x9E\xE5\xB0\x94",
};

static const char* const t810[] = {
    "\xE8\x88\xB9",
};

static const char* const t811[] = {
    "\xE7\x88\xB6",
    "\xE5\x82\x85",
    "\xE5\x85\x84",
    "\xE5\x93\xA5",
    "\xE5\xA6\xB9",
    "\xE8\x8C\x83\xE5\xAD\xA6\xE9\x99\xA2",
    "\xE9\x95\xBF",
    "\xE5\xBC\x9F",
    "\xE8\x8C\x83",
    "\xE5\xBE\x92",
    "\xE7\x94\x9F",
    "\xE5\x9B\xA2",
    "\xE6\xAF\x8D",
    "\xE5\xA8\x98",
    "\xE8\x8C\x83\xE5\xA4\xA7\xE5\xAD\xA6",
    "\xE5\x85\x84\xE5\xBC\x9F",
    "\xE8\xB5\x84",
    "\xE5\xA4\xA7",
    "\xE5\xB8\x88",
    "\xE7\x88\xB7",
    "\xE8\x8C\x83\xE5\xAD\xA6\xE6\xA0\xA1",
    "\xE9\x97\xA8",
};

static const char* const t812[] = {
    "\xE6\x9C\x9B",
    "\xE8\x85\x8A",
    "\xE7\x89\xB9\xE5\x8B\x92",
    "\xE8\x85\x8A\xE4\xBA\xBA",
};

static const char* const t813[] = {
    "\xE7\xAF\xB7",
};

static const char* const t814[] = {
    "\xE5\xAD\x90",
};

static const char* const t815[] = {
    "\xE5\xAD\x90",
};

static const char* const t816[] = {
    "\xE5\x9B\xBD\xE4\xB8\xBB\xE4\xB9\x89",
    "\xE5\x9B\xBD",
    "\xE7\x8E\x8B",
    "\xE5\x88\xB6",
    "\xE4\xBD\x8D",
};

static const char* const t817[] = {
    "\xE6\x9D\xA5",
    "\xE6\x9C\x89",
    "\xE9\xA2\x86",
    "\xE5\x8A\xA8",
    "\xE5\x88\xB0",
    "\xE8\xB5\xB0",
    "\xE4\xB8\x8A",
    "\xE5\xA4\xB4",
    "\xE5\x9B\x9E",
    "\xE7\xBB\x99",
    "\xE5\x85\xB5",
    "\xE7\x94\xB5",
    "\xE5\xAE\xBD",
    "\xE7\x8A\xB6",
};

static const char* const t818[] = {
    "\xE4\xBD\x8D",
    "\xE5\x8D\xB7",
};

static const char* const t819[] = {
    "\xE5\x8A\xA9",
    "\xE4\xB8\xBB",
    "\xE5\xBF\x99",
    "\xE6\x89\x8B",
    "\xE5\xB8\xAE",
};

static const char* const t820[] = {
    "\xE5\xB9\x95",
};

static const char* const t821[] = {
    "\xE5\xA7\x94\xE4\xBC\x9A",
    "\xE5\xB8\xB8",
    "\xE5\x8A\xA1",
    "\xE8\xA7\x81",
    "\xE7\x94\xA8",
    "\xE8\xA7\x84",
    "\xE5\xA7\x94",
    "\xE8\xAE\xBE",
    "\xE6\x9C\x89",
    "\xE7\xBB\xBF",
    "\xE5\xBE\xB7",
    "\xE5\xB9\xB4",
    "\xE4\xBD\x8F",
    "\xE6\x95\xB0",
    "\xE4\xBA\xBA",
    "\xE8\xAF\x86",
    "\xE9\xA9\xBB",
    "\xE8\xA8\x80\xE9\x81\x93",
    "\xE9\x9D\x92",
    "\xE9\x81\x87\xE6\x98\xA5",
    "\xE5\xB7\x9E",
    "\xE8\xA7\x84\xE8\xB5\x9B",
    "\xE4\xBB\xBB",
};

static const char* const t822[] = {
    "\xE5\xAD\x90",
};

static const char* const t823[] = {
    "\xE5\xBA\xA6",
};

static const char* const t824[] = {
    "\xE5\x83\x9A",
    "\xE5\xBA\x9C",
    "\xE5\x90\x8E",
};

static const char* const t825[] = {
    "\xE9\x83\xA8",
    "\xE6\xB6\x89",
    "\xE5\x87\x80",
    "\xE6\x89\xB0",
    "\xE8\x84\x86",
    "\xE7\x87\xA5",
    "\xE7\xBA\xBF",
    "\xE4\xBB\x80\xE4\xB9\x88",
    "\xE6\x97\xB1",
    "\xE9\xA2\x84",
    "\xE6\xB4\xBB",
    "\xE5\xB9\xB2\xE5\x87\x80\xE5\x87\x80",
    "\xE6\xB5\x81",
    "\xE5\x90\x97",
    "\xE4\xBA\x8B",
    "\xE7\xB3\xBB",
    "\xE9\x87\x8D",
    "\xE8\xB4\x9D",
    "\xE9\x9D\xA2",
    "\xE6\xA4\x92\xE5\x90\xAB",
    "\xE7\xB2\xAE",
    "\xE5\xB0\xB8",
};

static const char* const t826[] = {
    "\xE5\x9D\x87",
    "\xE6\xB0\x91",
    "\xE5\x8E\x9F",
    "\xE6\x96\xB9\xE5\x8D\x83\xE7\xB1\xB3",
    "\xE7\xAD\x89",
    "\xE8\xA1\xA1",
    "\xE5\x8F\xB0",
    "\xE6\x97\xB6",
    "\xE6\x96\xB9\xE5\x85\xAC\xE9\x87\x8C",
    "\xE9\x9D\xA2",
    "\xE6\x96\xB9\xE7\xB1\xB3",
    "\xE6\x97\xA5",
    "\xE9\x9D\x99",
    "\xE5\xAE\x89",
    "\xE5\xB8\xB8",
    "\xE8\xA1\x8C",
    "\xE7\xA8\xB3",
    "\xE5\xAE\x9A",
    "\xE7\x94\x9F",
    "\xE5\x9D\xA6",
    "\xE6\xB4\xA5",
    "\xE5\x9C\xB0",
    "\xE5\x84\xBF",
    "\xE5\x92\x8C",
    "\xE6\x81\xAF",
    "\xE7\xB1\xB3",
    "\xE5\x8F\x8D",
    "\xE6\x9D\xBF",
    "\xE5\x87\xA1",
    "\xE5\xB9\xB3",
    "\xE6\xB0\x91\xE7\x99\xBE\xE5\xA7\x93",
    "\xE6\x95\xB4",
    "\xE5\xA3\xA4",
    "\xE6\x96\xB9\xE5\x8E\x98\xE7\xB1\xB3",
    "\xE7\xBC\x93",
    "\xE8\xB5\xB7\xE5\xB9\xB3\xE5\x9D\x90",
    "\xE5\xBA\x95",
    "\xE7\xB4\xA0",
    "\xE6\x96\xB9",
    "\xE5\xBA\xB8",
    "\xE9\x81\xA5",
    "\xE6\xB7\xA1",
    "\xE6\x88\xBF",
};

static const char* const t827[] = {
    "\xE4\xBB\xA3",
    "\xE8\xBD\xBB",
    "\xE5\xBA\x95",
    "\xE9\x97\xB4",
    "\xE5\x9D\x87",
    "\xE9\xBE\x84",
    "\xE7\xBA\xAA",
    "\xE5\xBA\xA6",
    "\xE8\xBD\xBB\xE4\xBA\xBA",
    "\xE5\x88\x9D",
    "\xE4\xBB\xBD",
    "\xE4\xBA\xA7",
    "\xE6\x9C\xAB",
    "\xE7\xBA\xA7",
    "\xE8\x96\xAA",
    "\xE5\xA4\xB4",
    "\xE5\x89\x8D",
    "\xE5\x86\x85",
    "\xE6\xBB\xA1",
    "\xE5\xB9\xBC",
    "\xE5\x90\x8E",
    "\xE9\x99\x90",
    "\xE8\x80\x81",
    "\xE4\xBA\xA7\xE9\x87\x8F",
    "\xE9\x95\xBF",
    "\xE6\x94\xB6\xE5\x85\xA5",
};

static const char* const t828[] = {
    "\xE4\xB8\x94",
    "\xE9\x9D\x9E",
    "\xE6\x9C\xAA",
    "\xE5\x85\xA5",
    "\xE8\x82\xA9",
    "\xE8\xA1\x8C",
    "\xE5\x88\x97",
    "\xE8\xB4\xAD",
    "\xE7\x94\xA8",
    "\xE5\xAD\x98",
    "\xE7\xA7\xB0",
    "\xE5\x8F\x91\xE7\x97\x87",
};

static const char* const t829[] = {
    "\xE7\xA6\x8F",
    "\xE5\xA5\xBD",
    "\xE8\xBF\x90",
    "\xE4\xBA\x8F",
    "\xE8\x80\x8C",
};

static const char* const t830[] = {
    "\xE6\x83\xB3",
    "\xE8\xA7\x89",
};

static const char* const t831[] = {
    "\xE8\x99\xAB",
    "\xE5\xB9\xB4",
    "\xE5\x84\xBF\xE5\x9B\xAD",
    "\xE7\xA8\x9A",
    "\xE6\x97\xB6",
    "\xE5\x84\xBF",
    "\xE5\xB0\x8F",
};

static const char* const t832[] = {
    "\xE9\xBB\x98",
    "\xE7\x81\xB5",
    "\xE5\xB9\xBD",
    "\xE6\xB7\xB1",
    "\xE5\xB7\x9E",
};

static const char* const t833[] = {
    "\xE6\xB3\x9B",
    "\xE5\x9C\xBA",
    "\xE5\xB7\x9E",
    "\xE5\xA4\xA7",
    "\xE4\xB8\x9C",
    "\xE5\x91\x8A",
    "\xE6\x92\xAD",
    "\xE8\xA5\xBF",
    "\xE9\x98\x94",
    "\xE4\xB8\x9C\xE7\x9C\x81",
    "\xE4\xB9\x89",
    "\xE5\xB8\x83",
    "\xE5\xB7\x9E\xE5\xB8\x82",
    "\xE5\xBA\xA6",
    "\xE5\xB8\x83\xE6\x94\xBF",
    "\xE6\xB0\xB4\xE5\xB8\x82",
    "\xE4\xB8\xBA",
};

static const char* const t834[] = {
    "\xE4\xB8\xA5",
    "\xE9\x87\x8D",
    "\xE7\xA8\xBC",
    "\xE5\xAD\x90",
    "\xE5\xAE\xB6",
    "\xE5\x9B\xAD",
    "\xE5\x85\xAC\xE6\x83\xA0",
    "\xE7\xA8\xBC\xE4\xBA\xBA",
    "\xE4\xB8\x8A",
    "\xE5\xAE\xA2",
    "\xE5\x91\xA8",
};

static const char* const t835[] = {
    "\xE5\x85\xB8",
    "\xE7\xA5\x9D",
    "\xE8\xB4\xBA",
    "\xE5\xB9\xB8",
};

static const char* const t836[] = {
    "\xE6\x8A\xA4",
};

static const char* const t837[] = {
    "\xE4\xB8\x8A",
    "\xE5\x8D\x95",
    "\xE8\xBE\xB9",
    "\xE5\xA4\xB4",
};

static const char* const t838[] = {
    "\xE5\x88\x97",
    "\xE5\xB9\x95",
};

static const char* const t839[] = {
    "\xE5\xB1\xB1",
    "\xE6\xB1\x9F",
};

static const char* const t840[] = {
    "\xE5\xAD\x98",
};

static const char* const t841[] = {
    "\xE8\xAF\xA5",
    "\xE7\x94\xA8",
    "\xE5\xBD\x93",
    "\xE4\xBB\x98",
    "\xE6\x9C\x89",
    "\xE8\x81\x98",
    "\xE5\xB1\x8A",
    "\xE6\x80\xA5",
    "\xE5\x9F\x8E",
    "\xE8\x81\x98\xE8\x80\x85",
    "\xE5\x8A\x9B",
    "\xE8\xAF\x95",
    "\xE5\x8F\x98",
    "\xE4\xB8\xBA",
    "\xE9\x82\x80",
    "\xE5\xA3\xB0",
    "\xE9\x85\xAC",
    "\xE9\x80\x89",
    "\xE5\x9F\x8E\xE5\xB8\x82",
    "\xE5\xBE\x97",
    "\xE8\x80\x83",
};

static const char* const t842[] = {
    "\xE4\xB8\x8B",
    "\xE9\x83\xA8",
    "\xE5\xB1\x82",
    "\xE9\x9D\xA2",
    "\xE5\xBA\xA7",
    "\xE7\x9B\x98",
    "\xE7\xBA\xBF",
};

static const char* const t843[] = {
    "\xE9\x93\xBA",
    "\xE9\x87\x8C",
    "\xE5\xB0\x8F\xE4\xBA\x8C",
    "\xE4\xB8\xBB",
};

static const char* const t844[] = {
    "\xE9\x87\x8C",
    "\xE5\xAE\x87",
    "\xE8\xA1\x97",
};

static const char* const t845[] = {
    "\xE4\xB8\x8A",
};

static const char* const t846[] = {
    "\xE5\xA4\xA7",
    "\xE5\xBE\xB7\xE5\x85\xAC",
    "\xE4\xB8\xBD\xE5\xA8\x9C",
};

static const char* const t847[] = {
    "\xE9\x99\xA4",
    "\xE5\xA2\x9F",
    "\xE7\x89\xA9",
    "\xE5\xBC\x83",
    "\xE8\xAF\x9D",
    "\xE6\xB0\xB4",
    "\xE6\xAD\xA2",
};

static const char* const t848[] = {
    "\xE5\x81\x87",
    "\xE8\xBF\x87",
    "\xE9\x87\x8F",
};

static const char* const t849[] = {
    "\xE8\xB0\x88\xE4\xBC\x9A",
    "\xE4\xBD\x8D",
    "\xE8\xB0\x88",
    "\xE8\x88\xB1",
};

static const char* const t850[] = {
    "\xE9\x95\xBF",
    "\xE9\x99\xA2",
};

static const char* const t851[] = {
    "\xE5\xA0\x82",
};

static const char* const t852[] = {
    "\xE6\xB0\x91",
};

static const char* const t853[] = {
    "\xE7\x86\x99",
    "\xE6\x9C\x89\xE4\xB8\xBA",
    "\xE5\xA4\x8D",
    "\xE5\xBE\xB7",
};

static const char* const t854[] = {
    "\xE4\xBF\x97",
};

static const char* const t855[] = {
    "\xE5\xAE\x97\xE5\x8D\x8E",
    "\xE5\xAE\x97\xE5\xBA\xB7",
};

static const char* const t856[] = {
    "\xE4\xBB\xB7",
    "\xE6\x94\xBF",
    "\xE6\xB4\x81",
};

static const char* const t857[] = {
    "\xE4\xBC\xB8",
    "\xE5\xAE\x89",
    "\xE7\xBB\xAD",
    "\xE9\x95\xBF",
    "\xE6\x9C\x9F",
    "\xE8\xAF\xAF",
    "\xE6\xB4\xA5",
    "\xE5\xBA\x86",
    "\xE7\xBC\x93",
};

static const char* const t858[] = {
    "\xE6\x9D\x96",
};

static const char* const t859[] = {
    "\xE8\xAE\xBE",
    "\xE7\xAB\x8B",
    "\xE7\xAD\x91",
    "\xE8\xAE\xAE",
    "\xE6\x88\x90",
    "\xE9\x80\xA0",
    "\xE5\x9B\xBD",
    "\xE6\x9C\x89",
    "\xE7\xAD\x91\xE7\xBE\xA4",
    "\xE5\x88\xB6",
    "\xE7\xAD\x91\xE4\xB8\x9A",
    "\xE7\xAD\x91\xE7\x89\xA9",
    "\xE4\xBA\x8E",
    "\xE9\x83\xBD",
    "\xE6\x9D\x90",
    "\xE5\xB7\xA5",
    "\xE5\xB9\xB3",
    "\xE8\xAE\xBE\xE8\xB7\xAF",
    "\xE4\xBA\xA4",
    "\xE8\xB5\xB7",
    "\xE5\x8D\x8E",
    "\xE7\xAD\x91\xE5\xB8\x88",
    "\xE5\xAE\x89",
    "\xE5\xA7\x8B\xE5\x8E\xBF",
    "\xE8\xAE\xBE\xE6\x80\xA7",
    "\xE6\xA1\xA5",
    "\xE6\xA0\x91",
    "\xE5\xBA\xB7",
    "\xE8\xA1\x8C",
};

static const char* const t860[] = {
    "\xE5\xA7\x8B",
    "\xE5\x8F\x91",
    "\xE6\x94\xBE",
    "\xE5\xB1\x95",
    "\xE5\x8F\x91\xE5\x8C\xBA",
    "\xE5\x9B\xBD",
    "\xE8\xBE\x9F",
    "\xE5\x88\x9B",
    "\xE5\xB0\x81",
    "\xE5\x8F\xA3",
    "\xE9\x87\x87",
    "\xE9\x80\x9A",
    "\xE4\xBC\x9A",
    "\xE6\x8B\x93",
    "\xE6\x9D\xA5",
    "\xE6\x94\xAF",
    "\xE9\x97\xA8",
    "\xE8\xAE\xBE",
    "\xE5\xB7\xA5",
    "\xE5\x87\xBA",
    "\xE7\x8E\xA9\xE7\xAC\x91",
    "\xE5\x8A\x9E",
    "\xE4\xB8\x9A",
    "\xE5\xB9\x95",
    "\xE5\xA4\xB4",
    "\xE9\x98\x94",
    "\xE5\xB1\x80",
    "\xE8\xBD\xA6",
    "\xE5\xBF\x83",
    "\xE9\x99\xA4",
    "\xE7\xAB\xAF",
    "\xE7\xBD\x97",
    "\xE5\x8E\xBB",
    "\xE6\x8C\x96",
    "\xE5\x90\xAF",
    "\xE8\x8A\xB1",
    "\xE5\x85\x83",
    "\xE6\x9E\xAA",
    "\xE5\x8F\x91\xE5\x95\x86",
    "\xE5\x85\xB3",
    "\xE5\xB9\x95\xE5\xBC\x8F",
    "\xE5\x87\xBF",
    "\xE6\xB0\xB4",
    "\xE6\x98\x8E",
    "\xE8\x83\x83",
    "\xE6\x97\xB6",
    "\xE6\x88\x98",
    "\xE5\x9E\xA6",
    "\xE5\x8F\x91\xE5\x9E\x8B",
    "\xE5\xB9\xB3",
    "\xE8\xBF\x9B",
    "\xE8\xB5\xB4",
    "\xE6\x9C\x97",
    "\xE5\xAD\xA6",
    "\xE6\x94\xBE\xE5\xBC\x8F",
    "\xE5\x9C\xBA\xE7\x99\xBD",
    "\xE5\x9C\xBA",
    "\xE5\xB9\x95\xE8\xAF\x8D",
    "\xE5\xBE\x80",
};

static const char* const t861[] = {
    "\xE5\xB8\xB8",
    "\xE8\xAE\xAE",
    "\xE6\x80\xA7",
    "\xE6\xA0\xB7",
    "\xE5\x90\x8C",
};

static const char* const t862[] = {
    "\xE6\x9D\x83",
};

static const char* const t863[] = {
    "\xE6\xB8\x85",
    "\xE5\xA0\x82",
};

static const char* const t864[] = {
    "\xE7\xAB\xAF",
};

static const char* const t865[] = {
    "\xE6\xA0\xB7",
};

static const char* const t866[] = {
    "\xE7\xAE\xAD",
};

static const char* const t867[] = {
    "\xE8\xB5\xB7",
    "\xE7\x94\xA8",
    "\xE8\xBF\x9B",
    "\xE5\xAF\xBC",
    "\xE5\x8F\x91",
    "\xE5\x85\xA5",
    "\xE4\xBA\xBA\xE6\xB3\xA8\xE7\x9B\xAE",
    "\xE9\xA2\x86",
    "\xE6\xA1\xA5",
    "\xE5\x8A\x9B",
    "\xE4\xBF\xA1",
    "\xE6\x9D\xA5",
    "\xE5\xBE\x97",
    "\xE8\xAF\xB1",
    "\xE7\x9D\x80",
    "\xE5\x87\xBA",
    "\xE8\xA7\x81",
    "\xE6\xB0\xB4",
    "\xE5\x90\x91",
    "\xE8\xB7\xAF",
    "\xE7\x88\x86",
};

static const char* const t868[] = {
    "\xE6\x89\xAC",
    "\xE6\xB2\xBB",
};

static const char* const t869[] = {
    "\xE5\xAD\x90",
    "\xE5\x85\x84",
    "\xE5\xBC\x9F",
};

static const char* const t870[] = {
    "\xE5\xB1\x85\xE6\xAD\xA3",
    "\xE6\x97\xA0\xE5\xBF\x8C",
    "\xE7\x8C\xAE\xE5\xBF\xA0",
    "\xE7\xBF\xA0\xE5\xB1\xB1",
    "\xE6\xB9\xBE\xE5\x8C\xBA",
    "\xE8\x8B\xB1\xE6\x89\x8D",
    "\xE5\x8F\xAC\xE9\x87\x8D",
    "\xE5\xA4\xA7",
    "\xE5\xAD\xA6\xE8\x89\xAF",
    "\xE4\xB9\x8B\xE6\xB4\x9E",
    "\xE5\xAE\x81",
    "\xE5\xBC\x80",
    "\xE4\xB8\x89\xE4\xB8\xB0",
    "\xE9\xA3\x9E",
    "\xE8\xB4\xB4",
    "\xE5\xAE\xB6",
    "\xE4\xBD\x9C\xE9\x9C\x96",
    "\xE5\x98\xB4",
    "\xE5\x8F\xA3",
    "\xE5\x9B\xBD\xE7\x84\x98",
    "\xE4\xB9\x89\xE6\xB0\x91",
    "\xE6\xB5\xB7\xE4\xB8\xBD",
    "\xE7\xBD\x97",
    "\xE5\xAE\xB6\xE5\x8F\xA3",
    "\xE5\xAE\xB6\xE6\xB9\xBE",
    "\xE6\x89\xAC",
    "\xE5\x9B\xBD\xE5\x85\x89",
    "\xE5\xBF\x97\xE5\x9D\x9A",
    "\xE6\x96\xB0\xE5\xAE\x9D",
    "\xE6\x98\x8E\xE6\xA5\xB7",
    "\xE6\xAF\x93\xE8\x8C\x82",
    "\xE7\xBB\xA7\xE7\xA6\xB9",
    "\xE4\xB8\x9A\xE9\x81\x82",
    "\xE4\xBD\x91\xE6\x89\x8D",
    "\xE5\x9F\xB9\xE5\x88\x9A",
    "\xE5\xAD\xA6\xE4\xB8\x9C",
    "\xE6\x8C\xAF\xE4\xBB\x95",
    "\xE6\x98\x8C\xE5\xB0\x94",
    "\xE6\x98\x8C\xE5\xB9\xB3",
    "\xE6\x99\xBA\xE5\x8D\x8E",
    "\xE6\xA1\x82\xE5\x8D\x8E",
    "\xE6\xB6\xA6\xE6\x96\x8C",
    "\xE7\xBB\xB4\xE5\x9B\xBD",
    "\xE7\xBE\x8E\xE5\x85\xB0",
    "\xE8\x88\x92\xE5\xAA\x9B",
    "\xE8\x93\x89\xE8\x93\x89",
    "\xE9\xBE\x99\xE4\xBF\x8A",
    "\xE6\x9C\x9B",
    "\xE5\xAE\x97\xE7\x90\xAA",
    "\xE6\xB0\xB8\xE7\xBA\xA2",
    "\xE5\x90\x9B\xE5\xAE\x9D",
};

static const char* const t871[] = {
    "\xE8\xA1\xA5",
    "\xE6\xBC\xAB",
};

static const char* const t872[] = {
    "\xE5\xBD\xA2",
};

static const char* const t873[] = {
    "\xE6\x9B\xB2",
    "\xE8\x85\xB0",
};

static const char* const t874[] = {
    "\xE7\x82\xB9",
    "\xE5\x8A\xBF",
    "\xE8\x80\x85",
};

static const char* const t875[] = {
    "\xE6\x80\xA7",
    "\xE8\x8D\xAF",
    "\xE9\x81\x93\xE5\xAF\xBC\xE5\xBC\xB9",
    "\xE5\x8A\xBE",
    "\xE5\xA4\xB4",
    "\xE9\x81\x93",
    "\xE7\xB0\xA7",
    "\xE5\xA3\xB3",
    "\xE5\xB0\x84",
    "\xE5\x8C\xA3",
};

static const char* const t876[] = {
    "\xE8\xB0\x83",
    "\xE7\x83\x88",
    "\xE5\xA4\xA7",
    "\xE5\xBA\xA6",
    "\xE5\x8C\x96",
    "\xE8\xBF\xAB",
    "\xE7\x9B\x97",
    "\xE5\x88\xB6",
    "\xE7\x9B\x9B",
    "\xE8\xA1\x8C",
    "\xE5\x8A\xB2",
    "\xE5\x8A\xBF",
    "\xE5\x8A\x9B",
    "\xE6\x9C\x89\xE5\x8A\x9B",
    "\xE5\x8D\xA0",
    "\xE5\x9B\xBD",
    "\xE6\x82\x8D",
    "\xE5\xBC\xB1",
    "\xE8\x80\x85",
    "\xE6\x95\x8C",
    "\xE7\xA1\xAC",
    "\xE5\xA3\xAE",
    "\xE5\xBF\x8D",
    "\xE6\x9A\xB4",
    "\xE5\xA5\xB8",
    "\xE5\x8A\xA0",
    "\xE5\x88\xB6\xE6\x80\xA7",
};

static const char* const t877[] = {
    "\xE6\x9D\xA5",
    "\xE5\xB1\x9E",
    "\xE7\xBA\xB3",
    "\xE4\xBA\x8E",
    "\xE8\xBF\x98",
    "\xE7\xBB\x93",
    "\xE5\x85\xAC",
    "\xE5\x9B\xBD",
    "\xE4\xBE\xA8",
    "\xE5\xB7\x9E",
    "\xE9\x99\x84",
    "\xE5\x85\xA5",
    "\xE5\xAE\xBF",
};

static const char* const t878[] = {
    "\xE6\x97\xB6",
    "\xE7\x84\xB6",
    "\xE5\xB9\xB4",
    "\xE5\x9C\xB0",
    "\xE4\xB8\x8B",
    "\xE5\x8D\xB3",
    "\xE9\x80\x89",
    "\xE5\x89\x8D",
    "\xE7\x9C\x9F",
    "\xE4\xB8\xAD",
    "\xE5\xB1\x80",
    "\xE5\x88\x9D",
    "\xE6\x97\xA5",
    "\xE4\xBD\x9C",
    "\xE4\xBB\x8A",
    "\xE4\xBB\xA3",
    "\xE5\xA4\xA9",
    "\xE5\x9C\xBA",
    "\xE4\xBA\x8B\xE4\xBA\xBA",
    "\xE5\x81\x9A",
    "\xE9\x9D\xA2",
    "\xE6\x88\x90",
    "\xE6\x99\x9A",
    "\xE7\x9D\x80",
    "\xE5\x85\x88",
    "\xE5\x84\xBF",
    "\xE5\x85\xB5",
    "\xE5\xAE\xB6\xE4\xBD\x9C\xE4\xB8\xBB",
    "\xE4\xBC\x97",
    "\xE5\x9C\xB0\xE4\xBA\xBA",
    "\xE9\x98\xB3",
    "\xE5\xA4\xB4",
    "\xE5\x8A\xA1\xE4\xB9\x8B\xE6\x80\xA5",
    "\xE5\xAE\x98",
    "\xE9\x98\xB3\xE5\xB8\x82",
    "\xE4\xB9\x8B\xE6\x97\xA0\xE6\x84\xA7",
    "\xE5\xA4\x9C",
    "\xE5\xAE\xB6",
};

static const char* const t879[] = {
    "\xE5\x8F\x96",
    "\xE7\x94\xA8",
    "\xE9\x9F\xB3",
    "\xE5\x8F\x96\xE7\x8E\x87",
    "\xE5\x83\x8F",
};

static const char* const t880[] = {
    "\xE6\x98\x9F",
};

static const char* const t881[] = {
    "\xE6\x97\x8F",
};

static const char* const t882[] = {
    "\xE6\x88\x90",
    "\xE5\xBC\x8F",
    "\xE5\x8A\xBF",
    "\xE8\xB1\xA1",
    "\xE6\x80\x81",
    "\xE7\x8A\xB6",
    "\xE5\xAE\xB9",
    "\xE5\x88\xB6",
    "\xE4\xBC\xBC",
    "\xE4\xBD\x93",
    "\xE5\xBD\xA2\xE8\x89\xB2\xE8\x89\xB2",
};

static const char* const t883[] = {
    "\xE7\xBB\x98",
    "\xE8\x89\xB2",
    "\xE9\x99\xB6",
    "\xE7\x94\xBB",
    "\xE7\x94\xB5",
    "\xE5\x8D\xB0",
    "\xE8\x99\xB9",
    "\xE7\xA5\xA8",
    "\xE4\xBA\x91",
};

static const char* const t884[] = {
    "\xE5\xBE\xB7\xE6\x80\x80",
    "\xE7\x9C\x9F",
    "\xE5\x85\x8B\xE7\x8E\x89",
    "\xE6\xA1\x93\xE6\xAD\xA6",
    "\xE6\xB8\x85\xE5\x8D\x8E",
    "\xE7\xBA\xA2\xE8\x89\xB3",
    "\xE8\xBF\x9E\xE8\x99\x8E",
};

static const char* const t885[] = {
    "\xE5\x93\x8D",
    "\xE7\x89\x87",
    "\xE5\xAD\x90",
    "\xE5\x93\x8D\xE5\x8A\x9B",
    "\xE8\xA7\x86",
    "\xE5\x83\x8F",
    "\xE5\xA3\x81",
    "\xE5\xB0\x84",
};

static const char* const t886[] = {
    "\xE5\xBA\x95",
};

static const char* const t887[] = {
    "\xE6\xAD\xA4",
    "\xE5\xBE\x97",
    "\xE5\xB2\xB8",
};

static const char* const t888[] = {
    "\xE5\xBE\x80",
    "\xE6\x9D\xA5",
    "\xE5\x89\x8D",
    "\xE6\x97\xA5",
    "\xE4\xBA\x8B",
    "\xE5\x90\x8E",
    "\xE5\xB9\xB4",
    "\xE8\xBF\x94",
    "\xE5\xB8\xB8",
    "\xE5\x9B\x9E",
};

static const char* const t889[] = {
    "\xE6\x9C\x8D",
    "\xE9\x9B\x86",
    "\xE6\xB1\x82",
    "\xE6\x94\xB6",
    "\xE7\xA8\x8E",
    "\xE6\x88\x98",
    "\xE5\x85\x86",
    "\xE4\xBC\x90",
    "\xE8\xAE\xA8",
};

static const char* const t890[] = {
    "\xE6\xB5\x81\xE9\x87\x8F",
    "\xE7\x9B\xB4",
    "\xE6\xB5\x81",
    "\xE8\x87\xAA",
};

static const char* const t891[] = {
    "\xE9\x81\x87",
    "\xE5\xAE\x9A",
    "\xE4\xBA\xBA",
};

static const char* const t892[] = {
    "\xE5\xA4\x9A",
    "\xE5\xA4\xA7",
    "\xE5\xBF\xAB",
    "\xE5\xB0\x91",
    "\xE5\xB0\x8F",
    "\xE6\x97\xA9",
    "\xE9\x9A\xBE\xE8\xAF\xB4",
};

static const char* const t893[] = {
    "\xE5\xB8\x88",
};

static const char* const t894[] = {
    "\xE5\xB7\x9E",
    "\xE5\xA4\xA9\xE5\xAE\x8F",
    "\xE7\xA7\x8B\xE6\x96\x8B",
    "\xE5\xAF\xBF\xE8\xBE\x89",
    "\xE9\x9C\x9E\xE5\xAE\xA2",
    "\xE5\xBE\x90",
    "\xE5\xAE\xB6",
    "\xE6\xB5\xB7\xE4\xB8\x9C",
    "\xE5\xA4\xA9\xE5\xB7\x9D",
    "\xE5\xA4\x8D\xE8\xA7\x82",
    "\xE5\xBF\x97\xE7\xBA\xAF",
    "\xE5\x85\x8B\xE4\xBF\x8A",
    "\xE5\xAE\xB6\xE5\xB2\x97",
    "\xE5\xB0\x8F\xE5\x87\xA4",
    "\xE6\xB0\xB8\xE6\xB8\x85",
    "\xE7\xAB\x8B\xE5\x8D\x8E",
    "\xE9\xAB\x98\xE6\xA0\x8B",
    "\xE4\xBB\xA5\xE6\x98\xBE",
    "\xE4\xB8\x96\xE6\x98\x8C",
    "\xE6\xB5\xB7",
};

static const char* const t895[] = {
    "\xE5\xBC\x9F",
    "\xE6\xAD\xA5",
    "\xE6\x89\x8B",
};

static const char* const t896[] = {
    "\xE5\x88\xB0",
    "\xE5\x90\x8D",
    "\xE4\xBB\xA5",
    "\xE7\x9F\xA5",
    "\xE7\xBD\xAA",
    "\xE6\x84\x8F",
    "\xE5\x87\xBA",
    "\xE5\x88\x86",
    "\xE6\x9D\xA5",
    "\xE5\x8A\x9B",
    "\xE4\xB8\x8D\xE5\x88\xB0",
    "\xE5\xA4\xA9\xE7\x8B\xAC\xE5\x8E\x9A",
    "\xE8\x83\x9C",
    "\xE5\xA4\xB1",
    "\xE6\x89\x8B",
    "\xE4\xBD\x93",
    "\xE9\x80\x9E",
    "\xE5\xBD\x93",
};

static const char* const t897[] = {
    "\xE5\xBE\x8A",
};

static const char* const t898[] = {
    "\xE9\x81\x93",
    "\xE5\x8F\xB2",
    "\xE9\xA9\xBE",
    "\xE6\x9E\x97\xE5\x86\x9B",
};

static const char* const t899[] = {
    "\xE7\x8E\xAF",
};

static const char* const t900[] = {
    "\xE5\xBD\xB9",
};

static const char* const t901[] = {
    "\xE7\xAC\x91",
    "\xE5\xBE\xAE",
    "\xE8\xBD\xAF",
    "\xE7\x94\x9F\xE7\x89\xA9",
    "\xE6\xB3\xA2",
    "\xE5\xBC\xB1",
    "\xE8\xA7\x82",
    "\xE5\xB0\x8F",
    "\xE5\x88\x86\xE6\x96\xB9\xE7\xA8\x8B",
    "\xE5\x9E\x8B",
    "\xE5\xA6\x99",
    "\xE5\x88\x86",
    "\xE7\xB1\xB3",
    "\xE4\xB8\x8D\xE8\xB6\xB3\xE9\x81\x93",
    "\xE8\xBD\xAF\xE5\x85\xAC\xE5\x8F\xB8",
    "\xE7\xB2\x92",
    "\xE9\x87\x8F",
    "\xE8\x87\xA3",
    "\xE9\x87\x8F\xE5\x85\x83\xE7\xB4\xA0",
    "\xE5\x85\x89",
};

static const char* const t902[] = {
    "\xE5\x9B\xBD",
    "\xE5\x86\x9B",
    "\xE6\x84\x8F\xE5\xBF\x97",
    "\xE5\xAE\x89",
    "\xE5\xAE\x89\xE5\xBA\x9C",
    "\xE5\x9B\xBD\xE4\xBA\xBA",
    "\xE8\xA1\x8C",
    "\xE8\xAF\xAD",
    "\xE5\x8C\x96",
    "\xE9\x87\x8C",
    "\xE8\x82\xB2",
    "\xE9\xBB\x91\xE5\x85\xB0",
    "\xE8\x83\x9C\xE9\x97\xA8",
};

static const char* const t903[] = {
    "\xE5\xB7\x9E",
};

static const char* const t904[] = {
    "\xE4\xB8\xAD",
    "\xE9\x87\x8C",
    "\xE6\x83\xB3",
    "\xE7\x90\x86",
    "\xE6\x83\x85",
    "\xE5\xA4\xB4",
    "\xE6\x80\x9D",
    "\xE7\x81\xB5",
    "\xE6\x80\x81",
    "\xE8\x84\x8F",
    "\xE7\x90\x86\xE5\xAD\xA6",
    "\xE4\xB8\x8A",
    "\xE7\x9B\xAE",
    "\xE6\x84\x8F",
    "\xE5\xBA\x95",
    "\xE7\x96\xBC",
    "\xE6\x84\xBF",
    "\xE8\x85\xB9",
    "\xE8\xA1\x80",
    "\xE8\x84\x8F\xE7\x97\x85",
    "\xE5\xBF\xB5",
    "\xE8\xB7\xB3",
    "\xE7\xA5\x9E",
    "\xE8\x82\xA0",
    "\xE6\x83\x8A",
    "\xE6\x80\x80",
    "\xE5\xA2\x83",
    "\xE7\x88\xB1",
    "\xE4\xBA\x8B",
    "\xE8\xA1\x80\xE7\xAE\xA1",
    "\xE5\x9C\xB0",
    "\xE5\x8A\xA8",
    "\xE6\xBB\xA1\xE6\x84\x8F\xE8\xB6\xB3",
    "\xE5\xBE\x97",
    "\xE7\x90\x86\xE5\xAD\xA6\xE5\xAE\xB6",
    "\xE7\x94\x98\xE6\x83\x85\xE6\x84\xBF",
    "\xE8\x82\x8C",
    "\xE6\x97\xB7\xE7\xA5\x9E\xE6\x80\xA1",
    "\xE7\x9C\xBC",
    "\xE9\x87\x8C\xE8\xAF\x9D",
    "\xE7\xBB\xAA",
    "\xE5\xA3\xB0",
    "\xE9\x85\xB8",
};

static const char* const t905[] = {
    "\xE9\xA1\xBB",
    "\xE8\xA6\x81",
    "\xE7\x84\xB6",
    "\xE5\xAE\x9A",
    "\xE5\xA4\x87",
    "\xE9\x9C\x80",
    "\xE8\xAF\xBB",
    "\xE5\xB0\x86",
    "\xE4\xB8\x8D\xE5\x8F\xAF\xE5\xB0\x91",
    "\xE8\xA6\x81\xE6\x9D\xA1\xE4\xBB\xB6",
    "\xE8\x83\x9C",
    "\xE8\xA6\x81\xE6\x80\xA7",
};

static const char* const t906[] = {
    "\xE8\xAE\xB3",
    "\xE6\x83\xAE",
};

static const char* const t907[] = {
    "\xE4\xB8\x8D\xE4\xBD\x8F",
    "\xE5\x8F\x97",
    "\xE8\x80\x90",
    "\xE5\xBF\x83",
};

static const char* const t908[] = {
    "\xE6\x82\x94",
};

static const char* const t909[] = {
    "\xE6\x84\xBF",
    "\xE6\x84\xBF\xE8\x80\x85",
    "\xE6\x84\xBF\xE5\x86\x9B",
    "\xE5\x86\x9B",
};

static const char* const t910[] = {
    "\xE8\xAE\xB0",
    "\xE5\x8D\xB4",
    "\xE6\x8E\x89",
};

static const char* const t911[] = {
    "\xE7\xA2\x8C",
    "\xE6\xB4\xBB",
    "\xE4\xBA\x8E",
};

static const char* const t912[] = {
    "\xE8\xAF\x9A",
    "\xE5\xBF\x83",
    "\xE5\xAE\x9E",
    "\xE4\xBA\x8E",
    "\xE4\xB9\x89",
    "\xE8\x87\xA3",
};

static const char* const t913[] = {
    "\xE8\x99\x91",
    "\xE9\x83\x81",
    "\xE6\x84\x81",
    "\xE5\xBF\x83\xE5\xBF\xA1\xE5\xBF\xA1",
    "\xE4\xBC\xA4",
};

static const char* const t914[] = {
    "\xE9\x80\x9F",
    "\xE4\xB9\x90",
    "\xE6\xAD\xA5",
    "\xE7\x85\xA7",
    "\xE5\xBF\xAB",
    "\xE8\xA6\x81",
    "\xE6\xB4\xBB",
    "\xE8\x88\xB9",
    "\xE6\x8D\xB7",
    "\xE7\x82\xB9",
};

static const char* const t915[] = {
    "\xE5\xA4\xB4",
    "\xE9\x81\x93",
    "\xE4\xB9\xA6",
    "\xE5\xBF\xB5\xE4\xB8\x8D\xE5\xBF\x98",
    "\xE7\x8F\xA0",
};

static const char* const t916[] = {
    "\xE7\x84\xB6",
    "\xE8\xA7\x86",
    "\xE7\x95\xA5",
    "\xE5\x9C\xB0",
    "\xE6\x82\xA0",
    "\xE8\x80\x8C",
};

static const char* const t917[] = {
    "\xE7\x96\x91",
    "\xE9\x87\x8C",
    "\xE4\xB8\xAD",
    "\xE7\x9D\x80",
    "\xE6\x8A\xB1",
    "\xE5\xAD\x95",
    "\xE5\xBF\xB5",
    "\xE6\x9C\x89",
};

static const char* const t918[] = {
    "\xE5\xBA\xA6",
    "\xE5\x8A\xBF",
};

static const char* const t919[] = {
    "\xE4\xB9\x88",
    "\xE6\xA0\xB7",
    "\xE4\xB9\x88\xE6\xA0\xB7",
    "\xE5\x9C\xB0",
    "\xE4\xB9\x88\xE7\x9D\x80",
};

static const char* const t920[] = {
    "\xE7\x81\xAB",
    "\xE6\xB0\x94",
    "\xE4\xB8\x8D\xE5\x8F\xAF\xE9\x81\x8F",
    "\xE5\x90\xBC",
};

static const char* const t921[] = {
    "\xE4\xBA\xBA",
};

static const char* const t922[] = {
    "\xE6\x82\xAF",
    "\xE6\x83\x9C",
};

static const char* const t923[] = {
    "\xE6\x83\xB3",
    "\xE7\xBB\xB4",
    "\xE8\x80\x83",
    "\xE8\xB7\xAF",
    "\xE7\xB4\xA2",
    "\xE6\xBD\xAE",
    "\xE5\xBF\xB5",
    "\xE6\x83\xB3\xE5\xAE\xB6",
    "\xE8\x99\x91",
    "\xE7\xBB\xAA",
    "\xE9\x87\x8F",
    "\xE7\xA7\x91",
};

static const char* const t924[] = {
    "\xE6\x85\xA2",
};

static const char* const t925[] = {
    "\xE6\x82\xA6",
};

static const char* const t926[] = {
    "\xE5\xBF\x99",
    "\xE6\x80\xA7",
    "\xE4\xBA\x8E",
    "\xE5\x89\xA7",
    "\xE6\xB5\x81",
    "\xE9\x80\x9F",
    "\xE9\x9C\x80",
    "\xE5\x88\x87",
    "\xE4\xBF\x83",
    "\xE6\x95\x91",
    "\xE8\xBA\x81",
    "\xE5\x8C\x86\xE5\x8C\x86",
};

static const char* const t927[] = {
    "\xE6\x80\xA6",
};

static const char* const t928[] = {
    "\xE8\xB4\xA8",
    "\xE5\x91\xBD",
    "\xE8\x83\xBD",
    "\xE6\xA0\xBC",
    "\xE5\x88\xAB",
    "\xE6\x83\x85",
    "\xE5\xAD\x90",
    "\xE7\x8A\xB6",
    "\xE7\x94\x9F\xE6\xB4\xBB",
    "\xE5\x88\xAB\xE6\xAF\x94",
    "\xE7\x97\x85",
    "\xE6\xAC\xB2",
    "\xE6\x84\x9F",
    "\xE6\x80\xA5",
};

static const char* const t929[] = {
    "\xE6\x81\xA8",
};

static const char* const t930[] = {
    "\xE7\x89\xA9",
    "\xE4\xB8\x8D\xE5\xBE\x97",
    "\xE5\xBC\x82",
    "\xE4\xBA\xBA",
};

static const char* const t931[] = {
    "\xE7\x90\x86",
    "\xE7\xBB\x9F",
    "\xE6\x98\xAF",
    "\xE7\xBB\x93",
    "\xE4\xBA\xBA\xE5\x8F\xA3",
    "\xE9\xA2\x9D",
    "\xE9\x9D\xA2\xE7\xA7\xAF",
    "\xE6\x95\xB0",
    "\xE9\x87\x8F",
    "\xE4\xBD\x93",
    "\xE4\xBA\xA7\xE5\x80\xBC",
    "\xE7\x9D\xA3",
    "\xE9\x83\xA8",
    "\xE7\xBB\x8F\xE7\x90\x86",
    "\xE8\xA3\x81",
    "\xE5\x8F\xB8\xE4\xBB\xA4",
    "\xE4\xBA\xA7\xE9\x87\x8F",
    "\xE4\xB9\x8B",
    "\xE4\xBC\x9A",
    "\xE9\x98\x9F",
    "\xE7\xAE\x97",
    "\xE4\xB9\xA6\xE8\xAE\xB0",
    "\xE9\x95\xBF",
    "\xE5\x85\xB5",
    "\xE7\xAE\xA1",
    "\xE9\x98\x9F\xE9\x95\xBF",
    "\xE7\x9B\x91",
    "\xE5\x85\xB1",
    "\xE5\x92\x8C",
    "\xE7\xA7\xB0",
    "\xE5\x85\xAC\xE5\x8F\xB8",
    "\xE5\xB1\x80",
    "\xE5\xBE\x97",
    "\xE8\xAE\xA1",
    "\xE7\xBB\x9F\xE5\xBA\x9C",
    "\xE6\x8C\x87\xE6\x8C\xA5",
    "\xE5\xB7\xA5\xE7\xA8\x8B\xE5\xB8\x88",
    "\xE5\x80\xBC",
    "\xE5\x8F\x82\xE8\xB0\x8B\xE9\x95\xBF",
    "\xE5\x88\x86",
    "\xE5\x8A\xA8\xE5\x91\x98",
    "\xE6\x88\x90",
    "\xE8\x80\x8C\xE8\xA8\x80\xE4\xB9\x8B",
    "\xE5\xB7\xA5\xE4\xBC\x9A",
    "\xE8\x83\xBD",
    "\xE7\xBC\x96\xE8\xBE\x91",
};

static const char* const t932[] = {
    "\xE7\x88\xB1",
    "\xE4\xBA\xBA",
};

static const char* const t933[] = {
    "\xE7\x84\xB6\xE5\xA4\xA7\xE6\x82\x9F",
    "\xE6\x83\x9A",
    "\xE7\x84\xB6",
};

static const char* const t934[] = {
    "\xE6\x80\x95",
    "\xE6\x80\x96",
    "\xE6\x83\xA7",
    "\xE6\x85\x8C",
    "\xE9\xBE\x99",
    "\xE6\x80\x96\xE4\xB8\xBB\xE4\xB9\x89",
};

static const char* const t935[] = {
    "\xE6\x98\x9F",
    "\xE5\xB1\xB1",
    "\xE6\xB2\xB3",
    "\xE5\xAE\x9A",
};

static const char* const t936[] = {
    "\xE7\xBD\xAA",
};

static const char* const t937[] = {
    "\xE5\xA4\x8D",
};

static const char* const t938[] = {
    "\xE4\xB8\x8D\xE5\xBE\x97",
};

static const char* const t939[] = {
    "\xE6\x96\xBD",
    "\xE6\x96\xBD\xE5\xB8\x82",
    "\xE6\x96\xBD\xE5\xB7\x9E",
    "\xE5\xB8\x88",
    "\xE6\xA0\xBC\xE6\x96\xAF",
    "\xE4\xBA\xBA",
};

static const char* const t940[] = {
    "\xE5\xAE\x88",
};

static const char* const t941[] = {
    "\xE6\x95\xAC",
    "\xE6\x81\xAD\xE6\x95\xAC\xE6\x95\xAC",
    "\xE5\x96\x9C",
    "\xE5\x80\x99",
};

static const char* const t942[] = {
    "\xE6\x81\xAF\xE7\x9B\xB8\xE5\x85\xB3",
};

static const char* const t943[] = {
    "\xE5\xA5\xBD",
    "\xE6\x81\xB0",
    "\xE5\xBD\x93",
    "\xE6\x81\xB0\xE7\x9B\xB8\xE5\x8F\x8D",
};

static const char* const t944[] = {
    "\xE6\xB1\x82",
};

static const char* const t945[] = {
    "\xE5\x8A\xA3",
    "\xE5\x8C\x96",
    "\xE5\xBF\x83",
    "\xE4\xBA\xBA",
    "\xE6\x80\xA7",
    "\xE6\x84\x8F",
    "\xE6\xAF\x92",
    "\xE9\xAC\xBC",
    "\xE7\x8B\xA0\xE7\x8B\xA0",
    "\xE6\x96\x97",
    "\xE8\xB4\xBC",
    "\xE6\x80\xA7\xE8\x82\xBF\xE7\x98\xA4",
};

static const char* const t946[] = {
    "\xE9\x9A\x90\xE4\xB9\x8B\xE5\xBF\x83",
};

static const char* const t947[] = {
    "\xE6\x80\x92",
    "\xE7\x81\xAB",
};

static const char* const t948[] = {
    "\xE6\x82\x84",
    "\xE6\x82\x84\xE5\x9C\xB0",
    "\xE5\xA3\xB0",
    "\xE7\x84\xB6",
    "\xE6\x82\x84\xE7\x9A\x84",
};

static const char* const t949[] = {
    "\xE5\xB0\xBC",
};

static const char* const t950[] = {
    "\xE8\xAE\xBA",
};

static const char* const t951[] = {
    "\xE4\xB9\x85",
    "\xE6\x82\xA0",
    "\xE9\x97\xB2",
};

static const char* const t952[] = {
    "\xE8\x80\x85",
    "\xE6\x9C\x89",
    "\xE7\x97\x85",
    "\xE9\x9A\xBE",
};

static const char* const t953[] = {
    "\xE6\x8C\x82",
    "\xE6\xAE\x8A",
    "\xE5\xB4\x96",
    "\xE5\xBF\xB5",
    "\xE6\x8C\x91",
    "\xE6\xB5\xAE",
};

static const char* const t954[] = {
    "\xE5\x89\xA7",
    "\xE6\x83\xA8",
    "\xE7\x97\x9B",
    "\xE6\x84\xA4",
    "\xE4\xBC\xA4",
    "\xE5\x93\x80",
    "\xE5\xA3\xAE",
    "\xE8\xA7\x82",
};

static const char* const t955[] = {
    "\xE5\xBF\xB5",
};

static const char* const t956[] = {
    "\xE5\x86\xB5",
    "\xE7\xBB\xAA",
    "\xE5\xBD\xA2",
    "\xE6\x8A\xA5",
    "\xE6\x99\xAF",
    "\xE6\x84\x9F",
    "\xE8\x8A\x82",
    "\xE5\x8A\xBF",
    "\xE6\x84\xBF",
    "\xE4\xBA\xBA",
    "\xE8\xB6\xA3",
    "\xE4\xB8\x8D\xE8\x87\xAA\xE7\xA6\x81",
    "\xE8\xB0\x83",
    "\xE6\xAC\xB2",
    "\xE6\x93\x8D",
    "\xE6\x84\x8F",
    "\xE6\x80\x80",
    "\xE7\xBB\x93",
    "\xE8\xB0\x8A",
    "\xE7\x8A\xB6",
    "\xE7\x94\xB1",
};

static const char* const t957[] = {
    "\xE4\xBA\xBA",
    "\xE8\xAE\xB6",
    "\xE5\xA5\x87",
    "\xE5\x91\xBC",
    "\xE6\x85\x8C",
    "\xE5\x8A\xA8",
    "\xE9\x86\x92",
    "\xE5\x96\x9C",
    "\xE5\x8F\xAB",
    "\xE5\xBC\x82",
    "\xE6\x81\x90",
    "\xE5\xBF\x83\xE5\x8A\xA8\xE9\xAD\x84",
    "\xE6\x83\xB6",
    "\xE5\x8F\xB9",
    "\xE7\x96\x91",
    "\xE8\xAF\xA7",
    "\xE9\xAA\x87",
    "\xE5\x90\x93",
    "\xE6\x83\xA7",
    "\xE5\xA4\xA9\xE5\x8A\xA8\xE5\x9C\xB0",
    "\xE5\x91\x86",
};

static const char* const t958[] = {
    "\xE6\x83\x9C",
};

static const char* const t959[] = {
    "\xE4\xB8\x80",
    "\xE6\x9C\x89",
    "\xE6\x81\x90",
};

static const char* const t960[] = {
    "\xE8\xAE\xB0",
};

static const char* const t961[] = {
    "\xE6\x80\x95",
};

static const char* const t962[] = {
    "\xE6\xA1\x88",
    "\xE9\x87\x8D",
    "\xE7\x99\xBD",
    "\xE8\xB4\xA5",
    "\xE9\x81\xAD",
    "\xE5\x8F\xAB",
    "\xE7\x83\x88",
};

static const char* const t963[] = {
    "\xE7\xBD\x9A",
    "\xE6\xB2\xBB",
    "\xE5\x8A\x9E",
    "\xE5\xA4\x84",
};

static const char* const t964[] = {
    "\xE6\x84\x8F",
};

static const char* const t965[] = {
    "\xE6\x84\xA7",
};

static const char* const t966[] = {
    "\xE4\xBE\x8B",
    "\xE6\x80\xA7",
};

static const char* const t967[] = {
    "\xE5\x88\xB0",
    "\xE8\xB5\xB7",
    "\xE7\x9D\x80",
    "\xE6\xB3\x95",
    "\xE8\xB1\xA1",
    "\xE8\xA6\x81",
    "\xE6\x83\xB3",
    "\xE4\xB8\x8D\xE5\x88\xB0",
    "\xE5\xBF\x85",
    "\xE6\x9D\xA5",
    "\xE5\x83\x8F",
    "\xE5\xBF\xB5",
    "\xE8\xA7\x81",
    "\xE6\x96\xB9\xE8\xAE\xBE\xE6\xB3\x95",
    "\xE8\xB1\xA1\xE5\x8A\x9B",
};

static const char* const t968[] = {
    "\xE6\x81\x90",
};

static const char* const t969[] = {
    "\xE6\x9D\xA5\xE6\x84\x88",
    "\xE5\x90\x88",
    "\xE5\x8F\x91",
    "\xE5\x8A\xA0",
    "\xE6\xBC\x94\xE6\x84\x88\xE7\x83\x88",
};

static const char* const t970[] = {
    "\xE5\xBF\xAB",
    "\xE6\x82\xA6",
};

static const char* const t971[] = {
    "\xE8\xA7\x81",
    "\xE4\xB9\x89",
    "\xE6\x80\x9D",
    "\xE8\xAF\x86",
    "\xE5\xA4\xA7\xE5\x88\xA9",
    "\xE5\x91\xB3\xE7\x9D\x80",
    "\xE5\xA4\x96",
    "\xE5\xBF\x97",
    "\xE5\x9B\xBE",
    "\xE6\x84\xBF",
    "\xE5\x91\xB3",
    "\xE6\x9D\xA8",
    "\xE8\xAF\x86\xE5\xBD\xA2\xE6\x80\x81",
    "\xE5\xA2\x83",
    "\xE6\x97\xA8",
    "\xE6\x83\xB3\xE4\xB8\x8D\xE5\x88\xB0",
    "\xE5\x90\x91",
    "\xE5\x9C\xA8",
    "\xE6\xAC\xB2",
    "\xE6\x96\x99\xE4\xB9\x8B\xE5\xA4\x96",
    "\xE6\x96\x99",
};

static const char* const t972[] = {
    "\xE7\x84\xB6",
};

static const char* const t973[] = {
    "\xE8\xA0\xA2",
    "\xE6\x98\xA7",
};

static const char* const t974[] = {
    "\xE5\x88\xB0",
    "\xE8\xA7\x89",
    "\xE6\x83\x85",
    "\xE5\x8F\x97",
    "\xE6\x9F\x93",
    "\xE5\x8A\xA8",
    "\xE8\xB0\xA2",
    "\xE6\xBF\x80",
    "\xE6\x85\xA8",
    "\xE5\x8F\xB9",
    "\xE5\x86\x92",
    "\xE5\xBA\x94",
    "\xE4\xBA\xBA",
    "\xE7\x9F\xA5",
    "\xE6\x80\xA7",
    "\xE5\x8F\x97\xE5\x99\xA8",
    "\xE6\x82\x9F",
};

static const char* const t975[] = {
    "\xE4\xBD\x8F",
};

static const char* const t976[] = {
    "\xE6\x80\x92",
    "\xE6\x85\xA8",
    "\xE6\x81\xA8",
};

static const char* const t977[] = {
    "\xE6\x84\x8F",
    "\xE6\x9C\x9B",
};

static const char* const t978[] = {
    "\xE7\xA6\xA7",
    "\xE5\x96\x84",
    "\xE6\x82\xB2",
    "\xE7\xA6\xA7\xE5\xA4\xAA\xE5\x90\x8E",
    "\xE5\xAE\x81\xE5\xAE\xAB",
};

static const char* const t979[] = {
    "\xE5\xBF\x99",
    "\xE4\xB9\xB1",
    "\xE5\xBC\xA0",
};

static const char* const t980[] = {
    "\xE9\x87\x8D",
};

static const char* const t981[] = {
    "\xE5\xAE\xB9",
    "\xE5\xAE\xB9\xE5\xA4\x8D",
    "\xE5\xB0\xBC\xE9\xBB\x91",
    "\xE5\x90\x8D",
    "\xE5\xAE\xB9\xE5\x85\xAC\xE5\xAD\x90",
};

static const char* const t982[] = {
    "\xE6\x85\xA2",
    "\xE6\x80\xA7",
};

static const char* const t983[] = {
    "\xE9\x97\xAE",
};

static const char* const t984[] = {
    "\xE6\x85\xA8",
    "\xE6\x85\xA8\xE6\xBF\x80\xE6\x98\x82",
};

static const char* const t985[] = {
    "\xE6\x81\xA8",
};

static const char* const t986[] = {
    "\xE6\x82\xB4",
};

static const char* const t987[] = {
    "\xE6\x86\xAC",
};

static const char* const t988[] = {
    "\xE5\xBE\x97",
    "\xE4\xBA\x8B",
};

static const char* const t989[] = {
    "\xE6\x82\x94",
};

static const char* const t990[] = {
    "\xE5\xBE\x97",
};

static const char* const t991[] = {
    "\xE5\xA3\x81",
};

static const char* const t992[] = {
    "\xE8\xA3\x85",
};

static const char* const t993[] = {
    "\xE5\x89\xA7",
    "\xE6\x9B\xB2",
    "\xE7\xA7\xB0",
    "\xE5\x89\xA7\xE6\x80\xA7",
    "\xE5\x8F\xB0",
};

static const char* const t994[] = {
    "\xE4\xB8\xBA",
    "\xE7\xAB\x8B",
    "\xE5\x8A\x9F",
    "\xE7\xBB\xA9",
    "\xE9\x95\xBF",
    "\xE6\x9E\x9C",
    "\xE5\x91\x98",
    "\xE6\x9C\xAC",
    "\xE5\x88\x86",
    "\xE7\x86\x9F",
    "\xE5\xB0\xB1",
    "\xE9\x83\xBD",
    "\xE4\xBA\xBA",
    "\xE6\x95\x88",
    "\xE5\x90\x89\xE6\x80\x9D\xE6\xB1\x97",
    "\xE5\x91\x98\xE5\x9B\xBD",
    "\xE5\x8C\x96",
    "\xE4\xBA\xA4",
    "\xE5\x8D\x83\xE4\xB8\x8A\xE4\xB8\x87",
    "\xE5\x9E\x8B",
    "\xE5\xB9\xB4",
    "\xE8\x99\xAB",
    "\xE5\x9B\xA0",
    "\xE6\x8E\x92",
    "\xE4\xB9\xA6",
    "\xE5\xB9\xB4\xE4\xBA\xBA",
    "\xE7\xBE\xA4",
    "\xE5\x93\x81",
    "\xE8\x89\xB2",
    "\xE5\x90\x8D",
    "\xE8\xB4\xA5",
    "\xE5\x83\x8F",
    "\xE5\xA4\xA9",
    "\xE4\xBA\xB2",
    "\xE6\x96\x87",
    "\xE6\x96\xB9",
    "\xE6\x80\x9D\xE5\x8D\xB1",
    "\xE4\xBA\xA4\xE9\x87\x8F",
    "\xE6\xB8\x85\xE6\xB3\xA2",
    "\xE8\xA1\x8C",
    "\xE5\xA9\x9A",
    "\xE9\x83\xBD\xE5\xB8\x82",
    "\xE5\x8A\x9F\xE7\x8E\x87",
    "\xE5\xBD\xA2",
    "\xE4\xBB\xBD",
};

static const char* const t995[] = {
    "\xE4\xBB\xAC",
    "\xE5\x9B\xBD",
    "\xE5\x86\x9B",
    "\xE4\xBC\x9A",
    "\xE5\xAE\xB6",
    "\xE6\xA0\xA1",
    "\xE8\xA1\x8C",
    "\xE7\x9C\x81",
    "\xE5\xBF\x83",
    "\xE5\xB8\x82",
    "\xE8\xBE\x88",
};

static const char* const t996[] = {
    "\xE6\x8C\x87",
    "\xE4\xB8\xA5",
    "\xE5\xA4\x87",
    "\xE5\xBE\x8B",
};

static const char* const t997[] = {
    "\xE8\x80\x85",
    "\xE6\x98\xAF",
    "\xE8\xAE\xB8",
    "\xE8\x80\x85\xE8\xAF\xB4",
    "\xE5\xA4\x9A\xE6\x88\x96\xE5\xB0\x91",
};

static const char* const t998[] = {
    "\xE4\xBA\x89",
    "\xE7\x95\xA5",
    "\xE6\x96\x97",
    "\xE5\xA3\xAB",
    "\xE5\x9C\xBA",
    "\xE5\xBD\xB9",
    "\xE6\x9C\xAF",
    "\xE5\x9B\xBD",
    "\xE6\x96\x97\xE6\x9C\xBA",
    "\xE8\x83\x9C",
    "\xE6\x9C\xBA",
    "\xE5\x90\x8E",
    "\xE7\xBA\xBF",
    "\xE6\x96\x97\xE5\x8A\x9B",
    "\xE5\x8F\x8B",
    "\xE5\x8C\xBA",
    "\xE8\xBD\xA6",
    "\xE4\xB9\xB1",
    "\xE8\xB4\xA5",
    "\xE9\xA9\xAC",
    "\xE4\xBF\x98",
    "\xE4\xBA\x8B",
    "\xE5\xA4\x87",
    "\xE8\x88\xB0",
    "\xE7\xBB\xA9",
    "\xE7\x81\xAB",
    "\xE6\xAD\xBB",
    "\xE5\x8A\x9F",
    "\xE5\xB1\x80",
    "\xE6\x9E\x9C",
    "\xE8\x88\xB9",
    "\xE8\x83\x9C\xE5\x9B\xBD",
    "\xE6\xB3\x95",
    "\xE7\x95\xA5\xE6\x80\xA7",
    "\xE5\x88\xA9\xE5\x93\x81",
    "\xE6\x96\x97\xE9\x83\xA8",
    "\xE6\x88\x98\xE5\x85\xA2\xE5\x85\xA2",
    "\xE5\x89\x8D",
    "\xE7\x8A\xAF",
};

static const char* const t999[] = {
    "\xE7\xBB\xA7\xE5\x85\x89",
};

static const char* const t1000[] = {
    "\xE6\xAD\xA2",
    "\xE8\x87\xB3",
    "\xE7\x84\xB6\xE4\xB8\x8D\xE5\x90\x8C",
    "\xE6\x96\xAD",
    "\xE4\xBD\x8F",
};

static const char* const t1001[] = {
    "\xE5\xB0\x94",
    "\xE8\xAF\x81\xE8\x89\xAF",
};

static const char* const t1002[] = {
    "\xE9\x83\xA8",
    "\xE5\x8F\xA3",
    "\xE7\xB1\x8D",
    "\xE5\xA4\x96",
};

static const char* const t1003[] = {
    "\xE5\xAD\x90",
    "\xE9\x97\xB4",
    "\xE5\xB1\x8B",
    "\xE5\x9C\xB0\xE4\xBA\xA7",
    "\xE4\xB8\xAD",
    "\xE5\x8E\xBF",
    "\xE9\x87\x8C",
    "\xE9\x97\xA8",
    "\xE4\xBB\xB7",
    "\xE5\x9F\xBA",
    "\xE4\xBA\xA7",
    "\xE8\x88\x8D",
};

static const char* const t1004[] = {
    "\xE4\xBB\xA5",
    "\xE6\x9C\x89",
    "\xE8\xB0\x93",
    "\xE8\xAF\xB4",
    "\xE5\x9C\xA8\xE5\x9C\xB0",
    "\xE5\x9C\xA8",
    "\xE5\xB1\x9E",
    "\xE9\x95\xBF",
    "\xE7\x9F\xA5",
    "\xE7\x94\xA8",
    "\xE5\xBE\x97",
    "\xE6\x9C\x89\xE8\x80\x85",
    "\xE8\x87\xB4",
    "\xE6\x9C\x89\xE4\xBA\xBA",
    "\xE6\x8C\x87",
    "\xE6\x9C\x89\xE6\x9D\x83",
    "\xE6\x9C\x89\xE5\x88\xB6",
    "\xE5\xAD\xA6",
    "\xE4\xBD\x9C\xE6\x89\x80\xE4\xB8\xBA",
    "\xE5\x88\xB0\xE4\xB9\x8B\xE5\xA4\x84",
    "\xE4\xB8\xBA",
    "\xE9\x83\xA8",
    "\xE5\xBE\x97\xE7\xA8\x8E",
};

static const char* const t1005[] = {
    "\xE5\xB9\xB3",
    "\xE5\x9C\x86\xE5\xBD\xA2",
};

static const char* const t1006[] = {
    "\xE5\xAD\x90",
    "\xE5\xBD\xA2",
};

static const char* const t1007[] = {
    "\xE6\xAE\xB5",
    "\xE4\xB8\xAD",
    "\xE6\x9C\xBA",
    "\xE9\x87\x8C",
    "\xE6\x9C\xAF",
    "\xE6\x8C\x87",
    "\xE8\x87\x82",
    "\xE4\xB8\x8A",
    "\xE6\xB3\x95",
    "\xE7\xBB\xAD",
    "\xE5\xB7\xA5\xE4\xB8\x9A",
    "\xE6\x8E\x8C",
    "\xE4\xB8\x8B",
    "\xE8\x85\x95",
    "\xE8\x84\x9A",
    "\xE6\x8C\x81",
    "\xE8\xB6\xB3",
    "\xE5\x8A\xBF",
    "\xE5\xB7\xA5",
    "\xE5\xB8\x95",
    "\xE6\x9E\xAA",
    "\xE8\x89\xBA",
    "\xE6\xA6\xB4\xE5\xBC\xB9",
    "\xE7\x94\xB5\xE7\xAD\x92",
    "\xE8\xA1\xA8",
    "\xE5\xBF\x99\xE8\x84\x9A\xE4\xB9\xB1",
    "\xE6\x8C\x87\xE5\xA4\xB4",
    "\xE4\xB8\x8B\xE4\xBA\xBA",
    "\xE5\xA4\xB4",
    "\xE5\xBF\x83",
    "\xE6\x8F\x90",
    "\xE7\xBB\xAD\xE8\xB4\xB9",
    "\xE5\xA5\x97",
    "\xE7\xA8\xBF",
    "\xE5\x86\x8C",
    "\xE5\xB7\xA5\xE4\xB8\x9A\xE8\x80\x85",
    "\xE4\xB9\xA6",
    "\xE8\xB6\xB3\xE6\x97\xA0\xE6\x8E\xAA",
};

static const char* const t1008[] = {
    "\xE8\x83\xBD",
    "\xE5\x8D\x8E",
};

static const char* const t1009[] = {
    "\xE5\xAE\x9E",
    "\xE4\xBC\x8A\xE5\xB0\x94",
    "\xE8\x90\xA5",
};

static const char* const t1010[] = {
    "\xE9\x80\x9A",
    "\xE7\x81\xAD",
};

static const char* const t1011[] = {
    "\xE5\x87\xBB",
    "\xE5\xBC\x80",
    "\xE7\xAE\x97",
    "\xE7\xA0\xB4",
    "\xE5\x80\x92",
    "\xE6\xAD\xBB",
    "\xE5\x90\xAC",
    "\xE8\xB4\xA5",
    "\xE7\x94\xB5\xE8\xAF\x9D",
    "\xE4\xBB\x97",
    "\xE6\x89\xAE",
    "\xE7\x9D\x80",
    "\xE6\x96\xAD",
    "\xE9\x87\x8F",
    "\xE5\x8F\x91",
    "\xE5\xB7\xA5",
    "\xE5\x87\xBA",
    "\xE9\x80\xA0",
    "\xE4\xB8\x8B",
    "\xE5\x85\xA5",
    "\xE6\x9E\xB6",
    "\xE4\xBA\xA4\xE9\x81\x93",
    "\xE5\x8D\xB0",
    "\xE6\x89\xB0",
    "\xE6\x89\xAB",
    "\xE6\x8B\x9B\xE5\x91\xBC",
    "\xE5\x8A\xA8",
    "\xE4\xBA\xBA",
    "\xE4\xB8\xAD",
    "\xE9\xBC\x93",
    "\xE6\xB3\x95",
    "\xE6\x8E\xA2",
    "\xE4\xBA\x95",
    "\xE9\x80\x9A",
    "\xE7\x8C\x8E",
    "\xE6\x88\x90",
    "\xE4\xBC\xA4",
    "\xE5\x93\x8D",
    "\xE8\xB5\xA2",
    "\xE7\x8B\x97\xE6\xA3\x92\xE6\xB3\x95",
    "\xE4\xB9\xB1",
    "\xE6\x8D\x9E",
    "\xE5\x88\x86",
    "\xE7\x82\xB9",
};

static const char* const t1012[] = {
    "\xE4\xB8\x8B",
    "\xE6\x8E\x89",
};

static const char* const t1013[] = {
    "\xE9\xA9\xAC\xE6\x96\xAF",
    "\xE7\xA6\x8F",
    "\xE4\xBA\xBA",
    "\xE7\xAE\xA1",
};

static const char* const t1014[] = {
    "\xE9\x99\xA4",
    "\xE6\x8A\xBC",
};

static const char* const t1015[] = {
    "\xE8\xA1\x8C",
    "\xE6\x94\xBF",
    "\xE6\xB3\x95",
    "\xE6\x8E\x8C",
    "\xE6\x94\xBF\xE5\xBA\x9C",
    "\xE8\xA1\x8C\xE5\xAE\x98",
    "\xE6\x95\x99",
    "\xE6\x84\x8F",
    "\xE6\x94\xBF\xE5\x85\x9A",
    "\xE6\xB3\x95\xE6\x9D\x83",
    "\xE7\x9D\x80",
    "\xE4\xBA\x8B",
};

static const char* const t1016[] = {
    "\xE5\xA4\xA7",
    "\xE5\xB1\x95",
    "\xE5\xBC\xA0",
    "\xE5\xBB\xBA",
    "\xE6\x95\xA3",
    "\xE5\x85\x85",
};

static const char* const t1017[] = {
    "\xE6\x8F\x8F",
    "\xE8\x8D\xA1",
    "\xE5\x9C\xB0",
    "\xE9\x9B\xB7",
    "\xE9\x99\xA4",
    "\xE5\xB8\x9A",
};

static const char* const t1018[] = {
    "\xE5\xB7\x9E",
    "\xE5\xAD\x90\xE6\xB1\x9F",
    "\xE8\xA8\x80",
    "\xE8\xB5\xB7",
};

static const char* const t1019[] = {
    "\xE8\xBD\xAC",
    "\xE6\x9B\xB2",
    "\xE5\xA4\xB4",
};

static const char* const t1020[] = {
    "\xE6\xBC\x94",
};

static const char* const t1021[] = {
    "\xE4\xB9\xB1",
};

static const char* const t1022[] = {
    "\xE8\xB4\xAB",
    "\xE6\x8C\x81",
    "\xE6\xA4\x8D",
};

static const char* const t1023[] = {
    "\xE5\x87\x86",
    "\xE8\xAF\x84",
    "\xE5\x88\xA4",
    "\xE9\x87\x8F",
    "\xE6\xAC\xA1",
    "\xE5\xA4\x8D",
    "\xE5\x8F\x91",
    "\xE7\xA4\xBA",
};

static const char* const t1024[] = {
    "\xE5\x88\xB0",
    "\xE5\x87\xBA",
    "\xE5\xAF\xBB",
};

static const char* const t1025[] = {
    "\xE8\xAE\xA4",
    "\xE6\x8B\x85",
    "\xE8\xAF\xBA",
    "\xE5\x8F\x97",
    "\xE5\x8C\x85",
    "\xE5\x8A\x9E",
    "\xE8\xA2\xAD",
    "\xE6\x8E\xA5",
    "\xE8\xBD\xBD",
};

static const char* const t1026[] = {
    "\xE6\x9C\xAF",
    "\xE8\x89\xBA",
    "\xE5\xB7\xA7",
    "\xE8\x83\xBD",
    "\xE5\xB7\xA5",
    "\xE6\xB3\x95",
    "\xE6\x94\xB9",
    "\xE6\x9C\xAF\xE6\x80\xA7",
};

static const char* const t1027[] = {
    "\xE5\xAE\xB6",
};

static const char* const t1028[] = {
    "\xE6\x8B\xA9",
};

static const char* const t1029[] = {
    "\xE6\x8F\xA1",
    "\xE5\xA4\xB4",
    "\xE6\x89\x8B",
    "\xE6\x8C\x81",
    "\xE5\xAE\x88",
};

static const char* const t1030[] = {
    "\xE5\x88\xB6",
    "\xE9\x83\x81",
    "\xE6\x88\x96",
};

static const char* const t1031[] = {
    "\xE6\x83\x85",
    "\xE5\x8F\x91",
};

static const char* const t1032[] = {
    "\xE4\xBD\x8F",
    "\xE7\xB4\xA7",
    "\xE8\xB5\xB7",
    "\xE5\xA5\xBD",
};

static const char* const t1033[] = {
    "\xE8\xB5\x84",
    "\xE5\x85\xA5",
    "\xE7\xA5\xA8",
    "\xE9\x99\x8D",
    "\xE8\xAF\x89",
    "\xE8\xB5\x84\xE8\x80\x85",
    "\xE4\xBA\xA7",
    "\xE6\x9C\xBA",
    "\xE8\xBA\xAB",
    "\xE6\x94\xBE",
    "\xE5\x90\x91",
    "\xE5\xA5\x94",
    "\xE9\x9D\xA0",
    "\xE6\x8E\xB7",
    "\xE7\xA5\xA8\xE6\x9D\x83",
    "\xE5\xB0\x84",
    "\xE7\xAF\xAE",
    "\xE5\xBD\xB1",
};

static const char* const t1034[] = {
    "\xE5\x8A\xA8",
};

static const char* const t1035[] = {
    "\xE6\x97\xA5",
    "\xE6\x88\x98",
    "\xE6\x97\xA5\xE6\x88\x98\xE4\xBA\x89",
    "\xE8\xAE\xAE",
    "\xE6\x95\x8C",
    "\xE5\x87\xBB",
    "\xE7\x94\x9F\xE7\xB4\xA0",
    "\xE4\xBA\x89",
    "\xE6\x8B\x92",
    "\xE5\x8E\x9F",
    "\xE6\x97\xA5\xE6\x95\x91\xE4\xBA\xA1",
    "\xE4\xBD\x93",
    "\xE8\xA1\xA1",
    "\xE7\x97\x85",
    "\xE9\x9C\x87\xE6\x95\x91\xE7\x81\xBE",
    "\xE7\xBE\x8E\xE6\x8F\xB4\xE6\x9C\x9D",
    "\xE8\xBE\x90\xE5\xB0\x84",
    "\xE9\x80\x86\xE6\x80\xA7",
    "\xE6\xB4\xAA",
};

static const char* const t1036[] = {
    "\xE7\xA3\xA8",
    "\xE8\x85\xBE",
    "\xE5\xAD\x90",
    "\xE5\x90\x88",
    "\xE6\x96\xAD",
    "\xE5\xB0\x84",
    "\xE6\x89\x87",
    "\xE6\x89\xA3",
    "\xE5\x8F\xA0",
    "\xE5\x9B\x9E",
};

static const char* const t1037[] = {
    "\xE6\x91\xB8",
    "\xE5\x85\xBB",
    "\xE6\x85\xB0",
};

static const char* const t1038[] = {
    "\xE5\xBC\x83",
};

static const char* const t1039[] = {
    "\xE6\x95\x91",
    "\xE5\x8A\xAB",
    "\xE5\x85\x88",
    "\xE5\xA4\xBA",
    "\xE5\x8D\xA0",
    "\xE9\x99\xA9",
};

static const char* const t1040[] = {
    "\xE5\xA3\xAB",
    "\xE5\x8D\xAB",
    "\xE5\x8D\xAB\xE8\x88\xB0",
    "\xE9\x80\x81",
    "\xE7\x90\x86",
    "\xE6\xB3\x95",
    "\xE7\x85\xA7",
};

static const char* const t1041[] = {
    "\xE5\x91\x8A",
    "\xE9\x81\x93",
    "\xE7\xBA\xB8",
    "\xE5\x90\x8D",
    "\xE8\x80\x83",
    "\xE4\xBB\x87",
    "\xE4\xB8\x8A",
    "\xE9\x85\xAC",
    "\xE5\xA4\x8D",
    "\xE5\x88\x8A",
    "\xE7\xAD\x94",
    "\xE4\xBB\xB7",
    "\xE7\xA4\xBE",
    "\xE8\xA1\xA8",
    "\xE8\xAD\xA6",
    "\xE7\x9F\xA5",
    "\xE9\x94\x80",
    "\xE5\x9B\xBD",
    "\xE4\xB8\x9A",
    "\xE5\xBA\x94",
};

static const char* const t1042[] = {
    "\xE5\x87\xBB",
};

static const char* const t1043[] = {
    "\xE9\x9C\xB2",
    "\xE4\xB8\x8A",
    "\xE7\x94\xB2",
    "\xE6\x8C\x82",
};

static const char* const t1044[] = {
    "\xE5\xA4\xB4",
    "\xE8\xB5\xB7",
    "\xE9\xAB\x98",
    "\xE6\x89\x8B",
};

static const char* const t1045[] = {
    "\xE4\xBD\x8F",
    "\xE6\x80\xA8",
    "\xE6\x8B\xB3",
    "\xE8\xB4\x9F",
    "\xE6\xAD\x89",
};

static const char* const t1046[] = {
    "\xE8\xA7\xA6",
    "\xE6\x8A\x97",
    "\xE8\xBE\xBE",
    "\xE6\x8C\xA1",
    "\xE5\xBE\xA1",
    "\xE5\x88\xB6",
    "\xE6\x8A\xBC",
    "\xE6\x8A\x97\xE5\x8A\x9B",
};

static const char* const t1047[] = {
    "\xE5\x87\xBA",
    "\xE8\xB1\xA1",
    "\xE5\xB1\x89",
    "\xE7\x83\x9F",
    "\xE6\x90\x90",
    "\xE8\xB0\x83",
    "\xE7\xAD\xBE",
    "\xE6\x9F\xA5",
};

static const char* const t1048[] = {
    "\xE5\xB0\x98",
};

static const char* const t1049[] = {
    "\xE4\xBB\xBB",
    "\xE5\xBF\x83",
    "\xE8\xB4\x9F",
    "\xE4\xBF\x9D",
    "\xE5\xBF\xA7",
    "\xE5\xAD\x90",
    "\xE5\xBD\x93",
    "\xE6\x9E\xB6",
};

static const char* const t1050[] = {
    "\xE9\x99\xA4",
    "\xE5\xBC\x80",
    "\xE8\xBF\x81",
    "\xE8\xA7\xA3",
};

static const char* const t1051[] = {
    "\xE6\x8C\x87",
};

static const char* const t1052[] = {
    "\xE9\x98\x84",
};

static const char* const t1053[] = {
    "\xE5\xBC\x80",
    "\xE8\x90\xA8",
    "\xE7\xBE\x8E",
    "\xE6\xA0\x96\xE7\xAC\xAC",
    "\xE4\xB8\x81\xE7\xBE\x8E\xE6\xB4\xB2",
    "\xE5\x8A\xA8",
    "\xE6\xA0\xB9\xE5\xB0\xBC",
    "\xE6\x89\xAF",
    "\xE5\x8F\xA4",
    "\xE6\x8B\xA2",
    "\xE4\xB8\x81\xE6\x96\x87",
};

static const char* const t1054[] = {
    "\xE6\x91\x84",
    "\xE5\x8D\x96",
    "\xE6\x8B\x8D",
    "\xE6\x89\x8B",
    "\xE9\xA9\xAC\xE5\xB1\x81",
    "\xE6\x89\x93",
    "\xE7\x85\xA7",
    "\xE9\xA9\xAC",
};

static const char* const t1055[] = {
    "\xE6\x9D\x96",
};

static const char* const t1056[] = {
    "\xE7\xBB\x9D",
};

static const char* const t1057[] = {
    "\xE5\xB1\x95",
    "\xE8\xB7\x8B",
    "\xE5\xAE\xBD",
};

static const char* const t1058[] = {
    "\xE5\x87\xBA",
    "\xE5\x89\x91",
    "\xE7\x89\x99",
};

static const char* const t1059[] = {
    "\xE6\x8B\x89\xE6\x9C\xBA",
    "\xE5\xBB\xB6",
    "\xE6\xAC\xA0",
};

static const char* const t1060[] = {
    "\xE7\x95\x99",
};

static const char* const t1061[] = {
    "\xE5\x91\xBD",
};

static const char* const t1062[] = {
    "\xE7\x94\x9F",
    "\xE8\x81\x98",
    "\xE5\x91\xBC",
    "\xE6\x94\xB6",
    "\xE6\x95\xB0",
    "\xE5\xBE\x85\xE4\xBC\x9A",
    "\xE5\x95\x86",
    "\xE8\x81\x98\xE4\xBC\x9A",
    "\xE5\x8A\x9E",
    "\xE5\xBE\x85",
    "\xE6\xA0\x87",
    "\xE6\x9E\xB6",
    "\xE6\x89\x8B",
    "\xE5\xBE\x85\xE6\x89\x80",
    "\xE5\x8B\x9F",
    "\xE8\x87\xB4",
    "\xE7\x89\x8C",
    "\xE5\xBC\x8F",
    "\xE6\x9D\xA5",
    "\xE5\xAE\x89",
};

static const char* const t1063[] = {
    "\xE8\xA7\x81",
    "\xE8\xAE\xBF",
    "\xE8\xB0\xA2",
    "\xE5\xB9\xB4",
};

static const char* const t1064[] = {
    "\xE5\xAE\x9A",
};

static const char* const t1065[] = {
    "\xE6\x9C\x89",
    "\xE6\x8A\xA4",
    "\xE6\x8C\xA4",
    "\xE6\x88\xB4",
    "\xE6\x8A\xB1",
    "\xE5\x85\xA5",
};

static const char* const t1066[] = {
    "\xE6\x88\xAA",
    "\xE4\xBD\x8F",
    "\xE6\xB2\xB3\xE5\x9D\x9D",
    "\xE9\x98\xBB",
};

static const char* const t1067[] = {
    "\xE4\xB9\xB1\xE5\x8F\x8D\xE6\xAD\xA3",
    "\xE6\xAC\xBE",
    "\xE6\x89\x93",
    "\xE5\xBC\x80",
};

static const char* const t1068[] = {
    "\xE4\xBC\x98",
    "\xE4\xB8\x9A",
};

static const char* const t1069[] = {
    "\xE6\x95\x91",
};

static const char* const t1070[] = {
    "\xE6\x89\x8B",
    "\xE5\xBD\xA2",
};

static const char* const t1071[] = {
    "\xE5\xA4\xB4",
    "\xE8\x84\x9A",
    "\xE6\xB3\x95",
    "\xE5\x87\xBB",
};

static const char* const t1072[] = {
    "\xE5\x91\xBD",
    "\xE9\x9F\xB3",
    "\xE6\x90\x8F",
    "\xE6\xAD\xBB",
};

static const char* const t1073[] = {
    "\xE8\x8D\x92",
};

static const char* const t1074[] = {
    "\xE5\x87\xBA",
    "\xE5\x88\xB0",
    "\xE4\xB8\x8B",
    "\xE6\x9D\xA5",
    "\xE7\xA0\xB4\xE4\xBB\x91",
};

static const char* const t1075[] = {
    "\xE7\xBB\xAD",
    "\xE6\x9C\x89",
    "\xE4\xB9\x85",
    "\xE8\x82\xA1",
    "\xE5\x88\x80",
};

static const char* const t1076[] = {
    "\xE7\x89\x8C",
    "\xE5\xBF\xB5",
    "\xE9\x92\xA9",
};

static const char* const t1077[] = {
    "\xE5\x87\xBA",
    "\xE6\x8C\xA5",
    "\xE5\xAF\xBC",
    "\xE7\xA4\xBA",
    "\xE6\xA0\x87",
    "\xE6\x95\xB0",
    "\xE7\x9D\x80",
    "\xE6\x8C\xA5\xE9\x83\xA8",
    "\xE5\xAE\x9A",
    "\xE7\x82\xB9",
    "\xE8\xB4\xA3",
    "\xE6\x9C\x9B",
    "\xE5\x8D\x97",
    "\xE4\xBB\xA4",
    "\xE5\x90\x91",
    "\xE5\xAF\xBC\xE5\x91\x98",
    "\xE5\xBC\x95",
    "\xE6\x98\x8E",
    "\xE6\x8C\xA5\xE6\x89\x80",
    "\xE5\xA4\xB4",
    "\xE6\x8C\xA5\xE5\x91\x98",
    "\xE6\x8C\xA5\xE5\xAE\x98",
    "\xE7\x94\xB2",
    "\xE4\xBD\xBF",
    "\xE6\x8E\xA7",
    "\xE8\xB7\xAF",
    "\xE6\x8C\x87",
    "\xE9\x92\x88",
    "\xE6\x95\x99",
    "\xE6\x88\x98\xE5\x91\x98",
};

static const char* const t1078[] = {
    "\xE7\x85\xA7",
    "\xE6\x97\xB6",
    "\xE6\x91\xA9",
    "\xE4\xBD\x8F",
    "\xE7\x9D\x80",
    "\xE8\xAF\xB4",
    "\xE6\x8D\xBA\xE4\xB8\x8D\xE4\xBD\x8F",
};

static const char* const t1079[] = {
    "\xE6\x88\x98",
    "\xE9\x80\x89",
    "\xE8\xB5\xB7",
    "\xE8\xA1\x85",
    "\xE5\x89\x94",
};

static const char* const t1080[] = {
    "\xE6\x8E\x98",
    "\xE5\x87\xBA",
};

static const char* const t1081[] = {
    "\xE4\xBD\x8F",
};

static const char* const t1082[] = {
    "\xE6\x89\x8E",
    "\xE8\x84\xB1",
    "\xE9\x92\xB1",
};

static const char* const t1083[] = {
    "\xE5\x87\xBA",
    "\xE5\x8E\x8B",
    "\xE6\xBB\xA1",
};

static const char* const t1084[] = {
    "\xE6\x89\x8B",
    "\xE8\x88\x9E",
    "\xE5\x8A\xA8",
    "\xE5\x8F\x91",
};

static const char* const t1085[] = {
    "\xE7\x9D\x80",
    "\xE6\x89\x93",
};

static const char* const t1086[] = {
    "\xE5\xA8\x81",
};

static const char* const t1087[] = {
    "\xE6\x8A\x98",
    "\xE8\xB4\xA5",
};

static const char* const t1088[] = {
    "\xE5\x8A\xA8",
    "\xE5\x85\xB4",
    "\xE5\xA5\x8B",
    "\xE8\x87\x82",
    "\xE5\x8A\xA8\xE5\x99\xA8",
    "\xE8\x8D\xA1",
};

static const char* const t1089[] = {
    "\xE8\xBF\x9B",
    "\xE8\xBA\xAB\xE8\x80\x8C\xE5\x87\xBA",
};

static const char* const t1090[] = {
    "\xE6\x95\x91",
    "\xE5\x9B\x9E",
};

static const char* const t1091[] = {
    "\xE4\xBD\x8F",
};

static const char* const t1092[] = {
    "\xE7\xBB\x91",
};

static const char* const t1093[] = {
    "\xE4\xBD\x8F",
    "\xE6\x8B\xBF",
};

static const char* const t1094[] = {
    "\xE5\x8D\xAB",
};

static const char* const t1095[] = {
    "\xE6\xAC\xBE",
    "\xE8\xB5\xA0",
    "\xE7\x8C\xAE",
};

static const char* const t1096[] = {
    "\xE6\x8D\x9E",
    "\xE9\xA3\x9F",
    "\xE9\xB1\xBC",
    "\xE6\x8D\x89",
    "\xE8\x8E\xB7",
    "\xE8\x8E\xB7\xE9\x87\x8F",
};

static const char* const t1097[] = {
    "\xE5\xA4\xB1",
    "\xE5\xAE\xB3",
    "\xE4\xBC\xA4",
    "\xE5\x9D\x8F",
    "\xE8\x80\x97",
};

static const char* const t1098[] = {
    "\xE4\xB8\x8A",
    "\xE5\x8F\x96",
    "\xE6\x88\x90",
    "\xE5\xB1\x8A",
    "\xE5\x8F\xA5\xE8\xAF\x9D\xE8\xAF\xB4",
    "\xE6\x9D\xA5",
    "\xE8\xA3\x85",
};

static const char* const t1099[] = {
    "\xE4\xB9\xB1",
    "\xE6\xAF\x81",
};

static const char* const t1100[] = {
    "\xE8\xAF\xB4",
    "\xE6\x82\x89",
    "\xE6\xAD\xA4",
    "\xE7\xA7\xB0",
    "\xE7\x82\xB9",
};

static const char* const t1101[] = {
    "\xE5\x85\x8B",
    "\xE5\xBE\x84",
};

static const char* const t1102[] = {
    "\xE8\xB5\xB7",
    "\xE5\xBC\x80",
};

static const char* const t1103[] = {
    "\xE5\x88\x80\xE5\x8C\xBA",
};

static const char* const t1104[] = {
    "\xE4\xBA\x88",
    "\xE6\x9D\x83",
    "\xE8\xAF\xBE",
};

static const char* const t1105[] = {
    "\xE5\xA4\xB4",
};

static const char* const t1106[] = {
    "\xE6\x8F\xA1",
    "\xE7\xAE\xA1",
    "\xE9\x97\xA8",
    "\xE9\x97\xA8\xE4\xBA\xBA",
    "\xE5\xA3\xB0",
    "\xE6\xB3\x95",
    "\xE6\x9F\x9C",
    "\xE5\xBF\x83",
    "\xE4\xB8\x8A",
    "\xE5\x8D\xB0",
    "\xE6\x9F\x9C\xE7\x9A\x84",
};

static const char* const t1107[] = {
    "\xE5\x87\xBA",
};

static const char* const t1108[] = {
    "\xE5\x88\x97",
    "\xE5\x90\x8D",
    "\xE9\x99\xA4",
    "\xE6\xB0\xB4",
    "\xE9\x98\x9F",
    "\xE6\x96\xA5",
    "\xE9\x95\xBF",
    "\xE5\x87\xBA",
    "\xE6\xB0\xB4\xE9\x87\x8F",
    "\xE6\x94\xBE",
    "\xE6\x8C\xA4",
    "\xE7\x81\x8C",
    "\xE6\x88\x90",
    "\xE7\xBB\x83",
    "\xE6\xB3\x84",
    "\xE5\xBA\x8F",
    "\xE8\xA1\x8C\xE6\xA6\x9C",
    "\xE8\xA1\x8C",
    "\xE7\x90\x83",
    "\xE5\xA4\x96",
};

static const char* const t1109[] = {
    "\xE5\xA4\xBA",
    "\xE8\xBF\x87",
};

static const char* const t1110[] = {
    "\xE7\xB4\xA2",
    "\xE8\xAE\xA8",
    "\xE6\x98\x8E",
    "\xE6\xB5\x8B",
    "\xE8\x8A\xB1",
    "\xE9\x9B\xB7\xE5\x99\xA8",
    "\xE6\x98\xA5",
    "\xE9\x99\xA9",
    "\xE5\xA4\xB4",
    "\xE6\xB5\x8B\xE5\x99\xA8",
    "\xE7\xA9\xB6",
    "\xE6\x9C\x9B",
    "\xE5\x90\xAC",
    "\xE4\xBA\xB2",
};

static const char* const t1111[] = {
    "\xE5\x8F\x97",
    "\xE7\x9D\x80",
    "\xE8\xBF\x91",
    "\xE8\xA7\xA6",
    "\xE5\xBE\x85",
    "\xE8\xBF\x87",
    "\xE5\x88\xB0",
    "\xE8\xBF\x9E",
    "\xE6\x94\xB6",
    "\xE4\xB8\x8B\xE6\x9D\xA5",
    "\xE5\x8F\xA3",
    "\xE8\xA7\x81",
    "\xE5\xBA\x94",
    "\xE7\xAE\xA1",
    "\xE6\x9B\xBF",
    "\xE7\xBA\xB3",
    "\xE4\xBB\xBB",
    "\xE8\xBF\x9E\xE4\xB8\x8D\xE6\x96\xAD",
    "\xE5\xA3\xA4",
    "\xE5\x85\xA5",
    "\xE4\xB8\x8A",
    "\xE8\xBD\xA8",
    "\xE5\xBE\x85\xE6\x97\xA5",
    "\xE7\x8F\xAD\xE4\xBA\xBA",
    "\xE8\xB8\xB5\xE8\x80\x8C\xE6\x9D\xA5",
    "\xE7\xA7\x8D",
    "\xE9\x80\x9A",
};

static const char* const t1112[] = {
    "\xE5\x88\xB6",
    "\xE8\x82\xA1",
    "\xE5\x88\xB6\xE7\xB3\xBB\xE7\xBB\x9F",
    "\xE5\x91\x8A",
    "\xE8\xAF\x89",
};

static const char* const t1113[] = {
    "\xE8\xBF\x9B",
    "\xE5\x8A\xA8",
    "\xE5\x87\xBA",
    "\xE8\x8D\x90",
    "\xE5\xB9\xBF",
    "\xE8\xA1\x8C",
    "\xE7\xBF\xBB",
    "\xE5\xBC\x80",
    "\xE9\x80\x81",
    "\xE5\x90\x91",
    "\xE7\x90\x86",
    "\xE6\xB5\x8B",
    "\xE4\xB8\xBE",
    "\xE6\x8B\xBF",
    "\xE7\xAE\x97",
    "\xE8\xBF\x9F",
    "\xE6\x96\xAD",
    "\xE9\x94\x80",
    "\xE5\x8A\x9B",
    "\xE6\xBC\x94",
    "\xE5\xB4\x87",
    "\xE8\xBE\x9E",
    "\xE9\x80\x89",
    "\xE7\xA7\xBB",
    "\xE5\x80\x92",
    "\xE8\xAE\xBA",
};

static const char* const t1114[] = {
    "\xE6\x8A\xA4",
    "\xE7\x9B\x96",
    "\xE9\xA5\xB0",
    "\xE5\x9F\x8B",
};

static const char* const t1115[] = {
    "\xE6\x96\xBD",
    "\xE6\x89\x8B\xE4\xB8\x8D\xE5\x8F\x8A",
};

static const char* const t1116[] = {
    "\xE6\x8E\xA0",
};

static const char* const t1117[] = {
    "\xE8\xBF\xB0",
    "\xE5\x86\x99",
    "\xE7\xBB\x98",
};

static const char* const t1118[] = {
    "\xE5\x87\xBA",
    "\xE9\xAB\x98",
    "\xE4\xBE\x9B",
    "\xE5\x90\x8D",
    "\xE9\x86\x92",
    "\xE5\x88\xB0",
    "\xE5\x8D\x87",
    "\xE5\x89\x8D",
    "\xE8\xAE\xAE",
    "\xE8\xB5\xB7",
    "\xE9\x97\xAE",
    "\xE5\x80\xA1",
    "\xE7\xA4\xBA",
    "\xE8\xAF\xB7",
    "\xE4\xBA\xA4",
    "\xE5\x8F\x96",
    "\xE6\x8B\x94",
    "\xE9\x98\xB2",
    "\xE6\xA1\x88",
    "\xE5\x8F\x8A",
    "\xE7\x9D\xA3",
    "\xE7\x82\xBC",
    "\xE5\x8C\x85",
    "\xE6\x90\xBA",
    "\xE4\xBE\x9B\xE5\x95\x86",
    "\xE6\x97\xA9",
};

static const char* const t1119[] = {
    "\xE5\x85\xA5",
    "\xE6\x89\x8B",
    "\xE5\x9B\xBE",
    "\xE5\x8F\xA3",
    "\xE5\x98\xB4",
};

static const char* const t1120[] = {
    "\xE4\xBD\x8F",
    "\xE6\x89\x8B",
};

static const char* const t1121[] = {
    "\xE6\x91\xA9",
};

static const char* const t1122[] = {
    "\xE9\x9C\xB2",
    "\xE7\xA4\xBA",
    "\xE5\xBC\x80",
    "\xE5\x8F\x91",
    "\xE6\x99\x93",
};

static const char* const t1123[] = {
    "\xE5\x8A\xA9",
    "\xE5\xBC\x95",
    "\xE5\x86\x9B",
};

static const char* const t1124[] = {
    "\xE6\x89\xB6",
};

static const char* const t1125[] = {
    "\xE6\x8B\x8C",
};

static const char* const t1126[] = {
    "\xE6\x96\x97",
};

static const char* const t1127[] = {
    "\xE7\x8B\x90",
    "\xE7\xB4\xA2",
    "\xE7\x8B\x97",
    "\xE9\x9B\x86",
    "\xE6\x9F\xA5",
    "\xE6\x8D\x95",
    "\xE5\xAF\xBB",
    "\xE7\xB4\xA2\xE5\xBC\x95\xE6\x93\x8E",
};

static const char* const t1128[] = {
    "\xE7\xAC\x91",
    "\xE5\xA5\xBD",
};

static const char* const t1129[] = {
    "\xE8\xBF\x90",
    "\xE8\xBF\x81",
    "\xE5\x87\xBA",
    "\xE5\xAE\xB6",
};

static const char* const t1130[] = {
    "\xE9\x85\x8D",
    "\xE8\xBD\xBD",
    "\xE5\xBB\xBA",
};

static const char* const t1131[] = {
    "\xE5\xB8\xA6",
    "\xE6\x89\x8B",
};

static const char* const t1132[] = {
    "\xE5\xBD\xB1",
    "\xE6\x94\xBF\xE7\x8E\x8B",
    "\xE5\x85\xA5",
    "\xE6\xB0\x8F\xE5\xBA\xA6",
    "\xE6\xB0\x8F",
    "\xE5\x83\x8F\xE6\x9C\xBA",
    "\xE5\x8F\x96",
    "\xE6\x94\xBF",
};

static const char* const t1133[] = {
    "\xE8\x84\xB1",
    "\xE5\x9C\xA8",
    "\xE6\x89\x8B",
    "\xE5\x8A\xA8",
    "\xE6\x94\xBE",
    "\xE6\x91\x86",
    "\xE5\xB8\x83",
    "\xE8\xAE\xBE",
    "\xE5\xBC\x80",
};

static const char* const t1134[] = {
    "\xE5\xA4\xB4",
    "\xE6\x91\x87\xE5\xA4\xB4",
    "\xE6\x99\x83",
    "\xE6\x89\x8B",
    "\xE6\x91\x87\xE6\x99\x83\xE6\x99\x83",
    "\xE7\xAF\xAE",
    "\xE5\x8A\xA8",
};

static const char* const t1135[] = {
    "\xE5\xBC\x80",
    "\xE5\xAD\x90",
};

static const char* const t1136[] = {
    "\xE5\x80\x92",
    "\xE8\xB7\xA4",
};

static const char* const t1137[] = {
    "\xE8\xA6\x81",
};

static const char* const t1138[] = {
    "\xE6\xAF\x81",
    "\xE6\xAE\x8B",
};

static const char* const t1139[] = {
    "\xE6\x93\xA6",
    "\xE6\xB4\x9B\xE5\x93\xA5",
    "\xE6\x89\x98\xE8\xBD\xA6",
    "\xE5\xB0\x94",
};

static const char* const t1140[] = {
    "\xE7\xB4\xA2",
    "\xE9\x87\x91\xE6\xA0\xA1\xE5\xB0\x89",
    "\xE6\x91\xB8",
};

static const char* const t1141[] = {
    "\xE5\xBC\x80",
};

static const char* const t1142[] = {
    "\xE8\xB0\x8E",
    "\xE6\x8B\x89\xE6\x97\x8F",
    "\xE5\x93\x88\xE6\x8B\x89",
    "\xE6\x89\x8B",
};

static const char* const t1143[] = {
    "\xE4\xB8\x8B",
};

static const char* const t1144[] = {
    "\xE5\x87\xBB",
    "\xE8\xA7\x81",
};

static const char* const t1145[] = {
    "\xE9\x94\x80",
    "\xE9\x80\x80",
    "\xE5\x87\xBA",
    "\xE7\xA6\xBB",
    "\xE5\x86\x9B",
    "\xE5\x9B\x9E",
    "\xE8\xB5\xB0",
    "\xE8\x81\x8C",
};

static const char* const t1146[] = {
    "\xE6\xA3\x8D",
};

static const char* const t1147[] = {
    "\xE7\xA7\x8D",
    "\xE6\x94\xBE",
    "\xE5\x87\xBA",
};

static const char* const t1148[] = {
    "\xE5\x86\x99",
    "\xE6\x96\x87",
};

static const char* const t1149[] = {
    "\xE5\x8F\xB0",
    "\xE9\xBC\x93",
};

static const char* const t1150[] = {
    "\xE9\x95\xBF",
    "\xE8\x87\xAA",
};

static const char* const t1151[] = {
    "\xE4\xBD\x9C",
    "\xE7\xBA\xB5",
    "\xE4\xBD\x9C\xE7\xB3\xBB\xE7\xBB\x9F",
    "\xE7\xBB\x83",
    "\xE5\xBF\x83",
    "\xE5\x9C\xBA",
    "\xE6\x8C\x81",
};

static const char* const t1152[] = {
    "\xE6\x8B\xBF",
};

static const char* const t1153[] = {
    "\xE5\x8D\x87",
};

static const char* const t1154[] = {
    "\xE5\x8F\x96",
};

static const char* const t1155[] = {
    "\xE6\x8C\x81",
    "\xE4\xBB\x98",
    "\xE6\x8F\xB4",
    "\xE9\x85\x8D",
    "\xE6\x9F\xB1",
    "\xE6\x92\x91",
    "\xE5\x87\xBA",
    "\xE6\xB5\x81",
    "\xE9\x98\x9F",
    "\xE9\x83\xA8",
    "\xE8\xA1\x8C",
    "\xE4\xB9\xA6",
    "\xE6\xB0\x94\xE7\xAE\xA1",
    "\xE7\xBA\xBF",
    "\xE6\x9E\xB6",
    "\xE6\x8C\x81\xE8\x80\x85",
};

static const char* const t1156[] = {
    "\xE5\x85\xA5",
    "\xE8\xB4\xB9",
    "\xE6\x8B\xBE",
    "\xE8\xB4\xAD",
    "\xE5\x88\xB0",
    "\xE7\x9B\x8A",
    "\xE9\x9B\x86",
    "\xE5\x9B\x9E",
    "\xE8\x97\x8F",
    "\xE8\x8E\xB7",
    "\xE5\x8F\x96",
    "\xE5\xA4\x8D",
    "\xE7\xBC\xA9",
    "\xE6\x94\xAF",
    "\xE6\x95\x9B",
    "\xE5\xBD\x95",
    "\xE4\xB8\x8B",
    "\xE4\xB9\xB0",
    "\xE9\x9F\xB3\xE6\x9C\xBA",
    "\xE8\xB5\xB7",
    "\xE7\x9B\x98",
    "\xE8\x97\x8F\xE5\xAE\xB6",
    "\xE7\x95\x99",
};

static const char* const t1157[] = {
    "\xE5\x8E\xBF",
};

static const char* const t1158[] = {
    "\xE9\x9D\xA9",
    "\xE5\x8F\x98",
    "\xE5\x96\x84",
    "\xE4\xB8\xBA",
    "\xE9\x80\xA0",
    "\xE8\xBF\x9B",
    "\xE7\xA7\xB0",
    "\xE5\x90\x8D",
    "\xE5\xBB\xBA",
    "\xE8\xA3\x85",
    "\xE7\xBC\x96",
    "\xE7\xBB\x84",
    "\xE5\x88\xB6",
    "\xE8\x89\xAF",
    "\xE6\x88\x90",
    "\xE7\x94\xA8",
    "\xE6\xAD\xA3",
    "\xE8\xBF\x9B\xE5\x9E\x8B",
    "\xE5\x8A\xA8",
    "\xE8\xA3\x85\xE8\xBD\xA6",
    "\xE7\x94\xB1",
    "\xE8\xA7\x82",
    "\xE5\x86\x99",
    "\xE5\x85\x83",
    "\xE5\x9E\x8B",
};

static const char* const t1159[] = {
    "\xE5\x87\xBB",
    "\xE5\x85\xB3",
    "\xE5\x8D\xA0",
    "\xE5\x85\x8B",
    "\xE5\x8A\xBF",
    "\xE7\xA0\xB4",
    "\xE6\x89\x93",
    "\xE5\x85\xA5",
    "\xE8\xAF\xBB",
    "\xE9\x99\xB7",
    "\xE4\xB8\x8B",
    "\xE5\x9D\x9A",
    "\xE7\x95\xA5",
    "\xE5\x8F\x96",
    "\xE5\x87\xBB\xE6\x9C\xBA",
    "\xE5\xAE\x88",
};

static const char* const t1160[] = {
    "\xE5\x9C\xA8",
    "\xE5\xBF\x83",
    "\xE5\xBC\x83",
    "\xE6\x9D\xBE",
    "\xE5\x88\xB0",
    "\xE5\xBC\x80",
    "\xE5\x85\xA5",
    "\xE5\x87\xBA",
    "\xE5\xA4\xA7",
    "\xE4\xB8\x8B",
    "\xE5\xB0\x84\xE6\x80\xA7",
    "\xE5\xA3\xB0",
    "\xE6\x89\x8B",
    "\xE5\xB0\x84",
    "\xE8\xBF\x87",
    "\xE7\x81\xAB",
    "\xE7\xBD\xAE",
    "\xE7\x94\xB5",
    "\xE5\x85\xBB",
    "\xE7\xBA\xB5",
    "\xE5\xAE\xBD",
    "\xE6\x85\xA2",
    "\xE8\x82\x86",
    "\xE5\x9C\xA8\xE7\x9C\xBC\xE9\x87\x8C",
    "\xE7\x96\x97",
    "\xE8\xA1\x8C",
    "\xE7\x89\xA7",
    "\xE5\xB1\x81",
    "\xE9\x80\x90",
    "\xE6\xB5\x81",
    "\xE8\xBF\x9B",
    "\xE7\x9C\xBC",
    "\xE6\x98\xA0",
    "\xE5\xA4\xA7\xE5\x99\xA8",
};

static const char* const t1161[] = {
    "\xE6\xB2\xBB",
    "\xE5\xBA\x9C",
    "\xE4\xBD\x93",
    "\xE7\xAD\x96",
    "\xE6\x9D\x83",
    "\xE5\x8D\x8F",
    "\xE5\x85\x9A",
    "\xE6\xB2\xBB\xE9\x83\xA8",
    "\xE6\xB2\xBB\xE5\xAE\xB6",
    "\xE5\x8A\xA1",
    "\xE5\x8F\x98",
    "\xE5\xA7\x94",
    "\xE6\xB2\xBB\xE6\x9D\x83\xE5\x88\xA9",
    "\xE4\xBA\x8B",
    "\xE6\xB2\xBB\xE5\xB1\x80",
    "\xE6\xB2\xBB\xE5\xA7\x94\xE5\x91\x98",
    "\xE5\x88\xB6",
    "\xE5\xB1\x80",
    "\xE6\xB3\x95",
    "\xE5\xBA\x9C\xE9\x83\xA8\xE9\x97\xA8",
    "\xE6\xB2\xBB\xE5\xAD\xA6",
    "\xE5\x8C\xBA",
    "\xE7\xBB\xA9",
    "\xE5\xB7\xA5",
    "\xE6\xB2\xBB\xE7\xBB\x8F\xE6\xB5\x8E",
    "\xE5\xAE\xA2",
};

static const char* const t1162[] = {
    "\xE4\xBA\x8B",
    "\xE9\x81\x93",
    "\xE6\x84\x8F",
    "\xE9\x87\x8C",
    "\xE4\xB9\xA1",
    "\xE5\xAE\xAB",
    "\xE5\x9F\x8E",
    "\xE5\xB1\x85",
    "\xE9\x9A\x9C",
    "\xE4\xBA\xBA",
    "\xE4\xBA\x8B\xE7\x89\x87",
};

static const char* const t1163[] = {
    "\xE6\x9E\x9C",
    "\xE7\x8E\x87",
    "\xE7\x9B\x8A",
    "\xE5\xBA\x94",
    "\xE5\x8A\x9B",
    "\xE7\x94\xA8",
    "\xE8\x83\xBD",
    "\xE5\xBF\xA0",
};

static const char* const t1164[] = {
    "\xE4\xBA\xBA",
    "\xE5\x86\x9B",
    "\xE5\x90\x8E",
    "\xE6\x96\xB9",
    "\xE6\x89\x8B",
    "\xE5\xAF\xB9",
    "\xE6\x9C\xBA",
    "\xE6\x88\x91",
    "\xE6\x84\x8F",
    "\xE5\x9B\xBD",
};

static const char* const t1165[] = {
    "\xE6\x84\x9F",
    "\xE6\x8D\xB7",
    "\xE9\x94\x90",
};

static const char* const t1166[] = {
    "\xE5\x9B\xBD",
    "\xE6\x8F\xB4",
    "\xE6\xB5\x8E",
    "\xE4\xBA\xBA",
    "\xE5\x8A\xA9",
    "\xE5\x91\xBD",
    "\xE7\x81\xBE",
    "\xE5\x87\xBA",
    "\xE6\xB2\xBB",
    "\xE6\x8A\xA4",
    "\xE4\xBA\xA1\xE8\xBF\x90\xE5\x8A\xA8",
    "\xE5\x9B\xBD\xE5\x9B\xA2",
};

static const char* const t1167[] = {
    "\xE8\x82\xB2",
    "\xE6\x8E\x88",
    "\xE5\xB8\x88",
    "\xE5\xAD\xA6",
    "\xE4\xB8\xBB",
    "\xE8\xAE\xAD",
    "\xE7\xBB\x83",
    "\xE6\x9D\x90",
    "\xE5\xA0\x82",
    "\xE8\x82\xB2\xE9\x83\xA8",
    "\xE4\xBC\x9A",
    "\xE5\xAE\xA4",
    "\xE5\xBE\x92",
    "\xE5\xAF\xBC",
    "\xE4\xB9\x89",
    "\xE7\xA7\x91\xE4\xB9\xA6",
    "\xE7\x9A\x87",
    "\xE6\xB4\xBE",
    "\xE8\x82\xB2\xE5\x8E\x85",
    "\xE5\x8A\xA1",
    "\xE7\xBB\x83\xE6\x9C\xBA",
    "\xE4\xB9\xA6",
    "\xE6\xB3\x95",
    "\xE5\x91\x98",
    "\xE5\x85\xBB",
    "\xE5\xA3\xAB",
    "\xE8\xAF\xB2",
    "\xE4\xBC\x97",
    "\xE8\x82\xB2\xE5\xB1\x80",
    "\xE5\xAE\x98",
    "\xE5\xA4\xB4",
    "\xE5\xA7\x94",
};

static const char* const t1168[] = {
    "\xE5\xBC\x80",
};

static const char* const t1169[] = {
    "\xE4\xBA\x8E",
};

static const char* const t1170[] = {
    "\xE6\x96\x87",
    "\xE5\x8F\x91",
    "\xE5\xB8\x83",
    "\xE5\xB0\x84",
    "\xE6\xAD\xA5",
    "\xE8\xB4\xA7",
    "\xE5\xBC\x80",
    "\xE6\xB0\xB4",
    "\xE8\x90\xBD",
    "\xE4\xB9\xB1",
};

static const char* const t1171[] = {
    "\xE7\x85\x8C",
    "\xE4\xBF\x83",
};

static const char* const t1172[] = {
    "\xE9\x87\x8D",
    "\xE4\xB8\x9A",
    "\xE4\xBB\xB0",
    "\xE7\x95\x8F",
    "\xE6\x84\x8F",
    "\xE4\xBD\xA9",
    "\xE9\x85\x92",
};

static const char* const t1173[] = {
    "\xE9\x87\x8F",
    "\xE5\xAD\xA6",
    "\xE6\x8D\xAE",
    "\xE5\xAD\x97",
    "\xE7\x9B\xAE",
    "\xE5\xAD\xA6\xE5\xAE\xB6",
    "\xE9\xA2\x9D",
    "\xE7\xA0\x81",
    "\xE6\x97\xA5",
    "\xE5\xB9\xB4",
    "\xE6\xAC\xA1",
    "\xE6\x8D\xAE\xE5\xBA\x93",
    "\xE5\x8D\x81\xE5\xB9\xB4",
    "\xE5\x8D\x81",
    "\xE5\x80\xBC",
    "\xE4\xB8\x87",
    "\xE5\x8D\x83",
    "\xE7\x99\xBE",
    "\xE4\xB8\x88",
    "\xE6\x9C\x88",
    "\xE5\x8D\x81\xE4\xB8\xAA",
    "\xE5\xAD\x97\xE5\x8C\x96",
    "\xE7\x90\x86",
    "\xE9\x87\x8C",
    "\xE7\xBB\x84",
    "\xE6\x8B\x9B",
    "\xE5\x8D\x83\xE5\xB9\xB4",
    "\xE5\x8D\x81\xE4\xB8\x87",
    "\xE7\x99\xBE\xE5\xB9\xB4",
    "\xE6\xAD\xA5",
};

static const char* const t1174[] = {
    "\xE9\x97\xA8",
};

static const char* const t1175[] = {
    "\xE4\xB8\xAA",
    "\xE4\xBD\x93",
    "\xE9\xA1\xBF",
    "\xE7\x90\x86",
    "\xE6\x95\xB4",
    "\xE9\xBD\x90",
    "\xE5\x90\x88",
    "\xE5\xA4\xA9",
    "\xE6\xB2\xBB",
    "\xE4\xBF\xAE",
    "\xE6\x95\xB0",
    "\xE8\xBD\xA6",
    "\xE9\xA3\x8E\xE8\xBF\x90\xE5\x8A\xA8",
    "\xE9\xA3\x8E",
    "\xE6\x97\xA5",
    "\xE6\xB4\x81",
};

static const char* const t1176[] = {
    "\xE8\xA1\x8D",
};

static const char* const t1177[] = {
    "\xE5\x8C\x96",
    "\xE5\xAD\xA6",
    "\xE7\xAB\xA0",
    "\xE6\x98\x8E",
    "\xE7\x89\xA9",
    "\xE5\xAD\x97",
    "\xE4\xBB\xB6",
    "\xE8\x89\xBA",
    "\xE5\xBA\x93",
    "\xE7\x8C\xAE",
    "\xE6\xAD\xA6",
    "\xE4\xB9\xA6",
    "\xE7\x90\x86\xE5\xAD\xA6\xE9\x99\xA2",
    "\xE5\x8D\x8E",
    "\xE4\xBA\xBA",
    "\xE9\x9B\x86",
    "\xE6\xAD\xA6\xE7\x99\xBE\xE5\xAE\x98",
    "\xE9\x9D\xA9",
    "\xE5\xAE\x98",
    "\xE8\xB4\xA3\xE8\x87\xAA\xE8\xB4\x9F",
    "\xE7\xA7\x91",
    "\xE5\x8C\x96\xE8\xB7\xAF",
    "\xE6\x95\x99",
    "\xE5\x87\xAD",
    "\xE4\xBD\x93",
    "\xE8\x89\xBA\xE5\xA4\x8D\xE5\x85\xB4",
    "\xE5\x8C\x96\xE5\x8F\xB2",
    "\xE6\xB3\xB0\xE6\x9D\xA5",
    "\xE4\xB8\xAD",
    "\xE6\x9C\xAC",
    "\xE6\xB8\x8A\xE9\x98\x81",
    "\xE6\x98\x8C",
    "\xE5\xAD\xA6\xE5\x8F\xB2",
    "\xE5\x8C\x96\xE6\x95\x99\xE8\x82\xB2",
    "\xE5\x9D\x9B",
    "\xE5\x8C\x96\xE9\x83\xA8",
    "\xE5\x8F\xB2",
    "\xE5\x8C\x96\xE5\xB1\x82",
    "\xE8\x81\x8C",
    "\xE5\xB7\xA5\xE5\x9B\xA2",
    "\xE5\xAD\xA6\xE5\xAE\xB6",
    "\xE6\x95\x99\xE5\x8D\xAB\xE7\x94\x9F",
    "\xE6\xB1\x87",
    "\xE6\x98\x8C\xE5\xB8\x82",
    "\xE5\xB3\xB0",
    "\xE4\xB8\x9C\xE6\xAD\xA6",
    "\xE9\x80\x89",
    "\xE8\x87\xA3",
    "\xE5\xB8\x9D",
    "\xE5\xBB\xB7\xE5\xBC\x8F",
    "\xE8\x81\x94",
    "\xE7\x9B\xB2",
    "\xE5\x8C\x96\xE5\xB1\x80",
};

static const char* const t1178[] = {
    "\xE6\x88\x92",
};

static const char* const t1179[] = {
    "\xE7\xAB\xB9",
    "\xE6\x96\x91",
    "\xE7\x82\xB9",
};

static const char* const t1180[] = {
    "\xE4\xBA\x89",
    "\xE6\x8B\xB1",
    "\xE5\xBF\x97",
};

static const char* const t1181[] = {
    "\xE5\x88\xB0",
    "\xE6\x83\xB3",
    "\xE7\x90\x86",
};

static const char* const t1182[] = {
    "\xE7\x9C\xBC",
    "\xE5\x9D\xA1",
};

static const char* const t1183[] = {
    "\xE9\x85\x8C",
};

static const char* const t1184[] = {
    "\xE8\xB4\xA3",
};

static const char* const t1185[] = {
    "\xE9\xA6\x96",
    "\xE6\x96\xAD",
};

static const char* const t1186[] = {
    "\xE8\xA3\x82",
    "\xE5\xAE\x9A",
    "\xE5\xB1\x82",
    "\xE7\xBB\x9D",
    "\xE7\x84\xB6",
    "\xE6\x96\xAD\xE7\xBB\xAD\xE7\xBB\xAD",
    "\xE4\xBB\xA3",
    "\xE8\xA8\x80",
};

static const char* const t1187[] = {
    "\xE5\xB7\xB4\xE8\xBE\xBE",
    "\xE5\xA4\xA7\xE6\x9E\x97",
    "\xE6\x8B\x89\xE5\xA4\xAB",
    "\xE5\xAF\x86",
    "\xE9\x87\x8C\xE5\x85\xB0\xE5\x8D\xA1",
    "\xE6\xB4\x9B\xE4\xBC\x90\xE5\x85\x8B",
    "\xE6\x96\x87",
};

static const char* const t1188[] = {
    "\xE9\x97\xBB",
    "\xE5\x8D\x8E\xE7\xA4\xBE",
    "\xE5\x9E\x8B",
    "\xE7\x96\x86",
    "\xE9\xB2\x9C",
    "\xE5\x8A\xA0\xE5\x9D\xA1",
    "\xE7\x94\x9F",
    "\xE6\x9C\x88",
    "\xE5\x85\xB4",
    "\xE5\xA2\x9E",
    "\xE5\x8D\x8E\xE7\xBD\x91",
    "\xE5\xBB\xBA",
    "\xE6\xB8\xAF",
    "\xE5\x9F\x8E",
    "\xE7\x9F\xB3\xE5\x99\xA8",
    "\xE5\x8D\x8E\xE9\x97\xA8",
    "\xE4\xBA\xBA",
    "\xE9\xAB\x98",
    "\xE5\xA8\x98",
    "\xE6\xB5\xAA",
    "\xE8\xA5\xBF\xE5\x85\xB0",
    "\xE9\xA3\x8E",
    "\xE6\xB2\xB3",
    "\xE5\xB9\xB4",
    "\xE7\xBA\xAA\xE5\x85\x83",
    "\xE5\x8D\x8E",
    "\xE5\xBC\x8F",
    "\xE5\x9B\x9B\xE5\x86\x9B",
    "\xE5\xA0\xA4",
    "\xE4\xB8\x96\xE7\xBA\xAA",
    "\xE9\x97\xBB\xE5\x8F\xB8",
    "\xE6\x95\x99",
    "\xE9\x83\x8E",
    "\xE5\xA9\x9A",
    "\xE6\x94\xBF",
    "\xE7\x89\x88",
    "\xE6\x9D\x91",
    "\xE7\xA7\x91\xE7\x8A\xB6\xE5\x85\x83",
    "\xE9\x97\xBB\xE7\x95\x8C",
    "\xE8\x8D\xAF",
    "\xE4\xBB\xBB",
    "\xE9\x97\xBB\xE7\xBD\x91",
    "\xE9\xA2\x96",
    "\xE8\xB7\xAF",
    "\xE8\xBF\x91",
    "\xE6\x98\xA5",
    "\xE6\xA1\xA5",
    "\xE5\x85\xB5",
    "\xE9\x99\x88\xE4\xBB\xA3\xE8\xB0\xA2",
    "\xE5\xA9\x9A\xE7\x87\x95\xE5\xB0\x94",
    "\xE5\xAD\x97",
    "\xE6\xB4\xB2",
    "\xE5\xA5\x87",
    "\xE9\xA2\x9C",
    "\xE6\xB2\x99",
    "\xE6\xB4\xB2\xE5\x8C\xBA",
    "\xE5\xBC\x80\xE9\x93\xBA",
    "\xE6\xB1\x9F",
    "\xE7\x94\x9F\xE5\x84\xBF",
    "\xE7\xBC\x96",
    "\xE6\x88\xBF",
    "\xE5\x86\x9B",
    "\xE7\x94\x9F\xE4\xBB\xA3",
    "\xE6\x97\xA7",
};

static const char* const t1189[] = {
    "\xE9\x9D\xA2",
    "\xE6\xB3\x95",
    "\xE5\xBC\x8F",
    "\xE5\x90\x91",
    "\xE6\xA1\x88",
    "\xE9\x92\x88",
    "\xE4\xBE\xBF",
    "\xE8\xA8\x80",
    "\xE6\x89\x8D",
    "\xE7\xA8\x8B",
    "\xE4\xB8\x88",
    "\xE4\xBD\x8D",
    "\xE5\xBD\xA2",
    "\xE7\x95\xA5",
    "\xE5\x8F\xAF",
    "\xE8\xA7\xA3\xE7\x9F\xB3",
    "\xE4\xBB\xA5\xE6\x99\xBA",
    "\xE5\x9F\x8E",
    "\xE5\x9C\x86",
    "\xE9\x9D\xA2\xE5\x86\x9B",
    "\xE5\xB0\x8F\xE9\xA1\xBF",
    "\xE6\x9D\x8E\xE9\x82\xA6",
    "\xE6\xB3\x95\xE8\xAE\xBA",
    "\xE5\xA7\x8B",
};

static const char* const t1190[] = {
    "\xE5\xB7\xA5",
    "\xE8\xA1\x8C",
    "\xE5\xB1\x95",
    "\xE4\xB8\xBB",
    "\xE5\x8A\xA0",
    "\xE7\x90\x85",
    "\xE6\x94\xBF",
    "\xE7\x94\xA8\xE9\x87\x8F",
    "\xE7\xA4\xBC",
};

static const char* const t1191[] = {
    "\xE8\xBE\xB9",
    "\xE4\xBA\xBA",
    "\xE5\x90\xAC",
    "\xE8\xA7\x82",
};

static const char* const t1192[] = {
    "\xE6\xB8\xB8",
    "\xE8\xA1\x8C\xE7\xA4\xBE",
    "\xE6\xB8\xB8\xE5\x8C\xBA",
    "\xE5\xAE\xA2",
    "\xE6\xB8\xB8\xE4\xB8\x9A",
    "\xE8\xA1\x8C",
    "\xE6\xB8\xB8\xE5\xB1\x80",
    "\xE9\xA6\x86",
    "\xE5\xBA\x97",
    "\xE6\xB8\xB8\xE8\x80\x85",
    "\xE9\x80\x94",
    "\xE6\xB8\xB8\xE8\x83\x9C\xE5\x9C\xB0",
    "\xE8\xA1\x8C\xE5\xAE\xB6",
};

static const char* const t1193[] = {
    "\xE8\xBD\xAC",
    "\xE5\xBE\x8B",
    "\xE9\xA3\x8E",
    "\xE6\xB6\xA1",
};

static const char* const t1194[] = {
    "\xE6\x97\x97",
};

static const char* const t1195[] = {
    "\xE4\xBA\xBA",
    "\xE9\x95\xBF",
};

static const char* const t1196[] = {
    "\xE5\xB8\x9C",
    "\xE4\xB8\x8B",
    "\xE5\x8F\xB7",
    "\xE6\x9D\x86",
    "\xE8\xA2\x8D",
    "\xE5\xAD\x90",
    "\xE8\x88\xB0",
};

static const char* const t1197[] = {
    "\xE6\xB3\x95",
    "\xE8\xAE\xBA",
    "\xE4\xBA\xBA",
    "\xE4\xB8\x8D",
    "\xE6\x95\xB0",
    "\xE4\xBA\xA7\xE9\x98\xB6\xE7\xBA\xA7",
    "\xE7\x96\x91",
    "\xE6\xAF\x94",
    "\xE9\x99\x90",
    "\xE5\xA5\x88",
    "\xE8\xAE\xBA\xE5\xA6\x82\xE4\xBD\x95",
    "\xE5\x8A\x9B",
    "\xE7\xBA\xBF\xE7\x94\xB5",
    "\xE5\xA3\xB0",
    "\xE6\x84\x8F",
    "\xE9\x9D\x9E",
    "\xE5\x85\xB3",
    "\xE8\x89\xB2",
    "\xE5\x8F\xAF",
    "\xE7\xA9\xB7",
    "\xE9\x9C\x9C\xE6\x9C\x9F",
    "\xE7\xBA\xBF",
    "\xE5\x8F\xAF\xE5\xA5\x88\xE4\xBD\x95",
    "\xE5\x81\xBF",
    "\xE4\xBB\x8E",
    "\xE5\xA4\x84",
    "\xE6\x95\x88",
    "\xE9\xA1\xBB",
    "\xE8\xBE\x9C",
    "\xE5\xBC\x82",
    "\xE8\xAE\xB0\xE5\x90\x8D",
    "\xE5\xBD\xA2",
    "\xE8\x83\xBD",
    "\xE8\x81\x8A",
    "\xE8\x80\xBB",
    "\xE4\xBA\xBA\xE6\x9C\xBA",
    "\xE4\xBB\xA5",
    "\xE7\x9F\xA5",
    "\xE5\xB0\x98",
    "\xE9\x94\xA1",
    "\xE6\x83\x85",
    "\xE7\x94\xA8",
    "\xE9\x9C\x80",
    "\xE8\xBE\xB9",
    "\xE5\xBF\x83",
    "\xE9\x87\x8F",
    "\xE6\x89\x80\xE8\xB0\x93",
    "\xE8\xAE\xBA\xE6\x98\xAF",
    "\xE7\xA4\xBC",
    "\xE7\xBC\x98",
    "\xE8\xB5\x96",
    "\xE6\x95\xB0\xE6\xAC\xA1",
    "\xE6\x9C\xBA",
    "\xE8\xA8\x80",
    "\xE5\xB8\xB8",
    "\xE7\x9B\x8A",
    "\xE7\x90\x86",
    "\xE5\xBD\xB1\xE6\x97\xA0\xE8\xB8\xAA",
    "\xE5\x90\x8D",
    "\xE5\xB0\xBD",
    "\xE8\x83\xBD\xE4\xB8\xBA\xE5\x8A\x9B",
    "\xE6\x9D\xA1\xE4\xBB\xB6",
    "\xE6\x9A\x87",
    "\xE6\x9D\x83",
    "\xE6\x95\x8C",
    "\xE7\x95\x8F",
    "\xE4\xB8\x8E\xE4\xBC\xA6\xE6\xAF\x94",
    "\xE7\xA7\x81",
    "\xE4\xB8\xBA",
    "\xE5\xBC\x82\xE4\xBA\x8E",
    "\xE7\xBD\xAA",
    "\xE6\x9C\x9B",
    "\xE6\xB5\x8E\xE4\xBA\x8E\xE4\xBA\x8B",
    "\xE5\xBF\xA7",
};

static const char* const t1198[] = {
    "\xE7\x84\xB6",
    "\xE6\x9C\x89",
    "\xE5\xAE\x9A",
    "\xE7\x84\xB6\xE5\xA6\x82\xE6\xAD\xA4",
};

static const char* const t1199[] = {
    "\xE6\x9C\xAC",
    "\xE5\xAD\x90",
    "\xE5\xB8\xB8",
    "\xE6\x9C\x9F",
    "\xE5\x86\x9B",
    "\xE7\x9B\x8A",
    "\xE5\x89\x8D",
    "\xE6\x9C\x88",
    "\xE5\x90\x8E",
    "\xE6\x8A\xA5",
    "\xE5\x8E\x86",
    "\xE5\xBF\x97",
    "\xE8\xB6\x8B",
    "\xE5\xA4\x9C",
    "\xE6\xB8\x90",
    "\xE8\xAE\xB0",
    "\xE7\x85\xA7",
    "\xE5\x85\x83",
    "\xE7\x94\xA8",
    "\xE6\x96\xB9",
    "\xE5\x86\x85\xE7\x93\xA6",
    "\xE5\x87\xBA",
    "\xE6\x9C\xAC\xE6\x94\xBF\xE5\xBA\x9C",
    "\xE7\xA8\x8B",
    "\xE5\x85\x89",
    "\xE6\x9C\xAC\xE5\x9B\xBD\xE4\xBC\x9A",
    "\xE8\x90\xBD",
    "\xE8\xAF\xAD",
    "\xE5\xAF\x87",
    "\xE6\x97\xA5",
    "\xE8\x80\xB3\xE6\x9B\xBC",
};

static const char* const t1200[] = {
    "\xE5\x9D\x80",
    "\xE5\x88\xB6",
    "\xE9\x97\xBB",
    "\xE5\x9F\x8E",
    "\xE7\xA4\xBE\xE4\xBC\x9A",
    "\xE9\x87\x91\xE5\xB1\xB1",
};

static const char* const t1201[] = {
    "\xE5\x9C\xA8",
    "\xE6\x84\x8F",
};

static const char* const t1202[] = {
    "\xE5\xB7\xB2",
    "\xE6\x9C\x9F",
    "\xE5\xB0\xB1",
    "\xE6\x99\xA8",
    "\xE4\xB8\x8A",
    "\xE5\xB9\xB4",
    "\xE6\x99\x9A",
    "\xE6\x97\xA5",
    "\xE6\x97\xA9",
    "\xE7\x9F\xA5",
    "\xE7\x82\xB9",
    "\xE9\xA4\x90",
    "\xE9\xA5\xAD",
    "\xE4\xBA\x9B",
};

static const char* const t1203[] = {
    "\xE9\x97\xB4",
    "\xE5\x80\x99",
    "\xE6\x9C\x9F",
    "\xE4\xBB\xA3",
    "\xE5\x88\xBB",
    "\xE6\x9C\xBA",
    "\xE8\xBE\xB0",
    "\xE5\x88\x86",
    "\xE5\xB0\x9A",
    "\xE6\x8A\xA5",
    "\xE5\xB8\xB8",
    "\xE5\x85\x89",
    "\xE6\x97\xB6",
    "\xE8\xAF\xB4",
    "\xE8\x80\x8C",
    "\xE8\x8A\x82",
    "\xE4\xBB\xBB",
    "\xE7\xA9\xBA",
    "\xE6\x97\xA5",
    "\xE6\x95\xB0",
    "\xE9\x80\x9F",
    "\xE4\xBA\xBA",
    "\xE9\xAB\xA6",
    "\xE4\xB8\x8D\xE6\x97\xB6",
    "\xE4\xBC\x9A",
    "\xE8\xA3\x85",
    "\xE9\x9A\x94",
    "\xE8\x87\xB3\xE4\xBB\x8A\xE6\x97\xA5",
};

static const char* const t1204[] = {
    "\xE9\x87\x8E",
};

static const char* const t1205[] = {
    "\xE7\x9B\x9B",
};

static const char* const t1206[] = {
    "\xE8\xB4\xB5",
};

static const char* const t1207[] = {
    "\xE6\x98\x8E",
    "\xE8\x99\xAB",
    "\xE4\xBB\x91",
    "\xE4\xBB\x91\xE5\xB1\xB1",
};

static const char* const t1208[] = {
    "\xE7\x99\xBD",
    "\xE6\x98\xBE",
    "\xE7\xA1\xAE",
    "\xE4\xBB\xA3",
    "\xE6\x9C\x9D",
    "\xE6\xB8\x85",
    "\xE5\xA4\xA9",
    "\xE6\x98\x9F",
    "\xE6\x97\xA5",
    "\xE6\xB0\xB8\xE4\xB9\x90",
    "\xE6\x98\x8E",
    "\xE5\xB9\xB4",
    "\xE7\x9F\xA5",
    "\xE6\x88\x90\xE7\xA5\x96",
    "\xE4\xBA\xAE",
    "\xE6\x9C\xAB",
    "\xE7\x8F\xA0",
    "\xE6\x95\x99",
    "\xE6\xB4\xAA\xE6\xAD\xA6",
    "\xE4\xB8\x96\xE5\xAE\x97",
    "\xE5\x84\xBF",
    "\xE6\x9C\xAB\xE6\xB8\x85\xE5\x88\x9D",
    "\xE7\x8E\x8B\xE6\x9C\x9D",
    "\xE5\x8F\xB2",
    "\xE6\x9C\x88",
    "\xE6\x99\xBA",
    "\xE5\xA4\xAA\xE7\xA5\x96",
    "\xE6\x9C\x97",
    "\xE6\x96\x87",
    "\xE5\x99\xA8",
    "\xE7\x8E\x89\xE7\x8F\x8D",
    "\xE5\xA4\xAA\xE5\xAD\x90\xE5\xA4\xAA",
    "\xE6\x96\x87\xE7\xA6\x81",
    "\xE6\xAD\xA6\xE8\x8B\xB1",
    "\xE7\xA4\xBC\xE9\x83\xA8",
    "\xE6\x98\x8E\xE7\x99\xBD\xE7\x99\xBD",
    "\xE6\x99\x83\xE6\x99\x83",
};

static const char* const t1209[] = {
    "\xE8\xBF\xB7",
    "\xE6\x9A\x97",
};

static const char* const t1210[] = {
    "\xE4\xBA\x8E",
    "\xE8\xB4\xA4\xE5\xBF\xA0",
    "\xE7\xBB\x8F",
};

static const char* const t1211[] = {
    "\xE6\x97\xA5",
};

static const char* const t1212[] = {
    "\xE6\x9C\x9F",
    "\xE7\x81\xAB\xE8\xAE\xA1\xE5\x88\x92",
    "\xE7\xB3\xBB",
    "\xE4\xBA\x91",
    "\xE5\xAE\xBF",
    "\xE7\xBA\xA7",
    "\xE7\x90\x83",
    "\xE5\x85\x89",
    "\xE6\x98\x9F",
    "\xE7\x81\xAB",
    "\xE6\x9C\x9F\xE5\xA4\xA9",
    "\xE5\xA4\x9C",
    "\xE9\x99\x85",
    "\xE5\xBA\xA7",
    "\xE7\xBD\x97\xE6\xA3\x8B\xE5\xB8\x83",
    "\xE6\x9C\x9F\xE5\x85\xAD",
    "\xE5\x9B\xA2",
};

static const char* const t1213[] = {
    "\xE7\x85\xA7",
};

static const char* const t1214[] = {
    "\xE7\xA7\x8B",
    "\xE5\xA4\xA9",
    "\xE8\x8A\x82",
    "\xE5\xAD\xA3",
    "\xE9\xA3\x8E",
    "\xE6\xB8\xB8",
    "\xE4\xB9\x89",
};

static const char* const t1215[] = {
    "\xE5\xA4\xA9",
    "\xE6\x97\xA5",
    "\xE6\x99\x9A",
    "\xE5\xA4\x9C",
    "\xE5\x84\xBF",
};

static const char* const t1216[] = {
    "\xE5\x90\x9B",
};

static const char* const t1217[] = {
    "\xE5\x90\xA6",
    "\xE4\xB8\x8D\xE6\x98\xAF",
    "\xE4\xBB\x8E",
    "\xE9\x9D\x9E",
    "\xE5\x9B\xA0\xE4\xB8\xBA",
};

static const char* const t1218[] = {
    "\xE5\xA4\x9C",
};

static const char* const t1219[] = {
    "\xE7\xA4\xBA",
    "\xE7\x84\xB6",
    "\xE5\xBE\x97",
    "\xE8\x91\x97",
    "\xE8\xB5\xAB",
    "\xE7\xA4\xBA\xE5\x99\xA8",
    "\xE5\x87\xBA",
    "\xE9\x9C\xB2",
    "\xE7\x8E\xB0",
    "\xE8\x80\x8C\xE6\x98\x93\xE8\xA7\x81",
    "\xE5\xBE\xAE\xE9\x95\x9C",
    "\xE8\xA7\x81",
};

static const char* const t1220[] = {
    "\xE5\x8A\xA8",
};

static const char* const t1221[] = {
    "\xE5\x8D\x87",
    "\xE4\xBB\xA3",
    "\xE7\xBA\xA7",
};

static const char* const t1222[] = {
    "\xE5\xA4\xAA\xE9\x98\xB3",
};

static const char* const t1223[] = {
    "\xE5\xBE\x97",
};

static const char* const t1224[] = {
    "\xE5\x80\x92",
};

static const char* const t1225[] = {
    "\xE4\xB8\x8A",
    "\xE6\x9C\x9F",
    "\xE5\xB9\xB4",
    "\xE4\xBC\x9A",
    "\xE9\xA5\xAD",
    "\xE8\xBE\x88",
    "\xE6\xB8\x85",
    "\xE6\x8A\xA5",
    "\xE9\xA4\x90",
    "\xE9\x97\xB4",
};

static const char* const t1226[] = {
    "\xE6\xB0\x94",
};

static const char* const t1227[] = {
    "\xE6\x8A\xA5",
};

static const char* const t1228[] = {
    "\xE9\x80\x9A",
    "\xE9\x81\x8D",
    "\xE6\x9F\xA5",
    "\xE5\x8F\x8A",
    "\xE9\xB2\x81\xE5\xA3\xAB",
    "\xE6\xB3\x95",
    "\xE9\x80\x9A\xE4\xBA\xBA",
    "\xE9\x80\x9A\xE8\xAF\x9D",
    "\xE5\x9C\xA3\xE5\xAF\xBA",
    "\xE6\x99\xAE\xE9\x80\x9A\xE9\x80\x9A",
    "\xE9\x81\x8D\xE6\x80\xA7",
};

static const char* const t1229[] = {
    "\xE7\x82\xB9",
    "\xE8\xA7\x82",
    "\xE5\x8C\xBA",
    "\xE8\xB1\xA1",
    "\xE8\x89\xB2",
    "\xE7\x89\xA9",
    "\xE8\x87\xB4",
    "\xE5\xB1\xB1",
};

static const char* const t1230[] = {
    "\xE9\x9B\xAF",
    "\xE5\xA4\xA9",
};

static const char* const t1231[] = {
    "\xE4\xBD\x93",
    "\xE7\x9F\xB3",
    "\xE4\xBD\x93\xE7\xAE\xA1",
    "\xE8\x8E\xB9",
};

static const char* const t1232[] = {
    "\xE6\x85\xA7",
    "\xE5\x8A\x9B",
    "\xE8\x83\xBD",
    "\xE5\x88\xA9",
    "\xE5\x95\x86",
};

static const char* const t1233[] = {
    "\xE6\x97\xB6",
    "\xE5\x81\x9C",
    "\xE4\xB8\x94",
    "\xE8\xA1\x8C",
};

static const char* const t1234[] = {
    "\xE5\x81\x87",
};

static const char* const t1235[] = {
    "\xE6\xB5\x81",
    "\xE5\x92\x8C",
    "\xE6\x9A\x96\xE7\x9A\x84",
};

static const char* const t1236[] = {
    "\xE6\x9A\x97",
    "\xE4\xB8\xAD",
    "\xE5\x99\xA8",
    "\xE7\xA4\xBA",
    "\xE8\x87\xAA",
    "\xE6\x83\xB3",
    "\xE7\xAE\x97",
    "\xE9\x81\x93",
    "\xE6\x9D\x80",
    "\xE6\xB7\xA1",
    "\xE8\x97\x8F",
};

static const char* const t1237[] = {
    "\xE8\x89\xB2",
};

static const char* const t1238[] = {
    "\xE9\x9C\xB2",
    "\xE5\x8A\x9B",
    "\xE5\x8A\xA8",
    "\xE9\x9B\xA8",
    "\xE8\xA1\x8C",
    "\xE5\xBE\x92",
    "\xE8\xBA\x81",
};

static const char* const t1239[] = {
    "\xE5\x85\x89",
};

static const char* const t1240[] = {
    "\xE5\x85\x89",
};

static const char* const t1241[] = {
    "\xE6\x8A\x98",
    "\xE7\xBA\xBF",
    "\xE8\xB0\x83",
    "\xE5\xAD\x90",
    "\xE9\x85\x92",
    "\xE9\x9D\xA2",
    "\xE8\x89\xBA",
    "\xE7\x9B\xAE",
};

static const char* const t1242[] = {
    "\xE5\x8A\xA0",
    "\xE6\x98\xAF",
    "\xE6\x96\xB0",
    "\xE4\xB8\xBA",
    "\xE5\xA5\xBD",
    "\xE5\x90\x8D",
    "\xE6\x8D\xA2",
    "\xE4\xBD\x95\xE5\x86\xB5",
    "\xE6\x94\xB9",
    "\xE8\xBF\xAD",
    "\xE6\xB7\xB1",
    "\xE6\x9B\xBF",
    "\xE5\x85\xB7",
};

static const char* const t1243[] = {
    "\xE6\x93\x8D",
    "\xE6\xB1\x9D\xE9\x9C\x96",
    "\xE7\xA6\xBA",
    "\xE5\x8C\x96\xE6\xB7\xB3",
    "\xE7\x87\x95\xE7\x8F\x8D",
    "\xE4\xB8\x95",
    "\xE4\xBA\x91\xE5\xA5\x87",
};

static const char* const t1244[] = {
    "\xE8\xB0\xB7",
    "\xE8\x81\x94",
};

static const char* const t1245[] = {
    "\xE7\xBB\x8F",
    "\xE6\x80\x9D\xE7\x8E\x89",
    "\xE5\xAE\xAA\xE6\xA2\x93",
    "\xE4\xB8\xBA\xE6\xA5\x9A",
    "\xE4\xBB\xA4\xE8\x89\xAF",
    "\xE5\xAD\x90\xE5\xA2\xA8",
    "\xE9\x83\xBD\xE5\x8C\xBA",
    "\xE5\x9B\xBD\xE8\x97\xA9",
};

static const char* const t1246[] = {
    "\xE4\xBB\xA3",
    "\xE6\x8D\xA2",
    "\xE8\xA1\xA5",
};

static const char* const t1247[] = {
    "\xE5\x90\x8E",
    "\xE5\xA4\xA7",
    "\xE9\xAB\x98",
    "\xE7\xBB\x88",
    "\xE8\xBF\x91",
    "\xE6\x97\xA9",
    "\xE4\xBD\xB3",
    "\xE5\x88\x9D",
    "\xE4\xB8\xBA",
    "\xE6\x96\xB0",
    "\xE4\xBD\x8E",
    "\xE5\xB0\x8F",
    "\xE9\x95\xBF",
    "\xE5\xA5\xBD",
    "\xE9\xAB\x98\xE5\xB3\xB0",
    "\xE5\x85\x88",
    "\xE6\xB7\xB1",
    "\xE5\xBF\xAB",
    "\xE5\xB0\x91",
    "\xE5\xBC\xBA",
    "\xE5\x90\x8E\xE9\x80\x9A\xE7\x89\x92",
    "\xE9\xAB\x98\xE7\x82\xB9",
    "\xE9\x87\x8D",
    "\xE7\xBE\x8E",
};

static const char* const t1248[] = {
    "\xE4\xBB\xBD",
    "\xE4\xBA\xAE",
    "\xE5\x85\x89",
    "\xE7\x90\x83",
    "\xE7\xBB\x8F",
    "\xE5\xBA\x95",
    "\xE5\x88\x9D",
    "\xE8\x96\xAA",
    "\xE5\x9D\x87",
    "\xE5\x88\x8A",
    "\xE6\xB9\x96",
    "\xE5\xAD\xA3",
    "\xE8\x89\xB2",
};

static const char* const t1249[] = {
    "\xE5\x85\xB3",
    "\xE4\xBA\x9B",
    "\xE4\xBA\xBA",
    "\xE6\x95\x88",
    "\xE6\x97\xB6",
    "\xE9\x99\x90\xE5\x85\xAC\xE5\x8F\xB8",
    "\xE6\x89\x80",
    "\xE7\x82\xB9",
    "\xE7\x9D\x80",
    "\xE5\x88\xA9\xE4\xBA\x8E",
    "\xE9\x99\x90",
    "\xE5\x8A\x9B",
    "\xE6\xB2\xA1\xE6\x9C\x89",
    "\xE6\x9C\xBA",
    "\xE6\x9D\x83",
    "\xE5\x88\xA9",
    "\xE8\xB6\xA3",
    "\xE7\x9B\x8A",
    "\xE5\x8A\xA9\xE4\xBA\x8E",
    "\xE6\x84\x8F",
    "\xE5\x90\x8D",
    "\xE6\x97\xB6\xE5\x80\x99",
    "\xE5\xAE\xB3",
    "\xE5\xA6\x82",
    "\xE7\x9A\x84\xE6\x98\xAF",
    "\xE6\x9C\x9B",
    "\xE7\x94\xA8",
    "\xE6\x97\xA0",
    "\xE9\x99\x90\xE8\xB4\xA3\xE4\xBB\xBB",
    "\xE9\x92\xB1",
    "\xE4\xBD\x99",
    "\xE6\xAF\x92",
    "\xE6\x89\x80\xE4\xB8\x8D\xE5\x90\x8C",
    "\xE7\x9B\x8A\xE4\xBA\x8E",
    "\xE5\xBA\x8F",
    "\xE8\x89\xB2\xE9\x87\x91\xE5\xB1\x9E",
    "\xE5\xBE\x85",
    "\xE7\x82\xB9\xE5\x84\xBF",
    "\xE4\xBA\x8B",
    "\xE7\x90\x86",
    "\xE5\x8A\x9F",
    "\xE6\x84\x8F\xE6\x80\x9D",
    "\xE5\xA4\xB1",
    "\xE5\xBF\x83",
    "\xE7\x94\x9F",
    "\xE6\x95\xB0",
    "\xE7\xBD\xAA",
    "\xE5\x88\xAB",
    "\xE9\x92\xB1\xE6\x9C\x89\xE5\x8A\xBF",
    "\xE6\x9C\xBA\xE7\x89\xA9",
    "\xE5\x8F\xB2\xE4\xBB\xA5\xE6\x9D\xA5",
    "\xE8\x89\xB2",
    "\xE5\xB9\xB8",
    "\xE6\x89\x80\xE4\xBD\x9C\xE4\xB8\xBA",
    "\xE6\x84\x8F\xE8\xAF\x86",
    "\xE8\xB5\x96\xE4\xBA\x8E",
    "\xE6\x9C\x9F\xE5\xBE\x92\xE5\x88\x91",
    "\xE6\x95\x88\xE6\x80\xA7",
    "\xE5\x8A\xA0",
    "\xE8\xAF\xAF",
    "\xE4\xBC\xA4",
    "\xE6\x83\x85",
};

static const char* const t1250[] = {
    "\xE5\x8F\x8B",
};

static const char* const t1251[] = {
    "\xE5\x8A\xA1",
    "\xE4\xBB\x8E",
    "\xE8\xA3\x85",
    "\xE5\xBD\xB9",
    "\xE7\x94\xA8",
    "\xE4\xBE\x8D",
    "\xE5\x8A\xA1\xE5\x99\xA8",
    "\xE9\xA5\xB0",
    "\xE5\x8A\xA1\xE4\xB8\x9A",
    "\xE5\x8A\xA1\xE5\x91\x98",
    "\xE8\x8D\xAF",
};

static const char* const t1252[] = {
    "\xE8\xAF\xB5",
};

static const char* const t1253[] = {
    "\xE5\x8E\xBB",
    "\xE8\xBF\x9C\xE9\x95\x9C",
    "\xE8\xA7\x81",
    "\xE6\x9C\x9B",
};

static const char* const t1254[] = {
    "\xE5\xBB\xB7",
    "\xE9\xB2\x9C",
    "\xE7\x9D\x80",
    "\xE9\x98\xB3",
    "\xE4\xBB\xA3",
    "\xE6\x94\xBF",
    "\xE9\xB2\x9C\xE6\x97\x8F",
    "\xE5\xA4\xA9\xE6\xA4\x92",
    "\xE9\x87\x8E",
    "\xE9\xB2\x9C\xE6\x88\x98\xE4\xBA\x89",
    "\xE9\xB2\x9C\xE4\xBA\xBA",
    "\xE9\xB2\x9C\xE5\x8D\x8A\xE5\xB2\x9B",
    "\xE8\x87\xA3",
    "\xE6\x9C\x8D",
    "\xE9\x98\xB3\xE5\x8C\xBA",
    "\xE9\x9C\x9E",
};

static const char* const t1255[] = {
    "\xE9\x97\xB4",
    "\xE9\x99\x90",
    "\xE6\x9C\x9B",
    "\xE5\xBE\x85",
    "\xE8\xB4\xA7",
    "\xE5\x88\x8A",
    "\xE6\xBB\xA1",
    "\xE7\x9B\xBC",
};

static const char* const t1256[] = {
    "\xE8\x83\xA7",
};

static const char* const t1257[] = {
    "\xE6\x9D\x90",
    "\xE5\xB7\xA5",
    "\xE5\xA4\xB4",
    "\xE6\x9D\xBF",
    "\xE5\xA9\x89\xE6\xB8\x85",
    "\xE7\xBB\x93\xE6\x9E\x84",
    "\xE9\x9B\x95",
    "\xE5\x8C\xA0",
    "\xE8\xB4\xA8",
    "\xE7\x89\x8C",
    "\xE6\xA3\x92",
    "\xE7\x9B\x92",
    "\xE6\xA3\x8D",
    "\xE4\xB8\x9A",
    "\xE5\x88\xB6",
    "\xE6\x98\x9F",
    "\xE6\x9F\xB1",
    "\xE8\x80\xB3",
    "\xE5\xB1\x8B",
};

static const char* const t1258[] = {
    "\xE6\x9D\xA5",
    "\xE5\xBF\x85",
    "\xE8\x83\xBD",
    "\xE5\x85\x8D",
    "\xE6\x9B\xBE",
    "\xE7\xBB\x8F",
    "\xE7\x9F\xA5",
    "\xE6\x9C\x89",
    "\xE5\xB0\x9D",
    "\xE5\x8F\x8A",
    "\xE4\xBA\x86",
    "\xE5\xAE\x9A",
    "\xE5\xA9\x9A",
};

static const char* const t1259[] = {
    "\xE5\xB9\xB4",
    "\xE6\x9C\x9F",
    "\xE7\xAB\xAF",
};

static const char* const t1260[] = {
    "\xE7\xBA\xA7",
    "\xE6\x9D\xA5",
    "\xE6\x8A\xA5",
    "\xE8\xBA\xAB",
    "\xE4\xBA\xBA",
    "\xE6\xAC\xA1",
    "\xE7\xA7\x91",
    "\xE8\xB4\xA8",
    "\xE5\x9C\xB0",
    "\xE4\xBA\x8B",
    "\xE6\x9C\x88",
    "\xE5\xB8\x82",
    "\xE5\x9B\xBD",
    "\xE9\xA2\x86",
    "\xE4\xB9\xA6",
    "\xE5\x9C\x9F",
    "\xE6\x80\xA7",
    "\xE7\xAB\xA0",
    "\xE5\xB1\x8A",
    "\xE7\x9C\x81",
    "\xE7\x89\x88",
    "\xE8\x83\xBD",
    "\xE4\xB8\x96\xE7\xBA\xAA",
    "\xE6\x96\x87",
    "\xE9\x83\xA8",
    "\xE7\xA7\x91\xE7\x94\x9F",
    "\xE6\x84\x8F",
    "\xE5\x9C\xBA",
    "\xE8\xBD\xAE",
    "\xE7\x9D\x80",
    "\xE6\x9C\x9F",
    "\xE6\xA0\xA1",
    "\xE5\x88\x86",
    "\xE8\x89\xB2",
    "\xE4\xBD\x93",
    "\xE7\xA7\x91\xE6\xAE\xB5",
    "\xE9\x92\xB1",
    "\xE5\xAD\x90",
    "\xE5\x91\xA8",
    "\xE8\xAF\xA5",
    "\xE5\x8C\xBA",
};

static const char* const t1261[] = {
    "\xE8\xAF\xAD",
    "\xE5\x90\x8E",
};

static const char* const t1262[] = {
    "\xE5\x85\x83\xE7\x92\x8B",
    "\xE7\xBF\x8A\xE9\x92\xA7",
    "\xE5\xBE\xB7",
    "\xE7\xBA\xA2",
    "\xE5\xAD\x90\xE6\x9F\xB3",
    "\xE7\xA5\x81\xE9\x95\x87",
    "\xE7\xA0\x82",
    "\xE7\x86\xB9",
    "\xE5\x8E\x9A\xE7\x85\xA7",
    "\xE5\x85\x89\xE4\xBA\x9A",
    "\xE9\x82\xA6\xE9\x80\xA0",
    "\xE4\xB8\xBD\xE5\x85\xB0",
    "\xE7\x9B\xB8\xE8\xBF\x9C",
    "\xE5\xAE\xB6\xE6\xB8\xA1",
    "\xE9\x82\xA6\xE5\xA4\x8D",
    "\xE9\x98\xB3\xE6\xB9\x96",
    "\xE9\x9B\x85\xE7\x90\xBC",
    "\xE6\xBC\x86",
    "\xE7\xAC\x94",
    "\xE4\xBB\x99\xE9\x95\x87",
    "\xE7\xA5\x81\xE9\x92\xB0",
};

static const char* const t1263[] = {
    "\xE5\xAE\x9E",
    "\xE7\xB4\xA0",
};

static const char* const t1264[] = {
    "\xE5\x85\xB3",
    "\xE6\x9E\x84",
    "\xE4\xBC\x9A",
    "\xE5\x9C\xBA",
    "\xE6\xA2\xB0",
    "\xE5\x88\xB6",
    "\xE5\x99\xA8",
    "\xE5\x8A\xA8",
    "\xE9\x81\x87",
    "\xE6\x9E\xAA",
    "\xE4\xBD\x93",
    "\xE6\xA2\xB0\xE5\x8C\x96",
    "\xE7\x94\xB5",
    "\xE5\xAF\x86",
    "\xE8\x83\xBD",
    "\xE7\xA5\xA8",
    "\xE7\xBF\xBC",
    "\xE8\xBA\xAB",
    "\xE5\xBA\x8A",
    "\xE7\x90\x86",
    "\xE5\x8A\xA8\xE6\x80\xA7",
    "\xE5\x8A\xA8\xE8\xBD\xA6",
    "\xE7\xBB\x84",
    "\xE5\x99\xA8\xE4\xBA\xBA",
    "\xE8\xBD\xBD",
    "\xE5\x9E\x8B",
    "\xE6\xA2\xB0\xE5\x8E\x82",
    "\xE4\xB8\x8A",
    "\xE8\xBD\xA6",
    "\xE6\x99\xBA",
    "\xE4\xB8\xBB",
    "\xE7\xBC\x98",
    "\xE7\x81\xB5",
    "\xE4\xBC\x9A\xE4\xB8\xBB\xE4\xB9\x89",
};

static const char* const t1265[] = {
    "\xE4\xBA\xBA",
    "\xE6\xAD\xBB",
    "\xE5\xAE\xB3",
    "\xE4\xBC\xA4",
    "\xE6\x89\x8B",
    "\xE6\x8E\x89",
    "\xE6\x88\xAE",
    "\xE6\xAF\x92",
    "\xE5\x87\xBA",
    "\xE5\x85\xA5",
    "\xE6\x95\x8C",
    "\xE5\xA4\xB4",
    "\xE6\xB0\x94",
};

static const char* const t1266[] = {
    "\xE5\xBF\x97",
    "\xE7\xA7\x8D",
    "\xE8\xB4\xA8",
    "\xE5\x89\xA7",
    "\xE4\xBA\xA4",
    "\xE8\x8D\x89\xE4\xB8\x9B\xE7\x94\x9F",
    "\xE8\x8D\x89",
    "\xE6\x8A\x80",
};

static const char* const t1267[] = {
    "\xE5\x8A\x9B",
    "\xE5\x88\xA9",
    "\xE5\xA8\x81",
    "\xE7\x9B\x8A",
    "\xE9\x99\x90",
    "\xE5\x8A\xBF",
    "\xE5\x88\x86\xE7\xAB\x8B",
    "\xE5\xA8\x81\xE6\x80\xA7",
    "\xE8\xB4\xB5",
    "\xE8\xA1\xA1",
};

static const char* const t1268[] = {
    "\xE8\x8F\x8C",
    "\xE5\xAD\x90",
};

static const char* const t1269[] = {
    "\xE6\x9C\xA8",
};

static const char* const t1270[] = {
    "\xE8\x87\xAA\xE6\x88\x90",
    "\xE9\xB8\xBF\xE7\xAB\xA0",
    "\xE9\xAB\x98\xE6\x88\x90",
    "\xE8\x8E\xAB\xE6\x84\x81",
    "\xE5\xA4\xA7\xE9\x92\x8A",
    "\xE9\x80\xB5",
    "\xE5\xA4\xAA\xE5\x90\x8E",
    "\xE9\xB8\xBF\xE5\xBF\xA0",
    "\xE5\x85\x88\xE5\xBF\xB5",
    "\xE6\x96\x87\xE7\xA7\x80",
    "\xE9\xB9\x8F",
    "\xE8\x8E\xB2\xE8\x8B\xB1",
    "\xE8\x82\x87\xE6\x98\x9F",
    "\xE4\xBF\x8A",
    "\xE6\xB2\x85\xE8\x8A\xB7",
    "\xE5\xAE\xB6",
    "\xE5\xA8\x9C",
    "\xE8\xB4\xB5\xE5\xA6\x83",
    "\xE7\x99\xBD",
    "\xE4\xBA\x91\xE9\xA3\x8E",
    "\xE6\x97\xB6\xE7\x8F\x8D",
    "\xE5\xAD\x90",
    "\xE9\x93\x81\xE6\x98\xA0",
    "\xE5\x9B\x9B\xE5\x85\x89",
    "\xE6\xB1\x89\xE4\xBF\x8A",
    "\xE5\xB2\x9A\xE6\xB8\x85",
    "\xE9\x97\xAF\xE7\x8E\x8B",
    "\xE4\xB8\xBA\xE6\xB0\x91",
    "\xE6\xB0\xB8\xE6\xB3\xA2",
    "\xE5\xA6\x82\xE6\x9D\xBE",
    "\xE5\xBB\xBA\xE6\x98\x8E",
    "\xE5\xB0\x8F\xE5\x8F\x8C",
    "\xE5\xBF\x97\xE9\xAB\x98",
    "\xE6\xA0\x91\xE6\x96\x87",
    "\xE7\x8F\x8A",
    "\xE5\x85\x83\xE6\xAD\xA3",
    "\xE6\x96\xB0\xE8\x89\xAF",
    "\xE9\x87\x8D\xE5\xBA\xB5",
    "\xE4\xB8\x89\xE6\x98\xA5",
    "\xE4\xBB\x8E\xE5\x86\x9B",
    "\xE4\xBD\x9C\xE8\x8D\xA3",
    "\xE5\x84\x92\xE9\x9B\x84",
    "\xE5\xA4\xA7\xE5\x8F\x8C",
    "\xE5\xAE\x97\xE7\xBF\xB0",
    "\xE5\xAE\xB6\xE5\xA2\xA9",
    "\xE5\xBB\xBA\xE7\xBE\xA4",
    "\xE6\x85\x8E\xE6\x98\x8E",
    "\xE6\x96\xB0\xE8\xA7\x89",
    "\xE6\x98\x8E\xE8\xB1\xAB",
    "\xE6\x98\xA5\xE4\xBA\xAD",
    "\xE7\xBB\xAA\xE9\x84\x82",
    "\xE7\xBF\x8A\xE5\x90\x9B",
    "\xE8\xA1\x8C\xE4\xBA\xAE",
    "\xE8\xBF\x9E\xE5\xAE\x81",
    "\xE9\x87\x91\xE6\x97\xA9",
    "\xE4\xB8\xAD\xE5\xA0\x82",
    "\xE7\x91\x9E\xE7\x8E\xAF",
};

static const char* const t1271[] = {
    "\xE6\x96\x99",
};

static const char* const t1272[] = {
    "\xE5\xA7\x94\xE4\xBC\x9A",
    "\xE9\x87\x8C",
    "\xE6\xB0\x91",
    "\xE5\xBA\x84",
    "\xE5\xAD\x90",
    "\xE9\x95\xBF",
    "\xE8\x90\xBD",
    "\xE9\x87\x8C\xE4\xBA\xBA",
};

static const char* const t1273[] = {
    "\xE7\x94\xAB",
    "\xE9\xB9\x83\xE8\x8A\xB1",
    "\xE7\xBB\x9D",
    "\xE9\xB9\x83",
    "\xE4\xBB\xB2",
    "\xE5\xAE\xA1\xE8\xA8\x80",
    "\xE9\x93\x81\xE7\x8E\xAF",
    "\xE5\xAE\x9C\xE7\x91\xBE",
};

static const char* const t1274[] = {
    "\xE5\x8E\xBF",
};

static const char* const t1275[] = {
    "\xE7\xBC\x9A",
    "\xE6\x89\x8B\xE6\x97\xA0\xE7\xAD\x96",
};

static const char* const t1276[] = {
    "\xE6\x9D\x86",
};

static const char* const t1277[] = {
    "\xE4\xBB\xB6",
    "\xE4\xBE\x8B",
    "\xE7\xBA\xA6",
    "\xE6\xAC\xBE",
    "\xE5\xAD\x90",
    "\xE6\x96\x87",
};

static const char* const t1278[] = {
    "\xE8\xAF\xB4",
    "\xE5\x88\xB0",
    "\xE8\x87\xAA",
    "\xE7\x9C\x8B",
    "\xE6\xBA\x90",
    "\xE4\xB8\x8D\xE5\x8F\x8A",
    "\xE5\x9B\x9E",
    "\xE6\xBA\x90\xE4\xBA\x8E",
    "\xE5\xBE\x80",
    "\xE8\xAE\xBF",
    "\xE4\xBF\xA1",
    "\xE8\xAE\xB2",
    "\xE4\xB8\xB4",
    "\xE5\xBE\x97\xE5\x8F\x8A",
    "\xE5\x8E\x86",
    "\xE5\xBE\x97",
    "\xE6\x97\xB6",
    "\xE5\x8D\x8E",
    "\xE4\xBA\xAC",
    "\xE5\x8A\xBF",
    "\xE5\x87\xA4\xE5\x8E\xBF",
};

static const char* const t1279[] = {
    "\xE5\x97\xA3\xE6\x98\x8C",
    "\xE6\xA1\xA5\xE6\xB9\x96",
    "\xE7\x99\xBE\xE9\xA1\xBA",
    "\xE6\x9F\xB3",
    "\xE5\xA4\xA7\xE5\x93\xA5",
    "\xE5\xBB\xBA\xE5\x8D\x8E",
    "\xE7\xBB\xB4",
    "\xE5\xAE\x88\xE6\x95\xAC",
    "\xE5\x9B\xBD\xE5\xBA\x86",
    "\xE6\x99\xAF\xE5\xAE\x87",
    "\xE7\x8C\xAE\xE7\x8F\x8D",
    "\xE4\xB8\x9A\xE5\x8A\x9F",
    "\xE5\x8F\xAF\xE4\xB8\x96",
    "\xE5\x9B\xBD\xE5\xB1\x8F",
    "\xE6\x91\xA9\xE8\xA5\xBF",
    "\xE6\x99\x93\xE6\xB3\xA2",
    "\xE5\x85\xB4\xE5\xAF\x8C",
    "\xE5\x8F\xB6\xE6\xB9\x96",
    "\xE5\x90\x8C\xE5\x98\xB4",
    "\xE5\x9B\xBD\xE6\xA2\x81",
    "\xE5\xAE\xB6\xE5\x8F\xB0",
    "\xE5\xAE\xB6\xE6\xBD\xAD",
    "\xE5\xBE\xB7\xE6\xB8\x85",
    "\xE6\x99\xA8\xE6\x99\x96",
    "\xE6\x9F\x8F\xE9\xBE\x84",
    "\xE6\xB3\xA2\xE5\x9D\xA6",
    "\xE8\x87\xA3\xE5\x88\x9A",
    "\xE8\x8B\x97\xE6\xB4\xB2",
    "\xE9\x93\x81\xE5\xBF\x83",
    "\xE9\x95\xBF\xE6\xA7\x90",
    "\xE9\x97\xBB\xE5\xAD\x99",
    "\xE5\xB0\x9A\xE6\x98\x86",
};

static const char* const t1280[] = {
    "\xE5\xB7\x9E",
    "\xE5\xA4\xA9\xE9\x86\x89",
    "\xE6\xB1\x89",
};

static const char* const t1281[] = {
    "\xE5\xAD\x90",
};

static const char* const t1282[] = {
    "\xE5\x87\xBA",
    "\xE4\xBD\x9C",
};

static const char* const t1283[] = {
    "\xE6\xA0\x91",
    "\xE8\xBD\xAF",
    "\xE5\xBC\x9B",
    "\xE5\xBC\x80",
    "\xE6\x95\xA3",
    "\xE6\xBB\x8B",
    "\xE8\x8A\xB1",
    "\xE8\x8A\xB1\xE6\xB1\x9F",
    "\xE6\xBB\x8B\xE5\xB8\x82",
    "\xE6\x9E\x97\xE5\xB1\xB1",
    "\xE6\xB0\xB4\xE6\xA1\xA5",
    "\xE6\xB1\x9F",
    "\xE6\x9E\x97",
    "\xE6\x89\x8B",
    "\xE5\xB1\xB1",
};

static const char* const t1284[] = {
    "\xE5\x9D\x97",
    "\xE6\xA0\x97",
    "\xE5\x87\xB3",
};

static const char* const t1285[] = {
    "\xE5\xA4\xA7",
    "\xE4\xB8\xBA",
    "\xE5\x85\xB6",
    "\xE7\xAB\xAF",
    "\xE4\xBA\x86",
    "\xE5\xB0\x91",
    "\xE5\x8A\x9B",
    "\xE5\xBA\xA6",
    "\xE9\x99\x90",
    "\xE5\xA5\xBD",
    "\xE8\x87\xB4",
    "\xE5\xB0\x91\xE6\x95\xB0",
    "\xE5\xB0\x8F",
    "\xE5\xAF\x8C",
    "\xE7\x82\xB9",
    "\xE5\x9C\xB0",
    "\xE7\x9B\xAE",
};

static const char* const t1286[] = {
    "\xE6\x88\x90",
    "\xE9\x80\xA0",
    "\xE4\xBB\xB6",
    "\xE5\xBB\xBA",
    "\xE7\xAD\x91",
    "\xE6\x83\xB3",
    "\xE6\x80\x9D",
    "\xE5\x9B\xBE",
};

static const char* const t1287[] = {
    "\xE5\xA4\xB4",
};

static const char* const t1288[] = {
    "\xE5\x8C\xBA",
    "\xE5\xBD\xAA",
    "\xE4\xB8\x9A",
    "\xE7\xAB\x8B",
    "\xE4\xB8\xAD",
    "\xE5\x86\xB2",
    "\xE5\xAD\x90",
    "\xE6\x9C\xA8",
    "\xE9\xBB\x9B\xE7\x8E\x89",
    "\xE5\xB9\xB3\xE4\xB9\x8B",
    "\xE6\x96\x87\xE6\xBC\xAA",
    "\xE5\x85\x86\xE6\x9E\xA2",
    "\xE9\x9C\x87\xE5\x8D\x97",
    "\xE4\xBC\xAF\xE6\xB8\xA0",
    "\xE8\x82\xAF",
};

static const char* const t1289[] = {
    "\xE7\x84\xB6",
    "\xE5\xAE\x9E",
    "\xE6\xA0\x91",
    "\xE6\x96\xAD",
    "\xE7\x9C\x9F",
    "\xE5\xAD\x90",
    "\xE5\x9B\xAD",
    "\xE8\x94\xAC",
    "\xE5\x93\x81",
};

static const char* const t1290[] = {
    "\xE5\x8F\xB6",
    "\xE6\xB1\x9F",
    "\xE6\xB1\x9F\xE5\xB8\x82",
};

static const char* const t1291[] = {
    "\xE7\xBA\xBD",
    "\xE5\xAF\x86\xE9\x99\xA2",
};

static const char* const t1292[] = {
    "\xE9\x98\xB3",
    "\xE9\x98\xB3\xE5\xB8\x82",
};

static const char* const t1293[] = {
    "\xE5\xA3\xB0",
    "\xE5\xBC\xB9",
    "\xE6\x9D\x80",
    "\xE5\x8F\xA3",
    "\xE5\x93\x8D",
    "\xE6\x94\xAF",
    "\xE7\x82\xAE",
    "\xE6\xB3\x95",
};

static const char* const t1294[] = {
    "\xE6\xB0\xB4\xE6\x9C\x9F",
};

static const char* const t1295[] = {
    "\xE5\xAD\x90",
    "\xE8\xAE\xBE",
    "\xE8\xB5\xB7",
    "\xE6\xA1\xA5",
    "\xE6\x9E\x84",
    "\xE4\xB8\x8A",
};

static const char* const t1296[] = {
    "\xE6\x9D\x9E",
};

static const char* const t1297[] = {
    "\xE6\x9E\x97",
    "\xE6\x8B\x89\xE5\x9B\xBE",
    "\xE6\xA0\x91",
};

static const char* const t1298[] = {
    "\xE4\xBA\x9B",
    "\xE7\xA7\x8D",
    "\xE4\xB8\xAA",
    "\xE4\xBA\xBA",
    "\xE6\x9F\x90",
};

static const char* const t1299[] = {
    "\xE6\xA9\x98",
};

static const char* const t1300[] = {
    "\xE6\x96\x99",
    "\xE8\x89\xB2\xE4\xBD\x93",
    "\xE8\x89\xB2",
    "\xE5\x8F\x91",
    "\xE5\x8F\x91\xE5\x89\x82",
};

static const char* const t1301[] = {
    "\xE8\xBD\xAF",
    "\xE5\x92\x8C",
    "\xE6\x83\x85",
};

static const char* const t1302[] = {
    "\xE5\x8F\xB0",
    "\xE5\xAD\x90",
};

static const char* const t1303[] = {
    "\xE7\x9C\x8B",
    "\xE8\xAF\xA2",
    "\xE5\xA4\x84",
    "\xE5\x87\xBA",
    "\xE6\x98\x8E",
    "\xE9\x98\x85",
    "\xE7\x90\x86",
    "\xE6\x89\xBE",
};

static const char* const t1304[] = {
    "\xE5\x9F\x94\xE5\xAF\xA8",
};

static const char* const t1305[] = {
    "\xE9\x95\x87\xE6\x81\xB6",
    "\xE7\xBA\xA6\xE7\x91\x9F",
    "\xE8\xBE\xBE",
};

static const char* const t1306[] = {
    "\xE5\xAD\x90",
    "\xE5\xA4\xB4",
    "\xE6\xB4\x9E",
};

static const char* const t1307[] = {
    "\xE5\xA6\x82\xE7\x8E\x89",
    "\xE5\xA4\xA7\xE5\x8D\x8E",
    "\xE6\xB9\x96\xE5\x9D\x9D",
    "\xE6\xA0\x91",
};

static const char* const t1308[] = {
    "\xE7\xA6\xBE",
    "\xE6\xB2\xB9",
    "\xE6\xB2\xB9\xE6\x9C\xBA",
};

static const char* const t1309[] = {
    "\xE5\x87\x86",
    "\xE5\xBF\x97",
    "\xE8\xAF\xAD",
    "\xE8\xAE\xB0",
    "\xE6\x9C\xAC",
    "\xE9\xA2\x98",
    "\xE5\x87\x86\xE5\x8C\x96",
    "\xE8\xAF\x86",
    "\xE7\xAD\xBE",
    "\xE7\x9A\x84",
    "\xE5\x87\x86\xE8\xAE\xA1",
    "\xE6\x98\x8E",
};

static const char* const t1310[] = {
    "\xE6\x9D\x86",
    "\xE7\x9B\xAE",
};

static const char* const t1311[] = {
    "\xE7\xAB\x8B",
    "\xE6\x9C\xA8",
    "\xE4\xB8\x8A",
    "\xE7\xA7\x8D",
    "\xE6\x9E\x9D",
    "\xE6\x9E\x97",
    "\xE5\xB9\xB2",
    "\xE7\x9A\xAE",
    "\xE8\x84\x82",
    "\xE5\x8F\xB6",
    "\xE4\xB8\x9B",
};

static const char* const t1312[] = {
    "\xE6\x81\xAF",
};

static const char* const t1313[] = {
    "\xE6\x9E\x97\xE5\x98\xB4",
};

static const char* const t1314[] = {
    "\xE5\x90\x8D",
    "\xE9\x95\xBF",
    "\xE5\x9B\xAD",
    "\xE5\x8C\xBA",
    "\xE5\xA4\x96",
};

static const char* const t1315[] = {
    "\xE5\xAD\x90",
    "\xE5\xBC\x8F",
    "\xE5\x93\x81",
    "\xE6\x9C\xAC",
    "\xE6\xA0\xB7",
};

static const char* const t1316[] = {
    "\xE5\xBF\x83",
    "\xE6\xAD\xA6\xE5\x99\xA8",
    "\xE6\xBD\x9C\xE8\x89\x87",
    "\xE6\xA1\x83",
    "\xE8\xAF\x95\xE9\xAA\x8C",
    "\xE7\x94\xB5\xE7\xAB\x99",
    "\xE7\x94\xB5",
    "\xE7\xAE\x97",
    "\xE5\x8A\xA8\xE5\x8A\x9B",
    "\xE5\xAE\x9E",
    "\xE6\x9F\xA5",
    "\xE5\xBC\xB9\xE5\xA4\xB4",
    "\xE8\x83\xBD",
    "\xE8\xAF\x95",
    "\xE5\xBC\xB9",
    "\xE5\x87\x86",
    "\xE5\x8F\x8D\xE5\xBA\x94",
};

static const char* const t1317[] = {
    "\xE6\x8D\xAE",
    "\xE6\x9C\xAC",
    "\xE6\x8D\xAE\xE5\x9C\xB0",
    "\xE6\xBA\x90",
    "\xE5\x9F\xBA",
    "\xE6\x9C\xAC\xE6\x80\xA7",
    "\xE7\xB3\xBB",
};

static const char* const t1318[] = {
    "\xE5\xB1\x80",
    "\xE5\xA4\x96",
    "\xE5\xBC\x8F",
    "\xE6\x96\x97",
    "\xE8\xB0\x83",
    "\xE9\xB2\x81\xE5\x90\x89\xE4\xBA\x9A",
};

static const char* const t1319[] = {
    "\xE5\x9F\xB9",
};

static const char* const t1320[] = {
    "\xE6\x9E\x97",
    "\xE8\x8A\xB1",
    "\xE9\xB1\xBC",
    "\xE8\xB4\xA8\xE5\xBB\xB7",
};

static const char* const t1321[] = {
    "\xE8\x8A\xB1",
    "\xE5\x9B\xAD",
    "\xE6\xBA\x90",
};

static const char* const t1322[] = {
    "\xE6\x9E\xB6",
};

static const char* const t1323[] = {
    "\xE4\xBB\xB6",
    "\xE4\xBE\x8B",
    "\xE5\xAD\x90",
    "\xE6\x83\x85",
};

static const char* const t1324[] = {
    "\xE4\xB8\x8A",
    "\xE5\xAD\x90",
    "\xE9\x9D\xA2",
    "\xE6\xA4\x85",
    "\xE5\x89\x8D",
};

static const char* const t1325[] = {
    "\xE6\x9F\x8F\xE5\xB1\xB1",
};

static const char* const t1326[] = {
    "\xE5\x9B\xBD\xE5\x8D\xAB",
};

static const char* const t1327[] = {
    "\xE6\xA1\x88",
    "\xE6\xAC\xA1",
};

static const char* const t1328[] = {
    "\xE6\xA2\x81",
    "\xE5\xA4\xB4\xE5\xA0\xA1",
    "\xE9\x9D\xA2",
    "\xE5\xA2\xA9",
    "\xE4\xB8\x8B",
    "\xE8\xBA\xAB",
};

static const char* const t1329[] = {
    "\xE5\xB1\xB1",
    "\xE5\x90\xAF\xE8\xB6\x85",
    "\xE6\x9B\x99\xE5\x85\x89",
    "\xE5\xAD\x90\xE6\xB9\x96",
    "\xE5\xAD\x90\xE6\xB9\x96\xE5\x8C\xBA",
    "\xE5\xAD\x9D\xE5\xAE\xA3",
    "\xE5\xAD\x90\xE7\xBF\x81",
};

static const char* const t1330[] = {
    "\xE8\x8A\xB1",
    "\xE8\xB6\x85\xE9\xA3\x8E",
    "\xE5\xAD\x90",
    "\xE6\x9E\x97",
    "\xE9\x9B\xA8\xE6\x9C\x9F",
    "\xE6\x96\xB0\xE8\x82\xB2",
};

static const char* const t1331[] = {
    "\xE6\xA0\x91",
};

static const char* const t1332[] = {
    "\xE6\x83\xB3",
    "\xE8\xA7\x81",
    "\xE9\xB8\xBD",
    "\xE5\xA2\x83",
    "\xE5\xB9\xBB",
};

static const char* const t1333[] = {
    "\xE5\xBA\xA6",
    "\xE5\xAD\x90",
};

static const char* const t1334[] = {
    "\xE7\x90\x86",
};

static const char* const t1335[] = {
    "\xE5\xAF\x9F\xE9\x99\xA2",
    "\xE6\x9F\xA5",
    "\xE5\xAF\x9F\xE9\x95\xBF",
    "\xE5\xAF\x9F",
    "\xE9\xAA\x8C",
    "\xE6\xB5\x8B",
    "\xE4\xB8\xBE",
    "\xE9\x98\x85",
    "\xE8\xAE\xA8",
    "\xE5\xAF\x9F\xE5\x91\x98",
    "\xE7\xB4\xA2",
    "\xE7\x96\xAB",
};

static const char* const t1336[] = {
    "\xE8\x8A\xB1",
    "\xE7\xBA\xBA\xE7\xBB\x87",
    "\xE7\xBA\xB1",
    "\xE7\xBA\xBA",
    "\xE8\xA2\x84",
    "\xE8\xA1\xA3",
    "\xE5\xB8\x83",
};

static const char* const t1337[] = {
    "\xE7\x9B\x98",
    "\xE5\xAD\x90",
    "\xE6\x89\x8B",
};

static const char* const t1338[] = {
    "\xE5\xAD\x90",
    "\xE6\xA3\x92",
};

static const char* const t1339[] = {
    "\xE8\x89\xB2",
    "\xE9\xBB\x84\xE8\x89\xB2",
};

static const char* const t1340[] = {
    "\xE6\x89\x8B",
};

static const char* const t1341[] = {
    "\xE9\x87\x8C",
};

static const char* const t1342[] = {
    "\xE6\x9E\x97",
    "\xE5\xB7\xA5",
    "\xE4\xB8\xA5",
};

static const char* const t1343[] = {
    "\xE5\xBD\xA2",
};

static const char* const t1344[] = {
    "\xE6\x9D\x90",
    "\xE6\xA4\x81",
    "\xE6\x9C\xA8",
};

static const char* const t1345[] = {
    "\xE5\xAD\x90",
};

static const char* const t1346[] = {
    "\xE7\x89\xA9",
    "\xE8\xA2\xAB",
    "\xE6\xA0\xAA",
    "\xE6\xA0\x91",
    "\xE7\x89\xA9\xE4\xBD\x93",
};

static const char* const t1347[] = {
    "\xE5\x9C\x86\xE5\xBD\xA2",
    "\xE5\x9C\x86",
};

static const char* const t1348[] = {
    "\xE5\xAD\x90",
};

static const char* const t1349[] = {
    "\xE9\x9B\x81\xE6\xBD\xAE",
    "\xE7\x8E\x8B",
    "\xE5\x9B\xBD",
    "\xE6\x96\x87\xE5\x8C\x96",
    "\xE5\xBA\x84\xE7\x8E\x8B",
    "\xE6\xBA\x90\xE7\x89\x8C",
    "\xE7\xBA\xAA\xE5\x8D\x97",
};

static const char* const t1350[] = {
    "\xE6\x9C\xA8",
    "\xE7\xAB\xB9",
};

static const char* const t1351[] = {
    "\xE4\xB9\xA6",
};

static const char* const t1352[] = {
    "\xE4\xB8\x8A",
    "\xE4\xB8\x8B",
    "\xE6\xA2\xAF",
    "\xE6\x88\xBF",
    "\xE9\x98\x81",
    "\xE5\xBC\x8F\xE6\x9C\xA8",
    "\xE9\x98\xB3\xE7\x94\x9F",
    "\xE9\xA1\xB6",
};

static const char* const t1353[] = {
    "\xE5\xBF\xB5",
    "\xE5\x86\xB5",
    "\xE8\xA7\x88",
    "\xE6\x8B\xAC",
    "\xE7\x8E\x87",
    "\xE8\xAE\xBA",
    "\xE8\xBF\xB0",
    "\xE8\xB2\x8C",
};

static const char* const t1354[] = {
    "\xE7\x9C\xBC",
    "\xE6\xA0\xB7",
};

static const char* const t1355[] = {
    "\xE8\x8F\x9C",
    "\xE6\xB2\xB9",
};

static const char* const t1356[] = {
    "\xE5\xBC\xB9\xE7\x82\xAE",
    "\xE5\xBC\xB9",
};

static const char* const t1357[] = {
    "\xE6\xA0\x91",
};

static const char* const t1358[] = {
    "\xE4\xB8\x80\xE7\xBF\x81",
    "\xE5\x90\xAF\xE9\xB9\x8F",
    "\xE5\x9F\x8E\xE5\x8C\xBA",
};

static const char* const t1359[] = {
    "\xE5\xBC\x8F",
    "\xE5\x9E\x8B",
    "\xE6\xA0\xB7",
    "\xE6\x8B\x9F",
    "\xE8\x8C\x83",
    "\xE7\xB3\x8A",
    "\xE4\xBB\xBF",
    "\xE8\x8C\x83\xE5\x8E\xBF",
    "\xE5\x9D\x97",
    "\xE7\x89\xB9",
};

static const char* const t1360[] = {
    "\xE8\xB4\xAF",
    "\xE6\x89\xAB",
    "\xE5\x90\x91",
    "\xE8\xB7\xA8",
    "\xE7\xA9\xBF",
    "\xE8\xA1\x8C",
    "\xE6\xB2\x9F",
    "\xE5\xB9\x85",
    "\xE4\xBA\x98",
    "\xE5\x86\xB2\xE7\x9B\xB4\xE6\x92\x9E",
};

static const char* const t1361[] = {
    "\xE6\xA1\x83",
};

static const char* const t1362[] = {
    "\xE8\x83\xB6",
    "\xE6\xA0\x91",
};

static const char* const t1363[] = {
    "\xE7\xBC\xBA",
    "\xE8\xBA\xAB",
};

static const char* const t1364[] = {
    "\xE6\x95\xB0",
    "\xE6\x97\xA5",
    "\xE5\xB9\xB4",
    "\xE4\xB9\x8B",
    "\xE8\xA6\x81",
    "\xE5\xBA\x8F",
    "\xE5\xAD\x90",
    "\xE7\x94\x9F",
};

static const char* const t1365[] = {
    "\xE8\xBF\x8E",
    "\xE5\x96\x9C",
    "\xE4\xB9\x90",
    "\xE5\x91\xBC",
    "\xE5\x91\xBC\xE5\xA3\xB0",
    "\xE5\xBF\xAB",
    "\xE5\xBA\x86",
};

static const char* const t1366[] = {
    "\xE8\xB5\x8F",
    "\xE6\x85\xB0",
    "\xE5\x96\x9C",
    "\xE7\x84\xB6",
};

static const char* const t1367[] = {
    "\xE6\xB4\xB2",
    "\xE7\x9B\x9F",
    "\xE9\x98\xB3\xE9\x94\x8B",
    "\xE5\x85\x83",
    "\xE6\xB4\xB2\xE4\xBA\xBA",
    "\xE9\x98\xB3\xE5\x85\x8B",
    "\xE4\xBA\x9A\xE5\xA4\xA7\xE9\x99\x86",
    "\xE4\xBA\x9A",
    "\xE6\x8B\x89",
    "\xE5\x85\xB1\xE4\xBD\x93",
    "\xE9\x98\xB3",
    "\xE9\x98\xB3\xE7\xA5\xA5",
    "\xE5\x87\xA0\xE9\x87\x8C\xE5\xBE\x97",
};

static const char* const t1368[] = {
    "\xE6\x9C\x9B",
};

static const char* const t1369[] = {
    "\xE9\xAA\x97",
    "\xE4\xBE\xAE",
    "\xE8\xB4\x9F",
    "\xE5\x87\x8C",
    "\xE8\xAF\x88",
};

static const char* const t1370[] = {
    "\xE9\xA1\xB9",
    "\xE5\xBE\x85",
};

static const char* const t1371[] = {
    "\xE6\x81\xAF",
    "\xE6\xAD\x87",
};

static const char* const t1372[] = {
    "\xE6\x9B\xB2",
    "\xE5\x89\xA7",
    "\xE8\x88\x9E",
    "\xE5\xA3\xB0",
    "\xE9\xA2\x82",
    "\xE5\x94\xB1",
    "\xE8\xAF\x8D",
    "\xE6\x89\x8B",
    "\xE5\x8A\x9F\xE9\xA2\x82\xE5\xBE\xB7",
    "\xE8\xB0\xA3",
};

static const char* const t1373[] = {
    "\xE4\xBD\x8F",
    "\xE8\xA1\x80",
    "\xE4\xB8\x8D\xE4\xBD\x8F",
};

static const char* const t1374[] = {
    "\xE6\x98\xAF",
    "\xE5\xBC\x8F",
    "\xE7\xA1\xAE",
    "\xE5\xB8\xB8",
    "\xE5\x9C\xA8",
    "\xE4\xB9\x89",
    "\xE5\xA5\xBD",
    "\xE9\x97\xA8",
    "\xE9\x98\xB3\xE9\x97\xA8",
    "\xE5\xBD\x93",
    "\xE8\xA6\x81",
    "\xE4\xB8\xAD",
    "\xE9\x9D\xA2",
    "\xE6\x96\x87",
    "\xE6\xA1\xA5",
    "\xE7\xBB\x9F",
    "\xE8\xA7\x84",
    "\xE6\x9C\x88",
    "\xE8\xAF\xB4",
    "\xE5\x80\xBC",
    "\xE7\x9B\xB4",
    "\xE5\xAE\x97",
    "\xE7\xBB\x8F",
    "\xE6\xAE\xBF",
    "\xE6\xAF\x94",
    "\xE5\xBE\xB7",
    "\xE5\x8D\x97",
    "\xE8\xA7\x86",
    "\xE6\xB0\x94",
    "\xE5\x89\xAF",
    "\xE5\x8D\x88",
    "\xE8\x89\xB2",
    "\xE7\x89\x88",
    "\xE5\x90\x91",
    "\xE6\xB4\xBE",
    "\xE5\xB8\xB8\xE4\xBA\xBA",
};

static const char* const t1375[] = {
    "\xE5\xA4\x96",
    "\xE6\x97\xB6",
    "\xE5\x90\x8E",
    "\xE6\xAC\xA1",
    "\xE5\x88\xBB",
    "\xE4\xBA\x8B",
    "\xE4\xBA\xBA",
    "\xE5\xA4\x84",
    "\xE5\x89\x8D",
    "\xE9\x97\xB4",
    "\xE4\xB8\xBE",
    "\xE5\x9C\xB0",
    "\xE7\xB1\xBB",
    "\xE8\xA8\x80",
    "\xE4\xB9\xA6",
    "\xE6\xB3\x95",
    "\xE7\xA7\x8D",
    "\xE8\xB5\xB7\xE5\xBD\xBC\xE4\xBC\x8F",
    "\xE9\xA1\xB9",
    "\xE8\xA1\x8C",
    "\xE8\xAF\x9D",
    "\xE6\xA1\x88",
    "\xE7\x89\xA9",
    "\xE6\x97\xB6\xE6\xAD\xA4\xE5\x88\xBB",
};

static const char* const t1376[] = {
    "\xE5\x85\xB5",
    "\xE4\xBC\x90",
    "\xE6\x9E\xAA",
    "\xE9\xAA\xA4",
    "\xE8\xA1\x8C",
    "\xE5\x85\xA5",
    "\xE5\xAD\x90",
    "\xE5\x85\xB5\xE5\xB8\x88",
    "\xE6\xAD\xA5",
};

static const char* const t1377[] = {
    "\xE6\xB1\x89",
    "\xE6\xB1\x89\xE5\xB8\x82",
    "\xE5\x99\xA8",
    "\xE5\x8A\x9F",
    "\xE6\x98\x8C",
    "\xE8\xA3\x85",
    "\xE5\xBD\x93\xE5\xB1\xB1",
    "\xE6\x98\x8C\xE5\x8C\xBA",
    "\xE6\x9E\x97",
    "\xE8\xA3\x85\xE5\x8A\x9B\xE9\x87\x8F",
    "\xE5\xA3\xAB",
    "\xE5\x8A\x9B",
    "\xE6\x9D\xBE",
    "\xE8\x89\xBA",
    "\xE8\xAD\xA6",
    "\xE6\xB1\x89\xE5\xA4\xA7\xE5\xAD\xA6",
    "\xE5\xAE\x98",
    "\xE9\x99\xB5",
    "\xE6\x9C\xAF",
    "\xE9\x99\xB5\xE5\xB1\xB1",
    "\xE5\xB0\x86",
    "\xE6\x98\x8C\xE8\xB5\xB7\xE4\xB9\x89",
    "\xE8\xA3\x85\xE8\xB5\xB7\xE4\xB9\x89",
    "\xE4\xBF\xAE\xE6\x96\x87",
    "\xE5\xA4\xA7",
    "\xE8\xAD\xA6\xE9\x83\xA8\xE9\x98\x9F",
    "\xE8\xA3\x85\xE9\x83\xA8\xE9\x98\x9F",
    "\xE5\xA4\x87",
    "\xE6\x98\x8C\xE9\xB1\xBC",
    "\xE8\x8B\xB1\xE6\xAE\xBF",
    "\xE6\xB1\x89\xE9\x98\x9F",
    "\xE7\xA9\xB4\xE5\xB8\x82",
    "\xE8\xBF\x9E\xE5\x85\x83",
    "\xE6\x95\xA6\xE5\x84\x92",
    "\xE6\x98\x8C\xE7\xAB\x99",
    "\xE6\xB1\x89\xE7\xAB\x99",
    "\xE9\xBA\xBB",
    "\xE5\x88\x99\xE5\xA4\xA9",
    "\xE8\x81\x8C",
    "\xE5\xBD\x93",
    "\xE6\x9E\x97\xE4\xB8\xAD",
};

static const char* const t1378[] = {
    "\xE8\xA7\x86",
};

static const char* const t1379[] = {
    "\xE6\x9B\xB2",
};

static const char* const t1380[] = {
    "\xE4\xBA\xA1",
    "\xE5\x88\x91",
    "\xE5\x8E\xBB",
    "\xE8\x80\x85",
    "\xE4\xBC\xA4",
    "\xE4\xBA\xA1\xE7\x8E\x87",
    "\xE6\xB4\xBB",
    "\xE5\xB0\xB8",
    "\xE5\x9B\x9A",
    "\xE9\x87\x8C\xE9\x80\x83\xE7\x94\x9F",
    "\xE5\xAE\x88",
    "\xE6\x88\x98",
};

static const char* const t1381[] = {
    "\xE7\x81\xAD",
    "\xE6\x95\x8C",
    "\xE5\x87\xBB\xE6\x9C\xBA",
};

static const char* const t1382[] = {
    "\xE5\xB0\xBD",
};

static const char* const t1383[] = {
    "\xE5\x9B\xBD",
};

static const char* const t1384[] = {
    "\xE6\xAD\xBB",
    "\xE8\x8D\xA3",
};

static const char* const t1385[] = {
    "\xE9\x85\xB7",
    "\xE7\x96\xBE\xE4\xBA\xBA",
    "\xE7\x96\xBE",
    "\xE4\xBD\x99",
    "\xE5\xBF\x8D",
    "\xE7\x95\x99",
    "\xE6\x9A\xB4",
    "\xE5\xBA\x9F",
    "\xE5\xAD\x98",
    "\xE7\xA0\xB4",
};

static const char* const t1386[] = {
    "\xE6\xB0\x91\xE5\x9C\xB0",
    "\xE6\xB0\x91",
    "\xE6\xB0\x91\xE8\x80\x85",
    "\xE6\xB0\x91\xE4\xB8\xBB\xE4\xB9\x89",
};

static const char* const t1387[] = {
    "\xE8\x91\xAC",
};

static const char* const t1388[] = {
    "\xE7\xA5\xBA\xE7\x91\x9E",
    "\xE6\xAD\xA3\xE6\xB7\xB3",
    "\xE6\x80\x9D\xE6\x80\x9D",
};

static const char* const t1389[] = {
    "\xE7\xB4\xA0\xE7\xB4\xA0",
    "\xE5\xAE\xB6\xE6\xB4\xB2",
    "\xE5\x8B\xA4",
    "\xE6\xAD\xA3\xE8\x8C\x82",
    "\xE6\xA2\xA8\xE4\xBA\xAD",
    "\xE6\xB5\xB7\xE5\x85\x89",
};

static const char* const t1390[] = {
    "\xE8\xAF\x95",
    "\xE4\xB8\x8B",
    "\xE5\x86\x85",
    "\xE5\xA0\x82",
};

static const char* const t1391[] = {
    "\xE7\x81\xAD",
    "\xE7\x81\xAD\xE6\x80\xA7",
    "\xE5\x9D\x8F",
    "\xE6\x8E\x89",
};

static const char* const t1392[] = {
    "\xE7\x84\xB6",
    "\xE5\x8A\x9B",
};

static const char* const t1393[] = {
    "\xE5\xAE\x81",
};

static const char* const t1394[] = {
    "\xE4\xBA\xB2",
    "\xE5\xAD\x90",
    "\xE6\x9C\xAC",
    "\xE5\xA5\xB3",
    "\xE4\xBD\x93",
};

static const char* const t1395[] = {
    "\xE5\xB9\xB4",
    "\xE4\xB8\xAA",
    "\xE5\xA4\xA9",
    "\xE6\xAC\xA1",
    "\xE6\x97\xA5",
    "\xE5\xBD\x93",
    "\xE4\xBA\xBA",
    "\xE6\x9C\x88",
    "\xE5\x91\xA8",
    "\xE9\x80\xA2",
    "\xE8\x82\xA1",
    "\xE6\xAF\x8F",
    "\xE7\xA7\x92",
    "\xE5\x9D\x97",
    "\xE5\xAE\xB6",
    "\xE7\xA7\x8D",
};

static const char* const t1396[] = {
    "\xE6\x80\xA7",
    "\xE8\x9B\x87",
    "\xE5\x93\x81",
    "\xE8\x8D\xAF",
    "\xE6\x89\x8B",
    "\xE7\x89\xA9",
    "\xE7\xB4\xA0",
    "\xE6\xB0\x94",
    "\xE8\xBE\xA3",
};

static const char* const t1397[] = {
    "\xE8\xBE\x83",
    "\xE8\xB5\x9B",
    "\xE4\xBE\x8B",
    "\xE5\xA6\x82",
    "\xE9\x87\x8D",
    "\xE5\x88\x86",
    "\xE5\x88\xA9\xE6\x97\xB6",
    "\xE5\xA6\x82\xE8\xAF\xB4",
    "\xE6\xAD\xA6",
    "\xE6\xAF\x94\xE7\x9A\x86\xE6\x98\xAF",
    "\xE4\xBD\x9C",
    "\xE8\xB5\xB7",
    "\xE4\xB8\x8D\xE4\xB8\x8A",
    "\xE7\x8E\x87",
    "\xE6\x8B\x9F",
    "\xE5\x96\xBB",
    "\xE8\xAF\x95",
    "\xE8\xBE\xBE",
    "\xE5\x88\x92",
    "\xE6\x96\xB9",
    "\xE5\xB0\x94",
};

static const char* const t1398[] = {
    "\xE4\xB8\x9A",
    "\xE7\xAB\x9F",
    "\xE4\xB8\x9A\xE7\x94\x9F",
    "\xE7\x94\x9F",
    "\xE5\x8D\x87",
    "\xE5\xAE\xB6\xE5\xA1\x98",
    "\xE5\xAE\xB6\xE8\x8D\xA1",
};

static const char* const t1399[] = {
    "\xE9\x82\xBB",
};

static const char* const t1400[] = {
    "\xE5\x91\xBD",
};

static const char* const t1401[] = {
    "\xE6\xB3\xBD\xE4\xB8\x9C",
    "\xE7\x97\x85",
    "\xE5\xB0\x96",
    "\xE5\xB7\xBE",
    "\xE7\xAC\x94",
    "\xE5\x86\xA0\xE9\xB9\xBF",
    "\xE5\x8F\x91",
    "\xE5\xA6\x82\xE6\x9F\x8F",
    "\xE7\x9A\xAE",
    "\xE7\xBB\x86\xE8\xA1\x80\xE7\xAE\xA1",
    "\xE6\x96\x87\xE9\xBE\x99",
};

static const char* const t1402[] = {
    "\xE7\xB1\xB3",
    "\xE6\x97\xA0",
    "\xE4\xB8\x8D",
    "\xE5\x85\x8B",
    "\xE6\x97\xA0\xE7\x96\x91\xE9\x97\xAE",
    "\xE5\x8D\x87",
    "\xE4\xB8\x8D\xE7\x8A\xB9\xE8\xB1\xAB",
};

static const char* const t1403[] = {
    "\xE6\x97\x8F",
};

static const char* const t1404[] = {
    "\xE6\x97\x8F",
    "\xE4\xB8\xBB",
    "\xE9\x97\xB4",
    "\xE6\x97\x8F\xE4\xB9\xA1",
    "\xE6\x94\xBF",
    "\xE4\xBC\x97",
    "\xE5\x9B\xBD",
    "\xE4\xBA\x8B",
    "\xE7\x94\xA8",
    "\xE6\x97\x8F\xE8\x87\xAA\xE6\xB2\xBB",
    "\xE5\x85\xB5",
    "\xE4\xB8\xBB\xE4\xB8\xBB\xE4\xB9\x89",
    "\xE4\xB8\xBB\xE5\x85\x9A\xE6\xB4\xBE",
    "\xE6\x97\x8F\xE4\xB8\xBB\xE4\xB9\x89",
    "\xE5\xB7\xA5",
    "\xE8\x88\xAA",
    "\xE8\x90\xA5",
    "\xE4\xBF\x97",
    "\xE5\x8A\x9E",
    "\xE4\xB8\xBB\xE9\x9D\xA9\xE5\x91\xBD",
    "\xE7\x94\x9F",
    "\xE6\xAD\x8C",
    "\xE8\xAD\xA6",
    "\xE5\xBF\x83",
    "\xE6\x84\x8F",
    "\xE4\xB8\xBB\xE5\x85\x9A",
    "\xE6\xB3\x95",
    "\xE4\xB8\xBB\xE4\xBA\xBA\xE5\xA3\xAB",
    "\xE5\xBB\xBA",
    "\xE7\x9B\x9F",
    "\xE5\x8A\x9E\xE6\x95\x99\xE5\xB8\x88",
    "\xE9\x99\xA2\xE8\xB7\xAF",
    "\xE6\x9D\x83",
    "\xE4\xB8\xBB\xE6\xB4\xBE",
    "\xE9\x97\xB4\xE6\x96\x87\xE5\xAD\xA6",
};

static const char* const t1405[] = {
    "\xE5\x80\x99",
    "\xE6\xB8\xA9",
    "\xE6\xB0\x9B",
    "\xE4\xBD\x93",
    "\xE8\xB1\xA1",
    "\xE6\x81\xAF",
    "\xE5\x8A\xBF",
    "\xE5\x91\xB3",
    "\xE8\xB4\xA8",
    "\xE6\x84\xA4",
    "\xE6\xB5\x81",
    "\xE6\xB4\xBE",
    "\xE6\xA6\x82",
    "\xE8\xA1\x80",
    "\xE5\x9B\x8A",
    "\xE5\x8E\x8B",
    "\xE5\x8A\x9B",
    "\xE6\x81\xBC",
    "\xE7\x90\x83",
    "\xE8\x8A\x82",
    "\xE6\x97\x8B",
    "\xE5\x96\x98\xE5\x90\x81\xE5\x90\x81",
    "\xE7\xAE\xA1",
    "\xE5\xAD\x94",
    "\xE9\xAD\x84",
    "\xE6\xAD\xBB",
};

static const char* const t1406[] = {
    "\xE5\x9B\xB4",
};

static const char* const t1407[] = {
    "\xE6\xB0\x94",
};

static const char* const t1408[] = {
    "\xE5\x8C\x96",
    "\xE6\xB0\x94",
    "\xE5\x8C\x96\xE7\x89\xA9",
    "\xE5\x90\xA7",
};

static const char* const t1409[] = {
    "\xE5\x9F\xBA\xE9\x85\xB8",
    "\xE5\x9F\xBA",
    "\xE5\x8C\x96",
};

static const char* const t1410[] = {
    "\xE5\xB9\xB3",
    "\xE4\xBA\xA7",
    "\xE4\xB8\xAD",
    "\xE9\x9D\xA2",
    "\xE5\x8A\x9B",
    "\xE7\xB3\xBB",
    "\xE6\xB3\xA5",
    "\xE6\x9E\x9C",
    "\xE5\x88\xA9",
    "\xE8\xB4\xA8",
    "\xE8\xBF\x90",
    "\xE6\xB7\xB1",
    "\xE6\xB5\x81",
    "\xE6\x99\xB6",
    "\xE5\xBA\x93",
    "\xE9\x99\x86",
    "\xE7\xA8\xBB",
    "\xE4\xB8\x8B",
    "\xE5\x9F\x9F",
    "\xE4\xBA\xA7\xE5\x93\x81",
    "\xE5\x88\x86",
    "\xE7\x94\xB5\xE7\xAB\x99",
    "\xE7\x94\xB5",
    "\xE9\x87\x8F",
    "\xE4\xBD\x8D",
    "\xE4\xB8\x8A",
    "\xE5\x9C\x9F",
    "\xE6\xBA\x90",
    "\xE6\x96\x87",
    "\xE7\x94\x9F",
    "\xE5\xBA\x95",
    "\xE8\xB7\xAF",
    "\xE6\xB3\xB5",
    "\xE5\x87\x86",
    "\xE8\x83\xBD",
    "\xE6\xB8\xA9",
    "\xE6\x89\x8B",
    "\xE4\xB9\xA1",
    "\xE8\xB5\x84\xE6\xBA\x90",
    "\xE6\xB3\xA1",
    "\xE9\x81\x93",
    "\xE6\x97\x8F",
    "\xE6\x80\xA7",
    "\xE5\x86\x9B",
    "\xE8\xA7\xA3",
    "\xE9\x9B\xB7",
    "\xE4\xBD\x93",
    "\xE6\xB4\x9E",
    "\xE4\xBA\xA7\xE4\xB8\x9A",
    "\xE8\x8D\x89",
    "\xE8\x82\xBF",
    "\xE6\xBA\x90\xE5\x9C\xB0",
    "\xE5\x88\xA9\xE5\xB7\xA5\xE7\xA8\x8B",
    "\xE4\xBA\xA7\xE5\xB1\x80",
    "\xE6\x9E\x9C\xE6\xB9\x96",
    "\xE5\xB8\x88",
    "\xE5\xA3\xB0",
    "\xE9\x93\xB6",
    "\xE6\xBA\xB6\xE6\xB6\xB2",
    "\xE5\xA3\xB6",
    "\xE7\x94\xB0",
    "\xE5\x85\xB5",
};

static const char* const t1411[] = {
    "\xE8\xBF\x9C",
    "\xE4\xB9\x90",
    "\xE4\xB8\x8D",
    "\xE5\xAE\x89",
    "\xE4\xB9\x85",
    "\xE6\x81\x92",
    "\xE5\x92\x8C",
    "\xE5\x9B\xBA",
    "\xE6\x96\xB0",
    "\xE7\xA6\x8F",
    "\xE4\xB9\x85\xE6\x80\xA7",
};

static const char* const t1412[] = {
    "\xE8\x81\x8C",
    "\xE7\x9F\xA5",
    "\xE5\x8A\xA9",
    "\xE5\xBE\x97",
    "\xE8\x81\x8C\xE8\x80\x85",
    "\xE8\xA7\xA3",
    "\xE8\xA7\x81",
    "\xE6\x83\x85",
    "\xE6\x95\x91",
    "\xE5\x92\x8C",
    "\xE5\xAD\xA6",
};

static const char* const t1413[] = {
    "\xE6\x8A\xA5",
    "\xE7\x8E\x87",
    "\xE9\x9B\x86",
    "\xE5\x90\x88",
    "\xE7\xA5\xA8",
    "\xE5\x85\xA5",
    "\xE7\xBC\x96",
    "\xE5\x85\x91",
    "\xE8\x81\x9A",
    "\xE6\x88\x90",
};

static const char* const t1414[] = {
    "\xE7\x99\xBD\xE7\x8E\x89",
    "\xE5\xAD\x90",
    "\xE6\x97\x8F",
    "\xE5\x8F\xA3",
    "\xE4\xBA\xBA",
    "\xE8\xAF\xAD",
    "\xE6\xB1\x9F",
    "\xE5\xA5\xB8",
    "\xE9\x98\xB3",
    "\xE4\xB8\xAD",
    "\xE4\xBB\xA3",
    "\xE5\xAD\x97",
    "\xE6\xB0\xB4",
    "\xE6\x96\x87",
    "\xE5\xB7\x9D",
    "\xE9\x98\xB3\xE5\xBA\x9C",
    "\xE6\xAD\xA6\xE5\xB8\x9D",
    "\xE9\x98\xB3\xE5\x8C\xBA",
    "\xE5\x8D\x97\xE5\x8C\xBA",
    "\xE5\xA0\xA1",
    "\xE5\x9F\x8E",
    "\xE4\xB9\xA6",
    "\xE8\x8B\xB1",
    "\xE6\x9C\x9D",
    "\xE5\x8F\xA3\xE7\xAB\x99",
    "\xE9\x98\xB3\xE5\x86\x9B",
    "\xE5\xB7\x9D\xE5\xB8\x82",
    "\xE6\xB1\x9F\xE5\x85\xA8",
    "\xE4\xB8\xB9\xE7\xBA\xBF",
    "\xE6\x96\xBD\xE8\xB7\xAF",
    "\xE7\x8E\x8B",
    "\xE5\x94\x90",
};

static const char* const t1415[] = {
    "\xE5\xA4\xB4",
};

static const char* const t1416[] = {
    "\xE6\xB0\xB4",
};

static const char* const t1417[] = {
    "\xE6\x9C\x9F",
};

static const char* const t1418[] = {
    "\xE5\x8D\x97",
    "\xE5\xA4\x8F\xE5\x8C\xBA",
    "\xE9\x99\xB5",
    "\xE8\x8B\x8F",
    "\xE6\xB9\x96",
    "\xE8\xA5\xBF",
    "\xE6\xB3\xBD\xE6\xB0\x91",
    "\xE6\xB1\x89\xE5\xB9\xB3\xE5\x8E\x9F",
    "\xE5\xA4\x8F",
    "\xE6\xB1\x89",
    "\xE5\x8C\x97",
    "\xE5\xB1\xB1",
    "\xE8\x8B\x8F\xE7\x9C\x81",
    "\xE6\xB7\xAE",
    "\xE9\x9D\x92",
    "\xE6\xB0\xB4",
    "\xE9\x9D\xA2",
    "\xE5\xA4\x8F\xE9\x83\xA1",
    "\xE8\xA5\xBF\xE7\x9C\x81",
    "\xE4\xB8\xAD",
    "\xE6\xB2\xB3",
    "\xE9\x99\xB5\xE5\x8E\xBF",
    "\xE8\xB1\x9A",
    "\xE5\xB2\xB8\xE5\x8C\xBA",
    "\xE7\xBA\xB3\xE8\x8B\x97",
    "\xE4\xB8\x9C",
    "\xE6\xB5\x81",
    "\xE9\x86\x89\xE7\xAB\xA0",
    "\xE5\x9F\x8E",
    "\xE6\xAE\xB5",
    "\xE6\xB5\x99",
    "\xE5\xBA\x95",
    "\xE6\xB5\xB7",
    "\xE5\x8D\x97\xE8\xA5\xBF",
    "\xE9\x81\x93",
    "\xE6\xB1\x89\xE5\x8C\xBA",
    "\xE7\x8C\xAA",
    "\xE5\xA4\x8F\xE6\xB2\xBB",
    "\xE5\xAE\xB6\xE5\xB2\x94",
    "\xE6\xB3\xA2\xE6\xB8\xA1",
    "\xE8\xBE\xB9",
    "\xE9\x98\xB4",
};

static const char* const t1419[] = {
    "\xE6\xB2\xB3",
    "\xE5\xA1\x98",
    "\xE5\xAE\x87\xE5\xB3\xB0",
    "\xE6\x9C\x88\xE5\xA0\xA4",
    "\xE9\x99\x85\xE5\xB0\x9A",
};

static const char* const t1420[] = {
    "\xE6\x9F\x93",
    "\xE6\xB0\xB4",
    "\xE6\x9F\x93\xE7\x89\xA9",
};

static const char* const t1421[] = {
    "\xE8\x8B\xA5\xE6\x9C\x9B",
    "\xE5\x8C\x96\xE9\xBE\x99",
    "\xE7\x94\xA8\xE5\xBD\xA4",
    "\xE6\xB4\xAA\xE9\xAB\x98",
    "\xE5\xA7\x86\xE6\x96\xAF\xE6\x9D\xAF",
    "\xE6\x9D\xAF",
};

static const char* const t1422[] = {
    "\xE7\xB2\xBE\xE5\x8D\xAB",
    "\xE6\xB4\x8B",
    "\xE4\xB9\xA0\xE6\xA0\xB9",
    "\xE6\xBD\xAE\xE6\xB6\x8C",
    "\xE7\x88\xB1\xE7\xBE\xA4",
};

static const char* const t1423[] = {
    "\xE5\x8F\x96",
};

static const char* const t1424[] = {
    "\xE5\xB7\x9D",
};

static const char* const t1425[] = {
    "\xE6\xB6\x8C",
};

static const char* const t1426[] = {
    "\xE8\xBD\xA6",
    "\xE6\xB0\xB4",
    "\xE9\x85\x8D",
    "\xE6\xB2\xB9",
};

static const char* const t1427[] = {
    "\xE9\x98\xB3",
    "\xE5\x9B\xBD\xE6\x94\xBE",
    "\xE6\x80\x9D",
    "\xE6\x98\xA5\xE8\x80\x80",
    "\xE8\xBE\x9B\xE8\x8D\xAA",
    "\xE7\xBB\xBF\xE7\x88\xB1",
};

static const char* const t1428[] = {
    "\xE9\x87\x8D",
    "\xE9\xBB\x98",
    "\xE5\x90\x9F",
    "\xE7\xA7\xAF",
    "\xE6\x80\x9D",
    "\xE7\x9D\x80",
    "\xE6\xB7\x80",
    "\xE6\xB5\xB8",
    "\xE4\xBA\x95",
    "\xE9\xA6\x99",
    "\xE9\x9D\x99",
    "\xE7\xA7\xAF\xE7\x89\xA9",
    "\xE5\xAF\x82",
    "\xE8\x88\xB9",
    "\xE6\xB2\x89",
    "\xE6\xB2\xA1",
    "\xE9\x99\x8D",
    "\xE7\xA8\xB3",
};

static const char* const t1429[] = {
    "\xE6\xB5\xB4",
};

static const char* const t1430[] = {
    "\xE9\x98\xB3",
};

static const char* const t1431[] = {
    "\xE6\xBC\xA0",
    "\xE5\xB8\x82",
    "\xE6\xBB\xA9",
    "\xE5\x8F\x91",
    "\xE5\x83\xA7",
    "\xE4\xB8\x98",
    "\xE6\xB9\x96",
    "\xE5\xB8\x82\xE5\x8C\xBA",
    "\xE5\xA4\x8D\xE6\x98\x8E",
    "\xE7\x9A\x87",
    "\xE6\xB2\xB3",
    "\xE4\xBF\x84",
    "\xE5\x8C\x85",
    "\xE6\xB9\xBE",
    "\xE5\xAD\x90",
    "\xE5\x8F\xA3",
    "\xE9\xB1\xBC",
    "\xE5\x92\x80",
    "\xE5\xB8\x82\xE5\xB8\x82",
    "\xE6\xB4\x8B\xE5\x8E\xBF",
    "\xE6\xB4\xB2",
    "\xE7\x89\xB9",
    "\xE5\x9C\x9F",
};

static const char* const t1432[] = {
    "\xE9\x80\x9A",
    "\xE6\xB8\xA0",
};

static const char* const t1433[] = {
    "\xE6\x9C\x89",
    "\xE6\x83\xB3\xE5\x88\xB0",
    "\xE4\xBB\x80\xE4\xB9\x88",
    "\xE6\xB3\x95",
    "\xE6\x94\xB6",
    "\xE4\xBA\x8B",
    "\xE7\x94\xA8",
    "\xE5\x85\xB3\xE7\xB3\xBB",
    "\xE5\xBA\x95",
    "\xE5\xAE\x8C\xE6\xB2\xA1\xE4\xBA\x86",
};

static const char* const t1434[] = {
    "\xE9\x9D\x92",
};

static const char* const t1435[] = {
    "\xE4\xB8\xBA",
    "\xE9\x99\xB7",
};

static const char* const t1436[] = {
    "\xE6\xB5\xB7",
    "\xE5\xB7\x9E",
    "\xE6\xA1\x91",
};

static const char* const t1437[] = {
    "\xE4\xB8\xA7",
};

static const char* const t1438[] = {
    "\xE6\xB5\x81",
    "\xE5\x8D\x97",
    "\xE5\x8C\x97",
    "\xE9\x81\x93",
    "\xE5\x8F\xA3",
    "\xE5\xBA\x8A",
    "\xE5\x8D\x97\xE7\x9C\x81",
    "\xE8\xB0\xB7",
    "\xE6\xB0\xB4",
    "\xE5\x8C\x97\xE7\x9C\x81",
    "\xE6\xAE\xB5",
    "\xE8\xBE\xB9",
    "\xE8\x9F\xB9",
    "\xE8\xA5\xBF",
    "\xE7\xBD\x91",
    "\xE6\xB9\x96",
    "\xE5\xB2\xB8",
    "\xE6\xB9\xBE",
    "\xE9\x87\x8C",
    "\xE4\xB8\x9C",
    "\xE7\x95\x94",
    "\xE6\xB2\x9F",
    "\xE9\xB1\xBC",
    "\xE5\x8A\xBF",
    "\xE5\xA4\xB4",
    "\xE5\xAD\x90",
    "\xE5\x86\x85",
    "\xE8\xA5\xBF\xE8\xB5\xB0\xE5\xBB\x8A",
    "\xE9\x97\xB4",
    "\xE6\xBB\xA9",
    "\xE6\xBA\x90",
    "\xE5\xA5\x97",
    "\xE5\xA0\xA4",
};

static const char* const t1439[] = {
    "\xE7\x82\xB9",
    "\xE8\x85\xBE",
};

static const char* const t1440[] = {
    "\xE6\x96\x99",
    "\xE7\x94\xBB",
    "\xE7\x94\xB0",
    "\xE8\x84\x82",
    "\xE6\xBC\x86",
    "\xE8\x8C\xB6",
    "\xE6\xA1\x90",
    "\xE4\xBB\xB7",
    "\xE6\xB0\x94",
    "\xE8\x8F\x9C",
    "\xE7\xA0\x82",
    "\xE9\xA5\xB0",
    "\xE6\xA6\xA8",
    "\xE7\x81\xAF",
};

static const char* const t1441[] = {
    "\xE7\x96\x97",
    "\xE7\x90\x86",
    "\xE5\xAE\x89",
    "\xE6\x89\x80",
    "\xE6\x9D\x83",
    "\xE5\x9B\xBD",
    "\xE7\x97\x85",
    "\xE6\x84\x88",
};

static const char* const t1442[] = {
    "\xE6\xB3\xBD",
    "\xE6\xB3\xBD\xE5\x9C\xB0",
};

static const char* const t1443[] = {
    "\xE6\xB5\xB7",
    "\xE9\x9D\xA9",
    "\xE5\xB2\xB8",
    "\xE7\x9D\x80",
    "\xE7\x94\xA8",
    "\xE9\x80\x94",
    "\xE7\xBA\xBF",
    "\xE6\xB1\x9F",
    "\xE6\xB2\xB3",
    "\xE8\xA2\xAD",
};

static const char* const t1444[] = {
    "\xE9\x9C\xB2",
    "\xE6\xBC\x8F",
};

static const char* const t1445[] = {
    "\xE6\xB0\xB4",
    "\xE5\xB7\x9E",
};

static const char* const t1446[] = {
    "\xE4\xBD\x8D",
};

static const char* const t1447[] = {
    "\xE5\xBE\x8B",
    "\xE5\x9B\xBD",
    "\xE8\xA7\x84",
    "\xE9\x99\xA2",
    "\xE5\x88\xB6",
    "\xE5\xBA\xAD",
    "\xE5\xAE\x9A",
    "\xE5\xAD\xA6",
    "\xE5\xAD\x90",
    "\xE4\xBB\xA4",
    "\xE8\xA5\xBF\xE6\x96\xAF",
    "\xE5\xAE\x98",
    "\xE7\x8E\x8B",
    "\xE4\xBA\xBA",
    "\xE5\x85\xB8",
    "\xE6\xB2\xBB",
    "\xE5\x88\x99",
    "\xE8\xAF\xAD",
    "\xE6\xA1\x88",
    "\xE5\x85\xB0\xE8\xA5\xBF",
    "\xE5\x9B\xBD\xE4\xBA\xBA",
    "\xE5\x85\xB0\xE5\x85\x8B\xE7\xA6\x8F",
    "\xE6\x8B\x89\xE7\xAC\xAC",
    "\xE5\xAE\x9D",
    "\xE5\x9B\xBD\xE9\x98\x9F",
    "\xE5\xBA\xA6",
    "\xE9\x97\xA8",
    "\xE5\x90\x8D",
    "\xE5\xB8\x88",
};

static const char* const t1448[] = {
    "\xE6\xBB\xA5",
};

static const char* const t1449[] = {
    "\xE6\xB2\xAB",
};

static const char* const t1450[] = {
    "\xE6\x96\xAF",
    "\xE5\x85\xB0",
    "\xE5\x8A\xA8",
    "\xE9\x95\xBF",
    "\xE7\xBD\x97\xE7\x9A\x84\xE6\xB5\xB7",
    "\xE7\xBD\x97",
    "\xE6\xAE\xB5",
    "\xE9\x9F\xB3",
    "\xE6\x96\xAF\xE6\xB9\xBE",
    "\xE6\xB5\xAA",
    "\xE5\x8F\x8A",
    "\xE6\xB6\x9B",
};

static const char* const t1451[] = {
    "\xE6\xB2\x99",
    "\xE5\x9C\x9F",
    "\xE9\xB3\x85",
    "\xE7\x81\xB0\xE5\xB2\xA9",
};

static const char* const t1452[] = {
    "\xE6\x84\x8F",
    "\xE9\x87\x8D",
    "\xE5\x85\xA5",
    "\xE5\x86\x8C",
    "\xE8\xA7\x86",
    "\xE5\xB0\x84",
    "\xE5\xAE\x9A",
    "\xE6\x84\x8F\xE5\x8A\x9B",
    "\xE9\x87\x8A",
    "\xE6\x98\x8E",
    "\xE7\x9B\xAE",
};

static const char* const t1453[] = {
    "\xE6\xB0\xB4",
    "\xE7\x8F\xA0",
    "\xE8\x8A\xB1",
};

static const char* const t1454[] = {
    "\xE5\x9B\xBD",
    "\xE5\xB1\xB1",
    "\xE6\x9D\xA5",
    "\xE5\xB7\x9E",
};

static const char* const t1455[] = {
    "\xE7\x99\xBD",
    "\xE5\x87\x80",
};

static const char* const t1456[] = {
    "\xE8\x8A\x8B",
    "\xE4\xBA\xBA",
    "\xE8\xA1\x8C",
    "\xE6\xBA\xA2",
    "\xE5\x8A\xA1",
};

static const char* const t1457[] = {
    "\xE7\xA4\xBC",
    "\xE6\xBE\xA1",
    "\xE8\x84\xB8",
    "\xE5\x8A\xAB",
    "\xE6\x89\x8B",
    "\xE5\x87\x80",
    "\xE8\xA1\xA3\xE6\x9C\xBA",
    "\xE8\xA1\xA3",
};

static const char* const t1458[] = {
    "\xE9\x98\xB3",
    "\xE6\x9D\x89\xE7\x9F\xB6",
    "\xE6\xA1\x91",
    "\xE5\x85\x8B\xE5\xB8\x8C\xE5\xBE\xB7",
    "\xE9\x98\xB3\xE5\x9F\x8E",
};

static const char* const t1459[] = {
    "\xE5\xBA\xAD\xE6\xB9\x96",
    "\xE5\x8F\xA3",
    "\xE7\xA9\xB4",
    "\xE5\xBA\xAD",
    "\xE7\xAA\x9F",
    "\xE5\xBC\x80",
};

static const char* const t1460[] = {
    "\xE8\xB4\xB4",
    "\xE5\x8D\x97",
    "\xE5\xB7\xB4\xE5\xB8\x83\xE9\x9F\xA6",
};

static const char* const t1461[] = {
    "\xE5\xB1\xB1\xE5\x8C\xBA",
    "\xE6\x89\xBF\xE7\x95\xB4",
    "\xE6\xB0\xB4",
    "\xE6\xB9\x96",
    "\xE4\xB8\x83\xE5\x85\xAC",
    "\xE5\xB1\xB1",
    "\xE6\xAD\xA6",
    "\xE6\xB6\x9D",
    "\xE6\xB5\x81",
    "\xE5\x87\x8C\xE6\xB3\xA2",
    "\xE6\xB9\x96\xE5\xB8\x82",
    "\xE4\xBA\xAE",
};

static const char* const t1462[] = {
    "\xE5\x8A\xA8",
    "\xE8\xB7\x83",
    "\xE7\x9D\x80",
    "\xE5\x8A\x9B",
    "\xE6\xB3\xBC",
    "\xE5\xA1\x9E",
    "\xE6\x80\xA7",
    "\xE4\xBA\xBA",
    "\xE5\x84\xBF",
    "\xE6\xB4\xBB",
    "\xE6\x8D\x89",
    "\xE4\xBD\x9B",
    "\xE7\x94\x9F\xE7\x94\x9F",
    "\xE6\x80\xA7\xE6\x9F\x93\xE6\x96\x99",
};

static const char* const t1463[] = {
    "\xE5\x9C\xB0",
};

static const char* const t1464[] = {
    "\xE5\x87\xBA",
    "\xE9\x81\xA3",
    "\xE5\x85\xB5",
    "\xE5\x88\xAB",
    "\xE5\x87\xBA\xE6\x89\x80",
    "\xE7\xB3\xBB",
    "\xE7\x94\x9F",
};

static const char* const t1465[] = {
    "\xE9\x80\x9A",
    "\xE8\xA1\x8C",
    "\xE5\x9F\x9F",
    "\xE5\x8A\xA8",
    "\xE9\x80\x9A\xE8\x82\xA1",
    "\xE4\xBC\xA0",
    "\xE9\x87\x8F",
    "\xE5\x85\xA5",
    "\xE7\xBB\x8F",
    "\xE6\xB4\xBE",
    "\xE4\xBD\x93",
    "\xE8\xA1\x80",
    "\xE9\x9C\xB2",
    "\xE5\x87\xBA",
    "\xE8\xB4\xBC",
    "\xE5\xA4\xB1",
    "\xE6\xB0\xB4",
    "\xE6\xB0\x93",
    "\xE6\xB3\xAA",
    "\xE4\xBA\xA1",
    "\xE8\x8A\xB3",
    "\xE8\x8A\xB3\xE7\x99\xBE\xE4\xB8\x96",
    "\xE7\xA8\x8B",
    "\xE4\xB8\x8B",
    "\xE5\x90\x91",
    "\xE7\x95\x85",
    "\xE6\x98\x9F",
    "\xE8\xA8\x80",
    "\xE9\x80\x9F",
    "\xE6\x94\xBE",
    "\xE5\x8A\xA8\xE6\x80\xA7",
    "\xE6\xB7\x8C",
    "\xE4\xBA\xA7",
    "\xE6\xB5\xAA",
    "\xE8\x90\xBD",
    "\xE9\x80\x9A\xE9\xA2\x86\xE5\x9F\x9F",
    "\xE4\xBD\x93\xE5\x8A\x9B\xE5\xAD\xA6",
    "\xE5\x88\xA9",
};

static const char* const t1466[] = {
    "\xE6\xB0\xB4",
    "\xE5\xB1\x82",
    "\xE6\xB5\xB7",
    "\xE8\x89\xB2",
};

static const char* const t1467[] = {
    "\xE6\xB3\xA8",
};

static const char* const t1468[] = {
    "\xE9\x87\x8F",
    "\xE8\xAF\x95",
    "\xE5\xAE\x9A",
    "\xE9\xAA\x8C",
    "\xE7\xBB\x98",
    "\xE8\xAF\x84",
    "\xE7\xAE\x97",
};

static const char* const t1469[] = {
    "\xE5\x8D\x97",
    "\xE5\x8D\x97\xE5\xB8\x82",
};

static const char* const t1470[] = {
    "\xE8\xA7\x88",
};

static const char* const t1471[] = {
    "\xE8\xBA\xAB",
    "\xE5\x8E\x9A",
};

static const char* const t1472[] = {
    "\xE5\x8E\x9A",
    "\xE9\x83\x81",
    "\xE5\xBA\xA6",
    "\xE7\xBC\xA9",
    "\xE9\x87\x8D",
    "\xE7\x83\x88",
    "\xE7\x83\x9F",
};

static const char* const t1473[] = {
    "\xE6\xB1\x9F",
    "\xE6\xB1\x9F\xE7\x9C\x81",
    "\xE4\xB8\x9C",
};

static const char* const t1474[] = {
    "\xE6\xB0\xB4",
    "\xE6\xB0\xB4\xE5\x8E\xBF",
};

static const char* const t1475[] = {
    "\xE4\xB8\x9C",
};

static const char* const t1476[] = {
    "\xE6\xB5\xA9\xE8\x8D\xA1\xE8\x8D\xA1",
    "\xE5\x8A\xAB",
};

static const char* const t1477[] = {
    "\xE8\xB4\xB9",
    "\xE6\xBC\xAB",
    "\xE6\xBD\xAE",
    "\xE6\xBC\xAB\xE4\xB8\xBB\xE4\xB9\x89",
};

static const char* const t1478[] = {
    "\xE9\x9B\x95",
    "\xE8\x82\xBF",
    "\xE5\x8A\xA8",
    "\xE7\x8E\xB0",
};

static const char* const t1479[] = {
    "\xE5\x86\x9B",
    "\xE6\x8B\x94",
    "\xE6\xB4\x8B",
    "\xE4\xB8\x8A",
    "\xE5\xA4\x96",
    "\xE8\x97\xBB",
    "\xE5\xBA\x95",
    "\xE5\xB3\xA1",
    "\xE5\xB2\xB8",
    "\xE6\xB0\xB4",
    "\xE5\x9F\x9F",
    "\xE5\x8D\x97",
    "\xE9\x9D\xA2",
    "\xE6\xB9\xBE",
    "\xE9\x87\x8C",
    "\xE5\x85\xB3",
    "\xE5\xB2\xB8\xE7\xBA\xBF",
    "\xE5\x86\x85\xE5\xA4\x96",
    "\xE8\xBE\xB9",
    "\xE5\x8D\x97\xE7\x9C\x81",
    "\xE5\x8D\x97\xE5\xB2\x9B",
    "\xE6\xBB\xA8",
    "\xE5\x8F\xA3",
    "\xE6\xBB\xA9",
    "\xE7\x9B\x97",
    "\xE8\xBF\x90",
    "\xE6\xB8\xAF",
    "\xE5\x8C\xBA",
    "\xE7\x91\x9E",
    "\xE4\xBA\xA7",
    "\xE6\x88\x98",
    "\xE5\x8F\x82",
    "\xE9\x98\xB2",
    "\xE5\xB2\x9B",
    "\xE7\x9B\x86",
    "\xE6\xB2\xB3",
    "\xE6\xB9\xBE\xE6\x88\x98\xE4\xBA\x89",
    "\xE5\xB0\x94",
    "\xE6\x8A\xA5",
    "\xE6\xB5\xAA",
    "\xE5\x9C\xB0",
    "\xE8\xB1\xB9",
    "\xE5\xAE\x81",
    "\xE6\xB7\x80\xE5\x8C\xBA",
    "\xE6\xB2\x9F",
};

static const char* const t1480[] = {
    "\xE6\xB3\xA1",
    "\xE9\x80\x8F",
};

static const char* const t1481[] = {
    "\xE6\x96\x99",
    "\xE9\x95\xBF\xE6\x9C\x9B",
    "\xE9\xBB\x8E\xE6\x9B\xBC",
    "\xE6\x8A\xB9",
};

static const char* const t1482[] = {
    "\xE6\x81\xAF",
    "\xE8\xB4\xB9",
    "\xE8\xB4\xB9\xE8\x80\x85",
    "\xE5\xA4\xB1",
    "\xE9\x99\xA4",
    "\xE7\x81\xAD",
    "\xE5\x8C\x96",
    "\xE8\x80\x97",
    "\xE8\xB4\xB9\xE5\x93\x81",
    "\xE6\x9E\x81",
    "\xE6\xAF\x92",
    "\xE4\xBA\xA1",
    "\xE9\x98\xB2",
    "\xE5\x8C\x96\xE9\x81\x93",
    "\xE9\x81\xA3",
    "\xE7\x98\xA6",
    "\xE6\x95\xA3",
};

static const char* const t1483[] = {
    "\xE5\x8F\x8A",
    "\xE8\xB6\xB3",
    "\xE5\xA4\x96",
    "\xE5\xAB\x8C",
};

static const char* const t1484[] = {
    "\xE7\x8E\xB0",
    "\xE5\x87\xBA",
    "\xE5\x85\xA5",
};

static const char* const t1485[] = {
    "\xE8\xBD\xAE",
};

static const char* const t1486[] = {
    "\xE5\xB9\x85",
    "\xE5\x81\x9C",
    "\xE4\xBB\xB7",
};

static const char* const t1487[] = {
    "\xE4\xBD\x93",
    "\xE6\x99\xB6",
    "\xE5\x8E\x8B",
    "\xE6\x80\x81",
    "\xE5\x8C\x96",
};

static const char* const t1488[] = {
    "\xE7\x9B\x96",
};

static const char* const t1489[] = {
    "\xE7\xB2\x89",
};

static const char* const t1490[] = {
    "\xE5\xB7\xB4",
    "\xE5\xB7\xB4\xE7\xBB\x93",
};

static const char* const t1491[] = {
    "\xE6\xB1\xB0",
};

static const char* const t1492[] = {
    "\xE6\xB7\x99",
};

static const char* const t1493[] = {
    "\xE6\xB0\xB4\xE9\xB1\xBC",
    "\xE6\xB0\xB4",
    "\xE6\xB7\xA1",
    "\xE6\xB7\xA1\xE7\x9A\x84",
    "\xE5\x8C\x96",
    "\xE6\xB7\xA1\xE5\x9C\xB0",
};

static const char* const t1494[] = {
    "\xE7\xA7\xAF",
    "\xE6\xB3\xA5",
};

static const char* const t1495[] = {
    "\xE5\x8D\x97",
    "\xE6\xB2\xB3",
};

static const char* const t1496[] = {
    "\xE5\x85\xA5",
    "\xE5\x88\xBB",
    "\xE5\x9C\xB3",
    "\xE5\xA4\x84",
    "\xE6\xB7\xB1",
    "\xE5\xBA\xA6",
    "\xE5\x8F\x97",
    "\xE5\x8C\x96",
    "\xE8\xBF\x9C",
    "\xE5\x8E\x9A",
    "\xE5\xA4\x9C",
    "\xE5\xB1\xB1",
    "\xE5\x9C\xB3\xE5\xB8\x82",
    "\xE6\x84\x9F",
    "\xE7\x9F\xA5",
    "\xE6\xB2\x89",
    "\xE6\x83\x85",
    "\xE5\x88\x87",
    "\xE6\xB5\xB7",
    "\xE8\xB0\xB7",
    "\xE6\xB0\xB4",
    "\xE6\xB8\x8A",
    "\xE5\xB1\x82",
    "\xE9\x80\xA0",
    "\xE9\x87\x8D",
    "\xE9\x82\x83",
    "\xE6\x80\x9D",
    "\xE4\xBF\xA1",
    "\xE9\x99\xB7",
};

static const char* const t1497[] = {
    "\xE5\x90\x88",
    "\xE4\xB9\xB1",
    "\xE5\x87\x9D\xE5\x9C\x9F",
    "\xE6\x88\x98",
    "\xE6\xB7\x86",
    "\xE6\x9D\x82",
    "\xE5\x90\x88\xE7\x89\xA9",
    "\xE8\x9B\x8B",
    "\xE6\xB2\x8C",
    "\xE5\x85\xA5",
    "\xE4\xBA\xA4\xE6\x9E\x97",
};

static const char* const t1498[] = {
    "\xE6\xB2\xA1",
    "\xE6\xAD\xBB",
};

static const char* const t1499[] = {
    "\xE5\x8A\xA0",
    "\xE5\x8A\xA0\xE5\x89\x82",
};

static const char* const t1500[] = {
    "\xE6\xA5\x9A",
    "\xE4\xBB\xA3",
    "\xE6\x9C\x9D",
    "\xE6\x94\xBF\xE5\xBA\x9C",
    "\xE6\x99\xB0",
    "\xE9\x86\x92",
    "\xE5\x85\xB5",
    "\xE5\x86\x9B",
    "\xE6\xB4\x81",
    "\xE5\x8D\x8E",
    "\xE7\x90\x86",
    "\xE6\x99\xA8",
    "\xE6\x9C\xAB",
    "\xE5\xAE\xAB",
    "\xE5\x8D\x8E\xE5\xA4\xA7\xE5\xAD\xA6",
    "\xE9\xA3\x8E",
    "\xE9\x99\xA4",
    "\xE6\xB1\x9F",
    "\xE6\xB8\x85\xE6\xA5\x9A\xE6\xA5\x9A",
    "\xE6\xB0\xB4",
    "\xE6\x96\xB0",
    "\xE6\xBE\x88",
    "\xE8\x92\xB8",
    "\xE7\x82\x96",
    "\xE5\xBB\xB7",
    "\xE5\x88\x9D",
    "\xE6\xB4\x97",
    "\xE8\x84\x86",
    "\xE4\xBA\xAE",
    "\xE7\x9C\x9F\xE5\xAF\xBA",
    "\xE7\xAE\x97",
    "\xE5\x8D\x95",
    "\xE6\x98\x8E",
    "\xE9\x9D\x99",
    "\xE5\x87\x89",
    "\xE7\x99\xBD",
    "\xE6\x97\xA9",
    "\xE6\x9F\xA5",
    "\xE4\xBA\xBA",
    "\xE5\x8F\xB2",
    "\xE9\xA6\x99",
    "\xE7\x83\xAD",
    "\xE7\xA7\x80",
    "\xE5\x87\x80",
};

static const char* const t1501[] = {
    "\xE6\xBA\x90",
};

static const char* const t1502[] = {
    "\xE6\xB8\x90",
    "\xE8\xBF\x91",
};

static const char* const t1503[] = {
    "\xE4\xB8\x9A",
    "\xE6\xB0\x91",
    "\xE5\x9C\xBA",
    "\xE7\xBD\x91",
    "\xE8\x88\xB9",
    "\xE4\xBA\xBA",
};

static const char* const t1504[] = {
    "\xE9\x80\x8F",
    "\xE5\x87\xBA",
    "\xE5\x85\xA5",
};

static const char* const t1505[] = {
    "\xE9\x81\x93",
};

static const char* const t1506[] = {
    "\xE8\xBF\x87",
    "\xE6\xB1\x9F",
    "\xE6\xB2\xB3",
    "\xE5\x8F\xA3",
};

static const char* const t1507[] = {
    "\xE6\xB5\xB7",
};

static const char* const t1508[] = {
    "\xE5\xBA\xA6",
    "\xE6\x9A\x96",
    "\xE5\x92\x8C",
    "\xE5\xB8\xA6",
    "\xE6\x9F\x94",
    "\xE6\xB3\x89",
    "\xE5\xB7\xAE",
    "\xE5\xB7\x9E",
    "\xE9\xA6\xA8",
    "\xE7\x83\xAD",
    "\xE5\xAE\xB6\xE5\xAE\x9D",
    "\xE9\xA5\xB1",
    "\xE5\xAE\xA4",
};

static const char* const t1509[] = {
    "\xE5\x8F\xA3",
    "\xE6\xBE\xB3",
    "\xE6\xB9\xBE",
    "\xE5\x85\x83",
};

static const char* const t1510[] = {
    "\xE6\x9F\x93",
};

static const char* const t1511[] = {
    "\xE6\x9C\x9B",
};

static const char* const t1512[] = {
    "\xE5\xAE\xA2",
    "\xE8\xA1\x8C",
    "\xE6\x88\x8F",
    "\xE6\xB3\xB3",
    "\xE8\xA7\x88",
    "\xE5\x87\xBB\xE9\x98\x9F",
    "\xE7\x89\xA7",
    "\xE4\xBA\xBA",
    "\xE5\x87\xBB\xE6\x88\x98\xE4\xBA\x89",
    "\xE7\xA6\xBB",
    "\xE5\x87\xBB",
    "\xE8\xAE\xB0",
    "\xE5\xAD\x90",
    "\xE7\x8E\xA9",
    "\xE6\x88\x8F\xE6\x9C\xBA",
    "\xE8\x8D\xA1",
    "\xE5\x8E\x86",
    "\xE5\x87\xBB\xE6\x88\x98",
    "\xE8\xA1\x97",
    "\xE5\x8A\xA8",
};

static const char* const t1513[] = {
    "\xE8\x8C\xAB",
};

static const char* const t1514[] = {
    "\xE5\x8C\x97",
    "\xE5\x8C\x97\xE7\x9C\x81",
    "\xE5\x8D\x97",
    "\xE6\xB3\x8A",
    "\xE5\x8D\x97\xE7\x9C\x81",
    "\xE5\xB9\xBF",
    "\xE6\xB0\xB4",
    "\xE9\x9D\xA2",
    "\xE8\xA5\xBF",
    "\xE5\x8C\xBA",
    "\xE8\xBE\xB9",
    "\xE4\xB8\xAD",
    "\xE5\x8C\x97\xE7\x9C\x81\xE5\xA7\x94",
    "\xE5\xB7\x9E",
    "\xE7\x95\x94",
    "\xE4\xB8\x8A",
};

static const char* const t1515[] = {
    "\xE9\x84\x82",
    "\xE8\xA5\xBF",
    "\xE4\xBA\x91",
    "\xE5\x8C\x97",
    "\xE5\x86\x9B",
};

static const char* const t1516[] = {
    "\xE6\xB6\xA6",
    "\xE5\x9C\xB0",
    "\xE5\xBA\xA6",
    "\xE7\x83\xAD",
};

static const char* const t1517[] = {
    "\xE7\x96\xA1",
    "\xE8\xB4\xA5",
};

static const char* const t1518[] = {
    "\xE4\xBA\x8E",
    "\xE6\xB3\x89",
    "\xE5\xA4\xB4",
    "\xE8\x87\xAA",
    "\xE6\xBA\x90\xE4\xB8\x8D\xE6\x96\xAD",
};

static const char* const t1519[] = {
    "\xE4\xBB\xAA",
};

static const char* const t1520[] = {
    "\xE6\xB0\xB4",
    "\xE6\xB5\x81",
};

static const char* const t1521[] = {
    "\xE6\xB6\xB2",
    "\xE5\x89\x82",
    "\xE4\xBA\x8E",
    "\xE8\xA7\xA3",
};

static const char* const t1522[] = {
    "\xE5\x91\xB3",
    "\xE6\xB6\xA6",
    "\xE7\x94\x9F",
    "\xE8\xA1\xA5\xE5\x93\x81",
};

static const char* const t1523[] = {
    "\xE7\xA8\xBD",
    "\xE9\x9B\xAA",
};

static const char* const t1524[] = {
    "\xE6\xBB\x94",
};

static const char* const t1525[] = {
    "\xE4\xB8\x80\xE9\x9B\xB7",
};

static const char* const t1526[] = {
    "\xE6\xBB\x9A",
    "\xE5\x8A\xA8",
};

static const char* const t1527[] = {
    "\xE5\x90\x8E",
};

static const char* const t1528[] = {
    "\xE8\xB6\xB3",
    "\xE6\x84\x8F",
    "\xE8\x84\xB8",
    "\xE6\xB4\xB2",
    "\xE6\x97\x8F",
    "\xE6\xB8\x85",
    "\xE6\x80\x80",
    "\xE8\x85\x94",
    "\xE5\x9C\xB0",
    "\xE8\xBD\xBD",
    "\xE8\xBA\xAB",
    "\xE9\x9D\xA2",
    "\xE5\xBF\x83",
    "\xE5\xA4\xB4",
    "\xE5\x8F\xA3",
    "\xE6\x96\x87",
    "\xE8\x85\xB9",
};

static const char* const t1529[] = {
    "\xE7\x94\xA8",
};

static const char* const t1530[] = {
    "\xE6\xB5\xB7",
};

static const char* const t1531[] = {
    "\xE5\xAE\x9A",
};

static const char* const t1532[] = {
    "\xE4\xBA\xAE",
    "\xE6\xB5\xAE",
    "\xE6\xB5\x81",
};

static const char* const t1533[] = {
    "\xE9\xBB\x91",
    "\xE6\xA0\x91",
    "\xE5\x99\xA8",
};

static const char* const t1534[] = {
    "\xE6\xB4\x9E",
};

static const char* const t1535[] = {
    "\xE5\x87\xBA",
    "\xE4\xB9\xA0",
    "\xE5\x91\x98",
    "\xE5\x8F\x98",
    "\xE5\xA5\x8F",
    "\xE7\xBB\x83",
    "\xE5\x8C\x96",
    "\xE8\xAE\xB2",
    "\xE5\x94\xB1",
    "\xE8\xAF\xB4",
    "\xE7\xA4\xBA",
    "\xE7\xBB\x8E",
    "\xE6\x88\x8F",
};

static const char* const t1536[] = {
    "\xE8\xBF\x90",
};

static const char* const t1537[] = {
    "\xE5\x8C\x97",
};

static const char* const t1538[] = {
    "\xE9\x95\xBF",
    "\xE6\xAD\xA5",
    "\xE7\x94\xBB",
    "\xE6\xB8\xB8",
    "\xE5\xA4\xA9",
};

static const char* const t1539[] = {
    "\xE5\xB7\x9E",
};

static const char* const t1540[] = {
    "\xE6\xB9\x98",
    "\xE6\xB4\x92",
};

static const char* const t1541[] = {
    "\xE7\xB2\xA4\xE6\x98\x8E",
};

static const char* const t1542[] = {
    "\xE8\x89\x87",
    "\xE5\x8A\x9B",
    "\xE6\xB1\x9F\xE5\xB8\x82",
    "\xE6\xB1\x9F",
    "\xE6\xB0\xB4",
    "\xE5\x9C\xA8",
    "\xE5\xBF\x83",
    "\xE5\x85\xA5",
    "\xE4\xBC\x8F",
    "\xE8\x83\xBD",
};

static const char* const t1543[] = {
    "\xE6\xB5\x81",
    "\xE6\xB9\xBF",
    "\xE6\xB0\xB4",
    "\xE6\xB1\x90",
};

static const char* const t1544[] = {
    "\xE5\x85\xB3",
};

static const char* const t1545[] = {
    "\xE6\xB8\x85",
};

static const char* const t1546[] = {
    "\xE5\xA4\xA7\xE5\x88\xA9\xE4\xBA\x9A",
    "\xE9\x97\xA8",
    "\xE6\xB4\xB2",
};

static const char* const t1547[] = {
    "\xE7\x83\x88",
    "\xE5\x8A\xA8",
    "\xE7\xB4\xA0",
    "\xE5\x85\x89",
    "\xE6\x83\x85",
    "\xE5\x8F\x91",
    "\xE8\xB5\xB7",
    "\xE5\x8A\xB1",
    "\xE6\x88\x98",
    "\xE6\x98\x82",
    "\xE6\xB5\x81",
    "\xE6\x80\x92",
    "\xE5\x8C\x96",
    "\xE8\x8D\xA1",
    "\xE5\x85\x89\xE5\x99\xA8",
    "\xE8\xBF\x9B",
    "\xE6\xB4\xBB",
};

static const char* const t1548[] = {
    "\xE4\xB8\xB4",
};

static const char* const t1549[] = {
    "\xE5\xB8\x83",
};

static const char* const t1550[] = {
    "\xE6\xBA\x89",
    "\xE6\x9C\xA8",
    "\xE4\xB8\x9B",
};

static const char* const t1551[] = {
    "\xE7\xAE\xAD",
    "\xE5\xB1\xB1",
    "\xE7\x82\xAE",
    "\xE8\xBD\xA6",
    "\xE5\x8A\x9B",
    "\xE8\xBD\xA6\xE7\xAB\x99",
    "\xE7\x82\xAC\xE8\xAE\xA1\xE5\x88\x92",
    "\xE5\x85\x89",
    "\xE7\x83\xA7",
    "\xE7\x84\xB0",
    "\xE6\x8A\x8A",
    "\xE8\x8D\xAF",
    "\xE7\x82\xAC",
    "\xE5\x99\xA8",
    "\xE7\x81\xBE",
    "\xE6\x98\x9F",
    "\xE9\x94\x85",
    "\xE5\x80\x99",
    "\xE6\x8E\xA7",
    "\xE7\x83\xAD",
    "\xE7\x88\x86",
    "\xE6\x9F\xB4",
    "\xE8\x85\xBF\xE8\x82\xA0",
    "\xE9\x80\x9F",
    "\xE8\x8A\xB1",
    "\xE5\xA0\x86",
    "\xE7\x94\xB5\xE7\xAB\x99",
    "\xE7\xAE\xAD\xE7\x82\xAE",
    "\xE7\xAE\xAD\xE5\xBC\xB9",
    "\xE9\xBE\x99",
    "\xE6\x9E\xAA",
    "\xE5\xB1\xB1\xE5\x8F\xA3",
};

static const char* const t1552[] = {
    "\xE4\xBA\xA1",
    "\xE7\xBB\x9D",
    "\xE7\x81\xAB",
};

static const char* const t1553[] = {
    "\xE5\x85\x89",
    "\xE7\xAC\xBC",
    "\xE7\x81\xAB",
};

static const char* const t1554[] = {
    "\xE8\x89\xB2",
    "\xE5\xB0\x98",
    "\xE8\xA4\x90\xE8\x89\xB2",
    "\xE9\x99\xB6",
};

static const char* const t1555[] = {
    "\xE9\xAD\x82",
    "\xE6\xB4\xBB",
    "\xE6\x9F\xA9",
    "\xE6\x95\x8F",
    "\xE6\x84\x9F",
    "\xE6\xB4\xBB\xE6\x80\xA7",
    "\xE6\x9C\xBA\xE4\xB8\x80\xE5\x8A\xA8",
    "\xE6\x95\x8F\xE5\xBA\xA6",
};

static const char* const t1556[] = {
    "\xE5\x8F\xB0",
};

static const char* const t1557[] = {
    "\xE9\x9A\xBE",
    "\xE5\xAE\xB3",
    "\xE5\x8C\xBA",
    "\xE6\xB0\x91",
};

static const char* const t1558[] = {
    "\xE7\x83\x82",
};

static const char* const t1559[] = {
    "\xE5\xAD\x90",
    "\xE7\x81\xAB",
};

static const char* const t1560[] = {
    "\xE5\xB8\x9D",
    "\xE7\x83\xAD",
    "\xE7\x97\x87",
};

static const char* const t1561[] = {
    "\xE8\x8F\x9C",
    "\xE7\xB1\xB3",
    "\xE4\xBD\x9C",
    "\xE9\x9D\xA2",
    "\xE9\x94\x85",
    "\xE5\x88\xB6",
};

static const char* const t1562[] = {
    "\xE8\x80\x80",
};

static const char* const t1563[] = {
    "\xE7\x81\xAB",
};

static const char* const t1564[] = {
    "\xE5\xBC\xB9",
    "\xE5\x85\xB5",
    "\xE5\xA3\xB0",
    "\xE5\xA1\x94",
    "\xE7\x81\xAB",
    "\xE5\x87\xBB",
    "\xE5\x8F\xB0",
    "\xE8\xBD\xB0",
};

static const char* const t1565[] = {
    "\xE5\xBC\xB9",
    "\xE8\x8D\xAF",
    "\xE6\xAF\x81",
};

static const char* const t1566[] = {
    "\xE5\xA4\xB4",
    "\xE4\xBA\xAE",
    "\xE7\x82\xB9\xE5\xA4\xB4",
    "\xE6\xBB\xB4",
    "\xE7\x87\x83",
    "\xE5\x84\xBF",
    "\xE8\xAF\x84",
    "\xE7\x9D\x80",
    "\xE7\xBC\x80",
    "\xE5\x87\xBB",
    "\xE5\xAD\x90",
    "\xE5\xBF\x83",
    "\xE7\x82\xB9",
    "\xE7\x81\xAB",
    "\xE7\x81\xAB\xE5\x99\xA8",
    "\xE5\x86\x9B\xE5\x8C\xBA",
    "\xE7\xA9\xB4",
    "\xE4\xB8\xAD",
};

static const char* const t1567[] = {
    "\xE5\x88\xB6",
    "\xE6\xB2\xB9",
    "\xE4\xB8\xB9",
};

static const char* const t1568[] = {
    "\xE5\xA3\xAB",
    "\xE7\x81\xAB",
};

static const char* const t1569[] = {
    "\xE7\x83\xA4",
};

static const char* const t1570[] = {
    "\xE5\x85\x89",
};

static const char* const t1571[] = {
    "\xE8\x8D\x89",
    "\xE9\x9B\xBE",
    "\xE5\x8F\xB0",
    "\xE7\x81\xAB",
    "\xE5\x8F\xB6",
    "\xE5\x9B\xB1",
};

static const char* const t1572[] = {
    "\xE9\xB1\xBC",
    "\xE9\xB8\xA1",
};

static const char* const t1573[] = {
    "\xE6\x81\xBC",
    "\xE8\xBA\x81",
};

static const char* const t1574[] = {
    "\xE7\x83\xA4",
    "\xE9\xA5\xBC",
    "\xE6\xAF\x81",
    "\xE5\x88\xB6",
    "\xE9\xA6\x99",
    "\xE6\x9D\x80",
    "\xE6\x88\x90",
    "\xE6\xAD\xBB",
};

static const char* const t1575[] = {
    "\xE6\x83\x85",
    "\xE5\xB8\xA6",
    "\xE9\x97\xB9",
    "\xE7\x83\x88",
    "\xE7\x82\xB9",
    "\xE9\x87\x8F",
    "\xE7\x88\xB1",
    "\xE9\x97\xA8",
    "\xE5\xBF\x83",
    "\xE6\xB3\xAA",
    "\xE6\xB0\xB4",
    "\xE7\xBA\xBF",
    "\xE6\xBD\xAE",
    "\xE5\x8A\x9B\xE5\xAD\xA6",
    "\xE6\xB0\x94",
    "\xE8\xA1\x80",
    "\xE5\xB8\xA6\xE9\x9B\xA8\xE6\x9E\x97",
    "\xE5\xBF\xB1",
    "\xE6\xB3\xAA\xE7\x9B\x88\xE7\x9C\xB6",
    "\xE5\x91\xBC\xE5\x91\xBC",
    "\xE8\x83\xBD",
    "\xE8\xA1\x80\xE6\xB2\xB8\xE8\x85\xBE",
    "\xE8\xA1\xB7",
    "\xE8\xA1\xB7\xE4\xBA\x8E",
    "\xE9\x97\xB9\xE9\x9D\x9E\xE5\x87\xA1",
};

static const char* const t1576[] = {
    "\xE5\x88\xB6",
    "\xE8\xB0\x83",
    "\xE9\xA5\xAA",
};

static const char* const t1577[] = {
    "\xE8\x80\x86",
};

static const char* const t1578[] = {
    "\xE6\x8E\xA5",
};

static const char* const t1579[] = {
    "\xE7\x84\xB6\xE4\xB8\x80\xE6\x96\xB0",
};

static const char* const t1580[] = {
    "\xE7\x83\xA7",
    "\xE6\xAF\x81",
};

static const char* const t1581[] = {
    "\xE7\x82\xB9",
    "\xE6\x80\xA5",
    "\xE5\xB1\xB1\xE6\xB2\xB3",
    "\xE8\x99\x91",
    "\xE8\xBA\x81",
    "\xE9\xBB\x84",
    "\xE6\x9E\x9D\xE7\xBA\xBF",
    "\xE6\x9F\xB3\xE7\xBA\xBF",
    "\xE8\x80\xB3",
};

static const char* const t1582[] = {
    "\xE5\x90\x8E",
    "\xE8\x80\x8C",
};

static const char* const t1583[] = {
    "\xE7\x86\xAC",
};

static const char* const t1584[] = {
    "\xE7\x82\xAD",
    "\xE7\x9F\xBF",
    "\xE6\xB0\x94",
    "\xE7\x94\xB0",
};

static const char* const t1585[] = {
    "\xE7\x89\x87",
    "\xE9\xA1\xBE",
    "\xE4\xBE\x8B",
    "\xE5\xB0\x84",
    "\xE6\xA0\xB7",
    "\xE6\x98\x8E",
    "\xE6\x96\x99",
    "\xE8\x80\x80",
    "\xE7\x9B\xB8",
    "\xE7\x9B\xB8\xE6\x9C\xBA",
    "\xE4\xBA\xAE",
    "\xE5\xBA\x94",
    "\xE6\x97\xA7",
    "\xE7\x9C\x8B",
};

static const char* const t1586[] = {
    "\xE5\x8A\xA8",
};

static const char* const t1587[] = {
    "\xE7\x81\xAD",
};

static const char* const t1588[] = {
    "\xE5\xBB\xB7\xE5\xBC\xBC",
    "\xE6\x8E\x8C",
    "\xE7\x8C\xAB",
    "\xE5\x8F\xAC\xE6\x94\xBF",
    "\xE5\x8D\x81\xE5\x8A\x9B",
    "\xE6\x9C\x89\xE4\xBC\xA6",
};

static const char* const t1589[] = {
    "\xE9\x99\xB6",
};

static const char* const t1590[] = {
    "\xE7\x82\xB9",
    "\xE5\xB2\xA9",
    "\xE9\x93\xB8",
};

static const char* const t1591[] = {
    "\xE6\x82\x89",
    "\xE7\xBB\x83",
    "\xE4\xBA\xBA",
    "\xE7\x9F\xA5",
};

static const char* const t1592[] = {
    "\xE7\x86\xA0",
};

static const char* const t1593[] = {
    "\xE7\x83\xA7",
    "\xE6\x96\x99",
    "\xE6\xB2\xB9",
    "\xE6\xB0\x94",
    "\xE8\xB5\xB7",
};

static const char* const t1594[] = {
    "\xE4\xBA\xAC",
    "\xE5\xB1\xB1",
    "\xE5\xAD\x90",
    "\xE4\xBA\xAC\xE5\xA4\xA7\xE5\xAD\xA6",
};

static const char* const t1595[] = {
    "\xE5\x8F\x91",
    "\xE7\x82\xB8",
    "\xE7\xB1\xB3\xE8\x8A\xB1",
    "\xE7\xA0\xB4",
};

static const char* const t1596[] = {
    "\xE5\x93\x87",
};

static const char* const t1597[] = {
    "\xE8\xA1\x8C",
};

static const char* const t1598[] = {
    "\xE5\x9B\xBD",
    "\xE6\x83\x85",
    "\xE5\xA5\xBD",
    "\xE5\xB0\x94\xE5\x85\xB0",
    "\xE5\xBF\x83",
    "\xE5\x9B\xA0\xE6\x96\xAF\xE5\x9D\xA6",
    "\xE5\x9B\xBD\xE4\xB8\xBB\xE4\xB9\x89",
    "\xE5\xA5\xBD\xE8\x80\x85",
    "\xE6\x8A\xA4",
    "\xE5\x9B\xBD\xE8\x80\x85",
    "\xE5\x9B\xBD\xE4\xBA\xBA\xE5\xA3\xAB",
    "\xE6\x83\x9C",
};

static const char* const t1599[] = {
    "\xE5\xA3\xAB",
    "\xE4\xBD\x8D",
};

static const char* const t1600[] = {
    "\xE4\xBA\xB2",
    "\xE6\xAF\x8D",
    "\xE5\xAD\x90",
    "\xE5\xA5\xB3",
};

static const char* const t1601[] = {
    "\xE7\x88\xB7",
};

static const char* const t1602[] = {
    "\xE7\x88\xB8",
};

static const char* const t1603[] = {
    "\xE7\x88\xB9",
    "\xE5\xA8\x98",
};

static const char* const t1604[] = {
    "\xE5\x8F\xA3",
    "\xE5\xBF\xAB",
};

static const char* const t1605[] = {
    "\xE5\x88\xBB",
    "\xE9\x9D\xA2",
    "\xE5\x88\xBB\xE9\x97\xB4",
    "\xE5\x90\x8D",
};

static const char* const t1606[] = {
    "\xE6\x9C\xAC",
    "\xE5\x9B\xBE",
    "\xE6\x9D\x83",
};

static const char* const t1607[] = {
    "\xE5\x9D\x8A",
    "\xE5\xAD\x90",
    "\xE6\xA5\xBC",
    "\xE4\xBD\x8D",
    "\xE7\x85\xA7",
};

static const char* const t1608[] = {
    "\xE9\xBD\xBF",
    "\xE8\x86\x8F",
    "\xE5\x8F\xA3",
};

static const char* const t1609[] = {
    "\xE8\x82\x89",
    "\xE9\x87\x91\xE6\x98\x9F",
    "\xE5\xA5\xB6",
    "\xE9\xA1\xBF",
    "\xE7\x88\xB1\xE5\x9B\xBD",
    "\xE8\xBD\xA6",
    "\xE9\xA9\xAC",
    "\xE7\xAD\x8B",
    "\xE5\xA4\xB4\xE5\xB1\xB1",
    "\xE7\x9A\xAE",
    "\xE5\xB8\x82",
};

static const char* const t1610[] = {
    "\xE4\xB8\xB9",
};

static const char* const t1611[] = {
    "\xE7\x89\xA2",
    "\xE5\x9B\xBA",
    "\xE6\x88\xBF",
    "\xE8\xAE\xB0",
};

static const char* const t1612[] = {
    "\xE7\x89\x9B",
};

static const char* const t1613[] = {
    "\xE4\xB8\x9A",
    "\xE5\x9C\xBA",
    "\xE6\xB0\x91",
    "\xE5\x8C\xBA",
    "\xE5\xB8\x88",
    "\xE5\x88\x98\xE8\xA1\xA8",
    "\xE8\x8D\x89",
};

static const char* const t1614[] = {
    "\xE8\xB4\xA8",
    "\xE7\x90\x86",
    "\xE8\xB5\x84",
    "\xE4\xBD\x93",
    "\xE5\x93\x81",
    "\xE7\x90\x86\xE5\xAD\xA6",
    "\xE4\xBB\xB7",
    "\xE7\x90\x86\xE5\xAD\xA6\xE5\xAE\xB6",
    "\xE6\xB5\x81",
    "\xE7\xA7\x8D",
    "\xE4\xBA\xA7",
    "\xE5\x8A\x9B",
    "\xE4\xBB\xB6",
    "\xE4\xBA\x8B",
    "\xE4\xB8\x9A",
    "\xE7\x90\x86\xE9\x87\x8F",
    "\xE7\x90\x86\xE5\x8C\x96\xE5\xAD\xA6",
};

static const char* const t1615[] = {
    "\xE7\x95\x9C",
    "\xE5\x8F\xA3",
};

static const char* const t1616[] = {
    "\xE5\xBC\x95",
    "\xE5\x88\xB6",
    "\xE6\x89\xAF",
    "\xE8\xBF\x9E",
    "\xE6\xB6\x89",
    "\xE5\x8A\xA8",
    "\xE6\x8C\x82",
    "\xE5\xA4\xB4",
};

static const char* const t1617[] = {
    "\xE5\x88\xAB",
    "\xE7\x82\xB9",
    "\xE8\x89\xB2",
    "\xE6\xAE\x8A",
    "\xE5\xBE\x81",
    "\xE4\xBA\xA7",
    "\xE5\xAE\x9A",
    "\xE6\x80\xA7",
    "\xE6\x9C\x89",
    "\xE7\xA7\x8D",
    "\xE6\x9D\x83",
    "\xE5\x8A\xA1",
    "\xE5\x8C\xBA",
    "\xE6\x84\x8F",
    "\xE5\x9C\xB0",
    "\xE7\xBA\xA7",
    "\xE9\x95\xBF",
    "\xE7\xA7\x8D\xE9\x83\xA8\xE9\x98\x9F",
    "\xE7\xBA\xA6",
    "\xE5\xA7\x94",
    "\xE5\xA4\xA7",
    "\xE6\xAE\x8A\xE6\x95\x99\xE8\x82\xB2",
    "\xE8\xB5\xA6",
    "\xE6\x8A\x80",
    "\xE6\xB4\xBE\xE5\x91\x98",
    "\xE6\xAD\xA4",
    "\xE5\xBC\x82",
    "\xE5\x88\xB6",
    "\xE5\xBC\x82\xE6\x80\xA7",
    "\xE5\x9B\xB0",
    "\xE4\xBD\xBF",
    "\xE6\xAE\x8A\xE6\x80\xA7",
    "\xE9\xB2\x81\xE8\xA5\xBF\xE5\x9F\x83",
};

static const char* const t1618[] = {
    "\xE7\x89\xB2",
};

static const char* const t1619[] = {
    "\xE5\xA4\xB4",
};

static const char* const t1620[] = {
    "\xE7\xBD\xAA",
    "\xE4\xBA\xBA",
    "\xE8\xA7\x84",
    "\xE7\xBD\xAA\xE5\x88\x86\xE5\xAD\x90",
};

static const char* const t1621[] = {
    "\xE6\x80\x81",
    "\xE5\x86\xB5",
    "\xE5\x85\x83",
};

static const char* const t1622[] = {
    "\xE5\xA6\x82",
    "\xE8\xB1\xAB",
    "\xE5\xA4\xAA\xE4\xBA\xBA",
    "\xE5\xA4\xAA",
};

static const char* const t1623[] = {
    "\xE7\x83\xAD",
    "\xE9\xA3\x8E",
    "\xE5\xA5\x94",
    "\xE5\xA6\x84",
    "\xE6\xAC\xA2",
};

static const char* const t1624[] = {
    "\xE7\x8B\xB8",
};

static const char* const t1625[] = {
    "\xE7\x8B\xA0",
    "\xE6\xAF\x92",
    "\xE5\xBF\x83",
};

static const char* const t1626[] = {
    "\xE7\x8C\xBE",
};

static const char* const t1627[] = {
    "\xE7\x8C\x8E",
};

static const char* const t1628[] = {
    "\xE7\xAB\x8B",
    "\xE7\x89\xB9",
    "\xE8\x87\xAA",
    "\xE5\x85\xB7",
    "\xE7\xAB\x8B\xE8\x87\xAA\xE4\xB8\xBB",
    "\xE8\xA3\x81",
    "\xE5\xB1\x85\xE7\x9F\xB3",
    "\xE6\x9C\x89",
    "\xE5\xAE\xB6",
    "\xE5\x85\xB7\xE7\x89\xB9\xE8\x89\xB2",
    "\xE6\xA0\x91\xE4\xB8\x80\xE5\xB8\x9C",
    "\xE8\x81\x94\xE4\xBD\x93",
    "\xE7\xAB\x8B\xE6\x80\xA7",
    "\xE5\x85\xB7\xE4\xB8\x80\xE6\xA0\xBC",
    "\xE5\x88\xB0",
    "\xE8\xA3\x81\xE8\x80\x85",
    "\xE7\xAB\x8B\xE5\x9B\xBD\xE5\xAE\xB6",
    "\xE4\xB8\x80\xE6\x97\xA0\xE4\xBA\x8C",
};

static const char* const t1629[] = {
    "\xE7\xAA\x84",
    "\xE5\xB0\x8F",
    "\xE4\xB9\x89",
    "\xE9\x95\xBF",
    "\xE9\x9A\x98",
};

static const char* const t1630[] = {
    "\xE5\xAD\x90",
    "\xE5\xAD\x90\xE5\xB1\xB1",
};

static const char* const t1631[] = {
    "\xE4\xB8\xAD",
};

static const char* const t1632[] = {
    "\xE7\x8B\x88",
    "\xE7\xBE\xA4",
};

static const char* const t1633[] = {
    "\xE4\xBA\xBA",
    "\xE7\x89\xA9",
    "\xE5\xA4\xB4",
};

static const char* const t1634[] = {
    "\xE7\x8D\x97",
};

static const char* const t1635[] = {
    "\xE5\x9C\xB0",
    "\xE7\x83\x88",
    "\xE7\x84\xB6",
    "\xE6\x94\xBB",
    "\xE7\xA6\xBD",
    "\xE8\x99\x8E",
    "\xE6\x89\x91",
};

static const char* const t1636[] = {
    "\xE6\xB5\x8B",
    "\xE6\x83\xB3",
    "\xE7\x96\x91",
};

static const char* const t1637[] = {
    "\xE8\x82\x89",
};

static const char* const t1638[] = {
    "\xE7\xAD\x96",
    "\xE7\xBB\x99",
    "\xE5\xB8\x9D",
    "\xE8\xBA\xAB",
    "\xE5\x87\xBA",
};

static const char* const t1639[] = {
    "\xE5\xAD\x90",
    "\xE5\xA4\xB4",
    "\xE5\xA4\xB4\xE8\x8F\x87",
    "\xE5\x84\xBF",
    "\xE7\x8E\x8B",
};

static const char* const t1640[] = {
    "\xE5\xB2\xB3\xE9\x97\xA8",
    "\xE6\xAD\xA6\xE5\xB2\xA9",
    "\xE6\xAD\xA6",
};

static const char* const t1641[] = {
    "\xE9\xA2\x86",
    "\xE5\x85\x88",
    "\xE4\xBC\x97",
};

static const char* const t1642[] = {
    "\xE7\xB1\xB3",
    "\xE7\x9F\xB3",
    "\xE5\x99\xA8",
    "\xE8\x99\x9A\xE5\xAE\xAB",
    "\xE9\x9F\xB3",
    "\xE5\xA5\xB3",
    "\xE7\xB1\xB3\xE6\xA3\x92",
    "\xE6\xB3\x89\xE8\xB7\xAF",
    "\xE7\x94\xB0\xE5\xAF\xBA",
    "\xE7\x9A\x87\xE5\x89\x91",
    "\xE5\xB8\xA6",
    "\xE5\x85\xB0",
    "\xE5\xB1\xB1",
    "\xE5\xA5\xB3\xE5\xBF\x83\xE7\xBB\x8F",
};

static const char* const t1643[] = {
    "\xE6\x9C\x9D",
    "\xE5\x9B\xBD",
    "\xE7\x90\xA6\xE7\x91\xB6",
    "\xE7\x88\xB7",
    "\xE5\x85\xAC",
    "\xE5\xBA\x9C",
    "\xE5\xAE\xA4",
    "\xE5\xAE\xB6",
    "\xE5\xA4\xAB\xE4\xBA\xBA",
    "\xE5\x9B\xBD\xE7\x94\x9F",
    "\xE4\xBD\x8D",
    "\xE5\xAD\x90",
    "\xE7\xBA\xAC\xE5\xAE\x87",
    "\xE5\xAE\x88\xE4\xBB\x81",
    "\xE6\x99\x93\xE4\xB8\x9C",
    "\xE5\x85\xAB",
    "\xE5\xA4\xA7\xE5\xA4\xAB",
    "\xE5\xAE\xAB",
    "\xE5\xAE\x89\xE7\x9F\xB3",
    "\xE6\x98\x8E",
    "\xE5\xB9\xB3",
    "\xE9\x95\xBF\xE9\xA1\xBA",
    "\xE5\x85\x86\xE5\x9B\xBD",
    "\xE6\x98\xAD\xE5\x90\x9B",
    "\xE8\x8E\xBD",
    "\xE8\x80\x85",
    "\xE6\xA0\x91\xE5\xA3\xB0",
    "\xE4\xBB\xBB\xE9\x87\x8D",
    "\xE4\xBA\x9A\xE5\x8D\x97",
    "\xE6\x89\xBF\xE6\x81\xA9",
    "\xE8\x8B\xB1\xE5\x87\xA1",
    "\xE8\x81\xAA\xE5\x84\xBF",
    "\xE5\xBF\x85\xE6\x88\x90",
    "\xE7\xAB\x8B\xE5\xB9\xB3",
    "\xE8\x8C\x82\xE6\x9E\x97",
    "\xE4\xBD\x90\xE4\xB9\xA6",
    "\xE6\x80\x80\xE8\xBF\x9C",
    "\xE6\xA2\xA6\xE5\xA5\x8E",
    "\xE5\x88\xA9\xE8\x8A\xAC",
    "\xE5\xAD\xA6\xE8\x90\x8D",
    "\xE5\xAE\x81\xE7\x94\x9F",
    "\xE5\xAE\xB6\xE8\x80\x80",
    "\xE5\xB0\x9A\xE8\x8D\xA3",
    "\xE5\xBB\xBA\xE5\xAE\x89",
    "\xE6\x96\xB0\xE4\xBA\xAD",
    "\xE6\xB0\xB8\xE7\x82\x8E",
    "\xE7\x8E\x89\xE7\x8F\x8D",
    "\xE7\xBB\xB4\xE5\x9F\x8E",
    "\xE4\xBA\x91\xE9\xBE\x99",
    "\xE4\xBB\xA5\xE9\x93\xAD",
    "\xE4\xBC\x8A\xE9\x94\x8B",
    "\xE4\xBD\x9C\xE8\x8D\xA3",
    "\xE5\x86\xAC\xE7\x94\x9F",
    "\xE5\x88\xA9\xE6\x98\x8E",
    "\xE5\xA4\xAA\xE5\xB2\x9A",
    "\xE5\xAE\x8B\xE5\xA4\xA7",
    "\xE5\xAE\xB6\xE5\xA2\xA9",
    "\xE5\xAE\xB6\xE5\xB2\x97",
    "\xE6\xA2\x85\xE7\xA5\xA5",
    "\xE7\xA5\x96\xE8\xAE\xAD",
    "\xE7\xA5\xA5\xE5\x96\x9C",
    "\xE8\x8B\xA5\xE6\xB6\xB5",
    "\xE8\x8C\x82\xE6\xB6\xA6",
    "\xE8\xAF\x9A\xE6\xB1\x89",
    "\xE4\xBE\xAF",
    "\xE9\x87\x8D\xE9\x98\xB3",
    "\xE5\xB0\x8F\xE5\x85\xB0",
    "\xE9\x81\x93",
    "\xE5\xA6\x83",
    "\xE5\x90\x8E",
    "\xE7\x91\x9E\xE8\x8A\xAC",
    "\xE5\x9B\xBD\xE5\x85\x89",
    "\xE5\xB8\x8C\xE7\x83\x88",
    "\xE4\xB9\x9D\xE6\x80\x9D",
    "\xE6\x9D\x83",
};

static const char* const t1644[] = {
    "\xE7\x91\x99",
};

static const char* const t1645[] = {
    "\xE5\x85\xB7",
    "\xE7\xAC\x91",
    "\xE6\x84\x8F\xE5\x84\xBF",
    "\xE8\x80\x8D",
    "\xE5\xAE\xB6",
    "\xE6\x84\x8F",
    "\xE5\x84\xBF",
    "\xE5\xBC\x84",
};

static const char* const t1646[] = {
    "\xE7\x91\xB0",
};

static const char* const t1647[] = {
    "\xE5\xA2\x83",
    "\xE8\x8A\x82",
    "\xE4\xBF\x9D",
    "\xE7\xBB\x95",
    "\xE7\x90\x83",
    "\xE5\xA2\x83\xE4\xBF\x9D\xE6\x8A\xA4",
    "\xE5\xB2\x9B",
    "\xE6\xB5\x81",
    "\xE9\xA1\xBE",
    "\xE5\xBD\xA2",
};

static const char* const t1648[] = {
    "\xE5\x9C\xA8",
    "\xE8\xB1\xA1",
    "\xE4\xBB\xA3",
    "\xE4\xBB\xA3\xE5\x8C\x96",
    "\xE5\xAE\x9E",
    "\xE5\x9C\xBA",
    "\xE6\x9C\x89",
    "\xE8\xA1\x8C",
    "\xE5\xAD\x98",
    "\xE7\x8A\xB6",
    "\xE5\xB7\xB2",
    "\xE9\x87\x91",
    "\xE4\xBB\x8A",
    "\xE5\xBD\xB9",
    "\xE4\xBB\xBB",
    "\xE5\xAE\x9E\xE4\xB8\xBB\xE4\xB9\x89",
    "\xE5\x87\xBA",
    "\xE6\x88\x90",
    "\xE4\xBB\xA3\xE4\xBA\xBA",
    "\xE8\xBA\xAB",
    "\xE9\x98\xB6\xE6\xAE\xB5",
    "\xE6\x97\xB6",
};

static const char* const t1649[] = {
    "\xE7\x8F\x91",
};

static const char* const t1650[] = {
    "\xE7\x92\x83",
    "\xE5\x88\xA9\xE7\xBB\xB4\xE4\xBA\x9A",
};

static const char* const t1651[] = {
    "\xE7\x91\x9A",
    "\xE7\x91\x9A\xE7\xA4\x81",
};

static const char* const t1652[] = {
    "\xE8\xB4\xB5",
    "\xE7\xA8\x80",
    "\xE5\x93\x81",
    "\xE7\x8F\xA0",
    "\xE6\x83\x9C",
    "\xE5\xAE\x9D",
    "\xE8\x97\x8F",
};

static const char* const t1653[] = {
    "\xE7\x8B\xAE",
    "\xE7\x8F\x88",
};

static const char* const t1654[] = {
    "\xE6\xB1\x9F",
    "\xE5\xAE\x9D",
    "\xE6\xB5\xB7",
    "\xE5\xAD\x90",
};

static const char* const t1655[] = {
    "\xE9\x95\xBF",
    "\xE5\xAD\x90",
    "\xE4\xB8\xBB\xE4\xBB\xBB",
    "\xE7\xBA\xA7",
};

static const char* const t1656[] = {
    "\xE9\x98\x9F",
    "\xE5\x91\x98",
    "\xE8\xBF\xB7",
    "\xE5\x9C\xBA",
    "\xE5\xBD\xA2",
    "\xE9\x97\xA8",
    "\xE6\x98\x9F",
};

static const char* const t1657[] = {
    "\xE8\xAE\xBA",
    "\xE8\xA7\xA3",
    "\xE6\x83\xB3",
    "\xE7\x94\xB1",
    "\xE6\x80\xA7",
    "\xE4\xBC\x9A",
    "\xE5\xB7\xA5\xE5\xAD\xA6\xE9\x99\xA2",
    "\xE5\xBF\xB5",
    "\xE6\x99\xBA",
    "\xE8\xB4\xA2",
    "\xE5\xBA\x94",
    "\xE5\xAD\xA6",
    "\xE4\xBA\x8B\xE4\xBC\x9A",
    "\xE5\xB7\xA5",
    "\xE4\xBA\x8B\xE9\x95\xBF",
    "\xE4\xBA\x8B",
    "\xE7\x9D\xAC",
    "\xE7\xA7\x91",
    "\xE6\x89\x80\xE5\xBD\x93\xE7\x84\xB6",
    "\xE6\x83\xB3\xE5\x9B\xBD",
    "\xE8\xAE\xBA\xE5\xAE\xB6",
    "\xE7\x9B\xB4\xE6\xB0\x94\xE5\xA3\xAE",
};

static const char* const t1658[] = {
    "\xE7\x92\x83\xE7\x93\xA6",
    "\xE7\x92\x83",
};

static const char* const t1659[] = {
    "\xE7\xA3\xA8",
};

static const char* const t1660[] = {
    "\xE5\x8F\xB0",
};

static const char* const t1661[] = {
    "\xE7\x90\xB6",
};

static const char* const t1662[] = {
    "\xE6\x96\xAF",
};

static const char* const t1663[] = {
    "\xE5\xA3\xAB",
    "\xE5\x85\xB8",
};

static const char* const t1664[] = {
    "\xE6\x97\x8F",
};

static const char* const t1665[] = {
    "\xE5\x88\x86",
    "\xE5\xAD\x90",
};

static const char* const t1666[] = {
    "\xE5\xB1\x8B",
    "\xE8\xA7\xA3",
    "\xE7\xBD\x90",
    "\xE5\xB7\xA5",
};

static const char* const t1667[] = {
    "\xE9\xA2\x88",
    "\xE5\xAD\x90",
};

static const char* const t1668[] = {
    "\xE5\x99\xA8",
};

static const char* const t1669[] = {
    "\xE5\xBF\x97\xE4\xB8\x99",
};

static const char* const t1670[] = {
    "\xE8\x82\x83",
    "\xE6\xB3\x89",
    "\xE8\x94\x97",
    "\xE5\xBF\x83",
    "\xE8\x82\x83\xE7\x9C\x81",
    "\xE6\x84\xBF",
    "\xE8\x96\xAF",
};

static const char* const t1671[] = {
    "\xE8\x87\xB3",
    "\xE4\xB9\x88",
    "\xE4\xB8\xBA",
};

static const char* const t1672[] = {
    "\xE9\x85\x92",
    "\xE8\x9C\x9C",
    "\xE8\x8F\x9C",
    "\xE5\x91\xB3\xE5\x89\x82",
};

static const char* const t1673[] = {
    "\xE4\xBA\xA7",
    "\xE6\xB4\xBB",
    "\xE7\x89\xA9",
    "\xE5\x91\xBD",
    "\xE9\x95\xBF",
    "\xE4\xBA\x8E",
    "\xE6\x80\x81",
    "\xE5\xAD\x98",
    "\xE6\xB0\x94",
    "\xE6\x88\x90",
    "\xE4\xBA\xA7\xE5\x8A\x9B",
    "\xE4\xBA\xA7\xE6\x80\xBB\xE5\x80\xBC",
    "\xE7\x90\x86",
    "\xE6\x84\x8F",
    "\xE6\x95\x88",
    "\xE6\xB6\xAF",
    "\xE4\xBA\xA7\xE8\xB5\x84\xE6\x96\x99",
    "\xE6\xAD\xBB",
    "\xE5\x8A\xA8",
    "\xE6\x80\x95",
    "\xE5\xB9\xB3",
    "\xE6\x97\xA5",
    "\xE8\x82\xB2",
    "\xE5\x89\x8D",
    "\xE5\x87\xBA",
    "\xE6\xAE\x96",
    "\xE4\xBA\xA7\xE6\x96\xB9\xE5\xBC\x8F",
    "\xE6\xBA\x90",
    "\xE7\x89\xA9\xE5\xAD\xA6",
    "\xE4\xBA\xA7\xE8\x83\xBD\xE5\x8A\x9B",
    "\xE4\xBA\xA7\xE8\x80\x85",
    "\xE4\xBA\xA7\xE7\xBA\xBF",
    "\xE6\x81\xAF",
    "\xE7\x8C\xAA",
    "\xE6\xAF\x8D",
    "\xE7\x97\x85",
    "\xE7\x89\xA9\xE4\xBD\x93",
    "\xE6\x80\xA7",
    "\xE4\xBA\xA7\xE7\x8E\x87",
    "\xE5\x91\xBD\xE5\x8A\x9B",
    "\xE6\x9C\xBA",
    "\xE4\xBA\xA7\xE5\x85\xB3\xE7\xB3\xBB",
    "\xE7\x89\xA9\xE5\xAD\xA6\xE5\xAE\xB6",
    "\xE8\xAE\xA1",
    "\xE7\x88\xB6",
    "\xE5\x8C\x96",
    "\xE7\x90\x86\xE5\xAD\xA6",
    "\xE6\xAD\xBB\xE5\xAD\x98\xE4\xBA\xA1",
    "\xE4\xBA\xA7\xE9\x87\x8F",
    "\xE6\x9D\xA5",
    "\xE6\xB4\xBB\xE8\xB5\x84\xE6\x96\x99",
    "\xE6\x80\x81\xE5\xAD\xA6",
    "\xE9\x95\xBF\xE9\x87\x8F",
    "\xE7\x89\xA9\xE5\x9C\x88",
    "\xE6\xB4\xBB\xE8\xB4\xB9",
    "\xE4\xBA\xBA",
};

static const char* const t1674[] = {
    "\xE4\xBA\x8E",
    "\xE6\x88\xB7",
    "\xE6\x9D\xA5",
    "\xE5\x8A\x9B",
    "\xE4\xBD\x9C",
    "\xE4\xBA\xBA",
    "\xE4\xBB\xA5",
    "\xE9\x80\x94",
    "\xE5\x93\x81",
    "\xE5\xBF\x83",
    "\xE4\xB8\x8D\xE7\x9D\x80",
    "\xE8\x8D\xAF",
    "\xE6\x84\x8F",
    "\xE6\xB0\xB4",
    "\xE5\x85\xB5",
    "\xE5\x88\xB0",
    "\xE6\x9D\x90\xE6\x9E\x97",
    "\xE5\x9C\xB0",
    "\xE6\xB2\xB9",
    "\xE5\x8A\x9F",
    "\xE7\x94\xB5\xE9\x87\x8F",
    "\xE5\x85\xB7",
    "\xE5\xB8\x83",
    "\xE8\xAF\xAD",
    "\xE7\x94\xB5",
};

static const char* const t1675[] = {
    "\xE5\xBC\x80",
};

static const char* const t1676[] = {
    "\xE9\x81\x93",
};

static const char* const t1677[] = {
    "\xE4\xBC\xAF\xE5\x85\x89",
    "\xE5\x9C\xB0",
    "\xE7\xA6\x8F\xE5\xA0\x82",
    "\xE8\xA7\x81\xE7\xA7\x80",
    "\xE5\xBE\x84",
    "\xE9\x97\xB4",
    "\xE7\xA6\x8F\xE5\x86\x9B",
    "\xE5\x9B\xAD",
    "\xE9\x9C\x87\xE8\x8B\xB1",
    "\xE9\x87\x8E",
    "\xE7\xA6\x8F\xE8\xB4\xA4",
    "\xE7\xA7\x89\xE6\xAF\x85",
    "\xE6\x89\xBF\xE5\xBF\xA0",
    "\xE7\x8E\x89\xE7\xA7\x91",
    "\xE9\x95\xBF\xE7\x84\xAF",
    "\xE9\x95\xBF\xE9\x9C\x96",
    "\xE5\xBD\x92\xE5\x86\x9C",
};

static const char* const t1678[] = {
    "\xE4\xBA\x8E",
    "\xE6\xAD\xA4",
    "\xE6\xAD\xA4\xE5\x8F\xAF\xE8\xA7\x81",
    "\xE8\x97\x95\xE6\xB1\xA0",
    "\xE8\xA1\xB7",
};

static const char* const t1679[] = {
    "\xE6\x9D\xBF",
    "\xE9\xB1\xBC",
    "\xE9\xAA\xA8\xE6\x96\x87",
    "\xE7\x8A\xB6\xE8\x85\xBA",
    "\xE5\x8D\x88\xE6\x88\x98\xE4\xBA\x89",
    "\xE9\x86\x9A",
    "\xE9\x86\x9B",
    "\xE5\x9F\xBA",
    "\xE7\x83\xB7",
    "\xE7\xBA\xA7",
};

static const char* const t1680[] = {
    "\xE8\xAF\xB7",
    "\xE6\x8A\xA5",
    "\xE8\xAF\x89",
    "\xE8\x8A\xB1",
    "\xE5\x8C\x85\xE8\x83\xA5",
    "\xE8\x8A\xB1\xE9\x98\x9F",
};

static const char* const t1681[] = {
    "\xE8\xAF\x9D",
    "\xE5\xAD\x90",
    "\xE5\xBD\xB1",
    "\xE8\xA7\x86",
    "\xE8\x84\x91",
    "\xE5\x8A\x9B",
    "\xE4\xBF\xA1",
    "\xE8\xA7\x86\xE5\x8F\xB0",
    "\xE5\x8F\xB0",
    "\xE5\x99\xA8",
    "\xE6\xB5\x81",
    "\xE5\x8E\x8B",
    "\xE6\x8A\xA5",
    "\xE5\xAD\x90\xE4\xB9\xA6",
    "\xE6\xB1\xA0",
    "\xE7\xA3\x81",
    "\xE8\xB7\xAF",
    "\xE6\xBA\x90",
    "\xE8\xA7\x86\xE5\x89\xA7",
    "\xE6\x9C\xBA",
    "\xE6\xA2\xAF",
    "\xE6\xB0\x94",
    "\xE8\x8D\xB7",
    "\xE6\x9E\x81",
    "\xE8\xA7\x86\xE6\x9C\xBA",
    "\xE5\xAD\x90\xE5\x95\x86\xE5\x8A\xA1",
    "\xE6\xB0\x94\xE5\x8C\x96",
    "\xE5\x9C\xBA",
    "\xE5\xBD\xB1\xE9\x99\xA2",
    "\xE7\xA3\x81\xE6\xB3\xA2",
    "\xE5\xBD\xB1\xE8\x8A\x82",
    "\xE7\xBC\x86",
    "\xE8\x83\xBD",
    "\xE9\x98\xBB",
    "\xE5\x8A\xA8\xE6\x9C\xBA",
    "\xE5\xAD\x90\xE9\x82\xAE\xE4\xBB\xB6",
    "\xE5\xB7\xA5",
    "\xE5\xAD\x90\xE6\x88\x98",
    "\xE7\xAB\x99",
    "\xE9\xA5\xAD\xE7\x85\xB2",
    "\xE7\xBD\x91",
    "\xE7\xA6\xBB",
    "\xE8\xA7\xA3\xE8\xB4\xA8",
    "\xE8\xAE\xAF",
    "\xE7\xA3\x81\xE5\x9C\xBA",
    "\xE7\x81\xAF",
    "\xE5\x8A\xA8",
    "\xE7\xA6\xBB\xE5\xB1\x82",
    "\xE5\x8E\x82",
    "\xE8\xA7\xA3",
};

static const char* const t1682[] = {
    "\xE4\xBA\xBA",
    "\xE5\xAD\x90",
    "\xE6\x80\xA7",
    "\xE5\xAD\xA9",
    "\xE5\xA5\xB3",
    "\xE7\x94\x9F",
    "\xE5\xAD\x90\xE6\xB1\x89",
    "\xE6\x9C\x8B\xE5\x8F\x8B",
    "\xE5\xA3\xAB",
    "\xE5\xAD\xA9\xE5\xAD\x90",
    "\xE5\x8F\x8B",
    "\xE5\x84\xBF",
};

static const char* const t1683[] = {
    "\xE5\xAE\xB6",
    "\xE5\x83\x8F",
    "\xE9\x9D\xA2",
    "\xE6\xB4\xBE",
    "\xE5\xBB\x8A",
    "\xE5\xB1\x95",
};

static const char* const t1684[] = {
    "\xE9\x94\x80",
    "\xE9\x80\x9A",
    "\xE8\xBE\xBE",
};

static const char* const t1685[] = {
    "\xE9\x99\x90",
    "\xE5\xB2\xAD",
    "\xE9\x9D\xA2",
    "\xE7\xBA\xBF",
    "\xE5\xAE\x9A",
};

static const char* const t1686[] = {
    "\xE6\x83\xA7",
};

static const char* const t1687[] = {
    "\xE4\xB8\x8B",
    "\xE5\x9C\xA8",
    "\xE5\xAD\xA6",
    "\xE7\xBB\x99",
    "\xE4\xB8\x8B\xE6\x9D\xA5",
    "\xE6\x84\x8F",
    "\xE5\xBF\x83",
    "\xE5\xAD\xA6\xE7\x94\x9F",
    "\xE5\xAE\x88",
    "\xE6\x9C\x89",
    "\xE7\xA5\x9E",
    "\xE6\x83\x85",
    "\xE4\xBD\x8F",
    "\xE6\x81\x8B",
    "\xE5\x87\xBA",
};

static const char* const t1688[] = {
    "\xE7\x89\xA7\xE4\xB8\x9A",
    "\xE7\x89\xA7",
    "\xE7\x94\x9F",
    "\xE7\xA6\xBD",
};

static const char* const t1689[] = {
    "\xE6\x9C\x89",
    "\xE5\xBE\xAE",
    "\xE5\xB8\xA6",
};

static const char* const t1690[] = {
    "\xE6\x97\x8F",
};

static const char* const t1691[] = {
    "\xE5\xBD\xA2",
};

static const char* const t1692[] = {
    "\xE5\x9F\x9F",
};

static const char* const t1693[] = {
    "\xE5\xBF\xBD",
    "\xE6\x9D\xBE",
    "\xE9\x80\x9A",
    "\xE8\xBF\x9C",
    "\xE6\x95\xA3",
};

static const char* const t1694[] = {
    "\xE9\x97\xAE",
    "\xE6\x83\x91",
    "\xE5\xBF\x83",
    "\xE9\x9A\xBE",
    "\xE8\x99\x91",
};

static const char* const t1695[] = {
    "\xE6\xB3\x95",
    "\xE6\x95\x88",
};

static const char* const t1696[] = {
    "\xE7\x98\xA9",
};

static const char* const t1697[] = {
    "\xE8\x8B\x97",
    "\xE6\x83\x85",
};

static const char* const t1698[] = {
    "\xE7\x8B\x82",
    "\xE5\xAD\x90",
};

static const char* const t1699[] = {
    "\xE5\x8A\xB3",
    "\xE6\x83\xAB",
    "\xE5\x80\xA6",
    "\xE8\xBD\xAF",
};

static const char* const t1700[] = {
    "\xE7\x97\x9B",
};

static const char* const t1701[] = {
    "\xE7\x97\x85",
    "\xE9\xA9\xB0",
    "\xE8\x8B\xA6",
    "\xE6\x82\xA3",
};

static const char* const t1702[] = {
    "\xE4\xBA\xBA",
    "\xE6\xAF\x92",
    "\xE6\x83\x85",
    "\xE5\x8F\x98",
    "\xE5\x9B\xA0",
    "\xE7\x90\x86",
    "\xE6\xAD\xBB",
    "\xE6\x88\xBF",
    "\xE4\xBE\x8B",
    "\xE8\x99\xAB\xE5\xAE\xB3",
    "\xE5\xBA\x8A",
    "\xE9\x80\x9D",
};

static const char* const t1703[] = {
    "\xE7\x8A\xB6",
};

static const char* const t1704[] = {
    "\xE6\x8C\x9B",
};

static const char* const t1705[] = {
    "\xE6\x84\x88",
};

static const char* const t1706[] = {
    "\xE8\xBF\xB9",
};

static const char* const t1707[] = {
    "\xE8\x8B\xA6",
    "\xE5\xBF\xAB",
    "\xE5\x93\xAD",
    "\xE6\x81\xA8",
    "\xE5\xBF\x83",
    "\xE6\xA5\x9A",
};

static const char* const t1708[] = {
    "\xE7\x96\xAB",
};

static const char* const t1709[] = {
    "\xE5\xAD\x90",
    "\xE5\x89\x8A",
};

static const char* const t1710[] = {
    "\xE7\x97\xAA",
};

static const char* const t1711[] = {
    "\xE7\x97\x87",
};

static const char* const t1712[] = {
    "\xE6\x97\xB6",
    "\xE8\xAE\xB0",
    "\xE4\xB8\x8A",
    "\xE9\x99\x86",
    "\xE5\x9F\xBA",
    "\xE5\xB1\xB1",
    "\xE5\xBD\x95",
    "\xE5\x8F\xB0",
    "\xE6\x9E\x81",
    "\xE8\xAE\xB0\xE6\x97\xA5",
    "\xE5\x9C\xBA",
    "\xE9\x99\x86\xE8\x88\xB0",
    "\xE8\xAE\xB0\xE5\x9C\xA8\xE5\x86\x8C",
};

static const char* const t1713[] = {
    "\xE8\x89\xB2",
    "\xE9\x9B\xAA",
    "\xE5\xA4\xA9",
    "\xE5\x98\x89\xE8\xBD\xA9",
    "\xE9\xA2\x86",
    "\xE6\xB2\x99\xE6\xB4\xB2",
    "\xE8\xA1\xA3",
    "\xE9\xA9\xAC",
    "\xE5\xAE\xAB",
    "\xE6\x97\x8F",
    "\xE8\x8E\xB2",
    "\xE7\x9F\xB3",
    "\xE9\xB3\x8D\xE8\xB1\x9A",
    "\xE7\x99\xBD",
    "\xE5\xB8\x83",
    "\xE4\xB8\x87\xE5\x89\x91",
    "\xE4\xBA\xBA",
    "\xE5\x8F\x91",
    "\xE4\xBA\x91",
    "\xE5\xAE\xB6",
    "\xE5\xAB\xA9",
    "\xE9\x93\xB6",
    "\xE4\xBF\x84\xE7\xBD\x97\xE6\x96\xAF",
    "\xE6\x97\x97",
    "\xE6\x9E\x9C",
    "\xE7\xBA\xB8",
    "\xE5\xB8\xA6",
    "\xE7\x8E\x89\xE5\x85\xB0",
    "\xE6\xB4\x8B",
    "\xE5\xA4\x9C",
    "\xE6\x98\xBC",
    "\xE4\xBA\x91\xE6\x9D\x91",
    "\xE7\xBB\x86\xE8\x83\x9E",
    "\xE8\xA1\x80\xE7\x97\x85",
    "\xE9\x85\x92",
    "\xE7\x97\xB4",
    "\xE9\xB9\xBF\xE5\x8E\x9F",
    "\xE8\x8F\x9C",
    "\xE4\xB8\xBD\xE5\xA8\x9C",
    "\xE9\xAA\xA8",
    "\xE8\x89\xB2\xE6\x81\x90\xE6\x80\x96",
};

static const char* const t1714[] = {
    "\xE7\xA7\x91",
    "\xE5\xBA\xA6",
    "\xE5\xA7\x93",
    "\xE5\xB9\xB4",
    "\xE4\xB8\x87",
    "\xE5\x88\x86\xE7\x82\xB9",
    "\xE8\x8A\xB1",
    "\xE5\xAE\x98",
    "\xE5\x80\x8D",
    "\xE8\xB4\xA7",
    "\xE4\xBA\xBF\xE5\x85\x83",
    "\xE8\x8A\xB1\xE5\x9B\xAD",
    "\xE5\xA4\xB4",
    "\xE8\x88\xAC",
    "\xE7\xA7\x91\xE5\x85\xA8\xE4\xB9\xA6",
    "\xE9\x87\x8C",
    "\xE5\x88\x86\xE6\xAF\x94",
};

static const char* const t1715[] = {
    "\xE8\xAF\x9D",
    "\xE7\xA1\xAE",
};

static const char* const t1716[] = {
    "\xE5\xB8\x9D",
    "\xE4\xB8\x8A",
    "\xE5\x9F\x8E",
    "\xE5\x90\x8E",
    "\xE5\xAE\xB6",
    "\xE5\xAE\xAB",
    "\xE5\xA4\xAA\xE5\x90\x8E",
    "\xE6\x9D\x83",
    "\xE5\xAE\xA4",
    "\xE4\xBD\x8D",
    "\xE5\xA4\xAA\xE6\x9E\x81",
    "\xE6\x97\x8F",
    "\xE7\x88\xB7",
    "\xE9\x99\xB5",
    "\xE5\xAD\x90",
    "\xE5\xA4\xAA\xE5\xAD\x90",
    "\xE5\xB2\x97",
    "\xE9\xA9\xAC",
    "\xE6\x9C\x9D",
};

static const char* const t1717[] = {
    "\xE4\xBE\x9D",
};

static const char* const t1718[] = {
    "\xE8\x82\xA4",
    "\xE5\xAD\x90",
    "\xE9\x9D\xA9",
    "\xE9\x9E\x8B",
    "\xE8\xB4\xA8",
    "\xE8\x82\x89",
    "\xE6\xAF\x9B",
    "\xE6\x97\xA5\xE4\xBC\x91",
    "\xE7\x90\x83",
    "\xE5\xB1\x82",
    "\xE4\xB8\x8B",
};

static const char* const t1719[] = {
    "\xE7\x9C\x89",
    "\xE7\xBA\xB9",
};

static const char* const t1720[] = {
    "\xE5\x9C\xB0",
};

static const char* const t1721[] = {
    "\xE7\x9B\x88",
    "\xE5\x88\xA9",
};

static const char* const t1722[] = {
    "\xE9\x85\xB8",
    "\xE5\xBA\xA6",
};

static const char* const t1723[] = {
    "\xE7\x9D\xA3",
    "\xE5\xAF\x9F",
    "\xE7\xAE\xA1",
    "\xE5\x88\xA9",
    "\xE8\xA7\x86",
    "\xE6\xB5\x8B",
    "\xE7\x8B\xB1",
    "\xE7\x9D\xA3\xE6\x9D\x83",
    "\xE6\x8E\xA7",
    "\xE5\x88\xA9\xE5\x8E\xBF",
    "\xE6\x8A\xA4",
    "\xE7\xA6\x81",
    "\xE4\xBA\x8B\xE4\xBC\x9A",
    "\xE4\xBA\x8B",
};

static const char* const t1724[] = {
    "\xE5\xAD\x90",
};

static const char* const t1725[] = {
    "\xE7\x94\xB2",
};

static const char* const t1726[] = {
    "\xE8\x8C\xA8",
    "\xE5\xAD\x90",
    "\xE5\xBE\xB7",
};

static const char* const t1727[] = {
    "\xE7\x89\x88",
    "\xE5\xA2\x93",
    "\xE8\xB4\xBC",
    "\xE7\xAA\x83",
};

static const char* const t1728[] = {
    "\xE6\x97\x8B",
    "\xE7\xAE\x97",
    "\xE5\xAD\x90",
    "\xE4\xB8\xAD",
    "\xE9\x97\xAE",
};

static const char* const t1729[] = {
    "\xE4\xBA\xA7",
    "\xE8\xA1\x8C",
    "\xE5\xA4\xA7",
    "\xE5\xBC\x80",
    "\xE5\xAE\xA3\xE6\x80\x80",
    "\xE5\x8D\x8E\xE4\xBB\x81",
    "\xE5\x90\x8D",
    "\xE4\xBC\x9A",
    "\xE4\xB8\x96",
    "\xE4\xBA\xAC",
};

static const char* const t1730[] = {
    "\xE4\xB8\xBB",
    "\xE5\x86\x9B",
    "\xE5\x9B\xBD",
    "\xE5\x8F\x8B",
};

static const char* const t1731[] = {
    "\xE5\x89\x8D",
    "\xE6\xA0\x87",
    "\xE7\x9A\x84",
    "\xE5\x85\x89",
    "\xE5\xBD\x95",
    "\xE7\x9A\x84\xE5\x9C\xB0",
    "\xE7\x9D\xB9",
    "\xE7\x9E\xAA\xE5\x8F\xA3\xE5\x91\x86",
    "\xE4\xB8\x8D\xE8\xBD\xAC\xE7\x9D\x9B",
};

static const char* const t1732[] = {
    "\xE4\xBD\x8F",
};

static const char* const t1733[] = {
    "\xE7\x9B\xAE",
    "\xE4\xBA\xBA",
};

static const char* const t1734[] = {
    "\xE6\x8E\xA5",
    "\xE8\xBE\x96\xE5\xB8\x82",
    "\xE6\x92\xAD",
    "\xE5\x8D\x87\xE6\x9C\xBA",
    "\xE5\xBE\x84",
    "\xE8\x87\xB3",
    "\xE5\x88\xB0",
    "\xE9\x9A\xB6",
    "\xE8\xBE\xBE",
    "\xE7\xBA\xBF",
    "\xE8\xA8\x80",
    "\xE5\xB1\x9E",
    "\xE8\xBE\x96",
    "\xE5\xA5\x94",
    "\xE9\x80\x9A",
    "\xE7\xAB\x8B",
    "\xE7\xB3\xBB",
    "\xE8\xA7\x89",
    "\xE8\xA7\x82",
    "\xE7\xAE\xA1",
    "\xE6\x8C\x87",
    "\xE6\xB5\x81",
};

static const char* const t1735[] = {
    "\xE5\x85\xB3",
    "\xE5\x90\x8C",
    "\xE4\xBF\xA1",
    "\xE5\xBD\x93",
    "\xE5\xAF\xB9",
    "\xE4\xBA\x92",
    "\xE5\xBA\x94",
    "\xE6\xAF\x94",
    "\xE5\x8F\x8D",
    "\xE4\xBC\xBC",
    "\xE7\xBB\xA7",
    "\xE8\xBF\x9E",
    "\xE5\xBD\x93\xE4\xBA\x8E",
    "\xE7\xAD\x89",
    "\xE8\xA7\x81",
    "\xE8\xB7\x9D",
    "\xE5\xB7\xAE",
    "\xE8\xB2\x8C",
    "\xE9\x80\x9A",
    "\xE5\x85\xAC",
    "\xE5\x8A\xA9",
    "\xE4\xBA\x92\xE4\xBD\x9C\xE7\x94\xA8",
    "\xE4\xBC\xA0",
    "\xE6\x95\x91",
    "\xE5\xA4\x84",
    "\xE8\xBF\x91",
    "\xE4\xBA\xA4",
    "\xE6\x8E\xA5",
    "\xE9\x81\x87",
    "\xE8\xAF\x86",
    "\xE4\xBC\x9A",
    "\xE9\x82\xBB",
    "\xE5\xAF\xB9\xE8\xAE\xBA",
    "\xE6\x9C\x9B",
    "\xE6\x9C\xBA",
    "\xE8\x81\x9A",
    "\xE7\xAC\xA6",
    "\xE5\xBE\x85",
    "\xE9\x9A\x94",
    "\xE6\x8C\x81",
    "\xE5\xAE\x9C",
    "\xE6\xAF\x94\xE4\xB9\x8B\xE4\xB8\x8B",
    "\xE5\xBC\x82",
    "\xE9\x97\xB4",
    "\xE9\x80\xA2",
    "\xE7\xA7\xB0",
    "\xE5\xAE\xB9",
    "\xE5\xB9\xB2",
    "\xE4\xBC\xB4",
    "\xE5\x8A\xA0",
};

static const char* const t1736[] = {
    "\xE6\x9C\x9B",
};

static const char* const t1737[] = {
    "\xE7\xBA\xA7",
    "\xE9\x95\xBF",
    "\xE5\x86\x85",
    "\xE7\x9B\xB4",
    "\xE5\xA7\x94",
    "\xE4\xBC\x9A",
    "\xE4\xBB\xBD",
    "\xE5\x8C\xBA",
    "\xE8\xBE\x96\xE5\xB8\x82",
    "\xE6\x94\xBF\xE5\xBA\x9C",
    "\xE5\xA4\x96",
    "\xE5\x9F\x8E",
    "\xE5\xB8\x82",
    "\xE5\x86\x85\xE5\xA4\x96",
    "\xE7\xB1\x8D",
    "\xE9\x87\x8C",
    "\xE5\xBE\x97",
    "\xE6\x82\x9F",
};

static const char* const t1738[] = {
    "\xE5\xA4\xB4",
    "\xE6\xAF\x9B",
    "\xE7\x9B\xAE",
};

static const char* const t1739[] = {
    "\xE5\x88\xB0",
    "\xE8\xA7\x81",
    "\xE7\x9D\x80",
    "\xE6\x9D\xA5",
    "\xE7\x9C\x8B",
    "\xE6\xB3\x95",
    "\xE5\x87\xBA",
    "\xE4\xBD\x9C",
    "\xE4\xB8\x8A\xE5\x8E\xBB",
    "\xE8\xBF\x87",
    "\xE5\xBE\x85",
    "\xE6\x88\x90",
    "\xE4\xB8\x8D\xE5\x88\xB0",
    "\xE6\xB8\x85",
    "\xE6\x9C\x9B",
    "\xE5\xA5\xBD",
    "\xE9\x87\x8D",
    "\xE8\xB5\xB7\xE6\x9D\xA5",
    "\xE4\xBC\xBC",
    "\xE7\x97\x85",
    "\xE5\xAE\x88",
    "\xE4\xB9\xA6",
    "\xE4\xB8\xAD",
    "\xE6\xA0\xB7\xE5\xAD\x90",
    "\xE5\xBE\x97\xE5\x87\xBA",
    "\xE5\x87\x86",
};

static const char* const t1740[] = {
    "\xE6\xAD\xA3",
    "\xE6\x98\xAF",
    "\xE7\x9A\x84",
    "\xE5\xAE\x9E",
    "\xE7\x90\x86",
    "\xE7\x9B\xB8",
    "\xE8\xAF\x9A",
    "\xE7\xA9\xBA",
    "\xE5\xBF\x83",
    "\xE4\xB8\xAA",
    "\xE4\xBA\xBA",
    "\xE8\x8F\x8C",
    "\xE4\xB8\xBB",
    "\xE6\x83\x85",
    "\xE7\xBB\x8F",
    "\xE5\x88\x87",
    "\xE8\xAF\x9D",
    "\xE5\x81\x87",
    "\xE5\x91\xB3",
    "\xE5\xAE\x9E\xE6\x80\xA7",
    "\xE6\x8C\x9A",
};

static const char* const t1741[] = {
    "\xE6\x99\x95",
};

static const char* const t1742[] = {
    "\xE5\xB1\x9E",
};

static const char* const t1743[] = {
    "\xE6\x9C\x9B",
};

static const char* const t1744[] = {
    "\xE7\x9D\x9B",
    "\xE5\x89\x8D",
    "\xE8\xA7\x81",
    "\xE6\xB3\xAA",
    "\xE5\x85\x89",
    "\xE4\xB8\x8B",
    "\xE9\x87\x8C",
    "\xE4\xB8\xAD",
    "\xE7\x9C\x8B",
    "\xE7\xA5\x9E",
    "\xE8\x89\xB2",
    "\xE9\x95\x9C",
    "\xE7\x90\x83",
    "\xE7\x9C\xB6",
    "\xE7\x9A\xAE",
    "\xE8\xA7\x92",
    "\xE7\x8F\xA0",
    "\xE7\x9D\x81\xE7\x9D\x81",
    "\xE7\x95\x8C",
    "\xE5\x9C\x88",
};

static const char* const t1745[] = {
    "\xE6\x89\x8B",
    "\xE9\x87\x8D",
    "\xE6\x80\xA5",
    "\xE5\xAE\x9E",
    "\xE7\x9C\xBC",
    "\xE5\x9C\xB0",
    "\xE5\x8A\x9B",
    "\xE6\x83\xB3",
    "\xE9\x99\x86",
    "\xE7\x9C\xBC\xE4\xBA\x8E",
};

static const char* const t1746[] = {
    "\xE8\xA7\x89",
    "\xE7\x9C\xA0",
    "\xE7\x9D\x80",
    "\xE6\xA2\xA6",
};

static const char* const t1747[] = {
    "\xE5\xAF\x9F",
    "\xE4\xBF\x83",
    "\xE6\x9F\xA5",
    "\xE5\x8A\x9E",
};

static const char* const t1748[] = {
    "\xE6\xAF\x9B",
};

static const char* const t1749[] = {
    "\xE4\xB8\xB8",
};

static const char* const t1750[] = {
    "\xE5\x87\x86",
};

static const char* const t1751[] = {
    "\xE5\xAD\x90",
    "\xE8\xAF\xB4",
};

static const char* const t1752[] = {
    "\xE7\x9E\xA7",
    "\xE8\xA7\x81",
    "\xE4\xB8\x8D\xE8\xB5\xB7",
};

static const char* const t1753[] = {
    "\xE7\x9B\xAE",
};

static const char* const t1754[] = {
    "\xE9\x97\xB4",
};

static const char* const t1755[] = {
    "\xE5\xAD\x94",
};

static const char* const t1756[] = {
    "\xE4\xBB\xB0",
};

static const char* const t1757[] = {
    "\xE5\xAE\xB6\xE6\xB9\x96",
};

static const char* const t1758[] = {
    "\xE7\xAB\x8B",
};

static const char* const t1759[] = {
    "\xE7\x9B\xBE",
    "\xE5\xA4\xB4",
};

static const char* const t1760[] = {
    "\xE9\x81\x93",
    "\xE8\xAF\x86",
    "\xE8\xAF\x86\xE5\x88\x86\xE5\xAD\x90",
    "\xE5\x90\x8D",
    "\xE5\xBA\x9C",
    "\xE8\xAF\x86\xE4\xBA\xA7\xE6\x9D\x83",
    "\xE8\xA7\x89",
    "\xE6\x99\x93",
    "\xE5\x8E\xBF",
    "\xE8\xB6\xB3",
    "\xE9\x9F\xB3",
    "\xE8\xAF\x86\xE7\x82\xB9",
    "\xE9\x9D\x92",
    "\xE5\x90\x8D\xE5\xBA\xA6",
    "\xE6\x83\x85",
    "\xE5\xB7\xB1",
};

static const char* const t1761[] = {
    "\xE9\x98\xB5",
    "\xE5\xBD\xA2",
};

static const char* const t1762[] = {
    "\xE6\x9C\x9F",
    "\xE4\xBF\xA1",
    "\xE6\x9A\x82",
    "\xE7\x9F\xAD",
    "\xE7\xBC\xBA",
    "\xE7\x9F\xAD\xE7\x9A\x84",
    "\xE7\xAF\x87\xE5\xB0\x8F\xE8\xAF\xB4",
    "\xE5\x89\x91",
    "\xE7\xBA\xBF",
    "\xE5\x91\xBD",
    "\xE5\x88\x80",
    "\xE5\xB0\x8F",
    "\xE4\xBF\x83",
};

static const char* const t1763[] = {
    "\xE5\xAD\x90",
    "\xE5\xB0\x8F",
    "\xE8\x83\x96",
};

static const char* const t1764[] = {
    "\xE9\xA6\x96",
    "\xE9\xA6\x96\xE5\xB8\x82",
    "\xE6\xB2\xB9",
    "\xE5\xA4\xB4",
    "\xE8\x8B\xB1",
    "\xE7\xA0\xB4\xE5\xA4\xA9",
    "\xE6\xA1\xA5",
    "\xE5\x8C\x96",
    "\xE9\x97\xA8",
    "\xE7\xAA\x9F",
    "\xE8\x86\x8F",
    "\xE5\x99\xA8",
    "\xE7\xA2\x91",
    "\xE5\xA3\x81",
    "\xE7\x8B\xAE",
    "\xE6\xB9\x96",
    "\xE5\xA2\xA8",
    "\xE5\xAD\x90",
    "\xE6\x9D\xBF",
    "\xE5\x9D\x97",
    "\xE5\xAE\xB6\xE5\xBA\x84",
    "\xE6\x9E\x97",
    "\xE7\x81\xB0",
    "\xE5\x88\xBB",
    "\xE6\x9F\xB1",
    "\xE5\x85\xBD",
    "\xE7\x81\xB0\xE5\xB2\xA9",
    "\xE9\x9B\x95",
    "\xE7\x81\xB0\xE7\x9F\xB3",
    "\xE8\x8B\xB1\xE7\xA0\x82",
    "\xE6\xA3\x89",
    "\xE9\xBE\x99",
    "\xE6\xA6\xB4\xE7\x9F\xB3",
    "\xE8\x86\x8F\xE7\x9F\xBF",
    "\xE8\xB1\xA1\xE7\x94\x9F",
    "\xE5\xB9\xBF\xE7\x94\x9F",
    "\xE7\x89\x8C\xE5\xB2\xAD",
    "\xE5\x8D\x8E\xE5\xA0\xB0",
    "\xE5\xAE\x89",
    "\xE5\xAF\xBF\xE6\xB0\xB8",
    "\xE9\x9D\x99\xE5\xAE\x9C",
    "\xE5\xAE\xA4",
    "\xE6\x96\x99",
    "\xE9\x98\xB6",
    "\xE5\x8C\xA0",
};

static const char* const t1765[] = {
    "\xE4\xBA\xA7",
    "\xE7\x89\xA9",
    "\xE5\xB1\xB1",
    "\xE5\xBA\x8A",
    "\xE5\x86\xB6",
    "\xE8\x97\x8F",
    "\xE7\x9F\xB3",
    "\xE4\xB8\x9A",
    "\xE5\x8C\xBA",
    "\xE7\x89\xA9\xE8\xB4\xA8",
    "\xE4\xBA\xA7\xE5\x9C\xB0",
    "\xE4\xBA\x95",
    "\xE5\xB7\xA5",
};

static const char* const t1766[] = {
    "\xE5\xA4\xB4",
};

static const char* const t1767[] = {
    "\xE5\x9C\x9F",
    "\xE5\xB2\xA9",
};

static const char* const t1768[] = {
    "\xE7\xA9\xB6",
    "\xE5\x88\xB6",
    "\xE7\xA9\xB6\xE6\x89\x80",
    "\xE5\x8F\x91",
    "\xE7\xA9\xB6\xE7\x94\x9F",
    "\xE7\xA9\xB6\xE5\x91\x98",
    "\xE7\xA9\xB6\xE9\x99\xA2",
    "\xE8\xAE\xA8\xE4\xBC\x9A",
    "\xE8\xAE\xA8",
    "\xE7\xA9\xB6\xE4\xBC\x9A",
    "\xE7\xA9\xB6\xE5\xAE\xA4",
    "\xE8\xAE\xA8\xE7\x8F\xAD",
    "\xE4\xB9\xA0",
};

static const char* const t1769[] = {
    "\xE5\xA4\xB4",
    "\xE7\x93\xA6",
    "\xE7\x9F\xB3",
};

static const char* const t1770[] = {
    "\xE5\x9D\x8F",
    "\xE4\xBA\xA7",
    "\xE8\xA3\x82",
    "\xE8\xAF\x91",
    "\xE6\x97\xA7",
    "\xE7\xA2\x8E",
    "\xE8\xB4\xA5",
    "\xE7\x81\xAD",
    "\xE8\xA7\xA3",
    "\xE7\x83\x82",
    "\xE5\x9C\x9F\xE5\x8A\xA8\xE5\xB7\xA5",
    "\xE7\xBB\xBD",
    "\xE5\x8F\xA3\xE5\xA4\xA7\xE9\xAA\x82",
    "\xE9\x97\xA8",
    "\xE6\x8D\x9F",
    "\xE5\x9D\x8F\xE6\x80\xA7",
};

static const char* const t1771[] = {
    "\xE8\xB0\xB7",
    "\xE7\x81\xB0\xE7\x9F\xB3",
};

static const char* const t1772[] = {
    "\xE5\xA3\xAB",
};

static const char* const t1773[] = {
    "\xE5\x8F\xA3\xE5\x8C\xBA",
};

static const char* const t1774[] = {
    "\xE7\x83\x9F",
    "\xE9\x85\xB8",
};

static const char* const t1775[] = {
    "\xE9\x85\xB8",
};

static const char* const t1776[] = {
    "\xE4\xBB\xB6",
    "\xE6\x98\xAF",
    "\xE5\xBA\xA6",
    "\xE7\x9B\x98",
    "\xE7\x9D\x80\xE5\xA4\xB4\xE7\x9A\xAE",
    "\xE5\x8C\x96",
};

static const char* const t1777[] = {
    "\xE5\xAE\x9A",
    "\xE5\xAE\x9E",
    "\xE7\xAB\x8B",
    "\xE4\xBF\x9D",
    "\xE8\xAE\xA4",
    "\xE5\x88\x87",
    "\xE6\x9C\x89",
    "\xE8\xAF\x8A",
    "\xE4\xBF\xA1",
};

static const char* const t1778[] = {
    "\xE7\x89\x87",
    "\xE5\xB1\x91",
};

static const char* const t1779[] = {
    "\xE4\xBA\xAD",
};

static const char* const t1780[] = {
    "\xE7\xBB\xBF",
};

static const char* const t1781[] = {
    "\xE5\x88\xB0",
    "\xE4\xB8\x8A",
    "\xE6\x92\x9E",
    "\xE8\xA7\x81",
};

static const char* const t1782[] = {
    "\xE6\x80\xA7",
};

static const char* const t1783[] = {
    "\xE5\xAD\x90",
};

static const char* const t1784[] = {
    "\xE5\x9C\xBA",
    "\xE6\x80\xA7",
    "\xE5\xB8\xA6",
    "\xE5\x8C\x96",
    "\xE7\x9F\xA9",
};

static const char* const t1785[] = {
    "\xE5\x95\x86",
};

static const char* const t1786[] = {
    "\xE5\xA4\xB4",
};

static const char* const t1787[] = {
    "\xE5\x88\xB6",
    "\xE6\x8D\x9F",
    "\xE9\x9A\xBE",
};

static const char* const t1788[] = {
    "\xE7\x9F\xBF",
    "\xE8\x82\xA5",
    "\xE8\x82\xA5\xE5\x8E\x82",
    "\xE9\x85\xB8\xE7\x9B\x90",
    "\xE9\x85\xB8",
};

static const char* const t1789[] = {
    "\xE5\xA8\x81",
    "\xE8\x8C\x83\xE5\x8C\xBA",
    "\xE8\x8C\x83\xE5\x8E\xBF",
    "\xE8\x8C\x83",
    "\xE6\x84\x8F",
};

static const char* const t1790[] = {
    "\xE9\x83\xA8",
    "\xE7\x89\xA9",
    "\xE4\xBB\xAA",
    "\xE5\xA0\x82",
    "\xE8\xB2\x8C",
    "\xE6\xB3\x95",
    "\xE6\x8B\x9C",
    "\xE5\x93\x81",
    "\xE6\x9C\x8D",
    "\xE8\x8A\x82",
    "\xE4\xB9\x90",
};

static const char* const t1791[] = {
    "\xE4\xBC\x9A",
    "\xE4\xBC\x9A\xE4\xB8\xBB\xE4\xB9\x89",
    "\xE5\x8C\xBA",
    "\xE7\xA8\xB7",
    "\xE4\xBC\x9A\xE5\xAD\xA6",
    "\xE9\x95\xBF",
    "\xE4\xBC\x9A\xE7\xA7\x91\xE5\xAD\xA6",
    "\xE5\x9B\xA2",
    "\xE4\xBC\x9A\xE5\x85\x9A",
    "\xE4\xBC\x9A\xE5\x8C\x96",
    "\xE4\xBC\x9A\xE5\x88\xB6\xE5\xBA\xA6",
    "\xE4\xBA\xA4",
    "\xE4\xBC\x9A\xE4\xBF\x9D\xE9\x9A\x9C",
    "\xE5\x91\x98",
    "\xE4\xBC\x9A\xE5\xAD\xA6\xE5\xAE\xB6",
    "\xE8\xAE\xBA",
    "\xE4\xBC\x9A\xE5\x85\xB3\xE7\xB3\xBB",
};

static const char* const t1792[] = {
    "\xE7\xA5\xB7",
    "\xE6\xB1\x82",
};

static const char* const t1793[] = {
    "\xE5\x9B\xBD",
    "\xE5\x85\x88",
    "\xE5\xAE\x97",
    "\xE7\x88\xB6",
    "\xE5\xB8\x88",
    "\xE5\x8F\xB3\xE7\xA4\xBE",
    "\xE6\xAF\x8D",
    "\xE4\xB8\x8A",
    "\xE5\x9D\x9F",
    "\xE5\xA4\xA7\xE5\xAF\xBF",
    "\xE5\xB8\x88\xE7\x88\xB7",
    "\xE7\xB1\x8D",
};

static const char* const t1794[] = {
    "\xE8\xB4\xBA",
    "\xE7\xA6\x8F",
    "\xE6\x84\xBF",
    "\xE9\x93\xAD\xE5\xB1\xB1",
};

static const char* const t1795[] = {
    "\xE8\x89\xB2",
    "\xE5\x86\x9C\xE6\x9E\xB6",
    "\xE7\xA7\x98",
    "\xE7\xBB\x8F",
    "\xE6\x83\x85",
    "\xE8\xAF\x9D",
    "\xE9\xBE\x99",
    "\xE4\xBB\x99",
    "\xE5\x9C\xA3",
    "\xE6\x80\x81",
    "\xE5\xA5\x87",
    "\xE5\x86\x9C",
    "\xE5\x8A\x9F",
    "\xE6\xB0\x94",
    "\xE6\x9D\xA5\xE4\xB9\x8B\xE7\xAC\x94",
    "\xE5\xBE\x80",
    "\xE5\xBA\x99",
    "\xE9\x81\x93",
    "\xE5\xAD\xA6",
    "\xE4\xBD\x8D",
    "\xE5\xB7\x9E",
    "\xE7\xBB\x8F\xE7\xB3\xBB\xE7\xBB\x9F",
    "\xE9\x9F\xB5",
    "\xE9\x80\x9A",
    "\xE5\x83\x8F",
    "\xE6\x99\xBA",
    "\xE7\x81\xB5",
    "\xE7\xBB\x8F\xE5\x85\x83",
    "\xE5\x86\x9C\xE6\xBA\xAA",
    "\xE7\x9A\x87\xE6\xB4\xB2",
    "\xE7\x88\xB6",
    "\xE5\x8C\xBB",
    "\xE6\x98\x8E",
};

static const char* const t1796[] = {
    "\xE5\xA0\x82",
};

static const char* const t1797[] = {
    "\xE5\x92\x8C",
};

static const char* const t1798[] = {
    "\xE4\xBB\xB7",
    "\xE6\x8D\xAE",
};

static const char* const t1799[] = {
    "\xE7\xA5\x80",
    "\xE5\xA4\xA9",
    "\xE7\xA5\x96",
    "\xE5\x8F\xB8",
};

static const char* const t1800[] = {
    "\xE5\xAE\xB3",
};

static const char* const t1801[] = {
    "\xE6\x8A\xA5",
    "\xE5\x91\x8A",
};

static const char* const t1802[] = {
    "\xE6\xAD\xA2",
    "\xE5\x8C\xBA",
    "\xE5\x9C\xB0",
    "\xE4\xB8\x8D\xE4\xBD\x8F",
    "\xE5\xBF\x8C",
    "\xE4\xBB\xA4",
    "\xE5\x86\x9B",
    "\xE6\x8D\x95",
    "\xE6\xAF\x92",
};

static const char* const t1803[] = {
    "\xE6\x9D\x96",
    "\xE5\xB8\x88",
};

static const char* const t1804[] = {
    "\xE5\xBB\xBA",
    "\xE4\xB8\xB4",
    "\xE5\x88\xA9",
    "\xE5\xB7\x9E",
    "\xE5\xBB\xBA\xE7\x9C\x81",
    "\xE6\x99\x8B",
    "\xE5\xBA\xB7\xE5\xAE\x89",
    "\xE6\x98\x9F",
    "\xE6\xB0\x94",
    "\xE9\x93\xB6",
};

static const char* const t1805[] = {
    "\xE5\xBC\x80",
    "\xE5\xAD\x90",
    "\xE5\x8E\xBB",
    "\xE5\xA9\x9A",
    "\xE4\xB8\x8D\xE5\xBC\x80",
    "\xE8\x81\x8C",
    "\xE6\x95\xA3",
    "\xE9\x80\x80\xE4\xBC\x91",
    "\xE5\x88\xAB",
};

static const char* const t1806[] = {
    "\xE6\xB5\x81\xE6\x84\x9F",
    "\xE5\x85\xBD",
};

static const char* const t1807[] = {
    "\xE4\xB8\xBD",
    "\xE6\x89\x8D",
};

static const char* const t1808[] = {
    "\xE4\xBA\xBA",
    "\xE4\xBF\xA1",
    "\xE8\x90\xA5",
    "\xE6\x9C\x89",
    "\xE4\xB8\x8B",
    "\xE6\x9C\x89\xE5\x88\xB6",
    "\xE8\x87\xAA",
    "\xE5\x88\xA9",
    "\xE4\xBA\x8B",
    "\xE5\xBF\x83",
    "\xE5\xAE\xB6",
};

static const char* const t1809[] = {
    "\xE5\xA4\xA9",
    "\xE5\xAD\xA3",
    "\xE5\xAE\xA1",
    "\xE6\xB0\xB4",
};

static const char* const t1810[] = {
    "\xE7\xB1\xBB",
    "\xE7\xA7\x8D",
    "\xE6\xA4\x8D",
    "\xE5\xAD\x90",
    "\xE6\x97\x8F",
    "\xE5\xA7\x93",
    "\xE8\xB4\xA8",
    "\xE7\xBE\xA4",
    "\xE6\xA4\x8D\xE4\xB8\x9A",
    "\xE5\xB1\x9E",
    "\xE5\xB8\x88\xE9\x81\x93",
};

static const char* const t1811[] = {
    "\xE6\x8A\x80",
    "\xE5\xAD\xA6",
    "\xE7\xA0\x94",
    "\xE5\xAD\xA6\xE5\xAE\xB6",
    "\xE5\xAD\xA6\xE6\x8A\x80\xE6\x9C\xAF",
    "\xE9\x95\xBF",
    "\xE4\xB8\xBE",
    "\xE5\xAD\xA6\xE9\x99\xA2",
    "\xE7\x9B\xAE",
    "\xE6\xAF\x94",
    "\xE7\xB4\xA2\xE6\xB2\x83",
    "\xE6\x95\x99",
    "\xE6\x99\xAE",
    "\xE5\xA8\x81\xE7\x89\xB9",
    "\xE6\x8A\x80\xE5\x9B\xAD\xE5\x8C\xBA",
    "\xE6\x9E\x97\xE6\x96\xAF",
    "\xE6\x95\x99\xE5\x85\xB4\xE5\xB8\x82",
    "\xE9\x9A\x86",
};

static const char* const t1812[] = {
    "\xE9\x92\x9F",
};

static const char* const t1813[] = {
    "\xE4\xB9\xA6\xE9\x95\xBF",
    "\xE5\xAF\x86",
    "\xE4\xB9\xA6",
    "\xE9\xB2\x81",
    "\xE8\xAF\x80",
};

static const char* const t1814[] = {
    "\xE7\x95\x8C",
    "\xE5\x9C\xB0",
    "\xE8\xB5\x81",
    "\xE9\x87\x91",
};

static const char* const t1815[] = {
    "\xE5\xB2\xAD",
    "\xE5\xA7\x8B\xE7\x9A\x87",
    "\xE6\xB1\x89",
    "\xE7\x8E\x8B",
    "\xE5\xAE\x89",
    "\xE8\x85\x94",
    "\xE5\x9F\xBA\xE4\xBC\x9F",
    "\xE5\x9B\xBD",
    "\xE5\x85\x8B\xE6\xB9\x96",
    "\xE5\xAE\xB6\xE6\xB4\xB2",
    "\xE5\xB1\x9E\xE5\x8D\x97",
    "\xE7\xBD\xAE\xE5\x8D\x97",
    "\xE9\x92\x9F\xE8\x8B\xB1",
    "\xE6\xA1\xA7",
};

static const char* const t1816[] = {
    "\xE5\xBA\x8F",
};

static const char* const t1817[] = {
    "\xE5\xBD\x92",
    "\xE5\xBD\x92\xE5\x8E\xBF",
};

static const char* const t1818[] = {
    "\xE6\x9E\x81",
    "\xE7\xB4\xAF",
    "\xE6\x9E\x81\xE6\x80\xA7",
    "\xE5\x88\x86",
    "\xE6\xB8\xA9",
    "\xE9\x9B\xAA",
    "\xE8\x93\x84",
    "\xE6\xB0\xB4",
    "\xE8\x81\x9A",
};

static const char* const t1819[] = {
    "\xE4\xB8\xBA",
    "\xE5\x8F\xB7",
    "\xE4\xB9\x8B\xE4\xB8\xBA",
    "\xE8\xB5\x9E",
    "\xE5\x91\xBC",
    "\xE5\xB8\x9D",
    "\xE4\xBD\x9C",
    "\xE8\xB0\x93",
    "\xE9\x81\x93",
    "\xE5\xBE\x97\xE4\xB8\x8A",
    "\xE7\x8E\x8B",
    "\xE9\xA2\x82",
};

static const char* const t1820[] = {
    "\xE5\x8A\xA8",
    "\xE6\xB0\x91",
    "\xE6\xA4\x8D",
    "\xE5\xB1\x85",
    "\xE4\xBA\xA4",
};

static const char* const t1821[] = {
    "\xE6\x9C\x89",
    "\xE5\xB0\x91",
    "\xE9\xA5\xAD",
    "\xE7\x96\x8F",
    "\xE7\xBD\x95",
    "\xE9\x87\x8A",
};

static const char* const t1822[] = {
    "\xE5\xBA\xA6",
    "\xE5\xBA\x8F",
    "\xE7\x81\xB5\xE7\xB4\xA0",
    "\xE5\xBF\x97",
    "\xE8\xB4\xBB\xE4\xB8\xBE",
};

static const char* const t1823[] = {
    "\xE5\xBE\xAE",
    "\xE7\xA8\x8D",
};

static const char* const t1824[] = {
    "\xE6\x94\xB6",
    "\xE5\x8A\xA1",
    "\xE7\x8E\x87",
};

static const char* const t1825[] = {
    "\xE5\xAF\x86",
};

static const char* const t1826[] = {
    "\xE5\xAE\x9A",
    "\xE6\xAD\xA5",
    "\xE5\xAE\x9A\xE6\x80\xA7",
    "\xE5\x81\xA5",
    "\xE5\x9B\xBA",
    "\xE5\xA6\xA5",
    "\xE4\xBD\x8F",
    "\xE9\x87\x8D",
};

static const char* const t1827[] = {
    "\xE8\xB0\xB7",
    "\xE7\xB1\xB3",
    "\xE7\x94\xB0",
};

static const char* const t1828[] = {
    "\xE5\xAD\x90",
};

static const char* const t1829[] = {
    "\xE6\x96\xAF\xE6\x9E\x97",
    "\xE7\xBD\x95\xE9\xBB\x98\xE5\xBE\xB7",
    "\xE5\xBF\xB5\xE6\x85\x88",
};

static const char* const t1830[] = {
    "\xE9\x81\x93",
    "\xE4\xBD\x8D",
};

static const char* const t1831[] = {
    "\xE7\xAB\x9F",
};

static const char* const t1832[] = {
    "\xE4\xBA\xBA",
};

static const char* const t1833[] = {
    "\xE5\x86\x9B",
    "\xE9\x97\xB4",
    "\xE4\xB8\xAD",
    "\xE6\xB0\x94",
    "\xE5\x89\x8D",
    "\xE7\x99\xBD",
    "\xE8\xBF\x90",
    "\xE8\xB0\x83",
    "\xE9\x99\x8D",
    "\xE8\x99\x9A",
    "\xE9\x9A\x99",
    "\xE8\xA2\xAD",
    "\xE6\x88\x98",
    "\xE5\x9C\xB0",
    "\xE9\x99\x8D\xE5\x85\xB5",
    "\xE5\xA7\x90",
    "\xE6\x8A\x95",
    "\xE6\xB4\x9E",
    "\xE6\x97\xB7",
    "\xE8\x8D\xA1\xE8\x8D\xA1",
    "\xE7\xA9\xBA\xE5\xAF\xBC\xE5\xBC\xB9",
    "\xE6\x89\x8B",
    "\xE7\xBC\xBA",
    "\xE5\x9F\x9F",
};

static const char* const t1834[] = {
    "\xE8\xBF\x87",
    "\xE8\xB6\x8A",
    "\xE6\x88\xB4",
    "\xE9\x80\x8F",
    "\xE8\xA1\x8C",
    "\xE6\xA2\xAD",
};

static const char* const t1835[] = {
    "\xE7\x84\xB6",
    "\xE5\x87\xBA",
    "\xE7\xA0\xB4",
    "\xE5\x87\xBB",
    "\xE5\x8E\xA5",
    "\xE5\x8F\x91",
    "\xE5\x9B\xB4",
    "\xE5\x8F\x98",
    "\xE5\xB0\xBC\xE6\x96\xAF",
    "\xE8\xB5\xB7",
    "\xE7\xA0\xB4\xE5\x8F\xA3",
    "\xE5\xA6\x82\xE5\x85\xB6\xE6\x9D\xA5",
    "\xE5\x87\xBB\xE9\x98\x9F",
    "\xE8\xA2\xAD",
};

static const char* const t1836[] = {
    "\xE9\x97\xA8",
};

static const char* const t1837[] = {
    "\xE6\xB4\x9E",
};

static const char* const t1838[] = {
    "\xE6\x81\xAF",
};

static const char* const t1839[] = {
    "\xE5\x8F\xA3",
    "\xE5\xA4\x96",
    "\xE6\x88\xB7",
    "\xE5\xAD\x90",
    "\xE5\x89\x8D",
    "\xE5\xB8\x98",
};

static const char* const t1840[] = {
    "\xE7\xAA\xBF",
};

static const char* const t1841[] = {
    "\xE5\x8D\xB3",
    "\xE5\x88\xBB",
    "\xE5\x9C\xBA",
    "\xE6\xB3\x95",
    "\xE6\x97\xB6",
    "\xE6\xB3\x95\xE6\x9D\x83",
    "\xE6\x96\xB9",
    "\xE4\xBD\x93",
    "\xE8\xB6\xB3",
    "\xE4\xB8\x8B",
    "\xE6\x96\xB9\xE7\xB1\xB3",
    "\xE9\xA9\xAC",
    "\xE9\xA1\xB9",
    "\xE5\x8A\x9F",
    "\xE9\x99\xB6\xE5\xAE\x9B",
    "\xE6\xA1\x88",
    "\xE4\xBA\x8E",
    "\xE6\xB3\x95\xE8\x80\x85",
    "\xE5\xAE\xAA",
    "\xE5\x9B\xBD",
    "\xE5\xBF\x97",
};

static const char* const t1842[] = {
    "\xE8\xB5\xB7",
    "\xE7\xAB\x8B",
};

static const char* const t1843[] = {
    "\xE7\xAB\x8B",
    "\xE9\x95\xBF",
    "\xE4\xBD\x8F",
    "\xE5\x8F\xB0",
    "\xE7\x82\xB9",
    "\xE7\xA8\xB3",
};

static const char* const t1844[] = {
    "\xE4\xBA\x89",
    "\xE4\xBA\x89\xE5\x8A\x9B",
    "\xE8\xB5\x9B",
    "\xE9\x80\x89",
    "\xE6\x8A\x80",
    "\xE7\x9B\xB8",
};

static const char* const t1845[] = {
    "\xE7\x84\xB6",
    "\xE6\x98\xAF",
    "\xE6\x95\xA2",
    "\xE9\x99\xB5",
};

static const char* const t1846[] = {
    "\xE7\xA8\x8B",
    "\xE5\xAE\x97\xE7\xA5\xA5",
    "\xE5\x90\xAF\xE6\x9C\x88",
    "\xE8\x8A\x82",
};

static const char* const t1847[] = {
    "\xE5\xB7\xA5",
};

static const char* const t1848[] = {
    "\xE5\xAD\x90",
    "\xE5\xB9\xB4",
    "\xE8\xAF\x9D",
    "\xE8\xA3\x85",
    "\xE5\xBA\x86\xE7\xA6\xA7",
};

static const char* const t1849[] = {
    "\xE5\x8A\x9B",
};

static const char* const t1850[] = {
    "\xE9\x97\xA8",
    "\xE7\x9A\x84",
    "\xE6\xAD\xA3",
    "\xE5\x9D\x90",
    "\xE8\xAF\xA6",
    "\xE5\xBA\x84",
    "\xE5\x80\xAA",
};

static const char* const t1851[] = {
    "\xE6\xBA\xAA",
    "\xE6\x9E\x97",
    "\xE5\x9B\xAD",
    "\xE5\xB1\xB1",
    "\xE5\xB1\xB1\xE5\x8E\xBF",
    "\xE4\xB9\xA1",
    "\xE6\xBA\xAA\xE5\x8E\xBF",
    "\xE5\xAD\x90",
    "\xE7\xAB\xBF",
};

static const char* const t1852[] = {
    "\xE5\xAE\xB9",
    "\xE8\x84\xB8",
    "\xE8\xAF\x9D",
    "\xE5\xA3\xB0",
    "\xE5\x98\xBB\xE5\x98\xBB",
    "\xE7\xAC\x91",
    "\xE5\x90\x9F\xE5\x90\x9F",
    "\xE6\x84\x8F",
    "\xE7\x9C\xAF\xE7\x9C\xAF",
};

static const char* const t1853[] = {
    "\xE6\x9E\xB6",
    "\xE6\x9E\xB6\xE5\xB1\xB1",
    "\xE8\x80\x85",
    "\xE8\xAE\xB0\xE6\x9C\xAC",
    "\xE8\xAE\xB0",
    "\xE7\x9B\xB4",
    "\xE5\xA2\xA8",
    "\xE8\xAF\x95",
    "\xE6\xB3\x95",
    "\xE4\xB8\x8B",
};

static const char* const t1854[] = {
    "\xE5\x90\x88",
    "\xE5\x8F\xB7",
};

static const char* const t1855[] = {
    "\xE4\xB8\x80",
    "\xE4\xBA\x8C",
    "\xE4\xB8\x80\xE6\xAC\xA1",
    "\xE4\xB8\x89",
    "\xE4\xB8\x80\xE4\xB8\xAA",
    "\xE5\x9B\x9B",
    "\xE4\xBA\x8C\xE6\xAC\xA1",
    "\xE4\xBA\x8C\xE5\xA4\xA9",
    "\xE4\xBA\x8C\xE4\xB8\xAA",
    "\xE4\xBA\x94",
    "\xE4\xB8\x80\xE6\x89\xB9",
    "\xE5\x85\xAD\xE6\xAC\xA1",
    "\xE4\xB8\x80\xE9\x83\xA8",
    "\xE4\xBA\x94\xE6\xAC\xA1",
    "\xE4\xB8\x89\xE6\xAC\xA1",
    "\xE4\xB8\x80\xE5\xB1\x8A",
    "\xE4\xB8\x83",
    "\xE4\xB8\x89\xE6\x89\xB9",
    "\xE5\x85\xAD",
    "\xE4\xBA\x8C\xE5\xB9\xB4",
    "\xE4\xB8\x89\xE4\xB8\xAA",
    "\xE4\xB8\x80\xE4\xBD\x8D",
    "\xE4\xB8\x80\xE5\xA4\xA9",
    "\xE4\xB8\x80\xE5\x90\x8D",
    "\xE4\xB8\x80\xE7\xA7\x8D",
    "\xE4\xB8\x80\xE6\xAD\xA5",
    "\xE4\xBA\x8C\xE4\xBA\xA7\xE4\xB8\x9A",
    "\xE4\xB8\x80\xE4\xBA\xA7\xE4\xB8\x9A",
    "\xE4\xBA\x94\xE5\xB1\x8A",
    "\xE4\xB8\x89\xE4\xBB\xA3",
    "\xE4\xBA\x8C\xE6\x89\xB9",
    "\xE4\xB9\x9D",
    "\xE4\xB8\x80\xE4\xBB\xB6",
    "\xE5\x85\xAB",
    "\xE4\xB8\x89\xE4\xBA\xA7\xE4\xB8\x9A",
    "\xE4\xB8\x80\xE6\x9C\x9F",
    "\xE4\xB8\x89\xE5\x8D\xB7",
    "\xE4\xBA\x8C\xE4\xBD\x8D",
    "\xE4\xB8\x80\xE4\xBB\xA3",
    "\xE5\x9B\x9B\xE6\xAC\xA1",
    "\xE4\xB8\x89\xE5\x90\x8D",
    "\xE4\xBA\x8C\xE4\xBB\xA3",
    "\xE4\xB8\x80\xE5\x8D\xB7",
    "\xE4\xBA\x8C\xE7\x82\xAE\xE5\x85\xB5",
    "\xE4\xB8\x80\xE5\x8F\xB0",
    "\xE4\xB8\x89\xE7\xA7\x8D",
    "\xE4\xB9\x9D\xE5\xB1\x8A",
    "\xE4\xB8\x80\xE7\xAB\xA0",
    "\xE4\xB8\x89\xE7\xAB\xA0",
    "\xE5\x8D\x81\xE5\xB1\x8A",
    "\xE4\xBA\x8C\xE7\xA7\x8D",
    "\xE4\xB8\x89\xE7\xBA\xAA",
    "\xE4\xBA\x8C\xE7\xBA\xA7",
    "\xE4\xBA\x8C\xE8\x8A\x82",
    "\xE4\xBA\x8C\xE7\xAB\xA0",
    "\xE4\xB8\x80\xE5\xAE\xB6",
    "\xE5\x9B\x9B\xE7\xBA\xAA",
    "\xE4\xBA\x8C\xE5\x8D\xB7",
    "\xE4\xB8\x80\xE5\x88\x86",
    "\xE4\xB8\x80\xE7\xBA\xBF",
    "\xE5\x9B\x9B\xE7\xAB\xA0",
    "\xE4\xB8\x80\xE5\xBA\xA7",
    "\xE4\xB8\x80\xE9\x9D\xA2",
    "\xE4\xB8\x80\xE8\x8A\x82",
    "\xE4\xB8\x80\xE5\xB3\xB0",
    "\xE4\xB8\x80\xE6\x9D\xA1",
    "\xE4\xB8\x89\xE5\xA4\xA9",
    "\xE4\xB8\x89\xE5\xB1\x8A",
    "\xE4\xB8\x80\xE7\xBD\x90",
    "\xE5\x8D\x81\xE4\xB8\x83\xE6\x9C\x9F",
    "\xE4\xB8\x80\xE9\x81\x93",
    "\xE4\xB8\x83\xE7\xAB\xA0",
    "\xE4\xBA\x8C\xE5\x90\x8D",
    "\xE4\xBA\x8C\xE6\x9D\xA1",
    "\xE4\xB8\x89\xE4\xB8\x96\xE7\x95\x8C",
    "\xE4\xBA\x8C\xE8\xBD\xAE",
    "\xE4\xB8\x80\xE9\xA2\x97",
    "\xE4\xBA\x8C\xE6\xAD\xA5",
    "\xE5\x9B\x9B\xE8\x8A\x82",
    "\xE4\xBA\x8C\xE5\xB1\x8A",
    "\xE5\x85\xAD\xE7\xAB\xA0",
    "\xE4\xBA\x8C\xE9\x81\x93",
    "\xE4\xB8\x89\xE4\xBD\x8D",
    "\xE5\x8D\x81\xE4\xB8\x80",
    "\xE4\xBA\x94\xE7\xAB\xA0",
    "\xE5\x8D\x81",
    "\xE5\x9B\x9B\xE5\x8D\xB7",
    "\xE5\x9B\x9B\xE5\xB1\x8A",
    "\xE4\xB8\x80\xE4\xBB\xBB",
};

static const char* const t1856[] = {
    "\xE7\xBD\xA9",
    "\xE7\xBB\x9C",
};

static const char* const t1857[] = {
    "\xE7\xAD\x89",
    "\xE4\xBA\x8E",
    "\xE5\xBE\x85",
    "\xE7\xBA\xA7",
    "\xE5\x80\x99",
    "\xE5\x88\xB0",
    "\xE7\xA6\xBB\xE5\xAD\x90\xE4\xBD\x93",
    "\xE4\xBB\xB7",
    "\xE4\xBB\xB7\xE7\x89\xA9",
    "\xE9\xA2\x9D\xE9\x80\x89\xE4\xB8\xBE",
};

static const char* const t1858[] = {
    "\xE6\x96\x97",
    "\xE9\xAA\xA8",
};

static const char* const t1859[] = {
    "\xE5\x9F\x8E",
    "\xE6\x88\x90",
};

static const char* const t1860[] = {
    "\xE5\xBA\x94",
    "\xE6\xA1\x88",
    "\xE5\xA4\x8D",
    "\xE9\x81\x93",
    "\xE8\xAF\x9D",
    "\xE9\x97\xAE",
    "\xE9\xA2\x98",
};

static const char* const t1861[] = {
    "\xE7\x95\xA5",
    "\xE5\x88\x92",
    "\xE5\x8A\xA8",
};

static const char* const t1862[] = {
    "\xE9\x80\x89",
};

static const char* const t1863[] = {
    "\xE5\xB8\xAD",
};

static const char* const t1864[] = {
    "\xE5\xAD\x90",
};

static const char* const t1865[] = {
    "\xE5\xA4\x87",
    "\xE5\xBB\xBA",
    "\xE5\x88\x92",
    "\xE9\x9B\x86",
    "\xE6\x8E\xAA",
};

static const char* const t1866[] = {
    "\xE8\xAE\xA2",
    "\xE7\xBD\xB2",
    "\xE5\xAD\x97",
    "\xE5\x90\x8D",
    "\xE8\xAF\x81",
    "\xE7\xBA\xA6",
};

static const char* const t1867[] = {
    "\xE5\x8D\x95",
    "\xE7\xA7\xB0",
    "\xE4\xBB\x8B",
    "\xE7\x9B\xB4",
    "\xE5\x8E\x86",
    "\xE5\x8C\x96",
    "\xE6\x98\x93",
    "\xE9\x99\x8B",
    "\xE6\xB4\x81",
    "\xE6\x98\x8E",
    "\xE5\x8F\xB2",
    "\xE4\xBE\xBF",
    "\xE7\x9F\xAD",
    "\xE4\xBD\x93\xE5\xAD\x97",
    "\xE7\x95\xA5",
};

static const char* const t1868[] = {
    "\xE6\x98\xAF",
    "\xE4\xBA\x86",
    "\xE6\x9C\xAF",
    "\xE6\xB3\x95",
    "\xE7\x9B\x98",
    "\xE4\xBD\x9C",
    "\xE5\x91\xBD",
    "\xE8\xAE\xA1",
};

static const char* const t1869[] = {
    "\xE7\x90\x86",
    "\xE8\xBE\x96",
    "\xE9\x81\x93",
    "\xE5\xAE\xB6",
    "\xE7\x90\x86\xE8\x80\x85",
    "\xE5\x88\xB6",
    "\xE7\x90\x86\xE6\x9D\x83",
    "\xE7\x90\x86\xE5\xB1\x80",
    "\xE7\x90\x86\xE5\xB1\x82",
    "\xE4\xBA\x8B",
    "\xE6\x95\x99",
    "\xE7\xBA\xBF",
    "\xE5\xAD\x90",
    "\xE7\x90\x86\xE5\x91\x98",
    "\xE7\x90\x86\xE7\xB3\xBB\xE7\xBB\x9F",
    "\xE7\x94\xA8",
};

static const char* const t1870[] = {
    "\xE5\xAD\x90",
};

static const char* const t1871[] = {
    "\xE5\xB9\x85",
    "\xE7\xAB\xA0",
};

static const char* const t1872[] = {
    "\xE7\x90\x83",
    "\xE6\x9D\xBF",
    "\xE5\xAD\x90",
};

static const char* const t1873[] = {
    "\xE7\xAC\x86",
};

static const char* const t1874[] = {
    "\xE6\x8B\xA5",
};

static const char* const t1875[] = {
    "\xE7\xB2\x89",
    "\xE6\xA0\xBC",
    "\xE5\x85\xB0",
    "\xE9\xA5\xAD",
    "\xE8\x8A\xBE",
    "\xE5\x85\xAC\xE7\xA5\xA0",
    "\xE4\xB8\x9A",
};

static const char* const t1876[] = {
    "\xE5\x9E\x8B",
    "\xE4\xBC\xBC",
    "\xE5\x88\xAB",
};

static const char* const t1877[] = {
    "\xE7\xA2\x8E",
    "\xE7\xBA\xA2\xE8\x89\xB2",
    "\xE6\x9C\xAB",
    "\xE8\x92\xB8",
    "\xE8\xBA\xAB\xE7\xA2\x8E\xE9\xAA\xA8",
    "\xE7\xBA\xA2",
};

static const char* const t1878[] = {
    "\xE5\xAD\x90",
};

static const char* const t1879[] = {
    "\xE5\xA4\xA7",
    "\xE7\xB3\x99",
    "\xE5\xA3\xAE",
    "\xE7\xBB\x86",
    "\xE6\x9A\xB4",
};

static const char* const t1880[] = {
    "\xE8\x86\x9C",
    "\xE5\x9C\x9F",
    "\xE6\x80\xA7",
    "\xE6\xB6\xB2",
};

static const char* const t1881[] = {
    "\xE7\x94\xB0\xE6\xB9\x96",
};

static const char* const t1882[] = {
    "\xE4\xBE\xBF",
};

static const char* const t1883[] = {
    "\xE9\xA3\x9F",
    "\xE9\xA3\x9F\xE4\xBD\x9C\xE7\x89\xA9",
    "\xE8\x8D\x89",
};

static const char* const t1884[] = {
    "\xE7\xA8\xBB",
};

static const char* const t1885[] = {
    "\xE5\xAD\x90",
};

static const char* const t1886[] = {
    "\xE7\xA5\x9E",
    "\xE5\xBD\xA9",
    "\xE5\x93\x81",
    "\xE5\x8D\x8E",
    "\xE7\xBB\x86",
    "\xE7\xBE\x8E",
    "\xE5\x8A\x9B",
    "\xE7\xA1\xAE",
    "\xE5\xBF\x83",
    "\xE7\xA5\x9E\xE6\x96\x87\xE6\x98\x8E",
    "\xE5\xBA\xA6",
    "\xE5\xB7\xA7",
    "\xE8\x8B\xB1",
    "\xE9\x80\x9A",
    "\xE8\x87\xB4",
    "\xE9\x94\x90",
    "\xE5\xAF\x86",
    "\xE9\x80\x89",
    "\xE5\xAD\x90",
    "\xE6\x98\x8E",
    "\xE5\x85\xB5",
    "\xE6\xB9\x9B",
    "\xE5\x88\xB6",
    "\xE4\xBA\x8E",
    "\xE5\xA6\x99",
    "\xE9\xAD\x82",
    "\xE7\xBB\x9D",
    "\xE7\xA5\x9E\xE7\x97\x85",
    "\xE8\x89\xAF",
    "\xE7\xAE\x80",
    "\xE5\x85\x89",
};

static const char* const t1887[] = {
    "\xE6\xB6\x82",
};

static const char* const t1888[] = {
    "\xE7\xB2\x91",
};

static const char* const t1889[] = {
    "\xE5\xB0\xBF\xE7\x97\x85",
    "\xE6\x9E\x9C",
    "\xE8\x89\xB2",
};

static const char* const t1890[] = {
    "\xE7\xB3\x95",
    "\xE8\xB9\x8B",
};

static const char* const t1891[] = {
    "\xE7\xB1\xB3",
    "\xE7\xB1\xB3\xE9\xA5\xAD",
    "\xE7\xB1\xB3\xE7\xB2\x89",
};

static const char* const t1892[] = {
    "\xE7\xBB\x9F",
    "\xE5\x88\x97",
    "\xE6\x95\xB0",
    "\xE7\xBB\x9F\xE5\x9C\xB0",
    "\xE4\xB8\xBB\xE4\xBB\xBB",
    "\xE7\xBB\x9F\xE5\xB7\xA5\xE7\xA8\x8B",
};

static const char* const t1893[] = {
    "\xE4\xB9\xB1",
};

static const char* const t1894[] = {
    "\xE8\xB4\xA8",
    "\xE6\x9C\x89",
    "\xE6\x9D\xA5",
    "\xE5\x85\xBB",
    "\xE6\x9D\x90",
    "\xE4\xB8\x8D\xE7\x9B\xB8\xE8\xAF\x86",
};

static const char* const t1895[] = {
    "\xE6\x80\xA7",
    "\xE5\xB0\xBC",
    "\xE9\xA9\xAC\xE9\x87\x8C",
    "\xE5\x8F\x96",
    "\xE5\xBC\x95",
};

static const char* const t1896[] = {
    "\xE5\xBC\xA0",
    "\xE6\x80\xA5",
    "\xE7\xB4\xA7",
    "\xE5\xAF\x86",
    "\xE9\x97\xAD",
    "\xE6\x8E\xA5\xE7\x9D\x80",
    "\xE6\x80\xA5\xE7\x8A\xB6\xE6\x80\x81",
    "\xE8\xBF\xAB",
    "\xE7\xBC\xA9",
    "\xE8\xA6\x81\xE5\x85\xB3\xE5\xA4\xB4",
    "\xE7\xBC\xBA",
};

static const char* const t1897[] = {
    "\xE7\xA6\x81\xE5\x9F\x8E",
    "\xE8\x89\xB2",
    "\xE6\x96\x87\xE9\x81\x93",
    "\xE5\xA4\x96\xE7\xBA\xBF",
};

static const char* const t1898[] = {
    "\xE8\xAE\xA1",
    "\xE7\xA7\xAF",
};

static const char* const t1899[] = {
    "\xE6\xAE\x96",
    "\xE8\x8D\xA3",
    "\xE5\x8D\x8E",
    "\xE5\xBF\x99",
    "\xE5\xA4\x9A",
    "\xE9\x87\x8D",
    "\xE8\xA1\x8D",
    "\xE7\x90\x90",
    "\xE8\x8C\x82",
    "\xE4\xBD\x93\xE5\xAD\x97",
    "\xE7\x9B\x9B",
    "\xE6\xAE\x96\xE5\x8A\x9B",
    "\xE5\xA4\x8D",
};

static const char* const t1900[] = {
    "\xE6\xAD\xA3",
    "\xE7\xBA\xB7",
    "\xE7\xBC\xA0",
    "\xE8\x91\x9B",
    "\xE9\x9B\x86",
};

static const char* const t1901[] = {
    "\xE8\x89\xB2",
    "\xE5\x86\x9B",
    "\xE6\x97\x97",
    "\xE5\xA2\x99",
    "\xE7\x83\xA7",
    "\xE8\x8A\xB1",
    "\xE5\xA4\x96",
    "\xE5\xA8\x98\xE5\xAD\x90",
    "\xE5\x9C\x9F",
    "\xE6\xA5\xBC",
    "\xE8\x96\xAF",
    "\xE5\xAE\x9D\xE7\x9F\xB3",
    "\xE7\xBB\x86\xE8\x83\x9E",
    "\xE6\xA5\xBC\xE6\xA2\xA6",
    "\xE7\x9C\xBC",
    "\xE6\xB5\xB7",
    "\xE7\x81\xAB",
    "\xE7\xB3\x96",
    "\xE5\x8D\xAB\xE5\x85\xB5",
    "\xE5\xAE\x89",
    "\xE8\x8E\xB2",
    "\xE5\xAE\x89\xE5\x8E\xBF",
    "\xE5\x85\x89",
    "\xE7\xBB\xB8",
    "\xE6\x99\x95",
    "\xE8\x82\xBF",
    "\xE5\x88\xA9",
};

static const char* const t1902[] = {
    "\xE7\xBB\xB4",
    "\xE7\xBB\xB4\xE7\xB4\xA0",
    "\xE7\xBB\xB4\xE6\x9D\xBF",
    "\xE5\xA4\xAB",
};

static const char* const t1903[] = {
    "\xE6\x9D\x9F",
    "\xE5\xAE\x9A",
    "\xE7\xBF\xB0",
    "\xE4\xBC\x9A",
    "\xE6\x97\xA6",
    "\xE8\x8E\xAB",
    "\xE7\xBF\xB0\xE9\x80\x8A",
};

static const char* const t1904[] = {
    "\xE5\x88\xAB",
    "\xE5\xB7\xAE",
    "\xE6\x95\xB0",
};

static const char* const t1905[] = {
    "\xE5\xBF\xB5",
    "\xE5\xBD\x95",
    "\xE5\xBE\x8B",
    "\xE5\xBF\xB5\xE9\xA6\x86",
    "\xE5\xBF\xB5\xE5\x93\x81",
    "\xE8\xA6\x81",
    "\xE5\xA7\x94",
    "\xE5\xB9\xB4",
    "\xE5\xBF\xB5\xE6\x97\xA5",
    "\xE5\xBF\xB5\xE7\xA2\x91",
    "\xE4\xBA\x8B",
    "\xE5\xBD\x95\xE7\x89\x87",
};

static const char* const t1906[] = {
    "\xE5\xBA\xA6",
};

static const char* const t1907[] = {
    "\xE7\xB2\xB9",
    "\xE6\x94\xB6\xE5\x85\xA5",
    "\xE7\xA2\xB1",
    "\xE5\xB1\x9E",
    "\xE6\xAD\xA3",
    "\xE6\xB4\x81",
    "\xE7\x99\xBD",
    "\xE5\x87\x80",
    "\xE7\x86\x9F",
};

static const char* const t1908[] = {
    "\xE9\xA2\x86",
    "\xE8\xA6\x81",
};

static const char* const t1909[] = {
    "\xE5\x85\xA5",
    "\xE4\xBB\x80",
    "\xE7\xB2\xB9",
    "\xE9\x97\xB7",
    "\xE8\xA5\xBF\xE6\x97\x8F",
    "\xE7\xA8\x8E",
    "\xE5\xAD\x99\xE5\xA4\xAB\xE4\xBA\xBA",
    "\xE7\xB1\xB3",
};

static const char* const t1910[] = {
    "\xE7\x84\xB6",
    "\xE8\xBA\xAB",
    "\xE6\xA8\xAA",
    "\xE8\xB4\xAF",
    "\xE6\xB7\xB1",
    "\xE9\x98\x9F",
    "\xE5\x90\x91",
    "\xE5\xAE\xB9",
};

static const char* const t1911[] = {
    "\xE7\xBA\xB7",
    "\xE4\xBA\x89",
};

static const char* const t1912[] = {
    "\xE5\x9D\x8A",
    "\xE5\xB8\x81",
    "\xE6\x9D\xA1",
    "\xE5\xBC\xA0",
    "\xE7\x83\x9F",
};

static const char* const t1913[] = {
    "\xE9\xA5\xB0",
};

static const char* const t1914[] = {
    "\xE7\xBB\x87",
    "\xE7\xBB\x87\xE5\x93\x81",
    "\xE7\xBA\xB1",
    "\xE7\xBB\x87\xE5\x8E\x82",
};

static const char* const t1915[] = {
    "\xE7\xBA\xA6",
    "\xE5\xB8\xA6",
};

static const char* const t1916[] = {
    "\xE8\xB7\xAF",
    "\xE7\xB4\xA2",
    "\xE6\x80\xA7",
    "\xE6\x9D\xA1",
};

static const char* const t1917[] = {
    "\xE4\xB9\xA0",
    "\xE5\x85\xB5",
    "\xE5\x8A\x9F",
    "\xE6\xAD\xA6",
};

static const char* const t1918[] = {
    "\xE7\xBB\x87",
    "\xE6\x88\x90",
    "\xE5\x90\x88",
    "\xE6\x88\x90\xE9\x83\xA8\xE5\x88\x86",
    "\xE5\xBB\xBA",
    "\xE7\xBB\x87\xE6\xB3\x95",
    "\xE9\x95\xBF",
    "\xE5\x88\x86",
    "\xE5\xA7\x94\xE4\xBC\x9A",
    "\xE8\xA3\x85",
    "\xE7\xBB\x87\xE8\x80\x85",
    "\xE7\xBB\x87\xE9\x83\xA8",
};

static const char* const t1919[] = {
    "\xE5\xA3\xAB",
};

static const char* const t1920[] = {
    "\xE8\x83\x9E",
    "\xE8\x8A\x82",
    "\xE8\x8F\x8C",
    "\xE8\x87\xB4",
    "\xE7\xBB\x86",
    "\xE5\xBF\x83",
    "\xE7\x9C\x8B",
    "\xE8\x85\xBB",
    "\xE9\x95\xBF",
    "\xE5\xB0\x8F",
    "\xE5\xAB\xA9",
    "\xE4\xBD\x9C",
    "\xE5\xBE\xAE",
    "\xE7\xBB\x86\xE7\x9A\x84",
};

static const char* const t1921[] = {
    "\xE7\x89\xA9",
    "\xE5\xB8\x83",
    "\xE9\x80\xA0",
};

static const char* const t1922[] = {
    "\xE4\xBA\x8E",
    "\xE8\xBA\xAB",
    "\xE7\xA9\xB6",
    "\xE7\xAB\xAF",
    "\xE6\xAD\xA2",
    "\xE5\xB9\xB4",
    "\xE7\x82\xB9",
    "\xE7\x94\x9F",
    "\xE7\xBB\x93",
    "\xE6\x9E\x81",
    "\xE6\x97\xA5",
    "\xE5\x8D\x97\xE5\xB1\xB1",
};

static const char* const t1923[] = {
    "\xE5\x85\xB4",
};

static const char* const t1924[] = {
    "\xE6\xB5\x8E",
    "\xE8\xBF\x87",
    "\xE9\xAA\x8C",
    "\xE8\x90\xA5",
    "\xE5\xB8\xB8",
    "\xE5\x8E\x86",
    "\xE7\x90\x86",
    "\xE5\x85\xB8",
    "\xE8\xB4\xB9",
    "\xE6\xB5\x8E\xE7\x89\xB9\xE5\x8C\xBA",
    "\xE6\xB5\x8E\xE5\xAD\xA6",
    "\xE6\xB5\x8E\xE6\x95\x88\xE7\x9B\x8A",
    "\xE8\xB4\xB8",
    "\xE6\xB5\x8E\xE5\xAD\xA6\xE5\xAE\xB6",
    "\xE6\xB5\x8E\xE4\xBD\x9C\xE7\x89\xA9",
    "\xE5\x8F\x97",
    "\xE6\xB5\x8E\xE7\xA4\xBE\xE4\xBC\x9A",
    "\xE6\xB5\x8E\xE4\xBD\x93\xE5\x88\xB6",
    "\xE7\x90\x86\xE4\xBA\xBA",
    "\xE8\x90\xA5\xE8\x80\x85",
    "\xE5\x95\x86",
    "\xE8\x84\x89",
    "\xE4\xB9\xA6",
    "\xE7\x94\xB1",
    "\xE7\xBA\xAA\xE4\xBA\xBA",
    "\xE6\xB5\x8E\xE5\x9E\x8B",
    "\xE7\xAE\xA1",
    "\xE6\xB5\x8E\xE6\x9E\x97",
    "\xE6\xB5\x8E\xE5\x9F\xBA\xE7\xA1\x80",
    "\xE6\x96\x87",
    "\xE6\xB5\x8E\xE5\xB8\xA6",
    "\xE7\xBB\x9C",
    "\xE6\xB1\x9F\xE6\xB3\xA2",
    "\xE7\x95\xA5",
    "\xE5\xBE\x97\xE8\xB5\xB7",
    "\xE9\x94\x80\xE5\x95\x86",
    "\xE5\xB8\xB8\xE6\x80\xA7",
};

static const char* const t1925[] = {
    "\xE6\xAF\x9B",
};

static const char* const t1926[] = {
    "\xE6\x9E\x84",
    "\xE6\x9E\x9C",
    "\xE6\x9D\x9F",
    "\xE5\x90\x88",
    "\xE5\xA9\x9A",
    "\xE8\xAE\xBA",
    "\xE6\x88\x90",
    "\xE5\xB1\x80",
    "\xE6\x99\xB6",
    "\xE7\xAE\x97",
    "\xE5\xAE\x9E",
    "\xE8\xAF\x86",
    "\xE4\xBA\xA4",
    "\xE7\x9B\x9F",
    "\xE4\xB8\xBA",
    "\xE5\x90\x88\xE9\x83\xA8",
    "\xE5\xB0\xBE",
    "\xE6\xA0\xB8",
};

static const char* const t1927[] = {
    "\xE8\xBF\x87",
    "\xE9\x81\x93",
    "\xE5\x9F\x8E",
};

static const char* const t1928[] = {
    "\xE7\x94\xBB",
    "\xE5\x88\xB6",
};

static const char* const t1929[] = {
    "\xE4\xBA\x88",
    "\xE5\x87\xBA",
    "\xE4\xBA\x8B\xE4\xB8\xAD",
};

static const char* const t1930[] = {
    "\xE4\xB8\xBD",
};

static const char* const t1931[] = {
    "\xE5\xAF\xB9",
    "\xE4\xB8\x8D",
    "\xE5\xA4\xA7\xE5\xA4\x9A\xE6\x95\xB0",
    "\xE5\xA4\xA7\xE9\x83\xA8\xE5\x88\x86",
    "\xE6\x9C\x9B",
    "\xE6\x83\x85",
    "\xE6\x8A\x80",
    "\xE6\x97\xA0",
    "\xE9\xA1\xB6",
    "\xE9\x9D\x9E",
    "\xE7\xBC\x98",
    "\xE6\x8B\x9B",
    "\xE5\xA2\x83",
    "\xE7\x81\xAD",
    "\xE6\x97\xA0\xE4\xBB\x85\xE6\x9C\x89",
};

static const char* const t1932[] = {
    "\xE4\xB8\x80",
    "\xE6\xB2\xBB",
    "\xE8\xAE\xA1",
    "\xE6\xB2\xBB\xE8\x80\x85",
    "\xE5\xB8\x85",
    "\xE4\xB8\x80\xE6\x88\x98\xE7\xBA\xBF",
    "\xE9\xA2\x86",
    "\xE7\xA7\xB0",
    "\xE7\x8E\x87",
    "\xE6\xB2\xBB\xE9\x98\xB6\xE7\xBA\xA7",
    "\xE8\xBE\x96",
    "\xE7\xAD\xB9",
    "\xE7\xBB\x9F",
    "\xE6\xB2\xBB\xE5\x8C\xBA",
    "\xE5\x88\xB6",
    "\xE6\xB2\xBB\xE6\x9D\x83",
    "\xE8\x80\x83",
};

static const char* const t1933[] = {
    "\xE8\x8A\xB1",
};

static const char* const t1934[] = {
    "\xE7\xBB\xAD",
    "\xE6\x89\xBF",
    "\xE4\xBD\x8D",
    "\xE8\x80\x8C",
    "\xE6\x89\xBF\xE4\xBA\xBA",
    "\xE4\xBB\xBB",
};

static const char* const t1935[] = {
    "\xE6\x95\x88",
};

static const char* const t1936[] = {
    "\xE5\x8F\xB7",
};

static const char* const t1937[] = {
    "\xE5\xAD\x90",
    "\xE7\xB4\xA2",
};

static const char* const t1938[] = {
    "\xE6\x8A\xA4",
    "\xE6\x8C\x81",
    "\xE7\x94\x9F\xE7\xB4\xA0",
    "\xE4\xBF\xAE",
    "\xE5\x90\xBE\xE5\xB0\x94\xE6\x97\x8F",
    "\xE4\xB9\x9F\xE7\xBA\xB3",
    "\xE6\x96\xB0",
    "\xE5\x92\x8C",
    "\xE7\xB3\xBB",
    "\xE5\x90\xBE\xE5\xB0\x94",
};

static const char* const t1939[] = {
    "\xE5\xBB\xB6",
    "\xE7\xBE\x8A",
};

static const char* const t1940[] = {
    "\xE7\xBC\x8E",
};

static const char* const t1941[] = {
    "\xE5\x90\x88",
    "\xE5\x90\x88\xE6\x80\xA7",
    "\xE5\x90\x88\xE6\xB2\xBB\xE7\x90\x86",
    "\xE5\x90\x88\xE5\xBE\x81",
    "\xE5\x90\x88\xE5\x9B\xBD\xE5\x8A\x9B",
};

static const char* const t1942[] = {
    "\xE8\x89\xB2",
    "\xE5\x8C\x96",
    "\xE8\xB1\x86",
    "\xE8\x90\xBC",
    "\xE6\xB4\xB2",
    "\xE6\x9D\xBE\xE7\x9F\xB3",
    "\xE6\x9E\x97",
};

static const char* const t1943[] = {
    "\xE7\x94\xB8",
    "\xE6\x80\x80",
};

static const char* const t1944[] = {
    "\xE7\xBC\x93",
    "\xE6\x85\xA2",
    "\xE8\xA7\xA3",
    "\xE5\x92\x8C",
    "\xE6\xAD\xA5",
    "\xE5\xAD\x98",
};

static const char* const t1945[] = {
    "\xE7\xBB\x93",
    "\xE9\x80\xA0",
};

static const char* const t1946[] = {
    "\xE8\xBE\x91",
    "\xE5\x88\xB6",
    "\xE8\xBE\x91\xE8\x80\x85",
    "\xE5\x86\x99",
    "\xE6\x88\x90",
    "\xE9\x92\x9F",
    "\xE9\x98\x9F",
    "\xE5\x89\xA7",
    "\xE7\xBA\x82",
    "\xE7\xBB\x87",
    "\xE5\x8F\xB7",
    "\xE8\xAF\x91",
    "\xE5\xAF\xBC",
    "\xE7\xA0\x81",
    "\xE7\xBB\x84",
    "\xE5\x8D\xB0",
    "\xE7\xA8\x8B",
    "\xE5\x85\xA5",
    "\xE4\xBF\xAE",
    "\xE6\x8E\x92",
    "\xE9\x80\xA0",
};

static const char* const t1947[] = {
    "\xE6\x95\x85",
    "\xE7\x94\xB1",
};

static const char* const t1948[] = {
    "\xE9\x9A\x99",
};

static const char* const t1949[] = {
    "\xE7\xBB\x95",
    "\xE4\xBD\x8F",
    "\xE7\xBB\xB5",
};

static const char* const t1950[] = {
    "\xE5\xB0\x8F",
    "\xE7\x9F\xAD",
    "\xE5\x9B\x9E",
    "\xE5\x87\x8F",
    "\xE5\x86\x99",
};

static const char* const t1951[] = {
    "\xE7\xBB\xB3",
};

static const char* const t1952[] = {
    "\xE7\xBA\xB3",
    "\xE8\x8E\xB7",
};

static const char* const t1953[] = {
    "\xE4\xB9\x8F",
    "\xE5\xB0\x91",
    "\xE9\x99\xB7",
    "\xE5\x8F\xA3",
    "\xE7\x82\xB9",
    "\xE5\xA4\xB1",
    "\xE5\xB8\xAD",
    "\xE6\xB0\xA7",
};

static const char* const t1954[] = {
    "\xE5\xAD\x90",
    "\xE5\xA4\xB4",
};

static const char* const t1955[] = {
    "\xE7\xBB\x9C",
    "\xE7\xAB\x99",
    "\xE9\xA1\xB5",
    "\xE4\xB8\x8A",
    "\xE5\x8F\x8B",
    "\xE6\xB0\x91",
    "\xE7\x90\x83",
    "\xE7\xBB\x9C\xE6\xB8\xB8\xE6\x88\x8F",
    "\xE5\x90\xA7",
    "\xE7\x82\xB9",
    "\xE5\x9D\x80",
    "\xE5\x85\xB7",
    "\xE9\x98\x9F",
};

static const char* const t1956[] = {
    "\xE8\xA7\x81",
};

static const char* const t1957[] = {
    "\xE9\xA9\xAC",
    "\xE7\x94\xB0",
    "\xE6\xB8\x85\xE6\xB3\x89",
    "\xE5\x88\xB9",
    "\xE9\xA9\xAC\xE5\xB8\x9D\xE5\x9B\xBD",
    "\xE9\xA9\xAC\xE5\xB0\xBC\xE4\xBA\x9A",
    "\xE7\x94\xB0\xE5\x8E\xBF",
    "\xE6\xB1\x9D\xE6\x89\x8D",
    "\xE6\x96\xAF\xE7\xA6\x8F",
    "\xE5\xAE\xB6",
    "\xE4\xBA\x9A\xE8\x92\x99",
    "\xE5\xAE\xB6\xE5\xA2\xA9",
    "\xE6\xB1\x89",
    "\xE6\x96\xAF",
    "\xE5\xB0\x8F\xE6\xA2\x85",
};

static const char* const t1958[] = {
    "\xE6\xAC\xBE",
};

static const char* const t1959[] = {
    "\xE4\xBA\x86",
    "\xE5\xB7\xA5",
    "\xE5\x85\x8D",
    "\xE4\xBC\x91",
    "\xE5\xAE\x98",
    "\xE5\xB8\x82",
};

static const char* const t1960[] = {
    "\xE6\x81\xB6",
    "\xE5\x90\x8D",
    "\xE8\xA1\x8C",
    "\xE7\x8A\xAF",
    "\xE8\xBF\x87",
    "\xE4\xBA\xBA",
};

static const char* const t1961[] = {
    "\xE4\xBA\x8E",
    "\xE8\xBA\xAB",
};

static const char* const t1962[] = {
    "\xE5\x90\x8D",
};

static const char* const t1963[] = {
    "\xE7\xB8\xBB",
};

static const char* const t1964[] = {
    "\xE7\x9A\xAE",
    "\xE8\x82\x89",
    "\xE6\xAF\x9B",
    "\xE5\xAD\x90\xE5\xBA\x99",
};

static const char* const t1965[] = {
    "\xE6\x97\x8F",
};

static const char* const t1966[] = {
    "\xE5\x9B\xBD",
    "\xE5\x85\x83",
    "\xE5\x86\x9B",
    "\xE4\xB8\xBD",
    "\xE6\x9C\xAF",
    "\xE5\xA5\xBD",
    "\xE6\xB4\xB2",
    "\xE9\xA3\x9F",
    "\xE5\xA5\xB3",
    "\xE5\x91\xB3",
    "\xE8\xAA\x89",
    "\xE5\xAD\xA6",
    "\xE8\xB2\x8C",
    "\xE5\x9B\xBD\xE6\x94\xBF\xE5\xBA\x9C",
    "\xE5\xAE\xB9",
    "\xE5\x9B\xBD\xE5\x9B\xBD\xE4\xBC\x9A",
    "\xE5\x9B\xBD\xE7\xA9\xBA\xE5\x86\x9B",
    "\xE6\x96\xB9",
    "\xE5\xA6\x99",
    "\xE8\xA7\x82",
    "\xE6\x9C\xAF\xE9\xA6\x86",
    "\xE6\x9C\xAF\xE5\xAD\x97",
    "\xE5\xBE\xB7",
    "\xE5\x88\x86",
    "\xE7\x9A\x84",
    "\xE8\x81\x94\xE7\xA4\xBE",
    "\xE6\x9C\xAF\xE5\x8F\xB2",
    "\xE5\x9B\xBD\xE9\x98\x9F",
    "\xE6\x99\xAF",
};

static const char* const t1967[] = {
    "\xE7\xBE\x8A",
};

static const char* const t1968[] = {
    "\xE6\x84\xA7",
    "\xE8\xBE\xB1",
    "\xE6\xB6\xA9",
};

static const char* const t1969[] = {
    "\xE5\x9F\xBA",
};

static const char* const t1970[] = {
    "\xE6\x85\x95",
};

static const char* const t1971[] = {
    "\xE4\xBC\x97",
    "\xE5\xB2\x9B",
    "\xE4\xBD\x93",
    "\xE9\x9B\x84",
    "\xE4\xBC\x97\xE6\x80\xA7",
    "\xE8\x87\xA3",
    "\xE5\xB1\xB1",
    "\xE8\x90\xBD",
    "\xE4\xBC\x97\xE8\xBF\x90\xE5\x8A\xA8",
};

static const char* const t1972[] = {
    "\xE6\xAF\x9B\xE7\x90\x83",
    "\xE6\xAF\x9B",
    "\xE6\xAF\x9B\xE6\x89\x87",
};

static const char* const t1973[] = {
    "\xE8\x86\x80",
};

static const char* const t1974[] = {
    "\xE5\xB9\xB4",
};

static const char* const t1975[] = {
    "\xE7\xBF\xA0",
};

static const char* const t1976[] = {
    "\xE6\x9E\x97\xE9\x99\xA2",
    "\xE6\x9E\x97",
};

static const char* const t1977[] = {
    "\xE8\xAF\x91",
    "\xE8\xBA\xAB",
    "\xE4\xBF\xAE",
    "\xE8\xBF\x87",
    "\xE9\x98\x85",
    "\xE6\xBB\x9A",
    "\xE5\xBC\x80",
    "\xE8\x85\xBE",
    "\xE6\x9D\xA5\xE8\xA6\x86\xE5\x8E\xBB",
};

static const char* const t1978[] = {
    "\xE7\x9C\xBC",
    "\xE6\xAD\xA6\xE6\x89\xAC\xE5\xA8\x81",
};

static const char* const t1979[] = {
    "\xE5\xB8\x88",
    "\xE4\xBA\xBA",
    "\xE6\x9D\xBF",
    "\xE5\xA9\x86",
    "\xE7\x99\xBE\xE5\xA7\x93",
    "\xE7\x88\xB7",
    "\xE5\xAD\x90",
    "\xE5\xA4\xAA\xE5\xA4\xAA",
    "\xE8\x80\x85",
    "\xE4\xBA\xBA\xE5\xAE\xB6",
    "\xE5\xA4\xB4",
    "\xE8\x90\xA5",
    "\xE5\x85\xAC",
    "\xE5\xA4\xA7",
    "\xE5\xAE\x9E",
    "\xE6\xB1\x89",
    "\xE5\xB1\xB1",
    "\xE5\xA4\xAB",
    "\xE9\xBC\xA0",
    "\xE5\xA4\xB4\xE5\xAD\x90",
    "\xE8\x99\x8E",
    "\xE5\xAE\xB6",
    "\xE5\x85\x84",
    "\xE5\xB9\xB4\xE4\xBA\xBA",
    "\xE5\xBC\x9F",
    "\xE5\xA6\x87",
    "\xE5\xA4\xA9\xE7\x88\xB7",
    "\xE6\x80\xBB",
    "\xE6\x9C\x8B\xE5\x8F\x8B",
    "\xE5\xA4\xB4\xE5\x84\xBF",
    "\xE5\xB9\xB4",
    "\xE8\xA1\xB2",
    "\xE5\x85\x88\xE7\x94\x9F",
    "\xE4\xB9\xA1",
    "\xE7\x88\xB7\xE5\xAD\x90",
    "\xE5\xB0\x86",
    "\xE5\x89\x8D\xE8\xBE\x88",
    "\xE4\xBD\x9B\xE7\x88\xB7",
    "\xE4\xBC\xB4",
    "\xE9\xBE\x84",
    "\xE4\xBC\xAF",
    "\xE5\xA9\x86\xE5\xAD\x90",
    "\xE9\x81\x93",
    "\xE5\xA4\xAA\xE7\x88\xB7",
    "\xE5\x8C\x96",
    "\xE5\xA8\x98",
    "\xE6\x9D\x8E",
    "\xE6\x8C\x9D",
    "\xE5\x85\xB5",
    "\xE4\xBA\x8C",
    "\xE9\xA9\xAC",
    "\xE6\xB2\xB3\xE5\x8F\xA3\xE5\xB8\x82",
    "\xE5\x90\x8C\xE5\xBF\x97",
    "\xE6\xAF\x8D",
    "\xE8\x8E\xB1\xE5\xAD\x90",
    "\xE5\xBC\xA0",
    "\xE6\xB4\xB2\xE5\xB2\xAD",
    "\xE8\x80\x81\xE5\xAE\x9E\xE5\xAE\x9E",
    "\xE7\x88\xB8",
    "\xE5\x93\xA5",
    "\xE5\xBC\x8F",
    "\xE5\xA4\xAA\xE5\xA9\x86",
    "\xE4\xB8\x80\xE8\xBE\x88",
    "\xE5\xA4\xAA",
    "\xE5\x8C\xBA",
    "\xE9\xAB\x98",
    "\xE5\xA9\x86\xE5\xA9\x86",
    "\xE5\xA4\x96",
    "\xE7\x88\xB9",
};

static const char* const t1980[] = {
    "\xE8\x99\x91",
    "\xE8\xAF\x95",
    "\xE7\x94\x9F",
    "\xE5\xAF\x9F",
    "\xE7\xA0\x94",
    "\xE6\xA0\xB8",
    "\xE9\xAA\x8C",
    "\xE5\x8F\xA4",
    "\xE8\xAF\x81",
    "\xE4\xB8\x8A",
    "\xE5\x8F\xA4\xE5\xAD\xA6",
    "\xE5\x8D\xB7",
    "\xE5\x8F\x96",
    "\xE5\x9C\xBA",
    "\xE6\x9F\xA5",
    "\xE5\x85\xA5",
    "\xE5\xAE\x98",
    "\xE5\x89\x8D",
    "\xE7\xA9\xB6",
    "\xE5\x8F\xA4\xE5\xAD\xA6\xE5\xAE\xB6",
    "\xE9\xA2\x98",
    "\xE7\x82\xB9",
    "\xE8\xAF\x95\xE9\x99\xA2",
};

static const char* const t1981[] = {
    "\xE4\xB8\x94",
    "\xE6\x98\xAF",
    "\xE8\xA8\x80",
    "\xE5\xB7\xB2",
    "\xE5\x90\x8E",
    "\xE7\xAB\x8B",
    "\xE8\xAE\xBA",
    "\xE4\xBB\x8A",
};

static const char* const t1982[] = {
    "\xE5\xBF\x83",
};

static const char* const t1983[] = {
    "\xE5\x9C\xB0",
    "\xE4\xBD\x9C",
    "\xE7\xA7\x8D",
    "\xE4\xBD\x9C\xE4\xB8\x9A",
    "\xE8\x80\x98",
    "\xE7\x94\xB0",
};

static const char* const t1984[] = {
    "\xE8\xB4\xB9",
    "\xE8\xB5\x84",
    "\xE5\xAD\x90",
    "\xE5\xB0\xBD",
};

static const char* const t1985[] = {
    "\xE6\x9C\xB5",
    "\xE8\xBE\xB9",
    "\xE5\x85\x89",
    "\xE7\x9B\xAE",
    "\xE6\x9C\xBA",
};

static const char* const t1986[] = {
    "\xE5\xBE\x8B\xE9\xBD\x90",
    "\xE7\xA8\xA3",
    "\xE8\xB7\xAF\xE6\x92\x92\xE5\x86\xB7",
    "\xE5\xBE\x8B\xE5\xA4\xA7\xE7\x9F\xB3",
};

static const char* const t1987[] = {
    "\xE7\xAB\x8B",
};

static const char* const t1988[] = {
    "\xE8\xBE\xB1",
};

static const char* const t1989[] = {
    "\xE8\xAF\xAF",
    "\xE6\x90\x81",
};

static const char* const t1990[] = {
    "\xE6\xB5\xB7\xE8\x83\x9C",
    "\xE5\x87\xA4\xE6\x99\xBA",
};

static const char* const t1991[] = {
    "\xE5\xA4\xA9",
    "\xE8\x81\x8A",
};

static const char* const t1992[] = {
    "\xE4\xB8\x9A",
    "\xE6\x9D\x83",
    "\xE5\xB7\xA5",
    "\xE5\x8A\xA1",
    "\xE8\x83\xBD",
    "\xE4\xBD\x8D",
    "\xE5\x8F\xB8",
    "\xE8\xB4\xA3",
    "\xE5\x91\x98",
    "\xE7\xA7\xB0",
    "\xE5\xAE\x98",
    "\xE9\xAB\x98",
};

static const char* const t1993[] = {
    "\xE7\xB3\xBB",
    "\xE5\x90\x88",
    "\xE5\x90\x88\xE5\x9B\xBD",
    "\xE7\x9B\x9F",
    "\xE8\xB5\x9B",
    "\xE9\x82\xA6",
    "\xE6\x83\xB3",
    "\xE5\x90\x88\xE4\xBC\x9A",
    "\xE7\xBB\x9C",
    "\xE5\x90\x8D",
    "\xE5\x86\x9B",
    "\xE6\x89\x8B",
    "\xE9\x98\x9F",
    "\xE7\xBB\x9C\xE7\xBA\xBF",
    "\xE5\x90\x88\xE6\x94\xBF\xE5\xBA\x9C",
    "\xE9\x80\x9A",
    "\xE5\xA7\xBB",
    "\xE7\xBB\x93",
    "\xE8\xB0\x8A",
    "\xE8\x8B\xAF",
    "\xE9\x82\xA6\xE9\x99\xA2",
    "\xE7\xBD\x91",
    "\xE9\x82\xA6\xE5\xBE\xB7\xE5\x9B\xBD",
    "\xE6\x8E\xA5",
};

static const char* const t1994[] = {
    "\xE8\xAF\xB7",
    "\xE7\x94\xA8",
    "\xE4\xB8\xBA",
};

static const char* const t1995[] = {
    "\xE9\x9B\x86",
    "\xE4\xBC\x9A",
    "\xE5\xB1\x85",
    "\xE5\x90\x88",
    "\xE7\x84\xA6",
    "\xE5\x90\x88\xE7\x89\xA9",
    "\xE4\xBC\x97",
};

static const char* const t1996[] = {
    "\xE6\x98\x8E",
    "\xE6\x98\x8E\xE4\xBA\xBA",
};

static const char* const t1997[] = {
    "\xE7\xA9\x86",
    "\xE6\xB8\x85",
    "\xE7\xAB\x8B",
};

static const char* const t1998[] = {
    "\xE4\xB8\x9A\xE7\x94\x9F",
};

static const char* const t1999[] = {
    "\xE6\x84\x8F",
    "\xE6\x97\xA0\xE5\xBF\x8C\xE6\x83\xAE",
};

static const char* const t2000[] = {
    "\xE4\xBD\x93",
    "\xE7\xB1\xBB",
    "\xE4\xB8\x9D",
    "\xE8\xB4\xA8",
    "\xE9\xB8\xA1",
    "\xE7\x9C\xBC",
};

static const char* const t2001[] = {
    "\xE9\xAA\xA8",
};

static const char* const t2002[] = {
    "\xE8\x82\x89",
    "\xE8\x82\xA4",
};

static const char* const t2003[] = {
    "\xE9\xB8\xBF\xE6\x9E\x97",
    "\xE5\x83\x8F",
    "\xE5\xAE\xB6\xE5\xB2\xAD",
    "\xE6\xB5\xB7\xE4\xBA\xAE",
};

static const char* const t2004[] = {
    "\xE5\xAD\x90",
    "\xE9\x87\x8C",
    "\xE7\x9A\xAE",
};

static const char* const t2005[] = {
    "\xE9\x97\xA8",
};

static const char* const t2006[] = {
    "\xE8\x84\x8F",
    "\xE7\x82\x8E",
};

static const char* const t2007[] = {
    "\xE5\xAD\x90",
    "\xE9\x81\x93",
};

static const char* const t2008[] = {
    "\xE4\xB8\x9C",
    "\xE4\xBB\xBD",
    "\xE6\x9D\x83",
    "\xE7\xA5\xA8",
    "\xE5\xB8\x82",
    "\xE4\xBB\xB7",
    "\xE6\x9C\xAC",
    "\xE4\xBB\xBD\xE5\x85\xAC\xE5\x8F\xB8",
    "\xE6\x8C\x87",
    "\xE4\xBB\xBD\xE5\x88\xB6",
    "\xE6\x95\xB0",
    "\xE5\xAD\x90",
};

static const char* const t2009[] = {
    "\xE4\xBD\x93",
};

static const char* const t2010[] = {
    "\xE8\x89\xB2",
};

static const char* const t2011[] = {
    "\xE6\xB2\x83",
    "\xE6\x96\x99",
    "\xE8\x83\x96",
    "\xE5\xA4\xA7",
    "\xE7\x9A\x82",
    "\xE5\x8A\x9B",
};

static const char* const t2012[] = {
    "\xE5\xA4\xB4",
    "\xE8\x86\x80",
    "\xE4\xB8\x8A",
    "\xE8\xB4\x9F",
};

static const char* const t2013[] = {
    "\xE8\x84\x8F",
};

static const char* const t2014[] = {
    "\xE5\xAE\x9A",
    "\xE5\xB0\xBC\xE4\xBA\x9A",
};

static const char* const t2015[] = {
    "\xE6\x89\x8D",
    "\xE7\xA7\x8D",
};

static const char* const t2016[] = {
    "\xE7\x99\x8C",
    "\xE7\x82\x8E",
};

static const char* const t2017[] = {
    "\xE8\x84\x8F",
    "\xE4\xB8\x8A\xE8\x85\xBA",
    "\xE5\x8A\x9F\xE8\x83\xBD",
};

static const char* const t2018[] = {
    "\xE7\x98\xA4",
    "\xE8\x83\x80",
};

static const char* const t2019[] = {
    "\xE8\xBF\xAB",
};

static const char* const t2020[] = {
    "\xE5\x8F\xA3",
    "\xE8\x82\xA0",
};

static const char* const t2021[] = {
    "\xE5\xAD\x90",
    "\xE6\x95\xA2",
    "\xE5\x9B\xBA\xE9\x86\x87",
    "\xE6\x80\xAF",
    "\xE5\xB0\x8F",
    "\xE9\x87\x8F",
    "\xE5\xA4\xA7",
};

static const char* const t2022[] = {
    "\xE6\x99\xAF",
    "\xE4\xB8\x8A",
    "\xE5\x90\x8E",
    "\xE5\xBF\x83",
    "\xE9\x83\xA8",
    "\xE5\xBD\xB1",
    "\xE9\x9D\xA2",
    "\xE5\x8F\x9B",
    "\xE8\xAF\xB5",
    "\xE9\xB3\x8D",
    "\xE5\x8C\x85",
    "\xE8\xB4\x9F",
    "\xE8\x84\x8A",
};

static const char* const t2023[] = {
    "\xE5\x84\xBF",
    "\xE7\x9B\x98",
};

static const char* const t2024[] = {
    "\xE5\xAD\x90",
};

static const char* const t2025[] = {
    "\xE8\x83\x8E",
    "\xE7\x8F\xA0",
};

static const char* const t2026[] = {
    "\xE5\x88\xA9",
    "\xE8\xBF\xB9",
    "\xE5\x9C\xB0",
    "\xE8\xBF\x87",
    "\xE8\xB4\x9F",
    "\xE4\xBB\xBB",
    "\xE8\xB4\xA5",
    "\xE4\xBB\x97",
};

static const char* const t2027[] = {
    "\xE7\xA7\x89\xE5\xAE\xB8",
    "\xE5\x90\x8C",
    "\xE5\xAD\x90",
    "\xE8\xAF\xB4\xE5\x85\xAB\xE9\x81\x93",
    "\xE8\xAF\xB4",
    "\xE4\xB9\xB1",
    "\xE9\x94\xA6\xE6\xB6\x9B",
    "\xE9\x97\xB9",
    "\xE8\x90\x9D\xE5\x8D\x9C",
    "\xE5\xAE\x97\xE5\xAE\xAA",
    "\xE6\xB6\x82",
    "\xE9\xA1\xBB",
    "\xE6\xA4\x92",
    "\xE9\xA3\x8E",
    "\xE8\x87\xAA\xE7\x9A\x8B",
    "\xE4\xBA\xBA",
    "\xE6\x9D\xA8\xE6\x9E\x97",
    "\xE6\x98\xA5\xE5\x8D\x8E",
    "\xE5\x85\x89\xE5\xAE\x9D",
    "\xE5\xBE\xB7\xE5\xB9\xB3",
    "\xE8\xB4\xA4\xE7\x94\x9F",
    "\xE4\xBD\xB3",
    "\xE5\x8E\x9A\xE6\x98\x86",
    "\xE5\xBA\xB7\xE7\x94\x9F",
    "\xE9\x9B\x85\xE6\xAD\x86",
    "\xE9\xBB\x8E\xE6\x98\x8E",
    "\xE9\x9D\x92\xE7\x89\x9B",
    "\xE9\x80\x82",
    "\xE6\x80\x9D\xE4\xB9\xB1\xE6\x83\xB3",
    "\xE8\x80\x80\xE9\x82\xA6",
};

static const char* const t2028[] = {
    "\xE8\x84\x82",
};

static const char* const t2029[] = {
    "\xE5\xB2\x9B\xE7\xB4\xA0",
};

static const char* const t2030[] = {
    "\xE8\x86\x8A",
};

static const char* const t2031[] = {
    "\xE4\xBD\x93",
};

static const char* const t2032[] = {
    "\xE5\x8F\xA3",
    "\xE5\x89\x8D",
    "\xE8\x86\x9B",
    "\xE9\x83\xA8",
    "\xE8\x84\xAF",
    "\xE4\xB8\xAD",
    "\xE6\x80\x80",
    "\xE8\xA5\x9F",
};

static const char* const t2033[] = {
    "\xE5\x8A\x9B",
    "\xE5\xA4\x9F",
    "\xE9\x87\x8F",
    "\xE6\xBA\x90",
    "\xE5\x90\xA6",
    "\xE8\x80\x90",
    "\xE7\xBA\xA7",
};

static const char* const t2034[] = {
    "\xE8\x82\xAA",
    "\xE8\x82\xAA\xE9\x85\xB8",
};

static const char* const t2035[] = {
    "\xE5\xBC\xB1",
};

static const char* const t2036[] = {
    "\xE5\x86\xB2",
    "\xE6\x90\x8F",
};

static const char* const t2037[] = {
    "\xE6\xA4\x8E\xE5\x8A\xA8\xE7\x89\xA9",
    "\xE9\xAB\x93",
    "\xE8\x83\x8C",
};

static const char* const t2038[] = {
    "\xE8\x85\x91",
    "\xE5\x99\xA8",
};

static const char* const t2039[] = {
    "\xE8\xA2\x8B",
    "\xE5\xAD\x90",
    "\xE6\xB5\xB7",
    "\xE7\xAD\x8B",
    "\xE9\x97\xA8",
};

static const char* const t2040[] = {
    "\xE5\xAD\x90",
};

static const char* const t2041[] = {
    "\xE6\xAD\xA5",
    "\xE4\xB8\x8B",
    "\xE6\x9C\xAC",
    "\xE6\xAD\xA5\xE5\xA3\xB0",
    "\xE8\xB7\x9F",
    "\xE8\xB8\x8F",
};

static const char* const t2042[] = {
    "\xE7\xA6\xBB",
    "\xE8\xBA\xAB",
    "\xE8\x90\xBD",
    "\xE6\x89\x8B",
    "\xE6\xB0\xB4",
    "\xE9\x99\xA9",
    "\xE9\xA2\x96\xE8\x80\x8C\xE5\x87\xBA",
    "\xE5\x8F\xA3\xE8\x80\x8C\xE5\x87\xBA",
};

static const char* const t2043[] = {
    "\xE4\xB8\x8A",
    "\xE8\x89\xB2",
    "\xE9\xA2\x8A",
    "\xE7\xBA\xA2",
    "\xE5\xAD\x94",
    "\xE9\x9D\xA2",
    "\xE5\xBA\x9E",
    "\xE7\x9A\xAE",
    "\xE8\x9B\x8B",
};

static const char* const t2044[] = {
    "\xE6\xB0\x94",
    "\xE8\x83\x83",
};

static const char* const t2045[] = {
    "\xE8\x82\x89",
    "\xE6\x9C\x88",
};

static const char* const t2046[] = {
    "\xE8\xB4\xA5",
    "\xE8\x9A\x80",
    "\xE6\x9C\xBD",
    "\xE7\x83\x82",
};

static const char* const t2047[] = {
    "\xE5\x8A\x9B",
};

static const char* const t2048[] = {
    "\xE9\x97\xB4",
    "\xE5\xB8\xA6",
};

static const char* const t2049[] = {
    "\xE9\x83\xA8",
    "\xE5\x9C\xB0",
    "\xE4\xB8\xAD",
    "\xE6\xB3\xBB",
    "\xE7\x97\x9B",
    "\xE9\x9D\xA2",
};

static const char* const t2050[] = {
    "\xE7\x98\xA4",
};

static const char* const t2051[] = {
    "\xE9\xBE\x99\xE6\xB4\x9E",
};

static const char* const t2052[] = {
    "\xE8\x83\xB1",
};

static const char* const t2053[] = {
    "\xE7\x9B\x96",
};

static const char* const t2054[] = {
    "\xE8\x83\x80",
};

static const char* const t2055[] = {
    "\xE9\xA3\x9F",
};

static const char* const t2056[] = {
    "\xE9\x83\xA8",
};

static const char* const t2057[] = {
    "\xE6\xB0\x91",
    "\xE5\xAD\x90",
};

static const char* const t2058[] = {
    "\xE5\xB7\xB1",
    "\xE7\x84\xB6",
    "\xE6\xB2\xBB\xE5\x8C\xBA",
    "\xE7\x94\xB1",
    "\xE6\xB2\xBB\xE5\xB7\x9E",
    "\xE8\xBA\xAB",
    "\xE6\xB2\xBB\xE5\x8E\xBF",
    "\xE6\xB2\xBB",
    "\xE5\x8A\xA8",
    "\xE6\x88\x91",
    "\xE4\xB8\xBB",
    "\xE4\xBB\x8E",
    "\xE8\xA1\x8C",
    "\xE8\xA7\x89",
    "\xE6\x88\x90",
    "\xE4\xBF\xA1",
    "\xE7\x84\xB6\xE8\xB5\x84\xE6\xBA\x90",
    "\xE6\x9D\x80",
    "\xE5\xB8\xA6",
    "\xE6\x9C\x89",
    "\xE7\xA7\xB0",
    "\xE7\x94\xB1\xE4\xBA\xBA",
    "\xE6\xB2\xBB\xE6\x9C\xBA\xE5\x85\xB3",
    "\xE5\xB9\xBC",
    "\xE8\xA1\x8C\xE8\xBD\xA6",
    "\xE5\x8F\xA4",
    "\xE6\xAD\xA4",
    "\xE5\x8A\xA8\xE5\x8C\x96",
    "\xE7\x84\xB6\xE7\x95\x8C",
    "\xE5\xAE\xB6",
    "\xE5\xAD\xA6",
    "\xE6\x84\xBF",
    "\xE7\x84\xB6\xE7\xA7\x91\xE5\xAD\xA6",
    "\xE5\x8D\xAB",
    "\xE6\xB2\xBB\xE6\x9D\x83",
    "\xE7\xAB\x8B",
    "\xE5\xB0\xBD",
    "\xE5\x8F\x91",
    "\xE7\x9F\xA5",
    "\xE5\x8D\xAB\xE9\x98\x9F",
    "\xE8\xB1\xAA",
    "\xE7\xBB\x99",
    "\xE6\x9D\xA5",
    "\xE5\xA6\x82",
    "\xE7\x84\xB6\xE8\x80\x8C\xE7\x84\xB6",
    "\xE8\xA8\x80\xE8\x87\xAA\xE8\xAF\xAD",
    "\xE5\x8F\xA4\xE4\xBB\xA5\xE6\x9D\xA5",
    "\xE8\x80\x83",
    "\xE7\x84\xB6\xE7\x8E\xAF\xE5\xA2\x83",
    "\xE7\x94\xB1\xE4\xB8\xBB\xE4\xB9\x89",
    "\xE5\x88\xB6",
    "\xE8\xB4\x9F",
    "\xE7\x84\xB6\xE7\x81\xBE\xE5\xAE\xB3",
    "\xE7\x94\xB1\xE5\x8C\x96",
    "\xE5\xB1\x85",
    "\xE8\xBD\xAC",
    "\xE7\x94\xB1\xE8\x87\xAA\xE5\x9C\xA8",
    "\xE6\x97\x8B",
    "\xE7\xBB\x99\xE8\x87\xAA\xE8\xB6\xB3",
    "\xE5\xBE\x8B",
    "\xE5\xB7\xB2",
    "\xE5\x8A\xA8\xE6\xAD\xA5\xE6\x9E\xAA",
    "\xE5\xB0\x8A",
    "\xE5\x8A\x9B\xE6\x9B\xB4\xE7\x94\x9F",
    "\xE8\x90\xA5\xE6\x9D\x83",
    "\xE7\xA7\x81",
    "\xE4\xB8\xBB\xE6\x9D\x83",
    "\xE5\x88\x8E",
    "\xE5\xB0\x8F",
    "\xE4\xB8\xAA\xE5\x84\xBF",
    "\xE6\xB0\x91\xE5\x85\x9A",
    "\xE4\xB8\xAA",
    "\xE6\x88\x91\xE6\x89\xB9\xE8\xAF\x84",
    "\xE5\x8A\xA9",
    "\xE5\xB0\x8A\xE5\xBF\x83",
    "\xE5\xBC\xBA",
};

static const char* const t2059[] = {
    "\xE8\xB1\x86\xE8\x85\x90",
};

static const char* const t2060[] = {
    "\xE5\xB0\x91",
    "\xE4\xBA\x8E",
    "\xE4\xBB\x8A",
    "\xE6\xAD\xA4",
    "\xE5\xB0\x8A",
    "\xE5\x85\xB3\xE9\x87\x8D\xE8\xA6\x81",
    "\xE9\xAB\x98\xE6\x97\xA0\xE4\xB8\x8A",
    "\xE6\xAD\xA3",
    "\xE6\x9E\x81",
};

static const char* const t2061[] = {
    "\xE4\xBD\xBF",
    "\xE5\x8A\x9B",
    "\xE5\xAF\x8C",
    "\xE5\x91\xBD",
    "\xE8\xBF\x9C",
    "\xE7\x99\x8C",
    "\xE7\x97\x85",
    "\xE7\x94\xB5",
    "\xE6\xAD\xBB",
    "\xE6\x95\xAC",
    "\xE5\xAF\x86",
};

static const char* const t2062[] = {
    "\xE8\x88\x85",
};

static const char* const t2063[] = {
    "\xE8\xAE\xBA",
};

static const char* const t2064[] = {
    "\xE5\xA4\xB4",
};

static const char* const t2065[] = {
    "\xE4\xB8\x8D\xE5\xBE\x97",
    "\xE5\xBE\x97",
    "\xE4\xBA\xBA",
    "\xE5\x91\xBD",
    "\xE5\xBC\x83",
};

static const char* const t2066[] = {
    "\xE6\x9C\x8D",
    "\xE9\x80\x82",
    "\xE7\x95\x85",
    "\xE6\x83\xA0\xE5\x9B\xBD",
    "\xE5\xB1\x95",
};

static const char* const t2067[] = {
    "\xE8\xB9\x88",
    "\xE5\x8F\xB0",
    "\xE7\xBE\x8E",
    "\xE5\x8A\xA8",
    "\xE5\x89\xA7",
};

static const char* const t2068[] = {
    "\xE6\x9B\xB2",
};

static const char* const t2069[] = {
    "\xE7\xA9\xBA",
    "\xE7\xBA\xBF",
    "\xE6\xB5\xB7",
    "\xE8\xBF\x90",
    "\xE7\x8F\xAD",
    "\xE6\xAF\x8D",
    "\xE5\xA4\xA9",
    "\xE8\xA1\x8C",
    "\xE9\x81\x93",
    "\xE7\xA9\xBA\xE6\xAF\x8D\xE8\x88\xB0",
    "\xE7\xA9\xBA\xE5\x85\xB5",
    "\xE7\xA8\x8B",
    "\xE9\x80\x9F",
    "\xE7\xA9\xBA\xE6\xB8\xAF",
    "\xE5\xA4\xA9\xE5\x99\xA8",
    "\xE5\xA4\xA9\xE9\xA3\x9E\xE6\x9C\xBA",
    "\xE5\x90\x91",
};

static const char* const t2070[] = {
    "\xE7\x9A\x84",
    "\xE5\x9C\xB0",
    "\xE8\x8B\xA5",
};

static const char* const t2071[] = {
    "\xE9\x98\x9F",
    "\xE8\x89\x87",
    "\xE8\x88\xB9",
    "\xE8\xBD\xBD",
    "\xE7\x82\xAE",
};

static const char* const t2072[] = {
    "\xE5\x86\x85",
};

static const char* const t2073[] = {
    "\xE4\xB8\xBB",
};

static const char* const t2074[] = {
    "\xE8\x88\xB6",
    "\xE9\x95\xBF",
    "\xE4\xB8\x8A",
    "\xE5\x8F\xAA",
    "\xE5\xA4\xB4",
    "\xE9\x98\x9F",
    "\xE8\x88\xB1",
    "\xE4\xBD\x93",
};

static const char* const t2075[] = {
    "\xE5\xA5\xBD",
    "\xE4\xB9\x85",
    "\xE5\xBF\x83",
    "\xE6\x80\xA7",
    "\xE6\x9C\xBA",
    "\xE8\x8D\xAF",
    "\xE7\x9F\xA5",
};

static const char* const t2076[] = {
    "\xE9\x9A\xBE",
    "\xE8\x8B\xA6",
    "\xE5\xB7\xA8",
    "\xE8\x8B\xA6\xE5\xA5\x8B\xE6\x96\x97",
    "\xE8\xBE\x9B",
    "\xE9\x99\xA9",
};

static const char* const t2077[] = {
    "\xE5\xBD\xA9",
    "\xE7\xB4\xA0",
    "\xE9\x85\x9A",
    "\xE6\xB3\xBD",
    "\xE6\x83\x85",
};

static const char* const t2078[] = {
    "\xE4\xB8\xBD",
};

static const char* const t2079[] = {
    "\xE6\x9C\xAF",
    "\xE6\x9C\xAF\xE5\xAE\xB6",
    "\xE4\xBA\xBA",
    "\xE6\x9C\xAF\xE5\x93\x81",
    "\xE6\x9C\xAF\xE7\xB1\xBB",
    "\xE6\x9C\xAF\xE8\x8A\x82",
};

static const char* const t2080[] = {
    "\xE6\xBB\x8B\xE7\x97\x85",
    "\xE6\x98\xA5\xE8\x8D\xA3",
};

static const char* const t2081[] = {
    "\xE7\x9B\xAE",
    "\xE6\x97\xA5",
    "\xE5\xBA\xA6\xE4\xBD\xBF",
    "\xE5\xA5\x8F",
    "\xE7\xBA\xA6",
    "\xE5\x88\xB6",
    "\xE7\x9C\x81",
    "\xE7\x82\xB9",
    "\xE8\x83\xBD",
    "\xE5\x81\x87\xE6\x97\xA5",
};

static const char* const t2082[] = {
    "\xE8\x93\x89",
    "\xE7\x90\xB3",
};

static const char* const t2083[] = {
    "\xE6\xB9\x96",
};

static const char* const t2084[] = {
    "\xE9\xBA\xBB",
    "\xE5\x8A\xA0\xE5\x93\xA5",
};

static const char* const t2085[] = {
    "\xE8\x8A\xB1",
    "\xE8\x8B\x87",
};

static const char* const t2086[] = {
    "\xE5\x85\xB0",
};

static const char* const t2087[] = {
    "\xE8\x95\xBE",
};

static const char* const t2088[] = {
    "\xE7\x89\x87",
};

static const char* const t2089[] = {
    "\xE5\xB2\x97\xE5\xB2\xA9",
    "\xE5\x9B\xAD",
    "\xE8\xB4\xB9",
    "\xE7\x94\x9F",
    "\xE9\x92\xB1",
    "\xE5\x8D\x89",
    "\xE6\xA0\xB7",
    "\xE7\x93\xA3",
    "\xE6\x9C\xB5",
    "\xE8\x89\xB2",
    "\xE7\xBA\xB9",
    "\xE6\x9C\xA8",
    "\xE5\x84\xBF",
    "\xE5\xB1\xB1",
    "\xE6\x9C\xA8\xE5\x85\xB0",
    "\xE7\x81\xAF",
    "\xE7\xB2\x89",
    "\xE8\x8F\x87",
    "\xE5\x9D\x9B",
    "\xE7\x99\xBD",
    "\xE9\xB8\x9F",
    "\xE8\x8D\x89",
    "\xE5\x8E\x85",
    "\xE9\x93\x81\xE5\xB9\xB2",
};

static const char* const t2090[] = {
    "\xE9\xA6\x99",
};

static const char* const t2091[] = {
    "\xE5\xB8\xAD",
};

static const char* const t2092[] = {
    "\xE7\x99\xBD",
    "\xE8\x9D\x87",
    "\xE8\x80\x81",
    "\xE5\xA4\xA9",
};

static const char* const t2093[] = {
    "\xE8\x81\x94",
    "\xE5\xB7\x9E",
    "\xE7\xBB\xB4\xE5\x9F\x83",
    "\xE4\xB8\xB9",
    "\xE6\xA0\xBC\xE6\x8B\x89\xE5\xBA\x95",
    "\xE5\x86\x9B",
    "\xE6\xA0\xBC\xE5\x85\xB0",
    "\xE5\x8C\xBA",
    "\xE9\xB2\x81\xE5\x85\x8B",
    "\xE5\xAE\x81",
    "\xE9\x97\xA8\xE7\xBE\x9A",
    "\xE6\x89\x93",
    "\xE5\x8C\x97",
    "\xE8\xBD\xBC",
    "\xE6\x85\xA7\xE4\xBC\xA6",
    "\xE6\x9C\xA8",
};

static const char* const t2094[] = {
    "\xE6\x97\x8F",
    "\xE4\xBA\xBA\xE5\x87\xA4",
    "\xE8\x8B\xA5\xE5\x85\xB0",
};

static const char* const t2095[] = {
    "\xE5\x88\xBB",
};

static const char* const t2096[] = {
    "\xE5\xB9\xB2",
    "\xE9\x9D\x9E",
    "\xE5\xB9\xB2\xE4\xB8\xAA",
};

static const char* const t2097[] = {
    "\xE7\xAC\x91",
    "\xE9\x9A\xBE",
    "\xE8\x8B\xA6",
    "\xE6\x81\xBC",
    "\xE5\xA4\xB4",
    "\xE7\xBB\x83",
    "\xE4\xBA\x8E",
    "\xE9\x97\xB7",
    "\xE6\x88\x98",
    "\xE5\xBF\x83",
    "\xE6\xB6\xA9",
};

static const char* const t2098[] = {
    "\xE5\x9B\xBD",
    "\xE9\x9B\x84",
    "\xE8\xAF\xAD",
    "\xE6\x96\x87",
    "\xE5\x8B\x87",
    "\xE6\xA0\xBC\xE5\x85\xB0",
    "\xE5\x9B\xBD\xE4\xBA\xBA",
    "\xE5\x86\x9B",
    "\xE7\x89\xB9\xE5\xB0\x94",
    "\xE6\x89\x8D",
    "\xE4\xBF\x8A",
    "\xE8\xB6\x85",
    "\xE5\x9B\xBD\xE8\xAE\xAE\xE4\xBC\x9A",
    "\xE5\xAF\xB8",
    "\xE7\xBE\x8E",
    "\xE4\xBA\xA9",
    "\xE9\x9B\x84\xE5\xA5\xBD\xE6\xB1\x89",
    "\xE5\xB1\xB1",
    "\xE5\xB1\xB1\xE5\x8E\xBF",
    "\xE6\x98\x8E",
    "\xE9\x95\x91",
    "\xE5\x9B\xBD\xE6\x94\xBF\xE5\xBA\x9C",
    "\xE8\x81\x94\xE9\x82\xA6",
    "\xE5\xB0\xBA",
};

static const char* const t2099[] = {
    "\xE6\x9E\x9C",
};

static const char* const t2100[] = {
    "\xE5\xAF\x86",
};

static const char* const t2101[] = {
    "\xE5\x9B\xB4",
    "\xE7\x95\xB4",
    "\xE8\xA0\xA1",
    "\xE5\xAD\x90\xE6\x84\x9A",
    "\xE6\x96\x87\xE7\xA8\x8B",
    "\xE6\x81\x92\xE5\xB1\xB1",
    "\xE8\xA0\xA1\xE5\xBA\x99",
};

static const char* const t2102[] = {
    "\xE6\xB1\x81",
};

static const char* const t2103[] = {
    "\xE5\xB1\x8B",
    "\xE6\x9E\x97\xE5\x8F\xA3",
    "\xE7\xAE\xAD\xE5\x8C\xBA",
    "\xE8\x8D\x89\xE8\xA1\x97",
};

static const char* const t2104[] = {
    "\xE7\x84\xB6",
    "\xE8\x8C\xAB",
};

static const char* const t2105[] = {
    "\xE8\x8B\x93",
};

static const char* const t2106[] = {
    "\xE5\x8F\xB6",
    "\xE9\xA6\x86",
    "\xE6\x9D\xAF",
    "\xE6\xB0\xB4",
    "\xE5\xBA\x84",
    "\xE5\x87\xA0",
    "\xE6\xA0\x91",
    "\xE5\x9B\xAD",
    "\xE7\xA2\x97",
    "\xE6\xA5\xBC",
    "\xE5\xA3\xB6",
};

static const char* const t2107[] = {
    "\xE5\xB7\x9E",
    "\xE5\xB7\x9E\xE5\xB8\x82",
    "\xE9\x97\xA8",
    "\xE9\x97\xA8\xE5\xB8\x82",
    "\xE6\xB1\x9F",
    "\xE5\xB7\x9E\xE5\x8C\xBA",
    "\xE4\xB8\x9C",
    "\xE6\xB2\x99\xE5\xB8\x82",
    "\xE6\xB2\x99",
    "\xE5\x8D\x97\xE5\xBA\x9C",
    "\xE5\xAE\x9C\xE8\x8F\x9C",
    "\xE5\xBA\x9C",
};

static const char* const t2108[] = {
    "\xE5\x8E\x9F",
    "\xE6\xA1\x88",
    "\xE4\xB8\x9B",
    "\xE5\x9C\xB0",
    "\xE7\x94\xB8",
    "\xE5\x9C\xBA",
    "\xE6\x9C\xAC",
    "\xE6\x9C\xA8",
    "\xE5\x9D\xAA",
    "\xE6\xB3\xA5\xE9\xA9\xAC",
};

static const char* const t2109[] = {
    "\xE6\xBC\xA0",
    "\xE5\x87\x89",
    "\xE5\x94\x90",
    "\xE8\xB0\xAC",
    "\xE5\xB1\xB1",
    "\xE5\x8E\x9F",
    "\xE5\x9C\xB0",
    "\xE8\x8A\x9C",
};

static const char* const t2110[] = {
    "\xE6\x9E\x9D",
};

static const char* const t2111[] = {
    "\xE7\x84\xB6\xE6\x97\xA0\xE5\xAD\x98",
    "\xE6\xBC\xBE",
};

static const char* const t2112[] = {
    "\xE8\xAA\x89",
    "\xE8\x8E\xB7",
    "\xE7\xA6\x84",
    "\xE8\x80\x80",
};

static const char* const t2113[] = {
    "\xE5\x85\x89",
};

static const char* const t2114[] = {
    "\xE7\x89\xA9",
    "\xE5\x93\x81",
    "\xE6\x9D\x90",
    "\xE7\x94\xA8",
    "\xE5\xB8\x88",
    "\xE5\xBA\x97",
    "\xE4\xB8\x9A",
    "\xE7\x89\xA9\xE5\xAD\xA6",
    "\xE8\x86\xB3",
    "\xE5\xBA\x93",
    "\xE6\x88\xBF",
    "\xE6\x96\xB9",
    "\xE4\xB8\xB8",
};

static const char* const t2115[] = {
    "\xE5\x85\xB0",
    "\xE5\x8F\xB6",
    "\xE8\x8A\xB1",
    "\xE6\x9E\xAA\xE5\xAE\x9E\xE5\xBC\xB9",
    "\xE5\x85\xB0\xE4\xBA\xBA",
    "\xE9\xA9\xAC",
};

static const char* const t2116[] = {
    "\xE5\xA3\xAB\xE6\xAF\x94\xE4\xBA\x9A",
};

static const char* const t2117[] = {
    "\xE6\x96\xAF\xE7\xA7\x91",
    "\xE9\x9D\x9E",
    "\xE5\x90\x8D\xE5\x85\xB6\xE5\xA6\x99",
    "\xE5\xA4\xA7",
    "\xE8\xBF\x87\xE4\xBA\x8E",
    "\xE8\x89\xB3\xE7\x90\xB3",
    "\xE4\xB8\x8D",
    "\xE5\x90\x8D",
    "\xE6\xA1\x91\xE6\xAF\x94\xE5\x85\x8B",
};

static const char* const t2118[] = {
    "\xE6\xAF\x94\xE9\x94\xA1",
    "\xE8\x8C\xB5\xE6\xB2\xB3",
    "\xE8\x8C\xB5",
};

static const char* const t2119[] = {
    "\xE5\xAD\x90",
    "\xE8\x93\xAC",
    "\xE8\x8A\xB1",
    "\xE8\x82\x89",
};

static const char* const t2120[] = {
    "\xE5\xBE\x97",
    "\xE5\x8F\x96",
    "\xE5\xA5\x96",
    "\xE8\x83\x9C",
    "\xE6\x82\x89",
    "\xE5\x87\x86",
    "\xE5\x88\xA9",
    "\xE5\xBE\x97\xE8\x80\x85",
};

static const char* const t2121[] = {
    "\xE8\x8F\x9C",
};

static const char* const t2122[] = {
    "\xE8\x8A\xB1",
};

static const char* const t2123[] = {
    "\xE6\xB3\xBD",
};

static const char* const t2124[] = {
    "\xE7\xB3\xBB",
    "\xE8\x82\xB4",
    "\xE6\xB1\xA4",
    "\xE7\xAF\xAE\xE5\xAD\x90",
};

static const char* const t2125[] = {
    "\xE8\x90\x9D",
};

static const char* const t2126[] = {
    "\xE8\x90\xA8",
};

static const char* const t2127[] = {
    "\xE8\x8A\xB1",
    "\xE5\xBD\xA2",
    "\xE6\xB9\x96",
};

static const char* const t2128[] = {
    "\xE5\xBE\x8B\xE5\xAE\xBE",
};

static const char* const t2129[] = {
    "\xE8\x8A\xBD",
    "\xE5\x8F\x91",
};

static const char* const t2130[] = {
    "\xE7\xBC\xA9",
};

static const char* const t2131[] = {
    "\xE5\x8D\x9C",
};

static const char* const t2132[] = {
    "\xE7\x9F\xB3",
};

static const char* const t2133[] = {
    "\xE5\x85\xBB",
    "\xE9\x94\x80",
    "\xE9\x80\xA0",
    "\xE4\xB8\x9A",
    "\xE5\xBB\xBA",
    "\xE9\x95\xBF",
    "\xE5\x9C\xB0",
    "\xE6\x95\x91",
    "\xE4\xB8\x9A\xE9\x83\xA8",
    "\xE7\x94\x9F",
    "\xE8\xBF\x90",
    "\xE5\xAF\xA8",
};

static const char* const t2134[] = {
    "\xE6\x9D\xA1",
};

static const char* const t2135[] = {
    "\xE5\x90\x8E",
    "\xE5\xAE\x9E",
    "\xE4\xB8\x8B",
    "\xE5\x9C\xB0",
    "\xE5\x85\xA5",
    "\xE5\x8F\xB6",
    "\xE5\x88\xB0",
    "\xE6\x88\x90",
    "\xE5\xB7\xAE",
    "\xE5\xBE\x97",
    "\xE6\x88\xB7",
};

static const char* const t2136[] = {
    "\xE5\x90\x8D",
    "\xE4\xBD\x9C",
    "\xE7\xA7\xB0",
    "\xE8\xBF\xB0",
    "\xE5\xBD\x95",
};

static const char* const t2137[] = {
    "\xE6\xB4\xB2\xE5\x9D\x9D",
};

static const char* const t2138[] = {
    "\xE8\x90\x84\xE7\x89\x99",
    "\xE8\x90\x84",
    "\xE8\x90\x84\xE9\x85\x92",
    "\xE8\x90\x84\xE7\x89\x99\xE4\xBA\xBA",
    "\xE8\x90\x84\xE7\xB3\x96",
};

static const char* const t2139[] = {
    "\xE4\xBA\x8B\xE4\xBC\x9A",
    "\xE4\xBA\x8B",
    "\xE4\xBA\x8B\xE9\x95\xBF",
    "\xE5\xB0\x8F\xE5\xAE\x9B",
    "\xE5\xBF\x85\xE6\xAD\xA6",
    "\xE5\xAE\xB6",
};

static const char* const t2140[] = {
    "\xE8\x8A\xA6",
};

static const char* const t2141[] = {
    "\xE7\xA4\xBC",
};

static const char* const t2142[] = {
    "\xE8\x8A\xB1",
};

static const char* const t2143[] = {
    "\xE4\xBB\x8B\xE7\x9F\xB3",
    "\xE7\xA5\x9D\xE5\xB9\xB3",
    "\xE5\xAE\xB6\xE5\x86\xB2",
    "\xE4\xB8\xBD\xE8\x8E\x89",
    "\xE6\xAD\xA3\xE5\x8D\x8E",
    "\xE6\x96\xB9\xE8\x88\x9F",
    "\xE6\xA0\x91\xE5\xA3\xB0",
    "\xE7\xA1\x95\xE6\x9D\xB0",
    "\xE7\xBA\xA2\xE6\x98\x9F",
    "\xE8\xBF\x9C\xE5\x8D\x8E",
};

static const char* const t2144[] = {
    "\xE5\x8F\xA4",
    "\xE5\x8F\xA4\xE6\x97\x8F",
    "\xE5\x8F\xA4\xE4\xBA\xBA",
    "\xE5\x8F\xA4\xE5\x9B\xBD",
    "\xE5\x8F\xA4\xE8\xAF\xAD",
};

static const char* const t2145[] = {
    "\xE7\xA5\xA5\xE5\x90\x8C",
    "\xE9\xB2\x81\xE7\x8F\xAD",
};

static const char* const t2146[] = {
    "\xE5\x9C\xBB",
};

static const char* const t2147[] = {
    "\xE5\x8F\x91",
    "\xE6\xB1\xBD",
    "\xE6\xB0\x94",
    "\xE6\xB1\xBD\xE6\x9C\xBA",
    "\xE7\xAC\xBC",
    "\xE9\xA6\x8F",
};

static const char* const t2148[] = {
    "\xE9\x86\x8C",
};

static const char* const t2149[] = {
    "\xE7\xA7\xAF\xE9\x87\x8F",
};

static const char* const t2150[] = {
    "\xE8\x89\xB2",
    "\xE5\xA4\xA9",
    "\xE5\xB0\x8F\xE6\xA2\x85",
    "\xE5\x9B\xBE",
};

static const char* const t2151[] = {
    "\xE5\x9C\xB0",
};

static const char* const t2152[] = {
    "\xE5\x8B\x83",
};

static const char* const t2153[] = {
    "\xE8\xA7\x86",
};

static const char* const t2154[] = {
    "\xE5\xBB\xB6",
};

static const char* const t2155[] = {
    "\xE7\xB3\x96",
};

static const char* const t2156[] = {
    "\xE5\x85\x83\xE5\x9F\xB9",
    "\xE5\xAE\x8F\xE6\x9F\xB1",
    "\xE5\xAE\xB6\xE6\xBD\xAD",
    "\xE6\x96\x87\xE9\x9D\x99",
    "\xE7\x94\xB8\xE5\x8C\xBA",
};

static const char* const t2157[] = {
    "\xE8\x8F\x9C",
};

static const char* const t2158[] = {
    "\xE6\x98\xA5",
    "\xE6\x98\xA5\xE5\x8E\xBF",
};

static const char* const t2159[] = {
    "\xE8\x97\x8F",
    "\xE8\x97\x8F\xE9\x87\x8F",
    "\xE5\x90\xAB",
};

static const char* const t2160[] = {
    "\xE5\xBC\xB1",
    "\xE8\x86\x9C",
    "\xE8\x96\x84\xE7\x9A\x84",
};

static const char* const t2161[] = {
    "\xE5\xA7\xA8\xE5\xA6\x88",
    "\xE4\xBC\xA0\xE8\x96\xAA",
};

static const char* const t2162[] = {
    "\xE6\xB0\xB4",
    "\xE9\x85\xAC",
    "\xE8\xB5\x84",
    "\xE9\x87\x91",
};

static const char* const t2163[] = {
    "\xE6\x97\x8F",
    "\xE4\xB9\xA6",
    "\xE8\xBA\xAB",
    "\xE6\x9C\x89",
};

static const char* const t2164[] = {
    "\xE8\xA7\x86",
};

static const char* const t2165[] = {
    "\xE4\xBA\x95",
    "\xE7\xB1\xBB",
};

static const char* const t2166[] = {
    "\xE8\x8F\x87",
};

static const char* const t2167[] = {
    "\xE9\x97\xA8",
    "\xE5\xB1\xB1",
    "\xE5\x8F\xA3",
};

static const char* const t2168[] = {
    "\xE5\xBE\x85",
};

static const char* const t2169[] = {
    "\xE8\xAF\x9A",
};

static const char* const t2170[] = {
    "\xE5\x81\x87",
    "\xE5\xBC\xB1",
    "\xE6\x8B\x9F",
    "\xE5\xAE\x9E",
    "\xE4\xBC\xAA",
    "\xE6\x9E\x84",
    "\xE5\x90\x8D",
};

static const char* const t2171[] = {
    "\xE7\x84\xB6",
    "\xE8\xAF\xB4",
};

static const char* const t2172[] = {
    "\xE5\xAD\x90",
};

static const char* const t2173[] = {
    "\xE8\x9A\x81",
};

static const char* const t2174[] = {
    "\xE5\xAD\x90",
};

static const char* const t2175[] = {
    "\xE8\xB1\x86",
};

static const char* const t2176[] = {
    "\xE8\x9A\x93",
};

static const char* const t2177[] = {
    "\xE7\x99\xBD\xE8\xB4\xA8",
    "\xE7\x99\xBD",
    "\xE5\xA3\xB3",
    "\xE7\xB3\x95",
};

static const char* const t2178[] = {
    "\xE8\x9F\x86",
};

static const char* const t2179[] = {
    "\xE8\x9C\x9C",
};

static const char* const t2180[] = {
    "\xE8\x9A\xA3",
};

static const char* const t2181[] = {
    "\xE8\x9B\x9B",
};

static const char* const t2182[] = {
    "\xE8\x9C\x82",
    "\xE6\x9E\xA3",
};

static const char* const t2183[] = {
    "\xE7\x83\x9B",
};

static const char* const t2184[] = {
    "\xE8\x9C\x92",
};

static const char* const t2185[] = {
    "\xE8\x9A\xAA",
};

static const char* const t2186[] = {
    "\xE8\x9D\xA0",
};

static const char* const t2187[] = {
    "\xE8\x9D\xB6",
};

static const char* const t2188[] = {
    "\xE5\x90\x88",
    "\xE8\xB5\x84",
    "\xE5\x85\xA5",
    "\xE5\x8C\x96",
    "\xE6\xB4\xBD",
    "\xE4\xB8\xBA\xE4\xB8\x80\xE4\xBD\x93",
};

static const char* const t2189[] = {
    "\xE6\x97\x8B",
    "\xE6\x97\x8B\xE6\xA1\xA8",
};

static const char* const t2190[] = {
    "\xE8\x9F\x80",
};

static const char* const t2191[] = {
    "\xE9\xBE\x99",
};

static const char* const t2192[] = {
    "\xE5\x8A\xA8",
};

static const char* const t2193[] = {
    "\xE6\xB6\xB2",
    "\xE7\xAE\xA1",
    "\xE8\x85\xA5",
    "\xE5\x8E\x8B",
    "\xE7\xBC\x98",
    "\xE6\xB5\x86",
    "\xE6\xB8\x85",
    "\xE6\xB5\x81",
    "\xE8\xBF\xB9",
    "\xE8\x89\xB2",
    "\xE7\xBB\x9F",
    "\xE5\x9E\x8B",
    "\xE7\xBA\xA2\xE8\x9B\x8B\xE7\x99\xBD",
    "\xE7\xB3\x96",
    "\xE6\xB3\x8A",
    "\xE8\x82\x89\xE4\xB9\x8B\xE8\xBA\xAF",
    "\xE6\xB3\xAA",
    "\xE6\x80\xA7",
};

static const char* const t2194[] = {
    "\xE6\x94\xBF",
    "\xE5\x8A\xA8",
    "\xE4\xB8\xBA",
    "\xE4\xB8\x9A",
    "\xE4\xBD\xBF",
    "\xE6\x94\xBF\xE5\x8C\xBA\xE5\x88\x92",
    "\xE8\x80\x85",
    "\xE6\x83\x85",
    "\xE6\x94\xBF\xE5\x8C\xBA",
    "\xE7\x9C\x81",
    "\xE6\x94\xBF\xE5\x8C\xBA\xE5\x9F\x9F",
    "\xE4\xBA\x8B",
    "\xE8\xB5\xB0",
    "\xE6\x94\xBF\xE5\x85\xAC\xE7\xBD\xB2",
    "\xE4\xBA\xBA",
    "\xE6\x9D\x8E",
    "\xE7\xA8\x8B",
    "\xE9\xA9\xB6",
    "\xE6\x98\x9F",
    "\xE7\xA4\xBC",
    "\xE5\xBE\x84",
    "\xE5\x88\x97",
    "\xE5\x86\x9B",
    "\xE8\xBF\x9B",
    "\xE9\x95\xBF",
    "\xE8\x87\xB3",
    "\xE8\xB7\xAF",
    "\xE6\x94\xBF\xE9\x83\xA8\xE9\x97\xA8",
    "\xE8\xBE\x95",
    "\xE5\x88\x91",
    "\xE5\x88\xBA",
    "\xE5\xBD\x93",
    "\xE7\xBD\xB2",
    "\xE5\xAE\xB6",
    "\xE8\xB8\xAA",
    "\xE8\xBD\xA6",
    "\xE5\xAE\xAB",
    "\xE8\xB4\xBF",
    "\xE4\xB9\x8B\xE6\x9C\x89\xE6\x95\x88",
    "\xE6\x94\xBF\xE9\x99\xA2",
    "\xE5\x8C\xBB",
};

static const char* const t2195[] = {
    "\xE5\xB0\x84",
    "\xE7\x94\x9F",
    "\xE7\x94\x9F\xE7\x89\xA9",
};

static const char* const t2196[] = {
    "\xE6\x8E\xA5",
};

static const char* const t2197[] = {
    "\xE9\x81\x93",
    "\xE5\xA4\xB4",
    "\xE4\xB8\x8A",
    "\xE5\x9D\x8A",
    "\xE5\xB7\xB7",
    "\xE5\xB8\x82",
};

static const char* const t2198[] = {
    "\xE9\x97\xA8",
    "\xE7\xBD\xB2",
    "\xE5\xBD\xB9",
};

static const char* const t2199[] = {
    "\xE9\x87\x8F",
    "\xE5\xB1\xB1",
};

static const char* const t2200[] = {
    "\xE6\x9C\x8D",
    "\xE8\xA1\xAB",
    "\xE8\xA5\x9F",
    "\xE8\xA3\xB3",
    "\xE8\xA2\x96",
    "\xE9\xA3\x9F",
    "\xE7\x9D\x80",
    "\xE7\x89\xA9",
    "\xE5\x86\xA0",
};

static const char* const t2201[] = {
    "\xE5\x85\x85",
    "\xE5\x81\xBF",
    "\xE7\xBB\x99",
    "\xE8\xB4\xB4",
    "\xE5\x8A\xA9",
    "\xE8\xA1\x80",
    "\xE6\x95\x91",
    "\xE9\x80\x89",
};

static const char* const t2202[] = {
    "\xE7\xA4\xBA",
    "\xE7\x8E\xB0",
    "\xE6\x98\x8E",
    "\xE9\x9D\xA2",
    "\xE6\xBC\x94",
    "\xE8\xBE\xBE",
    "\xE5\x86\xB3",
    "\xE6\x83\x85",
    "\xE6\x80\x81",
    "\xE5\x86\xB3\xE6\x9D\x83",
    "\xE8\xBF\xB0",
    "\xE5\xBD\xB0",
    "\xE5\xB1\x82",
    "\xE5\x93\xA5",
    "\xE7\x9A\xAE",
    "\xE5\xA6\xB9",
    "\xE6\x89\xAC",
    "\xE5\xBE\x81",
};

static const char* const t2203[] = {
    "\xE8\xA1\xAB",
    "\xE8\xA1\xA3",
};

static const char* const t2204[] = {
    "\xE8\x90\xBD",
    "\xE9\x80\x80",
    "\xE8\x80\x81",
    "\xE7\xAB\xAD",
    "\xE5\x8F\x98",
    "\xE4\xBA\xA1",
    "\xE5\xBC\xB1",
};

static const char* const t2205[] = {
    "\xE5\xBF\x83",
};

static const char* const t2206[] = {
    "\xE6\x89\xBF\xE5\xBF\x97",
    "\xE4\xB8\x96\xE5\x87\xAF",
    "\xE5\xB4\x87\xE7\x84\x95",
    "\xE5\xAE\x97\xE7\x9A\x8B",
    "\xE7\xB4\xAB\xE8\xA1\xA3",
    "\xE6\x97\xB6\xE4\xB8\xAD",
    "\xE7\xBB\x8D",
    "\xE5\xAE\x97\xE7\xAC\xAC",
    "\xE5\xAE\x8F\xE9\x81\x93",
    "\xE8\xA1\x8C\xE9\x9C\x88",
    "\xE5\xAE\x97\xE9\x81\x93",
    "\xE5\xA7\x97\xE5\xA7\x97",
    "\xE6\x80\x9D\xE6\x80\xA1",
    "\xE6\xB1\x89\xE6\xB0\x91",
};

static const char* const t2207[] = {
    "\xE8\xA3\x9F",
};

static const char* const t2208[] = {
    "\xE5\xAD\x90",
};

static const char* const t2209[] = {
    "\xE5\xAD\x90",
};

static const char* const t2210[] = {
    "\xE5\xAD\x90",
};

static const char* const t2211[] = {
    "\xE8\xBF\xAB",
    "\xE6\x8D\x95",
    "\xE5\x8A\xA8",
    "\xE4\xBF\x98",
    "\xE5\xAD\x90",
    "\xE9\x80\x89\xE4\xB8\xBE\xE6\x9D\x83",
    "\xE7\xBB\x9F\xE6\xB2\xBB\xE8\x80\x85",
    "\xE5\x91\x8A",
    "\xE5\x8F\xAB",
    "\xE7\xAA\x9D",
    "\xE8\xAF\x84",
    "\xE5\x91\x8A\xE4\xBA\xBA",
    "\xE8\xA4\xA5",
};

static const char* const t2212[] = {
    "\xE5\x87\xBB",
};

static const char* const t2213[] = {
    "\xE5\x88\xA4",
    "\xE5\x86\xB3",
    "\xE5\x91\x98",
    "\xE5\x86\x9B",
    "\xE5\x87\x8F",
    "\xE5\xAE\x9A",
    "\xE7\xBC\x9D",
};

static const char* const t2214[] = {
    "\xE7\xBC\x9D",
    "\xE7\xBA\xB9",
    "\xE5\x8F\x98",
    "\xE5\xBC\x80",
};

static const char* const t2215[] = {
    "\xE5\xA4\x87",
    "\xE7\xBD\xAE",
    "\xE7\x94\xB2",
    "\xE9\xA5\xB0",
    "\xE6\x9C\x89",
    "\xE7\x94\xB2\xE5\x85\xB5",
    "\xE7\x94\xB2\xE8\xBD\xA6",
    "\xE4\xBF\xAE",
    "\xE9\x85\x8D",
    "\xE4\xBD\x9C",
    "\xE6\x9D\x9F",
    "\xE7\x94\xB2\xE5\xB8\x88",
    "\xE5\x8D\xB8",
    "\xE8\xBD\xBD",
    "\xE6\x89\xAE",
    "\xE5\x8D\xB8\xE9\x87\x8F",
    "\xE6\x9C\xBA\xE5\xAE\xB9\xE9\x87\x8F",
    "\xE5\xA1\xAB",
    "\xE8\x8D\xAF",
};

static const char* const t2216[] = {
    "\xE5\x8D\x83\xE4\xBB\x9E",
};

static const char* const t2217[] = {
    "\xE5\xAD\x90",
};

static const char* const t2218[] = {
    "\xE5\xAD\x90",
};

static const char* const t2219[] = {
    "\xE9\xAB\x98\xE6\x89\x8D",
};

static const char* const t2220[] = {
    "\xE9\x9C\xB2",
    "\xE4\xBD\x93",
};

static const char* const t2221[] = {
    "\xE8\x89\xB2",
};

static const char* const t2222[] = {
    "\xE7\x9A\xB1",
};

static const char* const t2223[] = {
    "\xE9\x98\xB3",
    "\xE5\xB7\x9E",
    "\xE5\x9F\x8E\xE5\x8C\xBA",
    "\xE6\xA8\x8A",
    "\xE6\xA8\x8A\xE5\xB8\x82",
    "\xE6\xB8\x9D\xE9\x93\x81\xE8\xB7\xAF",
    "\xE6\xB8\x9D\xE7\xBA\xBF",
};

static const char* const t2224[] = {
    "\xE6\x96\xB9",
    "\xE5\x8C\x97",
    "\xE9\x83\xA8",
    "\xE5\x8D\x97",
    "\xE7\x8F\xAD\xE7\x89\x99",
    "\xE8\x97\x8F",
    "\xE5\xAE\x89",
    "\xE5\x8C\x97\xE9\x83\xA8",
    "\xE6\xB1\x89",
    "\xE6\x99\x8B",
    "\xE5\x9F\x9F",
    "\xE5\x91\xA8",
    "\xE5\x8D\x97\xE9\x83\xA8",
    "\xE8\xBE\xB9",
    "\xE6\xAC\xA7",
    "\xE4\xBE\xA7",
    "\xE5\xA4\x8F",
    "\xE9\x97\xA8",
    "\xE5\xB2\xB8",
    "\xE6\xB4\x8B",
    "\xE5\x90\x91\xE4\xB8\x9C",
    "\xE4\xBA\x9A",
    "\xE5\x9F\x8E",
    "\xE4\xBC\xAF\xE5\x88\xA9\xE4\xBA\x9A",
    "\xE6\xB9\x96",
    "\xE5\xB1\xB1",
    "\xE8\xB7\xAF",
    "\xE7\x93\x9C",
    "\xE6\xB1\x9F",
    "\xE7\x9B\xB4\xE9\x97\xA8",
    "\xE9\x9D\xA2",
    "\xE4\xBE\xBF\xE9\x97\xA8",
    "\xE5\x8D\x8E",
    "\xE7\x8F\xAD\xE7\x89\x99\xE4\xBA\xBA",
    "\xE8\xA3\x85",
    "\xE5\xAE\x81",
    "\xE5\x8C\x97\xE5\x9C\xB0\xE5\x8C\xBA",
    "\xE9\x97\xA8\xE5\xAD\x90",
    "\xE9\x99\xB5",
    "\xE5\x8F\xA3",
    "\xE9\x9D\x9E",
    "\xE6\x96\xB9\xE4\xBA\xBA",
    "\xE5\xA4\xA9",
    "\xE5\xA1\x9E\xE5\xB1\xB1",
    "\xE5\xBE\xB7",
    "\xE6\x9C\x9D\xE4\xB8\x9C",
    "\xE5\xA1\x9E\xE5\xB1\xB1\xE5\x8C\xBA",
    "\xE9\x99\xB5\xE5\x8C\xBA",
    "\xE5\x8F\x8C\xE7\x89\x88\xE7\xBA\xB3",
    "\xE6\x9F\x8F\xE5\x9D\xA1",
    "\xE5\x8D\x97\xE5\x9C\xB0\xE5\x8C\xBA",
    "\xE6\xB2\x99",
    "\xE8\xA5\xBF\xE9\x87\x8C",
    "\xE9\xA3\x8E",
    "\xE5\xAD\xA6",
    "\xE5\xAE\x89\xE4\xBA\x8B\xE5\x8F\x98",
    "\xE6\xB5\xB7\xE5\xB2\xB8",
    "\xE7\x8F\xAD\xE7\x89\x99\xE8\xAF\xAD",
    "\xE5\x8D\x95",
};

static const char* const t2225[] = {
    "\xE6\xB1\x82",
    "\xE6\x98\xAF",
    "\xE7\xB4\xA0",
    "\xE8\xAF\xB4",
    "\xE7\xB4\xA7",
    "\xE4\xB9\x88",
    "\xE5\xAE\xB3",
    "\xE6\xAD\xBB",
    "\xE7\x82\xB9",
    "\xE5\x91\xBD",
    "\xE4\xB8\x8D\xE6\x98\xAF",
    "\xE9\x81\x93",
    "\xE9\x92\xB1",
    "\xE4\xB8\x8D\xE7\x84\xB6",
    "\xE5\xA1\x9E",
    "\xE6\x97\xA8",
    "\xE5\x86\xB2",
    "\xE9\xA2\x86",
    "\xE7\x8A\xAF",
    "\xE5\x8A\xA1",
};

static const char* const t2226[] = {
    "\xE7\x9B\x96",
    "\xE7\x9B\x96\xE7\x8E\x87",
    "\xE7\x81\xAD",
};

static const char* const t2227[] = {
    "\xE5\x88\xB0",
    "\xE9\x9D\xA2",
    "\xE4\xBA\x8E",
    "\xE9\x95\xBF",
    "\xE8\xAF\x86",
    "\xE8\xA7\xA3",
    "\xE8\xAF\x81",
    "\xE5\xBE\x97",
    "\xE6\x96\xB9",
    "\xE8\xA7\x81",
    "\xE9\x97\xBB",
};

static const char* const t2228[] = {
    "\xE7\x82\xB9",
    "\xE5\xBF\xB5",
    "\xE5\xAF\x9F",
    "\xE4\xBC\x97",
    "\xE7\x9C\x8B",
    "\xE6\xB5\x8B",
    "\xE9\x9F\xB3",
    "\xE8\xB5\x8F",
    "\xE5\x85\x89",
    "\xE7\xA4\xBC\xE5\x8F\xB0",
    "\xE6\x9C\x9B",
    "\xE5\xAF\x9F\xE5\x91\x98",
    "\xE6\x91\xA9",
    "\xE6\x88\x98",
};

static const char* const t2229[] = {
    "\xE5\xAE\x9A",
    "\xE6\xA8\xA1",
    "\xE5\x88\x92",
    "\xE5\xBE\x8B",
    "\xE8\x8C\x83",
    "\xE5\x88\x99",
    "\xE7\x9F\xA9",
    "\xE6\xA0\xBC",
    "\xE8\x8C\x83\xE5\x8C\x96",
    "\xE7\xAB\xA0",
    "\xE7\xA8\x8B",
    "\xE7\xAB\xA0\xE5\x88\xB6\xE5\xBA\xA6",
    "\xE5\x88\x92\xE5\xB8\x88",
    "\xE5\xBE\x8B\xE6\x80\xA7",
    "\xE6\x95\xB4",
    "\xE9\x81\xBF",
};

static const char* const t2230[] = {
    "\xE9\xA3\x9F",
};

static const char* const t2231[] = {
    "\xE4\xB8\xBA",
    "\xE9\xA2\x91",
    "\xE5\xAF\x9F",
    "\xE8\xA7\x89",
    "\xE9\x87\x8E",
    "\xE7\xBA\xBF",
    "\xE5\x8A\x9B",
    "\xE8\xA7\x92",
};

static const char* const t2232[] = {
    "\xE5\xBE\x97",
    "\xE9\x86\x92",
    "\xE6\x82\x9F",
    "\xE5\xAF\x9F",
    "\xE7\x9D\x80",
};

static const char* const t2233[] = {
    "\xE5\xBA\xA6",
    "\xE8\x89\xB2",
    "\xE8\x90\xBD",
    "\xE9\x80\x90",
    "\xE8\xB4\xA8",
    "\xE8\x86\x9C",
};

static const char* const t2234[] = {
    "\xE5\x86\xB3",
    "\xE9\x87\x8A",
    "\xE6\x94\xBE",
    "\xE6\x94\xBE\xE5\x86\x9B",
    "\xE6\x94\xBE\xE5\x8C\xBA",
    "\xE9\x99\xA4",
    "\xE5\xBC\x80",
    "\xE6\x94\xBE\xE6\x88\x98\xE4\xBA\x89",
    "\xE7\xAD\x94",
    "\xE6\x95\xA3",
    "\xE4\xBD\x93",
    "\xE8\xAF\xBB",
    "\xE8\x84\xB1",
    "\xE6\x94\xBE\xE8\xB7\xAF",
    "\xE5\x89\x96",
    "\xE6\x9E\x90",
    "\xE6\x94\xBE\xE5\x90\x8E",
    "\xE6\xAF\x92",
    "\xE6\x95\x91",
    "\xE9\xA2\x98",
    "\xE6\x94\xBE\xE6\x80\x9D\xE6\x83\xB3",
    "\xE8\xAF\xB4",
    "\xE5\x9B\xB4",
    "\xE6\x94\xBE\xE5\x85\xAC\xE5\x9B\xAD",
};

static const char* const t2235[] = {
    "\xE5\x8F\x8A",
    "\xE5\x8A\xA8",
    "\xE8\xA7\x92",
    "\xE7\x8A\xAF",
    "\xE5\x8F\x91",
    "\xE6\x80\x92",
};

static const char* const t2236[] = {
    "\xE8\xAF\xAD",
    "\xE8\xAE\xBA",
    "\xE8\xA1\x8C",
    "\xE8\xBE\x9E",
};

static const char* const t2237[] = {
    "\xE5\xA7\x86\xE6\x96\xAF",
};

static const char* const t2238[] = {
    "\xE4\xB8\xBA",
};

static const char* const t2239[] = {
    "\xE6\xAD\xBB",
    "\xE8\xA8\x80",
};

static const char* const t2240[] = {
    "\xE5\xAF\x9F",
    "\xE5\x91\x8A",
    "\xE6\x83\x95",
    "\xE6\x96\xB9",
    "\xE5\xAE\x98",
    "\xE5\x8D\xAB",
    "\xE6\x88\x92",
    "\xE6\x8A\xA5",
    "\xE8\xA7\x89",
    "\xE7\xA4\xBA",
    "\xE5\xA4\x87",
};

static const char* const t2241[] = {
    "\xE5\xA6\x82",
};

static const char* const t2242[] = {
    "\xE5\x88\x92",
    "\xE7\xAE\x97\xE6\x9C\xBA",
    "\xE7\xAE\x97",
    "\xE5\x88\x92\xE7\x94\x9F\xE8\x82\xB2",
    "\xE8\xBE\x83",
    "\xE9\x87\x8F",
    "\xE7\xAD\x96",
    "\xE5\x88\x92\xE7\xBB\x8F\xE6\xB5\x8E",
    "\xE5\xA7\x94",
    "\xE8\xAE\xAE",
};

static const char* const t2243[] = {
    "\xE7\xAB\x8B",
    "\xE8\xB4\xAD",
    "\xE5\x8D\x95",
    "\xE8\xB4\xA7",
};

static const char* const t2244[] = {
    "\xE4\xB8\xBA",
    "\xE8\xAF\x86",
    "\xE7\x9C\x9F",
    "\xE5\xAE\x9A",
    "\xE5\xBE\x97",
    "\xE8\xAF\x81",
    "\xE5\x8F\xAF",
    "\xE5\x90\x8C",
    "\xE5\x87\xBA",
    "\xE7\x9F\xA5",
    "\xE8\xBE\x93",
    "\xE9\x94\x99",
    "\xE8\xAF\x86\xE8\xAE\xBA",
    "\xE8\xB4\xAD",
    "\xE6\xB8\x85",
};

static const char* const t2245[] = {
    "\xE8\xAE\xBA",
    "\xE5\x8E\x8C",
    "\xE5\xA5\xBD",
    "\xE4\xBC\x90",
};

static const char* const t2246[] = {
    "\xE6\xAD\xA5",
    "\xE7\xBB\x99",
};

static const char* const t2247[] = {
    "\xE7\xBB\x83",
    "\xE7\xBB\x83\xE7\x8F\xAD",
    "\xE7\xBB\x83\xE5\x9B\xA2",
    "\xE6\x96\xA5",
    "\xE7\xBB\x83\xE5\x9C\xBA",
};

static const char* const t2248[] = {
    "\xE4\xBC\x9A",
    "\xE6\xA1\x88",
    "\xE4\xBA\x8B",
    "\xE8\xAE\xBA",
    "\xE5\x91\x98",
    "\xE7\xA8\x8B",
    "\xE9\xA2\x98",
    "\xE5\x92\x8C",
    "\xE9\x95\xBF",
    "\xE5\xAE\x9A",
    "\xE6\x94\xBF",
    "\xE4\xBA\x8B\xE4\xBC\x9A",
};

static const char* const t2249[] = {
    "\xE6\x81\xAF",
};

static const char* const t2250[] = {
    "\xE8\x80\x85",
    "\xE8\xBD\xBD",
    "\xE5\xBD\x95",
    "\xE5\xBE\x97",
    "\xE5\xBF\x86",
    "\xE4\xBD\x8F",
    "\xE8\xBF\xB0",
    "\xE8\x80\x85\xE4\xBC\x9A",
    "\xE5\x8F\xB7",
};

static const char* const t2251[] = {
    "\xE8\xAF\x9D",
    "\xE7\xA9\xB6",
    "\xE8\xBF\xB0",
    "\xE6\xB1\x82",
    "\xE5\xBA\xA7",
    "\xE8\xA7\xA3",
    "\xE5\xAD\xA6",
    "\xE6\x8E\x88",
    "\xE4\xB9\xA0",
    "\xE6\xBC\x94",
    "\xE8\xAF\xBE",
    "\xE4\xB9\x89",
    "\xE5\x8F\xB0",
};

static const char* const t2252[] = {
    "\xE5\xA4\x9A",
    "\xE5\x8F\xAF",
    "\xE5\xAE\xB6",
    "\xE4\xB8\x96\xE5\x8F\x8B",
    "\xE4\xB9\x85",
    "\xE5\x8F\xAF\xE8\xAF\x81",
    "\xE8\xAE\xB8\xE5\xA4\x9A\xE5\xA4\x9A",
    "\xE5\x98\x89\xE7\x92\x90",
    "\xE6\x99\xBA\xE5\xAE\x8F",
    "\xE5\xBF\x97\xE7\x90\xB4",
    "\xE8\xAF\xBA",
    "\xE6\x98\x8C",
    "\xE5\xA4\x9A\xE5\xB9\xB4",
};

static const char* const t2253[] = {
    "\xE5\x9D\x9B",
    "\xE8\xBF\xB0",
    "\xE6\x96\x87",
    "\xE8\xAF\x81",
    "\xE9\xA2\x98",
    "\xE6\x96\xAD",
    "\xE7\x82\xB9",
    "\xE8\x91\x97",
    "\xE8\xAF\xAD",
    "\xE6\x88\x98",
};

static const char* const t2254[] = {
    "\xE5\x88\xBA",
};

static const char* const t2255[] = {
    "\xE8\xAE\xA1",
    "\xE7\xAB\x8B",
    "\xE5\xA4\x87",
    "\xE6\x96\xBD",
    "\xE7\xBD\xAE",
    "\xE6\x9C\x89",
    "\xE6\x83\xB3",
    "\xE5\x9C\xA8",
    "\xE6\xB3\x95",
    "\xE8\xAE\xA1\xE5\xB8\x88",
    "\xE8\xAE\xA1\xE8\x80\x85",
    "\xE5\xAE\x9A",
    "\xE5\xAE\xB4",
};

static const char* const t2256[] = {
    "\xE9\x97\xAE",
    "\xE8\xB0\x88",
    "\xE5\x8D\x8E",
};

static const char* const t2257[] = {
    "\xE6\x98\x8E",
    "\xE5\x88\xB8",
    "\xE4\xB9\xA6",
    "\xE5\xAE\x9E",
    "\xE6\x8D\xAE",
    "\xE8\xA7\x81",
    "\xE5\x88\xB8\xE6\x8A\xA5",
    "\xE4\xBB\xB6",
    "\xE4\xBA\xBA",
};

static const char* const t2258[] = {
    "\xE4\xBB\xB7",
    "\xE8\xAE\xBA",
    "\xE4\xB8\xBA",
    "\xE4\xBC\xB0",
    "\xE9\x80\x89",
    "\xE5\xAE\xA1",
    "\xE5\xAE\x9A",
    "\xE5\x88\xA4",
    "\xE7\xBA\xA7",
    "\xE8\xAE\xAE",
    "\xE8\xAE\xBA\xE5\xAE\xB6",
    "\xE8\xAF\xB4",
};

static const char* const t2259[] = {
    "\xE5\x92\x92",
};

static const char* const t2260[] = {
    "\xE5\x88\xAB",
    "\xE5\xAD\x97",
    "\xE7\xA0\xB4",
};

static const char* const t2261[] = {
    "\xE9\xAA\x97",
};

static const char* const t2262[] = {
    "\xE8\xAE\xBC",
    "\xE8\xAF\xB4",
};

static const char* const t2263[] = {
    "\xE6\x96\xAD",
    "\xE6\xB2\xBB",
};

static const char* const t2264[] = {
    "\xE6\x9D\xA1",
    "\xE5\x85\xB8",
    "\xE6\xB1\x87",
    "\xE8\xAF\xAD",
};

static const char* const t2265[] = {
    "\xE4\xB9\xA6",
    "\xE4\xBB\xA4",
};

static const char* const t2266[] = {
    "\xE6\x88\x90",
    "\xE6\x9C\xAC",
    "\xE6\x96\x87",
};

static const char* const t2267[] = {
    "\xE9\xAA\x8C",
    "\xE5\x9B\xBE",
    "\xE7\x82\xB9",
    "\xE8\xAF\x95",
    "\xE9\xA2\x98",
    "\xE7\x94\xA8",
    "\xE6\x8E\xA2",
    "\xE5\x8D\xB7",
    "\xE9\xA3\x9E",
    "\xE7\xAE\xA1",
    "\xE8\xA1\x8C",
    "\xE5\x89\x82",
    "\xE5\xB0\x84",
    "\xE7\x94\xA8\xE6\x9C\x9F",
    "\xE5\x88\xB6",
};

static const char* const t2268[] = {
    "\xE4\xBA\xBA",
    "\xE6\xAD\x8C",
    "\xE6\x96\x87",
    "\xE7\xAF\x87",
    "\xE9\x9B\x86",
    "\xE8\xAF\x8D",
    "\xE5\x8F\xA5",
    "\xE7\xBB\x8F",
    "\xE6\x84\x8F",
    "\xE4\xBD\x9C",
};

static const char* const t2269[] = {
    "\xE4\xBF\xA1",
    "\xE6\x84\x8F",
    "\xE6\x81\xB3",
    "\xE5\xAE\x9E",
    "\xE7\x84\xB6",
    "\xE5\xBF\x83",
};

static const char* const t2270[] = {
    "\xE9\xA2\x98",
    "\xE5\x89\xA7",
    "\xE9\x9F\xB3",
    "\xE8\xAF\xAD",
    "\xE8\xB4\xB9",
    "\xE7\xAD\x92",
};

static const char* const t2271[] = {
    "\xE7\x94\x9F",
    "\xE8\xBE\xB0",
};

static const char* const t2272[] = {
    "\xE5\xBC\x82",
    "\xE8\xAE\xA1",
};

static const char* const t2273[] = {
    "\xE9\x97\xAE",
};

static const char* const t2274[] = {
    "\xE5\xB8\x82",
    "\xE4\xB9\xA6",
    "\xE6\xA0\xA1",
    "\xE5\xBD\x93",
    "\xE6\x98\xAF",
    "\xE8\xBD\xA6",
    "\xE6\x9C\xBA",
    "\xE5\x9B\xBD",
    "\xE9\xA1\xB9",
    "\xE7\xA7\x91",
    "\xE9\x99\xA2",
    "\xE5\x85\x9A",
    "\xE8\xA1\x8C",
    "\xE5\xA4\x84",
};

static const char* const t2275[] = {
    "\xE7\xBB\x86",
    "\xE6\x83\x85",
    "\xE5\xB0\xBD",
    "\xE8\xA7\x81",
};

static const char* const t2276[] = {
    "\xE5\xBC\x82",
};

static const char* const t2277[] = {
    "\xE9\x99\xB7",
};

static const char* const t2278[] = {
    "\xE8\xA8\x80",
    "\xE6\xB0\x94",
    "\xE9\x9F\xB3",
    "\xE6\x96\x87",
    "\xE6\xB3\x95",
    "\xE6\x97\x8F",
    "\xE7\xB3\xBB",
    "\xE8\xA8\x80\xE5\xAD\xA6",
    "\xE7\xA7\x8D",
    "\xE5\x8F\xA5",
    "\xE8\xB0\x83",
};

static const char* const t2279[] = {
    "\xE8\xA7\xA3",
    "\xE4\xBC\x9A",
    "\xE5\xB7\xAE",
    "\xE5\x8C\xBA",
    "\xE5\xAF\xBC\xE6\x80\xA7",
};

static const char* const t2280[] = {
    "\xE6\x83\x91",
    "\xE5\x8F\x91",
    "\xE5\xAF\xBC",
    "\xE4\xBA\xBA",
};

static const char* const t2281[] = {
    "\xE9\x81\x93",
    "\xE8\xAF\x9D",
    "\xE6\x98\x8E",
    "\xE6\xB3\x95",
    "\xE5\xAE\x8C",
    "\xE5\x87\xBA",
    "\xE4\xB8\x8D\xE5\xAE\x9A",
    "\xE8\xB5\xB7",
    "\xE6\x9D\xA5",
    "\xE6\x9C\x8D",
    "\xE5\xAE\x9E\xE8\xAF\x9D",
    "\xE5\xA5\xBD",
    "\xE6\x98\x8E\xE4\xB9\xA6",
    "\xE4\xB8\x8D\xE6\xB8\x85",
    "\xE5\x88\xB0\xE5\xBA\x95",
    "\xE9\x94\x99",
    "\xE4\xB8\x8D\xE5\xBE\x97",
    "\xE4\xBA\x86\xE7\xAE\x97",
    "\xE8\xB0\x8E",
};

static const char* const t2282[] = {
    "\xE6\xB1\x82",
    "\xE6\x84\xBF",
    "\xE6\x95\x99",
    "\xE9\x97\xAE",
    "\xE5\xAE\x89",
    "\xE6\x9D\xA5",
    "\xE7\xA4\xBA",
    "\xE5\xAE\xA2",
    "\xE5\x81\x87",
};

static const char* const t2283[] = {
    "\xE8\x91\x9B\xE4\xBA\xAE",
    "\xE5\xA4\x9A",
    "\xE5\xA6\x82",
    "\xE4\xBE\xAF",
    "\xE4\xBD\x8D",
    "\xE5\x9B\xBD",
    "\xE5\xB7\x9E",
    "\xE8\x88\xAC",
    "\xE4\xBA\x8B",
};

static const char* const t2284[] = {
    "\xE5\x9F\xBA\xE4\xBA\x9A",
    "\xE8\xA8\x80",
    "\xE8\xB4\x9D\xE5\xB0\x94",
};

static const char* const t2285[] = {
    "\xE8\x80\x85",
    "\xE4\xB9\xA6",
    "\xE4\xB9\xA6\xE4\xBA\xBA",
    "\xE5\xAE\x8C",
    "\xE7\x89\xA9",
};

static const char* const t2286[] = {
    "\xE7\xA8\x8B",
    "\xE9\xA2\x98",
    "\xE5\xA0\x82",
    "\xE7\x9B\xAE",
    "\xE6\x9C\xAC",
};

static const char* const t2287[] = {
    "\xE7\x9F\xA5",
    "\xE5\xAE\xB6",
};

static const char* const t2288[] = {
    "\xE6\x95\xB4",
    "\xE6\x9F\xA5",
    "\xE8\x8A\x82",
    "\xE5\x8A\xA8",
    "\xE6\x8E\xA7",
    "\xE8\xA7\xA3",
    "\xE5\x92\x8C",
    "\xE7\xA0\x94",
    "\xE5\x89\x82",
    "\xE5\x88\xB6",
    "\xE5\x85\xB3\xE9\x95\x87",
    "\xE9\x9B\x86",
    "\xE5\xBA\xA6",
    "\xE5\x91\xB3",
    "\xE7\x94\xA8",
    "\xE9\x81\xA3",
    "\xE8\x93\x84",
    "\xE7\x9A\xAE",
    "\xE5\x91\xB3\xE5\x93\x81\xE5\x8E\x82",
    "\xE6\x9D\xA5",
    "\xE9\x85\x8D",
};

static const char* const t2289[] = {
    "\xE8\xA7\xA3",
};

static const char* const t2290[] = {
    "\xE5\x88\xA4",
    "\xE8\xAF\x9D",
    "\xE5\x88\xB0",
    "\xE8\xAE\xBA",
    "\xE8\xB0\x88",
    "\xE8\xB5\xB7",
    "\xE4\xB8\x8D\xE4\xB8\x8A",
    "\xE4\xBD\x95\xE5\xAE\xB9\xE6\x98\x93",
};

static const char* const t2291[] = {
    "\xE6\xB1\x82",
    "\xE7\x94\x9F",
    "\xE6\x9D\x80",
    "\xE5\x8F\x8D",
    "\xE5\x88\x92",
    "\xE7\x95\xA5",
    "\xE5\xA3\xAB",
};

static const char* const t2292[] = {
    "\xE5\xAE\xB6\xE7\x9F\xB6",
};

static const char* const t2293[] = {
    "\xE8\xA8\x80",
};

static const char* const t2294[] = {
    "\xE6\x97\xA8",
};

static const char* const t2295[] = {
    "\xE8\xAF\xAD",
};

static const char* const t2296[] = {
    "\xE8\xB0\xA2",
    "\xE6\x81\xA9",
    "\xE5\xAE\xB6",
    "\xE7\x83\x9F\xE5\xAE\xA2",
    "\xE5\xAF\x8C\xE6\xB2\xBB",
    "\xE7\x9A\x87\xE6\x81\xA9",
    "\xE4\xBC\x8F\xE7\x9E\xBB",
    "\xE4\xBD\x91\xE5\x8D\xBF",
    "\xE4\xB8\xB9\xE9\x98\xB3",
    "\xE6\x9D\x8F\xE8\x8A\xB3",
    "\xE8\x8B\xA5\xE8\x90\x8D",
};

static const char* const t2297[] = {
    "\xE8\xA8\x80",
};

static const char* const t2298[] = {
    "\xE8\x99\x9A",
    "\xE9\x80\x8A",
};

static const char* const t2299[] = {
    "\xE6\x85\x8E",
};

static const char* const t2300[] = {
    "\xE8\xAF\xAF",
};

static const char* const t2301[] = {
    "\xE5\x97\xA3\xE5\x90\x8C",
    "\xE5\xAE\xB6",
    "\xE5\x85\x83\xE6\x98\xA5",
    "\xE5\xAE\xB6\xE6\xB8\x8A",
    "\xE5\xAD\x90\xE6\x8B\x90",
    "\xE5\xAE\xB6\xE6\xB4\xB2",
};

static const char* const t2302[] = {
    "\xE8\xB4\xA3",
};

static const char* const t2303[] = {
    "\xE5\x9C\xB0",
    "\xE7\x89\xA9",
    "\xE5\xAD\x90",
    "\xE5\x85\xAD\xE4\xBB\x99",
    "\xE5\xBA\x95",
    "\xE5\x9F\x8E\xE5\x8E\xBF",
    "\xE5\xBB\xBA\xE8\x8A\xAC",
    "\xE5\x9F\x8E",
    "\xE4\xB8\xBB",
};

static const char* const t2304[] = {
    "\xE8\x85\x90",
    "\xE7\xB1\xBB",
};

static const char* const t2305[] = {
    "\xE8\xB1\x86",
};

static const char* const t2306[] = {
    "\xE5\xBE\x81",
    "\xE6\x98\xAF",
    "\xE7\x89\x99",
    "\xE5\xB1\xB1",
};

static const char* const t2307[] = {
    "\xE5\x8D\x8E",
    "\xE6\x9D\xB0",
    "\xE5\xBC\xBA",
    "\xE8\xBF\x88",
};

static const char* const t2308[] = {
    "\xE8\xA5\xBF\xE5\x8D\x97",
};

static const char* const t2309[] = {
    "\xE5\xAD\x90",
};

static const char* const t2310[] = {
    "\xE5\xB0\x94",
    "\xE6\xAF\x8D",
    "\xE5\xA3\xB3",
    "\xE6\xB5\xB7\xE7\x9F\xB3",
    "\xE5\x8B\x92",
    "\xE7\xB1\xBB",
};

static const char* const t2311[] = {
    "\xE8\xA7\x82",
};

static const char* const t2312[] = {
    "\xE8\xB4\xA3",
    "\xE8\xB4\xA3\xE4\xBA\xBA",
    "\xE6\x8B\x85",
    "\xE8\xB4\xA3\xE5\x88\xB6",
    "\xE9\x9D\xA2",
    "\xE6\x9C\x89",
    "\xE5\x80\xBA",
    "\xE8\x8D\xB7",
    "\xE4\xBC\xA4",
    "\xE9\x87\x8D",
};

static const char* const t2313[] = {
    "\xE7\x8C\xAE",
    "\xE7\x8C\xAE\xE8\x80\x85",
    "\xE5\x93\x81",
    "\xE8\x8C\xB6",
    "\xE5\xA3\xAB",
};

static const char* const t2314[] = {
    "\xE4\xBA\xA7",
    "\xE6\x94\xBF",
    "\xE5\xAF\x8C",
    "\xE5\x8A\xA1",
    "\xE7\x89\xA9",
    "\xE7\xBB\x8F",
    "\xE5\x8A\x9B",
    "\xE5\xB9\xB4",
    "\xE6\x94\xBF\xE9\x83\xA8",
    "\xE7\xA8\x8E",
    "\xE5\x9B\xA2",
    "\xE4\xB8\xBB",
};

static const char* const t2315[] = {
    "\xE4\xBB\xBB",
    "\xE5\xA4\x87",
    "\xE4\xBB\xBB\xE6\x84\x9F",
    "\xE4\xBB\xBB\xE5\x88\xB6",
    "\xE6\x88\x90",
    "\xE4\xBB\xA4",
    "\xE6\x80\xAA",
    "\xE9\x9A\xBE",
};

static const char* const t2316[] = {
    "\xE8\x89\xAF",
    "\xE5\xBC\x9F",
};

static const char* const t2317[] = {
    "\xE5\x9D\x8F",
    "\xE4\xBB\x97",
};

static const char* const t2318[] = {
    "\xE6\x88\xB7",
    "\xE7\x9B\xAE",
};

static const char* const t2319[] = {
    "\xE5\xB8\x81",
    "\xE7\x89\xA9",
    "\xE5\xB8\x81\xE8\xB5\x84\xE6\x9C\xAC",
    "\xE8\xBF\x90",
};

static const char* const t2320[] = {
    "\xE9\x87\x8F",
    "\xE5\x9C\xB0",
    "\xE7\x96\x91",
    "\xE8\xAF\xA2",
    "\xE5\xAD\x90",
    "\xE6\x84\x9F",
    "\xE7\x82\xB9",
    "\xE6\x9C\xB4",
    "\xE9\x97\xAE",
};

static const char* const t2321[] = {
    "\xE5\x8D\x96",
};

static const char* const t2322[] = {
    "\xE6\xB1\xA1",
    "\xE5\xA9\xAA",
    "\xE5\xAE\x98",
    "\xE5\x9B\xBE",
};

static const char* const t2323[] = {
    "\xE5\x9B\xB0",
    "\xE8\x8B\xA6",
    "\xE7\xA9\xB7",
    "\xE6\xB0\x91",
    "\xE5\xAF\x8C",
    "\xE8\xA1\x80",
    "\xE5\xAF\x92",
    "\xE9\x81\x93",
    "\xE4\xB9\x8F",
    "\xE5\x83\xA7",
};

static const char* const t2324[] = {
    "\xE5\x80\xBC",
};

static const char* const t2325[] = {
    "\xE4\xB9\xB0",
    "\xE7\x89\xA9",
    "\xE7\xBD\xAE",
    "\xE6\x88\xBF",
};

static const char* const t2326[] = {
    "\xE8\x97\x8F",
    "\xE5\xAD\x98",
};

static const char* const t2327[] = {
    "\xE5\xBD\xBB",
    "\xE9\x80\x9A",
    "\xE7\xA9\xBF",
};

static const char* const t2328[] = {
    "\xE4\xBA\xBA",
};

static const char* const t2329[] = {
    "\xE9\x87\x91",
    "\xE7\x9D\x80",
    "\xE8\xBA\xAB",
    "\xE8\xBF\x91",
    "\xE7\x8E\xB0",
};

static const char* const t2330[] = {
    "\xE6\x97\x8F",
    "\xE5\xB7\x9E",
    "\xE5\xA6\x83",
    "\xE5\xAE\xBE",
    "\xE4\xBA\xBA",
    "\xE9\x98\xB3",
    "\xE9\x87\x8D",
    "\xE5\xB7\x9E\xE7\x9C\x81",
    "\xE9\x87\x91\xE5\xB1\x9E",
};

static const char* const t2331[] = {
    "\xE6\xAC\xBE",
};

static const char* const t2332[] = {
    "\xE6\x98\x93",
    "\xE7\x84\xB6",
};

static const char* const t2333[] = {
    "\xE7\x94\xA8",
    "\xE5\x8A\x9B",
    "\xE8\x83\x9C\xE6\xBD\xAE",
    "\xE6\x97\xB6",
};

static const char* const t2334[] = {
    "\xE4\xB8\x80\xE8\xAF\x9A",
    "\xE7\x82\xB3\xE7\x82\x8E",
    "\xE9\xBE\x99\xE6\x9D\xA5",
    "\xE4\xBA\xBA\xE9\xBE\x99",
    "\xE9\xBE\x99",
};

static const char* const t2335[] = {
    "\xE4\xBA\xBA",
};

static const char* const t2336[] = {
    "\xE5\xBF\x97\xE6\x9D\xB0",
    "\xE6\x9C\x9D\xE8\xBD\xA9",
    "\xE4\xBA\xA6\xE6\x96\x8C",
};

static const char* const t2337[] = {
    "\xE8\xB5\x82",
};

static const char* const t2338[] = {
    "\xE6\xBA\x90",
    "\xE6\x9C\xAC",
    "\xE6\x96\x99",
    "\xE9\x87\x91",
    "\xE6\x9C\xAC\xE4\xB8\xBB\xE4\xB9\x89",
    "\xE4\xBA\xA7\xE9\x98\xB6\xE7\xBA\xA7",
    "\xE6\xA0\xBC",
    "\xE4\xBA\xA7",
    "\xE6\x9C\xAC\xE5\xAE\xB6",
    "\xE5\x8A\xA9",
    "\xE8\xB4\xB9",
    "\xE8\xAE\xAF",
    "\xE6\xB7\xB1",
    "\xE8\xB4\xA2",
    "\xE8\xB4\xA8",
    "\xE5\x8E\x86",
    "\xE6\xBA\x90\xE7\xAE\xA1\xE7\x90\x86",
};

static const char* const t2339[] = {
    "\xE4\xBA\x88",
    "\xE7\xA8\x8E",
    "\xE5\xBD\xB9",
};

static const char* const t2340[] = {
    "\xE5\x8D\x9A",
    "\xE5\x9C\xBA",
    "\xE6\xB0\x94",
};

static const char* const t2341[] = {
    "\xE8\xB5\x90",
    "\xE8\xAF\x86",
    "\xE5\xBF\x83",
};

static const char* const t2342[] = {
    "\xE4\xBA\x88",
};

static const char* const t2343[] = {
    "\xE5\x81\xBF",
    "\xE6\xAC\xBE",
};

static const char* const t2344[] = {
    "\xE4\xBB\xA5",
};

static const char* const t2345[] = {
    "\xE9\x92\xB1",
};

static const char* const t2346[] = {
    "\xE5\xAD\xA3",
    "\xE4\xBA\x8B",
    "\xE5\x90\x8E",
    "\xE5\x9C\xBA",
    "\xE5\x89\x8D",
};

static const char* const t2347[] = {
    "\xE6\x88\x90",
    "\xE5\x90\x8C",
    "\xE6\x89\xAC",
    "\xE8\xB5\x8F",
    "\xE5\x8F\xB9",
    "\xE7\xBE\x8E",
    "\xE5\x8A\xA9",
    "\xE8\xAA\x89",
};

static const char* const t2348[] = {
    "\xE9\x80\x81",
};

static const char* const t2349[] = {
    "\xE5\xBE\x97",
    "\xE5\x88\xA9",
};

static const char* const t2350[] = {
    "\xE5\xA3\x81",
    "\xE9\x81\x93",
    "\xE5\xAD\x97",
    "\xE5\xA3\x81\xE5\xB8\x82",
    "\xE6\x89\x8B\xE7\xA9\xBA\xE6\x8B\xB3",
};

static const char* const t2351[] = {
    "\xE7\x84\xB6",
    "\xE9\xB2\x81\xE6\x99\x93\xE5\xA4\xAB",
};

static const char* const t2352[] = {
    "\xE5\x90\x91",
    "\xE5\x87\xBA",
    "\xE8\xBF\x9B",
    "\xE4\xB8\x8A",
    "\xE6\x9D\xA5",
    "\xE8\xBF\x91",
    "\xE5\xBB\x8A",
    "\xE7\xA7\x81",
    "\xE8\xBF\x87",
    "\xE8\xB7\xAF",
    "\xE9\xA9\xAC\xE5\xB2\xAD",
    "\xE5\x8A\xBF",
    "\xE8\xAE\xBF",
    "\xE7\x8B\x97",
    "\xE8\xB5\xB0",
    "\xE5\x85\xA5",
    "\xE5\xBC\x80",
    "\xE5\x85\xBD",
    "\xE5\x8A\xA8",
};

static const char* const t2353[] = {
    "\xE5\xBF\x97\xE6\x95\xAC",
    "\xE5\xAF\x84\xE5\xAE\xA2",
    "\xE5\xA4\xA7\xE6\x98\x8E",
    "\xE5\xAE\xB6",
    "\xE5\xAE\x8F\xE5\xA3\xB0",
    "\xE5\x8D\x8A\xE5\xB1\xB1",
    "\xE5\x8F\xAF\xE9\x93\xAD",
    "\xE5\xAE\xB6\xE6\x9D\xA1",
    "\xE5\xAE\xB6\xE6\xB9\xBE",
    "\xE9\x92\x9F\xE6\xB3\x89",
    "\xE4\xBA\x91",
    "\xE4\xB8\x80\xE8\x8D\xBB",
};

static const char* const t2354[] = {
    "\xE5\xBF\xAB",
    "\xE7\xB4\xA7",
    "\xE5\x88\xB0",
    "\xE6\x9D\xA5",
    "\xE4\xB8\x8A",
    "\xE5\x9B\x9E",
    "\xE5\xBF\x99",
    "\xE7\x9D\x80",
    "\xE8\xB5\xB0",
    "\xE8\xB7\xAF",
    "\xE5\xBE\x80",
};

static const char* const t2355[] = {
    "\xE6\x9D\xA5",
    "\xE4\xB9\x89",
    "\xE8\xBA\xAB",
    "\xE6\xBA\x90",
    "\xE5\x88\xB0",
    "\xE7\x82\xB9",
    "\xE4\xB9\x89\xE5\x86\x9B",
    "\xE4\xBC\x8F",
    "\xE9\xA3\x9E",
    "\xE5\x88\x9D",
    "\xE8\x8D\x89",
    "\xE5\x85\xB5",
    "\xE7\xA0\x81",
    "\xE5\xBA\x8A",
    "\xE8\xAF\x89",
    "\xE6\xAD\xA5",
    "\xE7\x81\xAB",
    "\xE5\x9B\xA0",
    "\xE9\x99\x8D",
    "\xE5\x85\x88",
    "\xE5\xA7\x8B",
    "\xE5\xB1\x85",
    "\xE7\x94\xA8",
};

static const char* const t2356[] = {
    "\xE6\x9C\xBA",
    "\xE7\x9D\x80",
};

static const char* const t2357[] = {
    "\xE8\xBF\x87",
    "\xE8\xB6\x8A",
    "\xE5\x87\xBA",
    "\xE7\xBA\xA7",
    "\xE5\xB8\x82",
    "\xE5\xAF\xBC",
    "\xE5\x89\x8D",
    "\xE9\xA2\x9D",
    "\xE9\x9F\xB3\xE9\x80\x9F",
    "\xE5\xA3\xB0",
    "\xE7\xBE\xA4",
    "\xE6\xA0\x87",
    "\xE9\xA2\x9D\xE5\x88\xA9\xE6\xB6\xA6",
};

static const char* const t2358[] = {
    "\xE6\x9D\xA5\xE8\xB6\x8A",
    "\xE6\x98\xAF",
    "\xE5\x8D\x97",
    "\xE5\x8F\x91",
    "\xE5\x9B\xBD",
    "\xE7\x8E\x8B\xE5\x8B\xBE",
    "\xE5\x86\xAC",
    "\xE9\x87\x8E",
};

static const char* const t2359[] = {
    "\xE5\x8A\xBF",
    "\xE5\x90\x91",
    "\xE4\xBA\x8E",
};

static const char* const t2360[] = {
    "\xE5\x91\xB3",
};

static const char* const t2361[] = {
    "\xE5\xA4\x9F",
    "\xE7\x90\x83",
    "\xE4\xBB\xA5",
    "\xE5\x8D\x8F",
    "\xE8\xBF\xB9",
    "\xE8\xB6\xB3",
    "\xE4\xB8\x8B",
    "\xE8\xA7\x81",
};

static const char* const t2362[] = {
    "\xE5\x9C\xA8",
};

static const char* const t2363[] = {
    "\xE8\xB5\xB7",
    "\xE4\xB8\x8A",
    "\xE5\x87\xBA",
    "\xE5\x85\xA5",
};

static const char* const t2364[] = {
    "\xE5\x80\x92",
    "\xE8\x90\xBD",
};

static const char* const t2365[] = {
    "\xE9\x81\x93",
};

static const char* const t2366[] = {
    "\xE7\xA6\xBB",
};

static const char* const t2367[] = {
    "\xE9\x9A\x8F",
    "\xE8\xB8\xAA",
    "\xE7\x9D\x80",
    "\xE5\x89\x8D",
    "\xE4\xB8\x8A",
    "\xE8\xBF\x9B",
};

static const char* const t2368[] = {
    "\xE5\xBA\xA6",
    "\xE8\xB6\x8A",
    "\xE5\x9B\xBD\xE5\x85\xAC\xE5\x8F\xB8",
    "\xE5\x9B\xBD",
    "\xE8\xBF\x87",
};

static const char* const t2369[] = {
    "\xE4\xB8\x8B",
    "\xE5\x80\x92",
    "\xE6\x8B\x9C",
};

static const char* const t2370[] = {
    "\xE7\xBA\xBF",
    "\xE4\xB8\x8A",
    "\xE6\xA1\xA5",
    "\xE8\xBE\xB9",
    "\xE8\xBF\x87",
    "\xE9\x9D\xA2",
    "\xE5\xBE\x84",
    "\xE5\xAD\x90",
    "\xE7\x81\xAF",
    "\xE5\x8F\xA3",
    "\xE6\x97\x81",
    "\xE7\xA8\x8B",
    "\xE7\x94\xAC\xE7\xA5\xA5",
    "\xE9\x80\x94",
};

static const char* const t2371[] = {
    "\xE6\xA7\xBD",
    "\xE5\x87\xBA",
    "\xE8\xB7\x83",
    "\xE5\x8A\xA8",
    "\xE6\x8A\x95",
    "\xE8\x88\x9E",
    "\xE6\xB0\xB4",
    "\xE6\x9D\xBF",
    "\xE4\xBC\x9E",
    "\xE8\xBF\x9B",
};

static const char* const t2372[] = {
    "\xE8\xB8\x8F",
};

static const char* const t2373[] = {
    "\xE8\x84\x9A",
};

static const char* const t2374[] = {
    "\xE8\xBA\xAB",
};

static const char* const t2375[] = {
    "\xE8\xB7\x84",
};

static const char* const t2376[] = {
    "\xE8\xB7\x83",
};

static const char* const t2377[] = {
    "\xE8\xBA\x87",
};

static const char* const t2378[] = {
    "\xE4\xB8\x8A",
    "\xE5\xAE\x9E",
    "\xE8\xBF\x9B",
};

static const char* const t2379[] = {
    "\xE8\xBF\xB9",
    "\xE5\xBD\xB1",
};

static const char* const t2380[] = {
    "\xE8\xBA\x8F",
};

static const char* const t2381[] = {
    "\xE5\xAD\x90",
    "\xE5\xA3\xB0",
};

static const char* const t2382[] = {
    "\xE8\xB7\xB7",
};

static const char* const t2383[] = {
    "\xE4\xB8\x8B",
};

static const char* const t2384[] = {
    "\xE4\xB8\x8A",
    "\xE4\xBD\x93",
    "\xE5\xAD\x90",
    "\xE8\xBE\xB9",
    "\xE4\xBB\xBD",
    "\xE5\x90\x8E",
    "\xE6\x97\x81",
    "\xE6\x9D\x90",
    "\xE7\xA9\xBF",
    "\xE5\x88\x86",
    "\xE5\xBD\xB1",
    "\xE4\xB8\xBA",
    "\xE4\xBB\xBD\xE8\xAF\x81",
    "\xE7\x9D\x80",
    "\xE5\xBD\xA2",
    "\xE5\xBF\x83",
    "\xE5\x8F\x97",
    "\xE9\xAB\x98",
    "\xE8\xBA\xAF",
    "\xE6\x89\x8B",
    "\xE6\xB3\x95",
    "\xE4\xBA\xA1",
    "\xE6\x8A\xAB",
    "\xE5\xA4\x84",
    "\xE4\xB8\x96",
    "\xE4\xBB\xB7",
    "\xE9\x95\xBF",
};

static const char* const t2385[] = {
    "\xE8\xBA\xAB",
};

static const char* const t2386[] = {
    "\xE4\xBD\x93",
    "\xE5\xB9\xB2",
};

static const char* const t2387[] = {
    "\xE9\x81\xBF",
    "\xE5\xBC\x80",
    "\xE9\x97\xAA",
    "\xE8\xBF\x87",
};

static const char* const t2388[] = {
    "\xE7\xA8\x8B",
    "\xE8\xBE\x86",
    "\xE7\xAB\x99",
    "\xE4\xB8\x8A",
    "\xE7\x89\x8C",
    "\xE5\xAD\x90",
    "\xE9\x97\xB4",
    "\xE5\x8E\xA2",
    "\xE5\x9F\x8E\xE8\xA5\xBF",
    "\xE4\xBD\x93",
    "\xE8\xBA\xAB",
    "\xE9\x95\xBF",
    "\xE8\xBD\xAE",
    "\xE7\xA5\xA8",
    "\xE5\x9F\x8E",
    "\xE5\xA4\xAB",
    "\xE9\x98\x9F",
};

static const char* const t2389[] = {
    "\xE9\x81\x93",
    "\xE8\xBF\xB9",
};

static const char* const t2390[] = {
    "\xE7\x84\xB6\xE5\xA4\xA7\xE6\xB3\xA2",
};

static const char* const t2391[] = {
    "\xE7\xA7\xBB",
    "\xE5\x8C\x96",
    "\xE5\x8F\x98",
    "\xE8\xBA\xAB",
    "\xE8\xBF\x87",
    "\xE5\x90\x91",
    "\xE6\x8D\xA2",
    "\xE5\xA4\xB4",
    "\xE8\xAE\xA9",
    "\xE5\x85\xA5",
    "\xE5\x8A\xA8",
    "\xE5\x9E\x8B",
    "\xE4\xB8\xBA",
    "\xE5\xBF\xB5",
    "\xE8\xBF\x90",
    "\xE8\x80\x8C",
    "\xE5\x8F\x91",
    "\xE6\x8A\x98",
    "\xE7\x9C\xBC",
    "\xE5\xBC\xAF",
    "\xE5\xA2\x9E",
    "\xE8\xBE\xBE",
    "\xE6\x8A\x98\xE7\x82\xB9",
    "\xE6\x9C\xBA",
    "\xE6\x88\x98",
    "\xE8\xBD\xBD",
    "\xE9\x80\x9F",
    "\xE7\x9C\xBC\xE9\x97\xB4",
    "\xE6\xAD\xA3",
};

static const char* const t2392[] = {
    "\xE6\xB5\x81",
    "\xE8\x88\xB9",
    "\xE7\x95\xAA",
    "\xE5\xBB\x93",
    "\xE5\x9B\x9E",
    "\xE8\x83\x8E",
    "\xE5\xBC\x8F",
    "\xE6\x8D\xA2",
    "\xE5\xAD\x90",
};

static const char* const t2393[] = {
    "\xE4\xBB\xB6",
    "\xE5\xBC\xB1",
    "\xE4\xBB\xB6\xE5\xB7\xA5\xE7\xA8\x8B",
    "\xE4\xBB\xB6\xE5\x9B\xAD",
};

static const char* const t2394[] = {
    "\xE7\x82\xB8\xE6\x9C\xBA",
    "\xE7\x82\xB8",
    "\xE5\x8A\xA8",
    "\xE8\xBD\xB0\xE7\x83\x88\xE7\x83\x88",
    "\xE5\x87\xBB",
    "\xE7\x84\xB6",
};

static const char* const t2395[] = {
    "\xE7\x93\xA6",
};

static const char* const t2396[] = {
    "\xE8\xBD\xBB",
    "\xE6\x9D\xBE",
    "\xE6\x98\x93",
    "\xE8\xBD\xBB\xE5\x9C\xB0",
    "\xE5\xB7\xA5\xE4\xB8\x9A",
    "\xE5\xB7\xA5",
    "\xE5\x9E\x8B",
    "\xE5\xA3\xB0",
    "\xE5\xBE\xAE",
    "\xE8\xA7\x86",
    "\xE9\x87\x8D",
    "\xE8\x94\x91",
    "\xE7\x9B\x88",
    "\xE8\xA3\x85",
    "\xE8\x96\x84",
    "\xE7\xBA\xBA",
    "\xE5\xBA\xA6",
};

static const char* const t2397[] = {
    "\xE4\xBD\x93",
    "\xE8\x8D\xB7",
    "\xE9\x87\x8D",
    "\xE5\x85\xA5",
    "\xE4\xBA\xBA",
    "\xE6\x9C\x89",
};

static const char* const t2398[] = {
    "\xE5\xAD\x90",
    "\xE8\xBD\xA6",
};

static const char* const t2399[] = {
    "\xE5\xA4\xA7",
    "\xE4\xB8\xBA",
    "\xE9\x87\x8F",
    "\xE5\xB7\xAE",
    "\xE4\xB9\x8B",
};

static const char* const t2400[] = {
    "\xE5\x8A\xA9",
    "\xE5\xAF\xBC",
    "\xE4\xBD\x90",
    "\xE5\xAF\xBC\xE7\x8F\xAD",
    "\xE6\x94\xBF",
};

static const char* const t2401[] = {
    "\xE5\x87\xBA",
    "\xE5\xAD\x90",
};

static const char* const t2402[] = {
    "\xE7\x85\x8C",
    "\xE6\x98\xA0",
};

static const char* const t2403[] = {
    "\xE5\xAD\xA6\xE7\x8E\x87",
};

static const char* const t2404[] = {
    "\xE5\xB0\x84",
    "\xE5\xB0\x84\xE9\x87\x8F",
};

static const char* const t2405[] = {
    "\xE5\x87\xBA",
    "\xE5\x85\xA5",
    "\xE9\x80\x81",
    "\xE7\x94\xB5",
    "\xE7\xBB\x99",
    "\xE8\xA1\x80",
};

static const char* const t2406[] = {
    "\xE5\x8C\xBA",
};

static const char* const t2407[] = {
    "\xE8\xBD\xAC",
};

static const char* const t2408[] = {
    "\xE4\xBA\xA5\xE9\x9D\xA9\xE5\x91\xBD",
    "\xE5\x8B\xA4",
    "\xE8\x8B\xA6",
};

static const char* const t2409[] = {
    "\xE8\xB4\x9F",
    "\xE8\x83\x9C\xE9\x98\xBB",
    "\xE9\xB8\xBF\xE9\x93\xAD",
};

static const char* const t2410[] = {
    "\xE8\x81\x8C",
    "\xE5\x8E\xBB",
};

static const char* const t2411[] = {
    "\xE9\x82\xAA",
};

static const char* const t2412[] = {
    "\xE5\x91\xB3",
    "\xE6\xA4\x92",
    "\xE6\xA4\x92\xE9\x85\xB1",
};

static const char* const t2413[] = {
    "\xE8\xAE\xA4",
    "\xE5\x88\xAB",
    "\xE8\xAF\x81",
};

static const char* const t2414[] = {
    "\xE8\xAE\xBA",
    "\xE6\x8A\xA4",
    "\xE8\xAF\x81\xE6\xB3\x95",
    "\xE8\xAF\x81",
    "\xE8\xA7\xA3",
};

static const char* const t2415[] = {
    "\xE5\xAD\x90",
};

static const char* const t2416[] = {
    "\xE7\xBC\x98",
    "\xE7\x95\x8C",
    "\xE5\xA2\x83",
    "\xE9\x98\xB2",
    "\xE5\x8C\xBA",
    "\xE4\xB8\x8A",
    "\xE7\x96\x86",
    "\xE9\x99\xB2",
    "\xE6\xB2\xBF",
    "\xE9\x99\x85",
    "\xE5\xAD\xA4\xE7\x9F\xB3",
    "\xE8\xBF\x9C",
};

static const char* const t2417[] = {
    "\xE4\xB8\x9C",
    "\xE5\xAE\x81",
    "\xE5\xAE\x81\xE7\x9C\x81",
    "\xE9\x98\x94",
    "\xE5\xAE\x81\xE9\x98\x9F",
    "\xE6\xB2\xB3",
    "\xE8\xA5\xBF",
};

static const char* const t2418[] = {
    "\xE5\x88\xB0",
    "\xE6\x88\x90",
    "\xE8\xA5\xBF",
    "\xE6\x91\xA9",
    "\xE6\xA0\x87",
    "\xE8\xB5\x96",
};

static const char* const t2419[] = {
    "\xE9\x83\xBD",
    "\xE7\xA7\xBB",
    "\xE5\xBE\x99",
    "\xE5\xB1\x85",
    "\xE5\x85\xA5",
};

static const char* const t2420[] = {
    "\xE5\x9B\x9E",
};

static const char* const t2421[] = {
    "\xE4\xBB\x8A",
    "\xE4\xBB\x8A\xE4\xB8\xBA\xE6\xAD\xA2",
};

static const char* const t2422[] = {
    "\xE9\x80\x9F",
    "\xE7\x8C\x9B",
    "\xE6\x8D\xB7",
};

static const char* const t2423[] = {
    "\xE7\xA8\x8B",
    "\xE5\x8E\xBB",
    "\xE6\x9D\xA5",
    "\xE6\xB8\xA1",
    "\xE4\xBA\x8E",
    "\xE5\x88\x86",
    "\xE5\xBA\xA6",
    "\xE5\xB9\xB4",
    "\xE6\x97\xA9",
    "\xE5\xA2\x83",
    "\xE5\x90\x8E",
    "\xE5\x89\xA9",
    "\xE5\x84\xBF",
    "\xE6\x95\x8F",
    "\xE5\xBE\x80",
    "\xE4\xBA\xBA",
    "\xE6\xBB\xA4",
    "\xE6\x97\xA5\xE5\xAD\x90",
    "\xE6\x97\xB6",
    "\xE9\x87\x8F",
    "\xE7\xA1\xAC",
    "\xE4\xB8\x8D\xE5\x8E\xBB",
    "\xE5\x85\xB3",
    "\xE6\x8B\x9B",
    "\xE9\x94\x99",
    "\xE8\x8A\x82",
    "\xE6\xB2\xB3",
    "\xE5\xA4\xB1",
    "\xE9\x95\xBF",
    "\xE7\x9B\xAE",
    "\xE9\x97\xAE",
    "\xE5\xA4\x9C",
    "\xE4\xB8\x8A",
    "\xE9\x87\x8D",
    "\xE6\x84\x8F\xE4\xB8\x8D\xE5\x8E\xBB",
};

static const char* const t2424[] = {
    "\xE8\xBF\x9B",
    "\xE5\x87\xBA",
};

static const char* const t2425[] = {
    "\xE6\x8E\xA5",
    "\xE6\x9D\xA5",
    "\xE9\x9D\xA2",
    "\xE5\xAE\xBE",
    "\xE6\x88\x98",
    "\xE5\xA8\xB6",
    "\xE5\x90\x88",
    "\xE9\xA3\x8E",
    "\xE6\x98\xA5",
};

static const char* const t2426[] = {
    "\xE5\x8A\xA8",
    "\xE8\xBE\x93",
    "\xE7\x94\xA8",
    "\xE8\xA1\x8C",
    "\xE5\x8A\xA8\xE5\x91\x98",
    "\xE4\xBD\x9C",
    "\xE6\xB2\xB3",
    "\xE6\xB0\x94",
    "\xE8\x90\xA5",
    "\xE8\x90\xA5\xE5\x95\x86",
    "\xE7\xAE\x97",
    "\xE8\xBD\xAC",
    "\xE9\x80\x81",
    "\xE8\xBE\x93\xE6\x9C\xBA",
    "\xE5\x8A\x9B",
    "\xE5\x8A\xA8\xE4\xBC\x9A",
    "\xE8\xBD\xBD",
    "\xE8\xBE\x93\xE9\x87\x8F",
    "\xE5\x88\xB0",
    "\xE8\xBE\x93\xE7\xBA\xBF",
    "\xE5\xBE\x80",
    "\xE8\xBD\xBD\xE7\x81\xAB\xE7\xAE\xAD",
};

static const char* const t2427[] = {
    "\xE5\xB9\xB4\xE6\x9D\xA5",
    "\xE4\xBB\xA3",
    "\xE6\x97\xA5",
    "\xE6\x9D\xA5",
    "\xE6\x9C\x9F",
    "\xE4\xBC\xBC",
    "\xE5\xB9\xB4",
    "\xE4\xB9\x8E",
    "\xE6\xB5\xB7",
    "\xE4\xBB\xA3\xE5\x8F\xB2",
    "\xE5\xA4\x84",
    "\xE7\x8E\xB0\xE4\xBB\xA3",
    "\xE9\x83\x8A",
    "\xE5\x9C\xA8\xE5\x92\xAB\xE5\xB0\xBA",
    "\xE5\x89\x8D",
    "\xE4\xBA\x9B\xE5\xB9\xB4",
    "\xE5\x86\xB5",
    "\xE7\xA8\x8B",
};

static const char* const t2428[] = {
    "\xE5\x9B\x9E",
};

static const char* const t2429[] = {
    "\xE6\x9C\x89",
    "\xE6\x98\xAF",
    "\xE8\xA6\x81",
    "\xE5\x8E\x9F",
    "\xE5\xA5\xBD",
    "\xE7\xBB\x99",
    "\xE5\x87\xBB",
};

static const char* const t2430[] = {
    "\xE4\xB8\xAA",
    "\xE6\xA0\xB7",
    "\xE4\xBA\x9B",
    "\xE7\xA7\x8D",
    "\xE9\x87\x8C",
    "\xE4\xB9\x88",
    "\xE6\x97\xB6",
    "\xE6\xAC\xA1",
    "\xE4\xBD\x8D",
    "\xE4\xBB\xB6",
    "\xE5\x84\xBF",
    "\xE5\x9C\xBA",
    "\xE8\x88\xAC",
    "\xE8\xAF\x9D",
    "\xE6\x97\xB6\xE5\x80\x99",
    "\xE6\x96\xB9\xE9\x9D\xA2",
    "\xE9\xA1\xB9",
    "\xE4\xBB\xBD",
    "\xE5\xA4\xA9",
    "\xE9\x83\xA8",
    "\xE4\xBC\x9A\xE5\x84\xBF",
    "\xE5\x9D\x97",
    "\xE5\xAE\xB6",
    "\xE8\xBE\xB9",
    "\xE7\x82\xB9",
    "\xE4\xB8\x80\xE4\xB8\x8B",
    "\xE5\x9B\x9E",
    "\xE7\xAC\x94",
    "\xE9\x83\xA8\xE5\x88\x86",
    "\xE6\xA0\xB7\xE4\xB8\x80\xE6\x9D\xA5",
    "\xE6\x9C\xAC",
    "\xE6\xA0\xB7\xE7\x9A\x84\xE8\xAF\x9D",
    "\xE5\xB8\xAE",
    "\xE5\xB0\xB1\xE6\x98\xAF\xE8\xAF\xB4",
    "\xE4\xB8\x80\xE6\x9D\xA5",
    "\xE4\xBC\x99",
};

static const char* const t2431[] = {
    "\xE8\xA1\x8C",
    "\xE5\x85\xA5",
    "\xE4\xB8\x80\xE6\xAD\xA5",
    "\xE6\x94\xBB",
    "\xE6\x9D\xA5",
    "\xE6\xAD\xA5",
    "\xE5\x8E\xBB",
    "\xE5\x8F\xA3",
    "\xE7\xA8\x8B",
    "\xE5\xA3\xAB",
    "\xE5\xB1\x95",
    "\xE5\x9F\x8E",
    "\xE8\x80\x8C",
    "\xE5\x8C\x96",
    "\xE5\x86\x9B",
    "\xE7\x90\x83",
    "\xE5\x87\xBA",
    "\xE5\x87\xBA\xE5\x8F\xA3",
    "\xE6\xB7\xB1",
    "\xE9\x97\xA8",
    "\xE5\xAE\xAB",
    "\xE9\xA9\xBB",
    "\xE4\xBA\xAC",
    "\xE5\x8F\x91",
    "\xE5\x85\xB5",
    "\xE4\xBF\xAE",
    "\xE5\xB1\x8B",
    "\xE5\xBA\xA6",
    "\xE8\xA1\x8C\xE6\x9B\xB2",
    "\xE5\x8F\x96",
    "\xE7\x8A\xAF",
    "\xE9\xA3\x9F",
    "\xE5\xB1\xB1",
    "\xE9\x80\x80",
    "\xE5\x8C\x96\xE8\xAE\xBA",
    "\xE9\x80\xBC",
};

static const char* const t2432[] = {
    "\xE8\xBF\x9C",
    "\xE5\xA4\x84",
    "\xE7\xA8\x8B",
    "\xE7\xA6\xBB",
    "\xE5\xAE\x89",
    "\xE9\x94\x80",
    "\xE5\xBE\x81",
    "\xE4\xB8\x9C",
    "\xE8\xBF\x9C\xE5\x9C\xB0",
    "\xE5\x8E\xBB",
    "\xE6\x96\xB9",
    "\xE6\xB4\x8B",
    "\xE8\xBF\x91",
    "\xE5\x8F\xA4",
    "\xE8\xB7\x9D\xE7\xA6\xBB",
    "\xE7\x9C\xBA",
    "\xE5\xAE\x89\xE5\x8E\xBF",
};

static const char* const t2433[] = {
    "\xE5\x8F\x8D",
    "\xE6\xB3\x95",
    "\xE8\x83\x8C",
    "\xE8\xA7\x84",
    "\xE7\xBA\xAA",
    "\xE8\x80\x85",
    "\xE6\x8A\x97",
};

static const char* const t2434[] = {
    "\xE7\xBB\xAD",
    "\xE6\x8E\xA5",
    "\xE5\xBF\x99",
    "\xE8\xBF\x9E",
    "\xE5\x90\x8C",
    "\xE5\xA4\x9C",
    "\xE5\xA3\xB0",
    "\xE9\x95\xBF",
    "\xE9\x94\x81",
    "\xE5\xB9\xB4",
    "\xE9\x98\x9F",
    "\xE6\x88\x90\xE4\xB8\x80\xE7\x89\x87",
    "\xE5\xB8\xA6",
    "\xE6\x97\xA5",
    "\xE4\xBB\xBB",
    "\xE7\x8E\xAF",
    "\xE7\xBB\xAD\xE6\x80\xA7",
    "\xE5\xBF\x83\xE6\xA1\xA5",
    "\xE7\xBB\x93",
    "\xE7\xB4\xAF",
};

static const char* const t2435[] = {
    "\xE7\x96\x91",
    "\xE6\x97\xA9",
    "\xE8\xBF\x9F",
    "\xE5\x88\xB0",
    "\xE7\xBC\x93",
    "\xE9\x92\x9D",
};

static const char* const t2436[] = {
    "\xE5\xA4\xAA\xE5\x9F\xBA",
};

static const char* const t2437[] = {
    "\xE6\x96\xAF\xE5\xB0\xBC",
};

static const char* const t2438[] = {
    "\xE4\xBD\xBF",
    "\xE5\x88\x87",
    "\xE5\xAE\xB3",
    "\xE5\x87\xBB\xE7\x82\xAE",
    "\xE4\xBA\x8E",
    "\xE4\xB8\x8D\xE5\x8F\x8A\xE5\xBE\x85",
};

static const char* const t2439[] = {
    "\xE8\xAF\xB4",
};

static const char* const t2440[] = {
    "\xE4\xBF\xA1",
    "\xE6\x81\x8B",
    "\xE6\x83\x91",
    "\xE4\xBA\xBA",
    "\xE5\xAE\xAB",
    "\xE8\xBF\xB7\xE7\xB3\x8A\xE7\xB3\x8A",
    "\xE7\xB3\x8A",
    "\xE8\x8C\xAB",
    "\xE5\xA4\xB1",
};

static const char* const t2441[] = {
    "\xE8\xB1\xA1",
};

static const char* const t2442[] = {
    "\xE6\xB1\x82",
    "\xE8\xB5\xB6",
    "\xE5\x8A\xA0",
    "\xE7\xA9\xB6",
    "\xE6\xBA\xAF",
    "\xE9\x97\xAE",
    "\xE9\x80\x90",
    "\xE5\x87\xBB",
    "\xE9\x9A\x8F",
    "\xE8\xB8\xAA",
    "\xE5\x85\xB5",
    "\xE5\xAF\xBB",
    "\xE6\x9D\x80",
};

static const char* const t2443[] = {
    "\xE5\x87\xBA",
    "\xE4\xBC\x91",
    "\xE5\xBD\xB9",
    "\xE5\x9B\x9E",
    "\xE5\x8C\x96",
    "\xE5\x8D\xB4",
    "\xE7\xBC\xA9",
    "\xE4\xBD\x8D",
    "\xE5\x90\x8E",
    "\xE5\x85\xB5",
    "\xE8\xAE\xA9",
    "\xE8\xB7\xAF",
    "\xE5\x8E\xBB",
    "\xE8\xBF\x98",
};

static const char* const t2444[] = {
    "\xE5\x88\xB0",
    "\xE7\xBB\x99",
    "\xE6\x9D\xA5",
    "\xE5\xBE\x80",
    "\xE7\xA4\xBC",
    "\xE8\xB5\xB0",
    "\xE5\x85\xA5",
    "\xE5\x9B\x9E",
    "\xE8\xA1\x8C",
    "\xE8\xBE\xBE",
};

static const char* const t2445[] = {
    "\xE5\xBA\x94",
    "\xE5\xBD\x93",
    "\xE5\x90\x88",
    "\xE7\x94\xA8",
    "\xE5\xAE\x9C",
    "\xE6\x89\x8D",
    "\xE4\xBA\x8E",
    "\xE5\xBA\x94\xE6\x80\xA7",
    "\xE6\x97\xB6",
    "\xE4\xB8\xAD",
    "\xE5\xBA\xA6",
    "\xE9\xBE\x84",
    "\xE9\x87\x8F",
};

static const char* const t2446[] = {
    "\xE8\xB5\xB0",
    "\xE8\xB7\x91",
    "\xE5\x87\xBA",
    "\xE9\x81\xBF",
    "\xE8\x84\xB1",
    "\xE4\xBA\xA1",
    "\xE5\x91\xBD",
    "\xE5\xBE\x80",
    "\xE7\x94\x9F",
    "\xE7\xA6\xBB",
    "\xE9\x9A\xBE",
};

static const char* const t2447[] = {
    "\xE8\xBD\xAC",
};

static const char* const t2448[] = {
    "\xE4\xB8\xBE",
    "\xE6\x8B\xA9",
    "\xE6\xB0\x91",
    "\xE6\x89\x8B",
    "\xE5\x87\xBA",
    "\xE6\x8B\x94",
    "\xE5\x8C\xBA",
    "\xE7\xA5\xA8",
    "\xE7\x94\xA8",
    "\xE4\xB8\xBE\xE6\x9D\x83",
    "\xE9\xA1\xB9",
    "\xE5\xAE\x9A",
    "\xE4\xBB\xBB",
    "\xE9\x9B\x86",
    "\xE5\x8F\x96",
    "\xE6\xB4\xBE",
    "\xE6\x96\x99",
    "\xE8\xB4\xAD",
    "\xE4\xB8\xBE\xE6\xB3\x95",
    "\xE4\xB8\xAD",
    "\xE6\x8B\xA9\xE6\x80\xA7",
    "\xE6\x8B\xA9\xE9\xA2\x98",
};

static const char* const t2449[] = {
    "\xE9\x81\xA5",
};

static const char* const t2450[] = {
    "\xE9\x9C\xB2",
    "\xE6\x98\x8E",
    "\xE8\xBF\x87",
    "\xE5\x87\xBA",
    "\xE6\x98\x8E\xE5\xBA\xA6",
    "\xE9\x95\x9C",
    "\xE8\xA7\x86",
};

static const char* const t2451[] = {
    "\xE6\xB8\x90",
    "\xE6\xAD\xA5",
    "\xE5\xB9\xB4",
    "\xE4\xB8\x80",
    "\xE5\x87\xBA",
};

static const char* const t2452[] = {
    "\xE5\xA2\x9E",
    "\xE7\xBB\x99",
    "\xE5\x87\x8F",
    "\xE4\xBA\xA4",
};

static const char* const t2453[] = {
    "\xE5\xBE\x84",
    "\xE4\xB8\xAD",
};

static const char* const t2454[] = {
    "\xE7\x95\x99",
};

static const char* const t2455[] = {
    "\xE8\xBF\x87",
    "\xE5\xB8\xB8",
    "\xE7\x9F\xA5",
    "\xE4\xBF\xA1",
    "\xE9\x81\x93",
    "\xE5\xBE\x80",
    "\xE7\x94\xA8",
    "\xE8\xAE\xAF",
    "\xE8\x88\xAA",
    "\xE8\xBD\xA6",
    "\xE8\xA1\x8C",
    "\xE7\xA7\xB0",
    "\xE8\xA1\xA2",
    "\xE5\x95\x86",
    "\xE7\xBA\xA2",
    "\xE6\x8A\xA5",
    "\xE5\x90\x91",
    "\xE9\xAB\x98",
    "\xE8\xBE\xBE",
    "\xE5\xA4\xA9",
    "\xE8\xAE\xAF\xE7\xA4\xBE",
    "\xE4\xBF\x97",
    "\xE8\xAF\x9D",
    "\xE8\xB4\xA7\xE8\x86\xA8\xE8\x83\x80",
    "\xE8\xAE\xAF\xE5\x91\x98",
    "\xE9\xA3\x8E",
    "\xE5\x8F\xB2",
    "\xE5\xB7\x9E",
    "\xE5\xAE\xB5",
    "\xE5\x9F\x8E",
    "\xE5\xB1\xB1\xE5\x8E\xBF",
    "\xE5\x9F\x8E\xE5\x8E\xBF",
    "\xE7\xBC\x89",
    "\xE5\x91\x8A",
    "\xE8\xB4\xA7",
    "\xE7\x9F\xA5\xE4\xB9\xA6",
};

static const char* const t2456[] = {
    "\xE4\xB8\x96",
};

static const char* const t2457[] = {
    "\xE5\xBA\xA6",
    "\xE7\x8E\x87",
};

static const char* const t2458[] = {
    "\xE6\x88\x90",
    "\xE5\x9E\x8B",
    "\xE5\x8F\x8D",
    "\xE6\x9E\x97",
    "\xE5\xB0\xB1",
    "\xE7\xBA\xB8",
    "\xE8\x88\xB9",
    "\xE8\xAF\xA3",
    "\xE4\xBB\xB7",
    "\xE5\x8C\x96",
    "\xE5\x8F\x8D\xE6\xB4\xBE",
    "\xE5\x83\x8F",
    "\xE7\xA6\x8F",
    "\xE8\x88\xB9\xE5\x8E\x82",
};

static const char* const t2459[] = {
    "\xE6\x8D\x95",
};

static const char* const t2460[] = {
    "\xE8\xBE\x91",
};

static const char* const t2461[] = {
    "\xE8\xBF\x91",
    "\xE8\xBF\xAB",
    "\xE7\x9C\x9F",
    "\xE4\xBA\xBA",
};

static const char* const t2462[] = {
    "\xE8\xA1\x8C",
};

static const char* const t2463[] = {
    "\xE5\x88\xB0",
    "\xE4\xB8\x8A",
    "\xE8\xA7\x81",
    "\xE4\xBA\x8B",
    "\xE9\x9A\xBE",
};

static const char* const t2464[] = {
    "\xE5\xB8\x83",
    "\xE5\x8F\x8A",
    "\xE5\x9C\xB0",
};

static const char* const t2465[] = {
    "\xE5\x88\xB6",
};

static const char* const t2466[] = {
    "\xE8\xB7\xAF",
    "\xE7\x90\x86",
    "\xE5\xBE\xB7",
    "\xE6\x95\x99",
    "\xE4\xBA\xBA",
    "\xE5\xA3\xAB",
    "\xE5\x85\xB7",
    "\xE9\x95\xBF",
    "\xE5\x85\x89",
    "\xE6\xAD\x89",
    "\xE5\x9C\xBA",
    "\xE5\xA7\x91",
    "\xE6\x95\x99\xE5\x8D\x8F\xE4\xBC\x9A",
    "\xE5\xAE\xB6",
    "\xE7\x89\xB9",
    "\xE8\xB0\xA2",
    "\xE4\xB9\x89",
};

static const char* const t2467[] = {
    "\xE5\x9D\x80",
    "\xE4\xBA\xA7",
    "\xE4\xBC\xA0",
    "\xE6\x86\xBE",
    "\xE8\xBF\xB9",
    "\xE7\x95\x99",
    "\xE4\xBD\x93",
    "\xE6\xBC\x8F",
    "\xE4\xBC\xA0\xE5\xAD\xA6",
    "\xE4\xB9\xA6",
    "\xE7\x89\xA9",
    "\xE5\x98\xB1",
    "\xE5\xBF\x98",
    "\xE5\xAD\x98",
    "\xE5\xBC\x83",
};

static const char* const t2468[] = {
    "\xE4\xBD\xBF",
};

static const char* const t2469[] = {
    "\xE8\xBF\x9C",
    "\xE6\x84\x9F",
    "\xE6\x8E\xA7",
    "\xE6\x9C\x9B",
};

static const char* const t2470[] = {
    "\xE5\x88\xB0",
    "\xE5\x8F\x97",
    "\xE9\x81\x87",
    "\xE9\x80\xA2",
};

static const char* const t2471[] = {
    "\xE4\xBD\x8F",
    "\xE6\x8E\xA9",
};

static const char* const t2472[] = {
    "\xE5\xAE\x88",
    "\xE5\xBE\xAA",
    "\xE7\x85\xA7",
    "\xE4\xBB\x8E",
};

static const char* const t2473[] = {
    "\xE5\x85\x8D",
    "\xE5\xBC\x80",
    "\xE6\x9A\x91",
    "\xE5\xAF\x92",
    "\xE9\x9A\xBE",
    "\xE5\xAD\x95",
    "\xE9\xA3\x8E",
};

static const char* const t2474[] = {
    "\xE8\xAF\xB7",
};

static const char* const t2475[] = {
    "\xE5\xB0\x8F\xE5\xB9\xB3",
    "\xE6\x9C\x89\xE7\xB1\xB3",
    "\xE5\xAE\xB6\xE5\xB2\xAD",
    "\xE8\x82\xAF",
};

static const char* const t2476[] = {
    "\xE4\xB8\x96\xE5\xBF\xA0",
    "\xE5\xA4\xAB\xE4\xBA\xBA",
    "\xE5\x8F\xB0",
};

static const char* const t2477[] = {
    "\xE4\xB9\x88",
    "\xE4\xBA\x9B",
    "\xE4\xB8\xAA",
    "\xE9\x87\x8C",
    "\xE6\xA0\xB7",
    "\xE6\x97\xB6",
    "\xE7\xA7\x8D",
    "\xE5\xA4\xA9",
    "\xE5\x84\xBF",
    "\xE4\xBD\x8D",
    "\xE8\xBE\xB9",
    "\xE6\x9C\xAB",
    "\xE6\x9D\xA1",
    "\xE6\x97\xA5",
    "\xE5\xB9\xB4",
    "\xE6\xAC\xA1",
    "\xE5\xA4\xA7",
    "\xE5\x8F\x8C",
    "\xE6\xAE\xB5",
    "\xE5\x9C\xBA",
    "\xE9\xA9\xAC",
    "\xE4\xBC\x9A\xE5\x84\xBF",
    "\xE6\xA0\xB9",
    "\xE8\x88\xAC",
};

static const char* const t2478[] = {
    "\xE6\x81\xB6",
};

static const char* const t2479[] = {
    "\xE6\x94\xBF",
    "\xE6\x94\xBF\xE7\xBC\x96\xE7\xA0\x81",
    "\xE7\x94\xB5",
    "\xE4\xBB\xB6",
    "\xE7\xBC\x96",
    "\xE7\xA5\xA8",
    "\xE7\xA7\x91\xE9\x99\xA2",
    "\xE5\xB1\x80",
};

static const char* const t2480[] = {
    "\xE9\x83\xB8",
};

static const char* const t2481[] = {
    "\xE4\xB8\xBD\xE5\x8D\x8E",
};

static const char* const t2482[] = {
    "\xE5\x9B\x9B\xE8\xB1\xAA",
};

static const char* const t2483[] = {
    "\xE5\xA4\xA7\xE4\xBE\xA0",
};

static const char* const t2484[] = {
    "\xE8\xBF\x9C\xE4\xB8\x9C",
    "\xE9\xAB\x98\xE9\x98\xB3",
};

static const char* const t2485[] = {
    "\xE8\xBF\x91",
    "\xE5\xB1\x85",
    "\xE5\x9B\xBD",
    "\xE9\x82\xA6",
};

static const char* const t2486[] = {
    "\xE9\x97\xB7",
};

static const char* const t2487[] = {
    "\xE5\x8C\xBA",
    "\xE5\xA4\x96",
};

static const char* const t2488[] = {
    "\xE4\xB8\xAD",
    "\xE5\x90\x9B",
};

static const char* const t2489[] = {
    "\xE5\xB7\x9E",
    "\xE9\x87\x8D",
    "\xE5\x92\x8C",
    "\xE5\x85\x8B",
    "\xE6\x88\x90\xE5\x8A\x9F",
    "\xE5\xAE\xB6",
    "\xE5\x8A\x9F\xE6\x88\x90",
    "\xE6\x9D\x8E\xE8\xBE\x89",
    "\xE8\x82\x96\xE5\xBA\x84",
    "\xE6\x99\x93\xE4\xBA\xAC",
};

static const char* const t2490[] = {
    "\xE6\x91\x87\xE6\x97\x97",
    "\xE5\xA4\xA7\xE9\x80\x9A",
};

static const char* const t2491[] = {
    "\xE4\xB8\xBB",
    "\xE5\x8E\xBF\xE5\x88\xB6",
    "\xE5\x8E\xBF",
    "\xE7\x8E\x8B",
};

static const char* const t2492[] = {
    "\xE5\xB7\x9E",
};

static const char* const t2493[] = {
    "\xE9\x98\xB3",
    "\xE5\x8E\xBF",
    "\xE8\xA5\xBF\xE5\x8E\xBF",
};

static const char* const t2494[] = {
    "\xE5\x88\x86",
    "\xE9\x97\xA8",
    "\xE9\x98\x9F",
    "\xE9\x95\xBF",
    "\xE7\xBD\xB2",
    "\xE8\x90\xBD",
    "\xE4\xBD\x8D",
    "\xE7\xB1\xBB",
    "\xE5\xB1\x9E",
    "\xE5\xA7\x94",
    "\xE4\xB8\x8B",
    "\xE4\xBB\xB6",
    "\xE6\x97\x8F",
    "\xE5\xB0\x86",
};

static const char* const t2495[] = {
    "\xE6\xA0\x91\xE8\xA8\x80",
    "\xE8\x8D\xAF\xE5\xB8\x88",
    "\xE4\xB8\xAD\xE5\xA7\x9A",
    "\xE5\x87\xA4\xE8\x8E\xB2",
    "\xE6\x8C\xAF\xE4\xB9\xBE",
    "\xE8\xB6\x85\xE4\xBA\xBA",
    "\xE9\x94\xA1\xE7\xAB\xA0",
    "\xE5\xA4\xA9\xE6\xB0\x91",
    "\xE6\x9C\x89\xE6\x98\x8E",
    "\xE6\x9F\xAF\xE5\xAE\x87",
    "\xE6\xB0\xB8\xE5\xAE\x8F",
    "\xE7\x94\x9F\xE7\xBB\x83",
    "\xE6\xB2\xAB\xE8\x8B\xA5",
};

static const char* const t2496[] = {
    "\xE7\x9D\xA3",
    "\xE5\x9F\x8E",
    "\xE5\xB8\x82",
    "\xE5\xAF\x9F\xE9\x99\xA2",
    "\xE7\x9D\xA3\xE5\xBA\x9C",
    "\xE7\xBB\x9F",
};

static const char* const t2497[] = {
    "\xE8\xA5\xBF",
    "\xE5\xB7\x9E",
    "\xE5\xB7\x9E\xE5\xB8\x82",
    "\xE4\xB8\x9C",
    "\xE5\x8D\x97",
    "\xE8\xA5\xBF\xE5\x8C\x97",
    "\xE8\xB1\xAB\xE7\x9A\x96",
    "\xE7\x9A\x96",
    "\xE8\xB1\xAB\xE9\x99\x95",
    "\xE4\xB8\x89\xE5\xB7\x9E",
    "\xE5\x9F\x8E\xE5\x8C\xBA",
    "\xE8\x8F\x9C\xE9\xB1\xBC",
};

static const char* const t2498[] = {
    "\xE8\x96\x84",
    "\xE8\xA7\x86",
    "\xE5\xA4\xB7",
};

static const char* const t2499[] = {
    "\xE9\x98\xB3\xE6\xB9\x96",
};

static const char* const t2500[] = {
    "\xE9\x95\xBF",
};

static const char* const t2501[] = {
    "\xE5\x90\x88",
    "\xE5\xA5\x97",
    "\xE7\xBD\xAE",
    "\xE5\xA4\x87",
    "\xE4\xBB\xB6",
    "\xE5\x81\xB6",
    "\xE6\x9C\x89",
    "\xE6\xAE\xBF",
    "\xE5\x88\xB6",
    "\xE8\x89\xB2",
    "\xE4\xBD\x8D",
    "\xE6\x96\xB9",
    "\xE5\xAD\x90",
};

static const char* const t2502[] = {
    "\xE5\xBA\x97",
    "\xE6\x9D\xAF",
    "\xE5\xAE\xB6",
    "\xE7\xB2\xBE",
    "\xE6\xA5\xBC",
    "\xE5\x90\xA7",
    "\xE5\xB8\xAD",
    "\xE4\xBF\x9D",
    "\xE5\xA3\xB6",
    "\xE6\xB3\x89",
};

static const char* const t2503[] = {
    "\xE9\x85\xBF",
};

static const char* const t2504[] = {
    "\xE6\xB2\xB9",
};

static const char* const t2505[] = {
    "\xE6\x80\xA7",
    "\xE9\xBA\xBB",
    "\xE8\xBD\xAF",
};

static const char* const t2506[] = {
    "\xE6\x88\x90",
    "\xE9\x85\x92",
};

static const char* const t2507[] = {
    "\xE5\x8E\x9A",
};

static const char* const t2508[] = {
    "\xE6\x9D\xA5",
    "\xE6\x82\x9F",
    "\xE7\x9B\xAE",
};

static const char* const t2509[] = {
    "\xE9\x99\xB5",
};

static const char* const t2510[] = {
    "\xE7\x94\xA8",
    "\xE5\x8F\x96",
    "\xE8\xAE\xBF",
    "\xE8\xB4\xAD",
    "\xE9\x9B\x86",
    "\xE7\xBA\xB3",
    "\xE7\x9F\xBF",
    "\xE8\x8C\xB6",
    "\xE8\x8A\xB1",
    "\xE4\xBC\x90\xE9\x87\x8F",
    "\xE6\x91\x98",
};

static const char* const t2511[] = {
    "\xE6\x94\xBE",
};

static const char* const t2512[] = {
    "\xE9\x9D\xA2",
    "\xE7\xA8\x8B",
    "\xE8\xBE\xB9",
    "\xE5\xA4\xB4",
    "\xE7\xA8\x8B\xE7\xA2\x91",
    "\xE6\xB5\xB7",
    "\xE6\x98\x82",
    "\xE9\x87\x8C\xE5\xA4\x96\xE5\xA4\x96",
};

static const char* const t2513[] = {
    "\xE8\xA6\x81",
    "\xE7\x82\xB9",
    "\xE5\xA4\xA7",
    "\xE6\x96\xB0",
    "\xE8\xA7\x86",
    "\xE5\xBA\x86",
    "\xE5\xBB\xBA",
    "\xE5\xA4\x8D",
    "\xE9\x87\x8F",
    "\xE4\xBC\xA4",
    "\xE9\x87\x8D",
    "\xE8\xA6\x81\xE6\x80\xA7",
    "\xE7\xBB\x84",
    "\xE4\xBF\xAE",
    "\xE6\xAA\x90",
    "\xE5\xBA\x86\xE5\xB8\x82",
    "\xE5\x9E\x8B",
    "\xE7\x94\xA8",
    "\xE9\x95\x87",
    "\xE9\x98\xB3",
    "\xE4\xBB\xBB",
    "\xE7\x94\xB3",
    "\xE5\x8A\x9B",
    "\xE5\xBF\x83",
    "\xE5\xB7\xA5\xE4\xB8\x9A",
    "\xE5\x85\xB5",
    "\xE8\xBF\x94",
    "\xE6\x99\xB6\xE7\x9F\xB3",
    "\xE8\x87\xA3",
    "\xE5\x8F\xA0",
    "\xE7\x8E\xB0",
    "\xE6\x8B\x85",
    "\xE6\xBC\x94",
    "\xE5\x9B\xB4",
    "\xE5\x88\x9B",
    "\xE7\x97\x85",
};

static const char* const t2514[] = {
    "\xE7\x94\x9F",
    "\xE8\x9B\xAE",
    "\xE5\xA4\x96",
    "\xE6\x88\x98\xE5\x86\x9B",
    "\xE5\xBF\x83",
    "\xE5\x85\xBD",
    "\xE4\xBA\xBA",
    "\xE6\x88\x98",
    "\xE5\x91\xB3",
    "\xE8\x8F\x9C",
    "\xE7\x8C\xAA",
};

static const char* const t2515[] = {
    "\xE5\xAD\x90",
    "\xE5\xAD\x90\xE5\x8A\x9B\xE5\xAD\xA6",
};

static const char* const t2516[] = {
    "\xE8\x9E\x8D",
    "\xE5\xB1\x9E",
    "\xE6\xAE\xBF",
    "\xE9\x93\xB6",
    "\xE9\xA2\x9D",
    "\xE9\x92\xB1",
    "\xE7\x89\x8C",
    "\xE6\xB0\xB4\xE6\xB2\xB3",
    "\xE8\x8A\xB1",
    "\xE6\xB0\xB4\xE6\xA1\xA5",
    "\xE7\x89\x99",
    "\xE6\x98\x9F",
    "\xE8\xBD\xAE",
    "\xE5\x88\x9A",
    "\xE4\xBB\xA3",
    "\xE4\xB8\x9D",
    "\xE5\xAD\xA6\xE6\x9B\xBE",
    "\xE5\x8F\xB0",
    "\xE5\xB9\xB3",
    "\xE5\xAB\xA3",
    "\xE7\x9F\xB3",
    "\xE8\x89\xB2",
    "\xE9\x99\xB5",
    "\xE7\xAE\x94",
    "\xE5\xAD\x97\xE5\xA1\x94",
    "\xE9\xBB\x84",
    "\xE7\xA2\xA7\xE8\xBE\x89\xE7\x85\x8C",
    "\xE4\xB8\x9D\xE7\x8C\xB4",
    "\xE5\xAD\x90",
    "\xE6\xAD\xA3\xE6\x97\xA5",
    "\xE9\xBB\x84\xE8\x89\xB2",
    "\xE8\x8E\xB2",
    "\xE5\xBA\xB8",
    "\xE9\x92\xB1\xE8\xB1\xB9",
    "\xE5\x85\x89",
    "\xE9\xB2\x81\xE7\x94\x9F",
    "\xE5\xB1\xB1",
    "\xE5\x85\x83\xE5\xAE\x9D",
    "\xE5\x88\x9A\xE7\x9F\xB3",
    "\xE4\xBF\x8A\xE6\xAD\xA6",
    "\xE9\x94\xA3",
    "\xE5\x88\xA9",
    "\xE7\x82\xB3\xE5\x8D\x8E",
    "\xE5\x85\x83",
    "\xE7\x93\xB6\xE6\xA2\x85",
    "\xE9\x92\x88",
    "\xE8\x9B\x87",
    "\xE5\x8D\x8E",
    "\xE6\xB2\x99\xE6\xB1\x9F",
    "\xE5\x86\xA0",
};

static const char* const t2517[] = {
    "\xE5\xAE\x9A",
    "\xE4\xBA\x8E",
    "\xE5\x88\xAB",
    "\xE5\xAE\x9A\xE4\xBC\x9A",
};

static const char* const t2518[] = {
    "\xE5\xAF\xB9",
    "\xE5\xAF\xB9\xE6\x80\xA7",
    "\xE7\x81\xB8",
    "\xE5\x8F\xB6\xE6\x9E\x97",
    "\xE5\x88\xBA",
};

static const char* const t2519[] = {
    "\xE5\xAD\x90",
};

static const char* const t2520[] = {
    "\xE9\xB1\xBC\xE5\xB2\x9B",
    "\xE9\xB1\xBC",
};

static const char* const t2521[] = {
    "\xE7\xA5\xA8",
};

static const char* const t2522[] = {
    "\xE7\xA5\xA5\xE5\xB8\x82",
    "\xE7\xA5\xA5",
    "\xE5\xA3\xB0",
    "\xE5\xAD\x90\xE6\x9C\x9F",
    "\xE6\x9C\x8B\xE8\x8D\xA3",
    "\xE9\x98\xB3\xE9\x98\xB3",
    "\xE5\xA4\xB4",
    "\xE4\xB8\x87\xE4\xBB\x87",
};

static const char* const t2523[] = {
    "\xE9\x93\x81",
    "\xE7\x90\xB4",
    "\xE6\x9D\x90",
    "\xE7\xAD\x8B",
    "\xE6\x9D\xBF",
    "\xE5\x8E\x82",
    "\xE5\x88\x80",
    "\xE7\xAE\xA1",
};

static const char* const t2524[] = {
    "\xE5\x8C\x99",
};

static const char* const t2525[] = {
    "\xE5\xB7\xAE",
    "\xE4\xBD\xA9",
    "\xE5\xAE\x9A",
};

static const char* const t2526[] = {
    "\xE8\xB0\xA6\xE7\x9B\x8A",
    "\xE5\x85\xB6\xE7\x90\x9B",
    "\xE5\xB8\x81",
    "\xE8\xB4\xA2",
    "\xE5\xA1\x98\xE6\xB1\x9F",
    "\xE8\xBF\x90\xE5\xBD\x95",
    "\xE4\xB9\x8B\xE6\xB1\x9F",
};

static const char* const t2527[] = {
    "\xE8\xBF\x9B",
    "\xE7\x9F\xB3",
    "\xE7\xA0\x94",
    "\xE5\x85\xA5",
};

static const char* const t2528[] = {
    "\xE9\x95\xBF\xE7\x9F\xB3",
};

static const char* const t2529[] = {
    "\xE8\xB7\xAF",
    "\xE7\x9F\xBF",
    "\xE6\xA3\x92",
    "\xE8\xB7\xAF\xE7\xBA\xBF",
    "\xE6\x9C\xA8\xE7\x9C\x9F",
    "\xE9\x81\x93\xE9\x83\xA8",
    "\xE9\x93\xBE",
    "\xE9\x94\x85",
    "\xE9\x97\xA8",
    "\xE9\x92\x89",
    "\xE6\x8E\x8C",
    "\xE8\xB7\xAF\xE6\xA1\xA5",
    "\xE9\x9D\x92",
    "\xE7\x94\xB2",
    "\xE8\xAF\x81",
    "\xE5\x99\xA8",
    "\xE5\xB1\xB1\xE5\x8C\xBA",
    "\xE6\x88\x9F",
    "\xE9\xAA\x91",
    "\xE5\x8C\xA0",
    "\xE4\xB8\x9D",
    "\xE9\x94\xA4",
};

static const char* const t2530[] = {
    "\xE5\xA3\xB0",
};

static const char* const t2531[] = {
    "\xE7\xAC\x94",
};

static const char* const t2532[] = {
    "\xE5\x99\xA8",
    "\xE7\x89\x8C",
    "\xE7\x9F\xBF",
    "\xE9\x92\xB1",
    "\xE9\x95\x9C",
};

static const char* const t2533[] = {
    "\xE6\x96\x87",
};

static const char* const t2534[] = {
    "\xE8\xA1\x8C",
    "\xE5\xAD\x90",
    "\xE9\xB1\xBC",
    "\xE6\x9D\x8F",
    "\xE4\xB8\xA4",
    "\xE8\xA1\x8C\xE5\x88\xB8",
    "\xE6\xB2\xB3",
    "\xE9\x92\x88",
    "\xE5\xA5\x96",
    "\xE6\xB2\xB3\xE7\xB3\xBB",
    "\xE5\x85\x83",
    "\xE5\xB7\x9D",
    "\xE7\xA5\xA8",
    "\xE6\xB5\xB7",
    "\xE8\xA1\x8C\xE5\xAE\xB6",
    "\xE8\xA1\x8C\xE5\x8D\xA1",
    "\xE7\x89\x8C",
};

static const char* const t2535[] = {
    "\xE9\x80\xA0",
    "\xE9\x93\x81",
    "\xE6\x88\x90",
    "\xE5\xB8\x81",
};

static const char* const t2536[] = {
    "\xE8\xAE\xBE",
    "\xE7\xAD\x91",
};

static const char* const t2537[] = {
    "\xE6\x8E\xA5",
};

static const char* const t2538[] = {
    "\xE5\x94\xAE",
    "\xE5\x94\xAE\xE9\xA2\x9D",
    "\xE9\x87\x8F",
    "\xE6\xAF\x81",
};

static const char* const t2539[] = {
    "\xE5\xAE\x9A",
};

static const char* const t2540[] = {
    "\xE5\xB7\xB4",
    "\xE7\x82\x89",
};

static const char* const t2541[] = {
    "\xE5\x88\xA9",
};

static const char* const t2542[] = {
    "\xE6\xB0\x94",
    "\xE5\x88\xA9",
    "\xE5\x87\x8F",
};

static const char* const t2543[] = {
    "\xE8\xAF\xAF",
    "\xE8\x90\xBD",
    "\xE8\xA7\x89",
    "\xE7\xBB\xBC\xE5\xA4\x8D\xE6\x9D\x82",
};

static const char* const t2544[] = {
    "\xE4\xBC\xAF\xE6\x97\x8F",
};

static const char* const t2545[] = {
    "\xE9\xBC\x93",
};

static const char* const t2546[] = {
    "\xE6\xA0\x87\xE8\xB5\x9B",
    "\xE8\xA1\xA3\xE5\x8D\xAB",
    "\xE5\xB7\x9E",
    "\xE6\x97\x97",
};

static const char* const t2547[] = {
    "\xE7\x9B\x98",
};

static const char* const t2548[] = {
    "\xE9\xBD\xBF",
};

static const char* const t2549[] = {
    "\xE7\x82\xBC",
};

static const char* const t2550[] = {
    "\xE5\x8E\x8B",
    "\xE9\x95\xBF",
    "\xE4\xB8\x8A",
    "\xE5\xAE\x9A",
    "\xE6\xB1\x9F",
    "\xE9\x9D\x99",
    "\xE5\xAE\x88",
};

static const char* const t2551[] = {
    "\xE5\xB1\x80",
};

static const char* const t2552[] = {
    "\xE5\xAD\x90",
    "\xE5\xA4\xB4",
};

static const char* const t2553[] = {
    "\xE5\xB5\x8C",
};

static const char* const t2554[] = {
    "\xE6\xB1\x9F",
    "\xE6\x9C\x9F",
    "\xE5\xAE\x89",
    "\xE6\xB1\x9F\xE5\xA4\xA7\xE6\xA1\xA5",
    "\xE6\xB2\x99",
    "\xE8\x80\x81",
    "\xE5\x89\x91",
    "\xE5\x9F\x8E",
    "\xE5\xBA\xA6",
    "\xE5\xA4\xA7",
    "\xE5\xAE\x89\xE8\xA1\x97",
    "\xE5\xAE\x98",
    "\xE6\x96\xB9\xE5\xBD\xA2",
    "\xE6\xB1\x9F\xE6\xB5\x81\xE5\x9F\x9F",
    "\xE5\xBE\x81",
    "\xE7\xAF\x87\xE5\xB0\x8F\xE8\xAF\xB4",
    "\xE8\xBF\x9C",
    "\xE5\xAD\x90",
    "\xE6\x98\xA5",
    "\xE4\xB9\x85",
    "\xE6\x9C\x9F\xE4\xBB\xA5\xE6\x9D\xA5",
    "\xE9\x95\xBF\xE7\x9A\x84",
    "\xE6\xB2\xBB\xE4\xB9\x85\xE5\xAE\x89",
    "\xE6\xB1\x9F\xE4\xB8\x89\xE5\xB3\xA1",
    "\xE5\x8F\xB9",
    "\xE6\xB2\xB3",
    "\xE5\x81\x87",
    "\xE8\xA2\x8D",
    "\xE7\x9F\xAD",
    "\xE9\x80\x94",
    "\xE5\xBB\x8A",
    "\xE8\xBE\x88",
    "\xE8\x99\xB9",
    "\xE4\xB8\x89\xE8\xA7\x92",
    "\xE7\xAF\x87",
    "\xE4\xBA\x8E",
    "\xE7\x9F\x9B",
    "\xE9\x98\xB3",
    "\xE5\xB1\xB1",
    "\xE6\x9D\xA1\xE5\xBD\xA2",
    "\xE5\xA0\xA4",
    "\xE5\xAF\xBF",
    "\xE6\xBB\xA1",
    "\xE8\xA1\xAB",
    "\xE5\xB2\xAD\xE5\xB2\x97",
    "\xE7\x9B\xB8",
    "\xE8\xAF\x97",
    "\xE6\x88\x90",
    "\xE5\xA4\x84",
    "\xE7\x99\xBD\xE5\xB1\xB1",
    "\xE9\x95\xBF",
    "\xE8\xB6\xB3",
    "\xE5\x8F\x91",
    "\xE7\x94\x9F",
    "\xE5\xB9\xB4",
    "\xE4\xB9\x90",
};

static const char* const t2555[] = {
    "\xE5\xA4\x96",
    "\xE5\x8F\xA3",
    "\xE5\x89\x8D",
    "\xE6\x88\xB7",
    "\xE4\xB8\x8B",
    "\xE6\xB4\x9E",
    "\xE4\xBA\xBA",
    "\xE6\xA7\x9B",
    "\xE7\xB1\xBB",
    "\xE7\xA5\xA8",
    "\xE6\xA5\xBC",
    "\xE5\x86\x85",
    "\xE7\xAA\x97",
    "\xE4\xB8\x8A",
    "\xE8\xAF\x8A",
    "\xE6\x89\x89",
    "\xE5\xB0\x86",
    "\xE8\xBE\xB9",
    "\xE6\xB4\xBE",
    "\xE9\x98\x80",
    "\xE6\x9D\xBF",
    "\xE7\x94\x9F",
    "\xE8\xB7\xAF",
    "\xE9\x81\x93",
};

static const char* const t2556[] = {
    "\xE7\x94\xB5",
    "\xE7\x83\x81",
    "\xE9\x81\xBF",
    "\xE5\x8A\xA8",
    "\xE9\x97\xAA",
    "\xE8\xBF\x87",
    "\xE8\xBA\xAB",
    "\xE5\x85\x89",
    "\xE4\xBA\xAE",
};

static const char* const t2557[] = {
    "\xE4\xBC\x9A",
    "\xE5\xB9\x95",
    "\xE7\x9B\xAE",
    "\xE5\xA1\x9E",
    "\xE5\x90\x88",
};

static const char* const t2558[] = {
    "\xE9\xA2\x98",
    "\xE9\x81\x93",
    "\xE4\xB8\x96",
    "\xE8\xB5\xB7",
    "\xE9\x97\xAE",
    "\xE5\x80\x99",
    "\xE8\xAF\x9D",
    "\xE5\x8F\x8A",
};

static const char* const t2559[] = {
    "\xE7\x8E\x8B",
    "\xE8\xBF\x9B",
    "\xE5\x85\xA5",
};

static const char* const t2560[] = {
    "\xE6\x9A\x87",
    "\xE8\xAF\x9D",
    "\xE7\x9D\x80",
    "\xE7\xBD\xAE",
    "\xE8\xB0\x88",
};

static const char* const t2561[] = {
    "\xE6\x8E\xA5",
    "\xE6\x8E\xA5\xE9\x80\x89\xE4\xB8\xBE",
    "\xE8\xB0\x8D",
    "\xE9\x9A\x94",
    "\xE6\x96\xAD",
    "\xE9\x9A\x99",
};

static const char* const t2562[] = {
    "\xE9\x97\xA8",
};

static const char* const t2563[] = {
    "\xE4\xBA\x8B",
};

static const char* const t2564[] = {
    "\xE5\xA5\xB3",
};

static const char* const t2565[] = {
    "\xE5\x90\x8D",
    "\xE4\xB8\x80\xE5\xA4\x9A",
    "\xE5\x88\xB0",
    "\xE8\xAE\xAF",
    "\xE5\x90\x8D\xE4\xB8\xAD\xE5\xA4\x96",
    "\xE4\xB8\x96\xE9\x9C\x87",
};

static const char* const t2566[] = {
    "\xE8\xA5\xBF",
};

static const char* const t2567[] = {
    "\xE4\xB8\x8B",
    "\xE6\xA5\xBC",
};

static const char* const t2568[] = {
    "\xE8\xAF\xBB",
    "\xE5\x8E\x86",
    "\xE5\x8D\xB7",
};

static const char* const t2569[] = {
    "\xE5\x85\x9A",
};

static const char* const t2570[] = {
    "\xE9\xB8\xBF\xE5\x94\xA4",
    "\xE7\x8E\x8B",
};

static const char* const t2571[] = {
    "\xE8\xBF\xB0",
    "\xE6\x98\x8E",
    "\xE9\x87\x8A",
};

static const char* const t2572[] = {
    "\xE5\x8F\xB6\xE6\xA0\x91",
    "\xE5\x8F\xB6\xE6\x9E\x97",
};

static const char* const t2573[] = {
    "\xE4\xBC\x8D",
    "\xE5\x91\x98",
    "\xE9\x95\xBF",
    "\xE5\x8F\x8B",
    "\xE9\x87\x8C",
    "\xE5\xBD\xA2",
};

static const char* const t2574[] = {
    "\xE5\xA4\xA7\xE9\x93\x96",
    "\xE6\x88\x90\xE5\x8F\x91",
};

static const char* const t2575[] = {
    "\xE6\xAD\xA2",
    "\xE5\xBE\xA1",
    "\xE7\xA9\xBA",
    "\xE5\xAE\x88",
    "\xE6\xB2\xBB",
    "\xE5\x8A\xA1",
    "\xE8\x8C\x83",
    "\xE7\xBA\xBF",
    "\xE6\x8A\xA4",
    "\xE6\xB0\xB4",
    "\xE5\x8D\xAB",
    "\xE5\xA4\x87",
    "\xE8\x85\x90\xE5\x89\x82",
    "\xE8\x85\x90",
    "\xE7\x81\xAB",
    "\xE6\xB4\xAA",
    "\xE6\xB1\x9B",
};

static const char* const t2576[] = {
    "\xE5\x85\x89",
    "\xE6\x96\xB0",
    "\xE6\x80\xA7",
    "\xE6\x96\xB0\xE5\x8E\xBF",
    "\xE4\xB8\x89\xE8\x92\xB8",
    "\xE5\xBA\x9C",
    "\xE5\x8F\xB0",
};

static const char* const t2577[] = {
    "\xE8\xB0\x8B",
    "\xE9\x98\xB3",
    "\xE5\xBD\xB1",
    "\xE9\x81\x93",
    "\xE6\xB2\x89",
    "\xE8\x8C\x8E",
    "\xE6\x9A\x97",
    "\xE6\xAF\x92",
};

static const char* const t2578[] = {
    "\xE5\x9C\xB0",
    "\xE5\xAE\xB9",
    "\xE6\xB3\x95",
    "\xE9\x98\xB5",
    "\xE5\x8A\xBF",
    "\xE4\xBA\xA1",
    "\xE8\x90\xA5",
    "\xE7\xBA\xBF",
    "\xE5\x89\x8D",
};

static const char* const t2579[] = {
    "\xE6\xAE\xB5",
    "\xE7\xBA\xA7",
    "\xE5\xB1\x82",
    "\xE7\xBA\xA7\xE6\x96\x97\xE4\xBA\x89",
    "\xE6\xA2\xAF",
};

static const char* const t2580[] = {
    "\xE6\xAD\xA2",
    "\xE6\x8B\xA6",
    "\xE7\xA2\x8D",
    "\xE5\x8A\x9B",
    "\xE6\x8C\xA1",
    "\xE6\x8C\xA0",
    "\xE5\xA1\x9E",
    "\xE9\x9A\x94",
};

static const char* const t2581[] = {
    "\xE5\x93\xA5",
    "\xE6\x8B\x89\xE4\xBC\xAF",
    "\xE6\xA0\xB9\xE5\xBB\xB7",
    "\xE5\xAF\x8C\xE6\xB1\x97",
    "\xE9\x87\x8C",
    "\xE6\x8B\x89\xE4\xBC\xAF\xE4\xBA\xBA",
    "\xE6\x9B\xBC",
    "\xE6\xA3\xAE\xE7\xBA\xB3",
    "\xE5\xBC\xA5\xE9\x99\x80\xE4\xBD\x9B",
    "\xE6\x98\x8C\xE6\x97\x8F",
    "\xE6\x8B\x89",
    "\xE5\xA7\xA8",
    "\xE6\xB3\xA2\xE7\xBD\x97",
    "\xE6\x8B\x89\xE4\xBC\xAF\xE8\xAF\xAD",
    "\xE6\x8B\x89\xE6\x96\xAF\xE5\x8A\xA0",
};

static const char* const t2582[] = {
    "\xE8\x9E\xBA",
};

static const char* const t2583[] = {
    "\xE8\xBF\x91",
    "\xE5\xB1\x9E",
    "\xE5\x8A\xA0",
    "\xE7\x9D\x80",
    "\xE4\xBB\xB6",
    "\xE4\xB8\xAD",
    "\xE5\x92\x8C",
    "\xE6\x9C\x89",
    "\xE5\xB8\xA6",
};

static const char* const t2584[] = {
    "\xE5\x86\x9B",
    "\xE7\xBB\xAD",
    "\xE5\x9C\xB0",
    "\xE6\x97\xA0\xE5\x8F\x8C",
    "\xE6\xB8\xB8",
    "\xE4\xB8\x8A",
    "\xE8\x8F\xB2\xE9\x9D\x92",
    "\xE7\xBE\xBD",
    "\xE8\xB7\xAF",
    "\xE5\x86\x9B\xE5\xA4\xA7\xE5\xAD\xA6",
    "\xE5\x86\xA0\xE8\x8B\xB1",
    "\xE6\x89\xBF\xE4\xBC\x9F",
    "\xE5\xB8\x8C\xE8\x8D\xA3",
};

static const char* const t2585[] = {
    "\xE5\xAE\xB6\xE6\xB4\x9B",
    "\xE5\x8F\x8B\xE8\xB0\x85",
    "\xE6\xB0\xB4\xE6\x89\x81",
    "\xE8\xBF\xB0",
    "\xE7\x8B\xAC\xE7\xA7\x80",
    "\xE7\x9E\x8E\xE5\xAD\x90",
    "\xE5\x88\x97",
    "\xE6\x96\x87\xE6\xB4\xAA",
    "\xE8\xB4\x9E\xE6\x85\xA7",
    "\xE4\xB8\x95\xE6\x98\xBE",
    "\xE8\xAE\xBE",
    "\xE8\xBF\x91\xE5\x8D\x97",
    "\xE6\xAF\x85",
    "\xE6\x97\xA7",
    "\xE5\xAF\x8C\xE5\xBF\xA0",
    "\xE6\xBD\xAD\xE7\xA7\x8B",
    "\xE4\xBA\x91",
    "\xE6\x94\xBF\xE5\xA7\x94",
    "\xE4\xB8\x96\xE7\xBE\x8E",
    "\xE9\x94\xA1\xE8\x81\x94",
    "\xE5\x86\x8D\xE9\x81\x93",
    "\xE7\xAB\xA0\xE8\x89\xAF",
    "\xE5\xAE\x9C\xE7\x91\x9C",
    "\xE5\x9C\x86\xE5\x9C\x86",
    "\xE6\x98\x8C\xE6\x99\xBA",
    "\xE4\xB8\x9C\xE5\x8D\x87",
    "\xE4\xBD\xB3\xE8\xB4\xB5",
    "\xE5\x85\xB4\xE7\x91\x9C",
    "\xE5\xA4\xA7\xE6\xB0\x91",
    "\xE5\xAE\xB6\xE6\xB9\x96",
    "\xE5\xAE\xB6\xE9\x93\xBA",
    "\xE5\xB8\x81\xE6\xA1\xA5",
    "\xE5\xBB\xBA\xE7\x94\x9F",
    "\xE6\x9C\xA8\xE6\xA3\xAE",
    "\xE7\xA7\x80\xE6\xA6\x95",
    "\xE8\x89\xBA\xE6\x88\x88",
    "\xE9\x9A\xBE\xE5\x85\x88",
    "\xE6\x96\xB0\xE7\x94\xB2",
    "\xE5\x90\x8D\xE5\xA4\x8F",
    "\xE6\xB0\xB8\xE7\xA6\x8F",
    "\xE5\xAE\x9D\xE6\x9F\xB1",
};

static const char* const t2586[] = {
    "\xE7\x94\x9F",
    "\xE7\x94\x9F\xE4\xBA\xBA",
};

static const char* const t2587[] = {
    "\xE4\xBD\x8E",
    "\xE6\xB0\xB4\xE9\x87\x8F",
    "\xE6\xB0\xB4",
    "\xE8\x90\xBD",
    "\xE4\xBB\xB7",
    "\xE4\xB8\xB4",
    "\xE5\x88\xB0",
    "\xE9\x9B\xA8\xE9\x87\x8F",
    "\xE9\x9B\xA8",
    "\xE6\xB8\xA9",
};

static const char* const t2588[] = {
    "\xE5\x88\xB6",
    "\xE5\xBA\xA6",
    "\xE4\xBA\x8E",
    "\xE5\xAE\x9A",
    "\xE9\xA2\x9D",
    "\xE6\x9C\x9F",
};

static const char* const t2589[] = {
    "\xE8\xA5\xBF",
    "\xE8\xA5\xBF\xE7\x9C\x81",
    "\xE5\x8C\x97",
    "\xE7\x94\x98",
};

static const char* const t2590[] = {
    "\xE4\xB8\x8B",
};

static const char* const t2591[] = {
    "\xE7\x84\xB6",
    "\xE5\xA3\x81",
    "\xE5\xB3\xAD",
};

static const char* const t2592[] = {
    "\xE9\x95\xBF",
    "\xE6\xA0\xA1",
    "\xE5\xAD\x90",
    "\xE5\xA3\xAB",
    "\xE5\x86\x85",
    "\xE4\xB8\xAD",
    "\xE9\x87\x8C",
    "\xE8\x90\xBD",
    "\xE9\x97\xA8",
};

static const char* const t2593[] = {
    "\xE4\xBA\x86",
    "\xE9\x9D\x9E",
    "\xE5\x8E\xBB",
    "\xE5\xA4\x96",
    "\xE6\xAD\xA4\xE4\xB9\x8B\xE5\xA4\x96",
    "\xE6\x8E\x89",
};

static const char* const t2594[] = {
    "\xE7\x9F\xB3",
};

static const char* const t2595[] = {
    "\xE4\xBA\x9B",
    "\xE6\x81\xB6",
    "\xE8\xA6\x81",
    "\xE5\xB3\xBB",
};

static const char* const t2596[] = {
    "\xE5\x90\x8C",
    "\xE4\xBC\xB4",
    "\xE5\xAE\xA1\xE5\x91\x98",
};

static const char* const t2597[] = {
    "\xE5\xA2\x93",
    "\xE5\x8C\xBA",
};

static const char* const t2598[] = {
    "\xE5\x99\xA8",
    "\xE7\x93\xB7",
    "\xE9\x86\x89",
    "\xE9\xA9\xB7\xE9\xA9\xB9",
    "\xE4\xBC\xAF\xE9\x92\xA7",
};

static const char* const t2599[] = {
    "\xE5\x85\xA5",
    "\xE4\xBA\x8E",
    "\xE9\x98\xB1",
    "\xE5\xAE\xB3",
    "\xE8\x90\xBD",
};

static const char* const t2600[] = {
    "\xE9\x87\x8D",
    "\xE4\xB8\xAD",
    "\xE5\xBA\x86",
    "\xE8\xB5\xB7",
    "\xE9\x9A\x86",
    "\xE5\x86\xAC",
};

static const char* const t2601[] = {
    "\xE5\x94\x90",
    "\xE6\x9C\x9D",
    "\xE5\xBC\x80\xE7\x9A\x87",
};

static const char* const t2602[] = {
    "\xE7\x9D\x80",
    "\xE5\x90\x8E",
    "\xE5\x8D\xB3",
    "\xE6\x97\xB6",
    "\xE5\xB7\x9E",
    "\xE4\xBE\xBF",
    "\xE6\x84\x8F",
    "\xE5\xB7\x9E\xE5\xB8\x82",
    "\xE4\xB9\x8B",
    "\xE6\x89\x8B",
    "\xE6\x9C\xBA",
    "\xE8\xBA\xAB",
    "\xE4\xBB\x8E",
    "\xE5\x8F\xA3",
    "\xE5\x90\x8C",
    "\xE8\xA1\x8C",
    "\xE5\x86\x9B",
    "\xE5\xBF\x83\xE6\x89\x80\xE6\xAC\xB2",
};

static const char* const t2603[] = {
    "\xE8\x97\x8F",
    "\xE9\x9A\x90",
    "\xE8\x94\xBD",
    "\xE5\xB1\x85",
    "\xE7\x9E\x92",
    "\xE6\x82\xA3",
    "\xE5\xBD\xA2",
    "\xE8\xBA\xAB",
    "\xE7\xA7\x81",
    "\xE7\xBA\xA6",
    "\xE7\xA7\x98",
    "\xE9\x9A\x90\xE7\xBA\xA6\xE7\xBA\xA6",
};

static const char* const t2604[] = {
    "\xE7\xA6\xBB",
    "\xE5\xA3\x81",
    "\xE5\xBC\x80",
    "\xE7\xBB\x9D",
    "\xE6\xB2\xB3\xE5\xB2\xA9",
};

static const char* const t2605[] = {
    "\xE7\xA6\x8F\xE4\xB8\xB4",
};

static const char* const t2606[] = {
    "\xE7\xA2\x8D",
};

static const char* const t2607[] = {
    "\xE9\x81\x93",
};

static const char* const t2608[] = {
    "\xE5\xB1\x9E",
};

static const char* const t2609[] = {
    "\xE9\x81\x93",
    "\xE4\xBB\xA5",
    "\xE5\xBE\x97",
    "\xE5\xBA\xA6",
    "\xE5\x85\x8D",
    "\xE9\xA2\x98",
    "\xE5\x8F\x97",
    "\xE6\xB0\x91",
    "\xE6\x80\xAA",
    "\xE8\xBF\x87",
    "\xE5\xBF\x98",
    "\xE7\x9C\x8B",
    "\xE5\xA0\xAA",
    "\xE4\xBA\x8E",
    "\xE5\xBD\x93",
    "\xE4\xBF\x9D",
    "\xE5\xBF\x8D",
    "\xE7\x82\xB9",
    "\xE5\x85\xB3",
    "\xE9\x80\x83",
};

static const char* const t2610[] = {
    "\xE6\xB9\x96",
};

static const char* const t2611[] = {
    "\xE5\xA3\xAE",
    "\xE4\xBC\x9F",
    "\xE5\x8E\x9A",
    "\xE6\x80\xA7",
    "\xE8\x95\x8A",
    "\xE5\xA7\xBF",
};

static const char* const t2612[] = {
    "\xE5\x85\xB8",
    "\xE8\x99\x8E",
    "\xE5\x85\x8B",
};

static const char* const t2613[] = {
    "\xE5\x9B\xA2",
    "\xE4\xB8\xAD",
    "\xE4\xBD\x93",
    "\xE5\x90\x88",
    "\xE5\x9B\xA2\xE5\x85\xAC\xE5\x8F\xB8",
    "\xE4\xBC\x9A",
    "\xE5\x9B\xA2\xE5\x86\x9B",
    "\xE6\x88\x90",
    "\xE7\xBB\x93",
    "\xE4\xBD\x93\xE6\x89\x80\xE6\x9C\x89",
    "\xE6\x88\x90\xE7\x94\xB5\xE8\xB7\xAF",
    "\xE8\xA3\x85\xE7\xAE\xB1",
    "\xE9\x95\x87",
    "\xE8\xAE\xAD",
    "\xE8\xB5\x84",
    "\xE6\x95\xA3",
    "\xE5\xB8\x82",
    "\xE6\x95\xA3\xE5\x9C\xB0",
    "\xE7\xBE\xA4",
};

static const char* const t2614[] = {
    "\xE4\xBD\xA3",
    "\xE4\xB8\xBB",
    "\xE7\x94\xA8",
    "\xE5\x91\x98",
};

static const char* const t2615[] = {
    "\xE9\x9B\x84",
    "\xE6\x80\xA7",
    "\xE6\xBF\x80\xE7\xB4\xA0",
};

static const char* const t2616[] = {
    "\xE6\xAD\xA3",
};

static const char* const t2617[] = {
    "\xE5\x88\xBB",
    "\xE5\xA1\x91",
    "\xE5\x83\x8F",
    "\xE6\xA0\x8F",
};

static const char* const t2618[] = {
    "\xE6\xB0\xB4",
    "\xE5\xAD\xA3",
    "\xE9\x87\x8F",
};

static const char* const t2619[] = {
    "\xE5\xB1\xB1",
    "\xE7\x99\xBD",
    "\xE8\x8A\xB1",
    "\xE5\x9C\xB0",
};

static const char* const t2620[] = {
    "\xE9\x83\xA8\xE4\xBB\xB6",
    "\xE5\x94\xAE",
    "\xE6\x98\x9F",
    "\xE7\x82\xB9",
    "\xE4\xBB\xB6",
    "\xE9\xA3\x9F",
};

static const char* const t2621[] = {
    "\xE8\xBE\xBE",
    "\xE7\x94\xB5",
    "\xE5\xA3\xB0",
    "\xE5\xAE\xB6\xE6\xB2\x9F",
    "\xE9\x9C\x86",
    "\xE9\x94\x8B",
    "\xE9\x98\xB5\xE9\x9B\xA8",
    "\xE5\x87\xBB",
};

static const char* const t2622[] = {
    "\xE6\xB0\x94",
};

static const char* const t2623[] = {
    "\xE8\xA6\x81",
    "\xE6\xB1\x82",
    "\xE6\xB1\x82\xE9\x87\x8F",
};

static const char* const t2624[] = {
    "\xE6\x83\x8A",
    "\xE5\x8A\xA8",
    "\xE6\x92\xBC",
    "\xE8\x8D\xA1",
    "\xE5\xA4\xA9",
    "\xE9\xA2\xA4",
};

static const char* const t2625[] = {
    "\xE9\x9D\x92\xE6\xA1\x90",
    "\xE5\x9C\xB0",
};

static const char* const t2626[] = {
    "\xE6\x97\xB6",
    "\xE6\x97\xB6\xE9\x97\xB4",
};

static const char* const t2627[] = {
    "\xE5\x87\xBA",
    "\xE5\xA4\xA9",
    "\xE9\x9D\xA2",
};

static const char* const t2628[] = {
    "\xE6\x9D\x83",
    "\xE4\xB8\xBB",
    "\xE7\x8E\x8B",
    "\xE9\x81\x93",
};

static const char* const t2629[] = {
    "\xE9\x9B\xB3",
};

static const char* const t2630[] = {
    "\xE5\xB9\xB4",
    "\xE5\xB2\x9B",
    "\xE5\xB0\x91\xE5\xB9\xB4",
    "\xE6\x98\xA5",
    "\xE9\x9D\x92",
    "\xE9\x93\x9C",
    "\xE6\xB5\xB7",
    "\xE7\x9D\x90",
    "\xE5\xB1\xB1\xE5\x8C\xBA",
    "\xE5\x9F\x8E",
    "\xE8\x97\x8F\xE9\xAB\x98\xE5\x8E\x9F",
    "\xE9\x93\x9C\xE5\x99\xA8",
    "\xE7\xAB\xB9",
    "\xE5\xB9\xB4\xE4\xBA\xBA",
    "\xE8\x9B\x99",
    "\xE8\xA1\xA3",
    "\xE8\x8D\x89",
    "\xE8\x91\xB1",
    "\xE6\xB5\xB7\xE7\x9C\x81",
    "\xE6\x9C\xA8",
    "\xE8\x89\xB2",
    "\xE6\x9C\xA8\xE6\xB2\xB3",
    "\xE6\x98\xA5\xE6\x9C\x9F",
    "\xE7\x9F\xB3",
    "\xE5\xB7\x9E",
    "\xE8\x97\x8F",
};

static const char* const t2631[] = {
    "\xE9\x9D\x99\xE5\x9C\xB0",
    "\xE8\x84\x89",
    "\xE6\xAD\xA2",
    "\xE7\x94\xB5",
    "\xE9\xBB\x98",
    "\xE6\x82\x84\xE6\x82\x84",
    "\xE9\x9D\x99",
    "\xE6\x80\x81",
};

static const char* const t2632[] = {
    "\xE5\xB8\xB8",
    "\xE6\xB4\xB2",
    "\xE6\xB3\x95",
    "\xE5\x90\x8C\xE5\xB0\x8F\xE5\x8F\xAF",
    "\xE5\x87\xA1",
    "\xE4\xBD\x86",
    "\xE7\xBA\xBF\xE6\x80\xA7",
    "\xE5\x86\x9C\xE4\xB8\x9A",
    "\xE5\xBE\x97",
    "\xE6\xAD\xA3\xE5\xBC\x8F",
    "\xE9\x87\x91\xE5\xB1\x9E",
    "\xE5\x85\xB8",
};

static const char* const t2633[] = {
    "\xE8\xBF\x91",
    "\xE7\x9D\x80",
    "\xE5\xB1\xB1",
    "\xE6\x8B\xA2",
};

static const char* const t2634[] = {
    "\xE7\xA7\xAF",
    "\xE5\x89\x8D",
    "\xE5\xAF\xB9",
    "\xE4\xB8\xB4",
    "\xE8\xAF\x95",
    "\xE5\x90\x91",
    "\xE8\xB2\x8C",
    "\xE5\xAD\x90",
    "\xE7\xB2\x89",
    "\xE4\xB8\x8A",
    "\xE5\x8C\x85",
    "\xE6\x9D\xA1",
    "\xE7\x9B\xAE",
    "\xE5\xAD\x94",
    "\xE8\x89\xB2",
    "\xE9\x83\xA8",
    "\xE5\x85\xB7",
    "\xE5\xAE\xB9",
    "\xE9\x9D\xA2\xE7\x9B\xB8\xE8\xA7\x91",
    "\xE9\xA2\x8A",
    "\xE7\x9A\xAE",
    "\xE5\xAF\xB9\xE9\x9D\xA2",
    "\xE5\x9B\xA2",
    "\xE6\x9D\xBF",
    "\xE7\xBA\xB1",
};

static const char* const t2635[] = {
    "\xE5\x91\xBD",
    "\xE6\x96\xB0",
    "\xE5\x91\xBD\xE5\xAE\xB6",
    "\xE5\x91\xBD\xE6\x88\x98\xE4\xBA\x89",
    "\xE5\x91\xBD\xE5\x85\x9A",
};

static const char* const t2636[] = {
    "\xE5\xAD\x90",
};

static const char* const t2637[] = {
    "\xE9\x9D\xBC",
};

static const char* const t2638[] = {
    "\xE5\xAD\x90",
    "\xE7\x82\xAE",
};

static const char* const t2639[] = {
    "\xE5\xB0\x8F\xE5\xAE\x9D",
    "\xE9\xA6\x99\xE4\xB8\xBB",
    "\xE5\xAE\xB6\xE8\x83\xBD",
    "\xE4\xB8\x80\xE7\xAC\x91",
};

static const char* const t2640[] = {
    "\xE6\x80\xA7",
};

static const char* const t2641[] = {
    "\xE5\x9B\xBD",
    "\xE5\xAD\x90\xE5\xA5\x87",
    "\xE5\xA4\xAA\xE5\xA4\xAA",
    "\xE5\x85\x88\xE6\xA5\x9A",
    "\xE5\xAE\x81\xE5\xA4\xAB",
    "\xE9\xAB\x98\xE6\xB9\x96",
    "\xE4\xBF\xA1",
};

static const char* const t2642[] = {
    "\xE4\xB9\x90",
    "\xE4\xB9\x90\xE5\xA0\x82",
    "\xE4\xB9\x90\xE4\xBC\x9A",
    "\xE4\xB9\x90\xE5\xAD\xA6\xE9\x99\xA2",
    "\xE8\x8A\x82",
    "\xE4\xB9\x90\xE5\x8E\x85",
    "\xE5\x93\x8D",
    "\xE5\x83\x8F",
    "\xE8\xAF\x91",
    "\xE4\xB9\x90\xE5\xAE\xB6",
    "\xE8\xB0\x83",
};

static const char* const t2643[] = {
    "\xE5\xBE\x8B",
};

static const char* const t2644[] = {
    "\xE7\xAB\xAF",
    "\xE4\xB8\x8A",
    "\xE9\x83\xA8",
    "\xE4\xBD\x8F",
    "\xE7\xBA\xA7",
    "\xE5\xA4\x9A",
    "\xE5\xB3\xB0",
    "\xE7\x82\xB9",
};

static const char* const t2645[] = {
    "\xE5\x88\xBB\xE9\x97\xB4",
    "\xE5\x88\xBB\xE4\xB9\x8B\xE9\x97\xB4",
    "\xE5\x88\xBB",
};

static const char* const t2646[] = {
    "\xE7\x9B\xAE",
    "\xE7\xBE\xBD",
};

static const char* const t2647[] = {
    "\xE5\x88\xA9",
    "\xE6\xB2\xBB",
    "\xE5\xBA\x8F",
    "\xE7\x9D\x80",
    "\xE4\xBE\xBF",
    "\xE6\x89\x8B",
    "\xE5\x8A\xBF",
    "\xE4\xBB\x8E",
    "\xE5\xBA\x94",
};

static const char* const t2648[] = {
    "\xE5\xBC\xA5\xE5\xBA\xA7",
    "\xE7\x9F\xA5",
    "\xE8\x87\xBE",
};

static const char* const t2649[] = {
    "\xE5\xBC\xBA",
    "\xE7\xAB\xA5",
    "\xE5\x9B\xBA",
    "\xE5\x9B\xBA\xE6\xB4\xBE",
    "\xE7\x9A\xAE",
};

static const char* const t2650[] = {
    "\xE9\x97\xAE",
    "\xE5\xAE\xA2",
    "\xE7\xA7\x8B\xE6\xB0\xB4",
    "\xE5\x8F\x8A",
    "\xE6\xBA\x90",
    "\xE8\x99\x91",
    "\xE4\xB8\x8D\xE5\xBE\x97",
    "\xE4\xB8\x8D\xE4\xB8\x8A",
    "\xE5\xBF\x8C",
    "\xE7\xA7\x80\xE8\x8E\xB2",
    "\xE9\x87\x91\xE6\xA0\x87",
};

static const char* const t2651[] = {
    "\xE6\x97\xB6",
    "\xE8\xB6\xB3",
};

static const char* const t2652[] = {
    "\xE5\xB8\x83",
    "\xE5\x8F\x91",
    "\xE5\xA5\x96",
    "\xE8\xA1\x8C",
};

static const char* const t2653[] = {
    "\xE6\x89\xAC",
};

static const char* const t2654[] = {
    "\xE7\xAE\x97",
    "\xE8\xAE\xA1",
    "\xE9\x98\xB2",
    "\xE6\xB5\x8B",
    "\xE6\x9C\x9F",
    "\xE4\xBB\x98",
    "\xE5\xAE\x9A",
    "\xE5\xA4\x87",
    "\xE5\x85\x88",
    "\xE8\xAD\xA6",
    "\xE6\x8A\xA5",
    "\xE8\xA8\x80",
    "\xE6\x96\x99",
    "\xE8\xAE\xA2",
    "\xE6\x84\x9F",
    "\xE5\xA4\x87\xE5\xBD\xB9",
    "\xE7\xA4\xBA",
    "\xE6\xA1\x88",
    "\xE8\xA7\x81",
    "\xE8\xAD\xA6\xE6\x9C\xBA",
    "\xE5\xA4\x87\xE9\x98\x9F",
};

static const char* const t2655[] = {
    "\xE5\xAF\xBC",
    "\xE5\x9F\x9F",
    "\xE5\xAF\xBC\xE4\xBA\xBA",
    "\xE8\xA2\x96",
    "\xE5\x9C\x9F",
    "\xE5\x85\x88",
    "\xE5\x9C\xB0",
    "\xE5\x8F\x96",
    "\xE4\xBC\x9A",
    "\xE5\xAF\xBC\xE7\x8F\xAD\xE5\xAD\x90",
    "\xE5\xAF\xBC\xE8\x80\x85",
    "\xE5\xAF\xBC\xE6\x9D\x83",
    "\xE6\x95\x99",
    "\xE6\x82\x9F",
    "\xE4\xBA\x8B",
    "\xE7\x95\xA5",
    "\xE9\x98\x9F",
    "\xE5\xAF\xBC\xE4\xBA\xBA\xE5\x91\x98",
    "\xE5\x88\xB0",
    "\xE5\xA4\xB4",
    "\xE8\xA1\x94",
    "\xE6\xB5\xB7",
    "\xE5\xAF\xBC\xE5\xB1\x82",
    "\xE4\xB8\xBB",
};

static const char* const t2656[] = {
    "\xE5\x85\xB7",
};

static const char* const t2657[] = {
    "\xE9\x83\xA8",
};

static const char* const t2658[] = {
    "\xE5\x92\x8C\xE5\x9B\xAD",
};

static const char* const t2659[] = {
    "\xE7\x8E\x87",
    "\xE7\xB9\x81",
    "\xE9\x81\x93",
    "\xE9\xA2\x91",
};

static const char* const t2660[] = {
    "\xE7\xB2\x92",
};

static const char* const t2661[] = {
    "\xE6\x9D\x90",
    "\xE7\x9B\xAE",
    "\xE5\x9E\x8B",
    "\xE4\xB8\xBA",
    "\xE8\xAF\x8D",
    "\xE5\x86\x99",
};

static const char* const t2662[] = {
    "\xE8\x89\xB2",
    "\xE6\xB4\xAA\xE7\x83\x88",
    "\xE6\x96\x99",
    "\xE9\x82\xA6\xE5\xB1\x8F",
    "\xE9\x9D\xA2",
};

static const char* const t2663[] = {
    "\xE5\xA4\x96",
    "\xE5\xA4\xB4",
};

static const char* const t2664[] = {
    "\xE5\x80\x92",
    "\xE8\xA6\x86",
    "\xE7\xB0\xB8",
};

static const char* const t2665[] = {
    "\xE6\x8A\x96",
    "\xE5\x8A\xA8",
};

static const char* const t2666[] = {
    "\xE9\x99\xA9",
    "\xE6\xA0\xBC",
    "\xE5\x91\xB3",
    "\xE6\x99\xAF",
    "\xE5\x85\x89",
    "\xE6\x99\xAF\xE5\x8C\xBA",
    "\xE6\xB3\xA2",
    "\xE6\x9A\xB4",
    "\xE4\xBF\x97",
    "\xE6\x83\x85",
    "\xE6\xB0\xB4",
    "\xE5\xA3\xB0",
    "\xE6\xB0\x94",
    "\xE9\x87\x87",
    "\xE9\x9B\xA8",
    "\xE6\xB5\x81",
    "\xE5\x8C\x96",
    "\xE8\xB2\x8C",
    "\xE7\xAD\x9D",
    "\xE4\xBA\x91",
    "\xE5\x8A\x9B",
    "\xE9\x9B\xAA",
    "\xE6\xB5\xAA",
    "\xE6\x99\xAF\xE7\xBA\xBF",
    "\xE5\xBA\xA6",
    "\xE5\x90\x91",
    "\xE6\xB2\x99",
    "\xE9\x80\x9F",
    "\xE5\xB0\x9A",
    "\xE9\x9F\xB5",
};

static const char* const t2667[] = {
    "\xE9\xA3\x8E",
};

static const char* const t2668[] = {
    "\xE6\x9C\xBA",
    "\xE8\xA1\x8C",
    "\xE8\xA1\x8C\xE5\x91\x98",
    "\xE8\x88\x9E",
    "\xE6\x89\xAC",
    "\xE8\xB7\x83",
    "\xE5\xA5\x94",
    "\xE7\xBF\x94",
    "\xE8\xA1\x8C\xE5\x99\xA8",
    "\xE6\x9D\xA5",
    "\xE8\x88\xB9",
    "\xE6\x9E\xB6",
    "\xE5\xBF\xAB",
    "\xE8\xBA\xAB",
    "\xE9\x80\x9F",
    "\xE5\x88\x80",
    "\xE5\x8E\xBB",
    "\xE5\xBE\x80",
    "\xE8\xBF\x87",
    "\xE5\x8D\x87",
    "\xE9\xA9\xAC",
};

static const char* const t2669[] = {
    "\xE5\x93\x81",
    "\xE7\x89\xA9",
    "\xE7\x94\xA8",
    "\xE5\xA0\x82",
    "\xE6\x80\xA7",
    "\xE6\xAC\xB2",
    "\xE6\x8C\x87",
    "\xE7\x9B\x90",
};

static const char* const t2670[] = {
    "\xE5\x8E\x85",
    "\xE9\xA6\x86",
    "\xE9\xA5\xAE",
    "\xE6\xA1\x8C",
};

static const char* const t2671[] = {
    "\xE9\xA5\xBF",
    "\xE6\xB0\x91",
};

static const char* const t2672[] = {
    "\xE5\xBA\x97",
    "\xE8\x8F\x9C",
    "\xE7\xA2\x97",
    "\xE5\x90\x8E",
    "\xE9\xA6\x86",
    "\xE6\xA1\x8C",
    "\xE9\x93\xBA",
};

static const char* const t2673[] = {
    "\xE9\xA3\x9F",
    "\xE9\x85\x92",
    "\xE6\x96\x99",
    "\xE7\x94\xA8",
    "\xE8\xAA\x89",
    "\xE5\xAE\xB4",
};

static const char* const t2674[] = {
    "\xE6\xBC\x94",
};

static const char* const t2675[] = {
    "\xE5\x92\x8C",
    "\xE6\xBB\xA1",
    "\xE5\x8F\x97",
};

static const char* const t2676[] = {
    "\xE5\x85\xBB",
    "\xE6\x96\x99",
};

static const char* const t2677[] = {
    "\xE7\xB3\x96",
};

static const char* const t2678[] = {
    "\xE5\xAD\x90",
};

static const char* const t2679[] = {
    "\xE5\xB9\xB2",
};

static const char* const t2680[] = {
    "\xE6\xAD\xBB",
};

static const char* const t2681[] = {
    "\xE9\x95\xBF",
};

static const char* const t2682[] = {
    "\xE5\xA4\xB4",
};

static const char* const t2683[] = {
    "\xE5\x85\x88",
    "\xE9\x83\xBD",
    "\xE6\xAC\xA1",
    "\xE9\xA1\xB5",
    "\xE9\xA2\x86",
    "\xE8\xBE\x85",
    "\xE5\xB8\xAD",
    "\xE8\x84\x91",
    "\xE4\xBD\x8D",
    "\xE7\x9B\xB8",
    "\xE8\xA6\x81",
    "\xE5\xBA\x9C",
    "\xE9\x95\xBF",
    "\xE6\x89\xB9",
    "\xE9\xA5\xB0",
    "\xE5\xBA\xA7",
    "\xE5\xB1\x8A",
    "\xE5\x88\x9B",
    "\xE7\xBA\xA7",
    "\xE9\x80\x89",
    "\xE8\xBD\xAE",
    "\xE5\x8F\x91",
    "\xE4\xB8\xAA",
};

static const char* const t2684[] = {
    "\xE6\xB8\xAF",
    "\xE5\x91\xB3",
    "\xE6\x96\x99",
    "\xE8\x95\x89",
    "\xE7\x83\x9F",
    "\xE6\xB0\x94",
    "\xE5\xB1\xB1",
    "\xE8\xBE\xA3",
    "\xE7\x82\x89",
    "\xE7\xB2\xBE",
    "\xE7\x81\xAB",
    "\xE6\xB0\xB4",
    "\xE4\xB8\xBB",
};

static const char* const t2685[] = {
    "\xE4\xB8\x8A",
    "\xE6\x9C\x9D\xE6\x97\xAD",
    "\xE5\x85\x8B\xE6\x80\x9D",
    "\xE6\x9D\xA5\xE8\xA5\xBF\xE4\xBA\x9A",
    "\xE5\x8C\xB9",
    "\xE8\x89\xAF",
    "\xE8\xB7\xAF",
    "\xE6\x9D\xA5",
    "\xE5\x85\x8B",
    "\xE8\xB9\x84",
    "\xE8\x83\x8C",
    "\xE5\xA4\xB4",
    "\xE5\x88\xBA",
    "\xE5\x8A\x9B",
    "\xE5\x85\xB6\xE9\xA1\xBF",
    "\xE5\xA4\xAB",
    "\xE4\xB8\x81",
    "\xE8\xBD\xA6",
    "\xE5\xA3\xAB\xE8\x8B\xB1",
    "\xE9\x93\x83\xE8\x96\xAF",
    "\xE5\x88\x97\xE4\xB8\xBB\xE4\xB9\x89",
    "\xE5\xB0\xBE\xE6\x9D\xBE",
    "\xE9\x9E\x8D\xE5\xB1\xB1",
    "\xE9\x87\x8C",
    "\xE5\x88\xB0\xE6\x88\x90\xE5\x8A\x9F",
    "\xE5\x9C\xBA",
    "\xE8\xB9\x84\xE5\xA3\xB0",
    "\xE9\x81\x93",
    "\xE5\x8F\xA3",
    "\xE6\x98\xA5\xE8\x8A\xB1",
    "\xE5\xAE\xB6\xE6\xA3\x9A",
    "\xE6\x9E\x97\xE5\xB7\xA5",
    "\xE6\xB9\x96\xE6\x9D\x91",
    "\xE5\xBE\xB7\xE9\x87\x8C",
    "\xE4\xB8\x89\xE4\xBF\x8A",
    "\xE9\x9E\xAD",
    "\xE9\x9E\x8D",
    "\xE8\xB5\x9B",
    "\xE5\x88\x80",
};

static const char* const t2686[] = {
    "\xE9\xB9\xBF",
};

static const char* const t2687[] = {
    "\xE5\x90\x8D\xE4\xB8\xAD\xE5\xA4\x96",
    "\xE5\x90\x8D",
};

static const char* const t2688[] = {
    "\xE9\x80\x90",
    "\xE9\x80\x90\xE8\x88\xB0",
    "\xE5\x8A\xA8",
    "\xE8\xB5\xB6",
    "\xE4\xBD\xBF",
    "\xE9\x99\xA4",
};

static const char* const t2689[] = {
    "\xE5\xAD\x90",
};

static const char* const t2690[] = {
    "\xE9\xA9\xAC",
};

static const char* const t2691[] = {
    "\xE5\x9C\xB0",
    "\xE5\x8D\x8E",
    "\xE5\xA4\x96",
    "\xE6\x89\x8E",
    "\xE8\xB6\xB3",
    "\xE5\x86\x9B",
    "\xE5\xAE\x88",
    "\xE4\xBA\xAC\xE5\x8A\x9E",
};

static const char* const t2692[] = {
    "\xE9\xA9\xB6",
    "\xE9\xA9\xB6\xE5\x91\x98",
    "\xE8\xBD\xA6",
    "\xE9\xA9\xAD",
};

static const char* const t2693[] = {
    "\xE7\xAB\x99",
};

static const char* const t2694[] = {
    "\xE4\xBA\xBA",
};

static const char* const t2695[] = {
    "\xE5\x82\xB2",
};

static const char* const t2696[] = {
    "\xE9\xA9\xBC",
};

static const char* const t2697[] = {
    "\xE7\x84\xB6",
    "\xE4\xBA\xBA\xE5\x90\xAC\xE9\x97\xBB",
};

static const char* const t2698[] = {
    "\xE8\xAF\x81",
    "\xE6\x94\xB6",
};

static const char* const t2699[] = {
    "\xE9\xA9\xAC",
};

static const char* const t2700[] = {
    "\xE5\x85\xB5",
    "\xE9\xA9\xAC",
    "\xE5\xA3\xAB",
};

static const char* const t2701[] = {
    "\xE4\xBA\xBA",
    "\xE5\xAD\x90",
};

static const char* const t2702[] = {
    "\xE6\x89\xB0",
    "\xE5\x8A\xA8",
    "\xE4\xB9\xB1",
};

static const char* const t2703[] = {
    "\xE5\xAD\x90",
    "\xE9\xA9\xAC",
};

static const char* const t2704[] = {
    "\xE7\x84\xB6",
};

static const char* const t2705[] = {
    "\xE5\xB9\xB2",
    "\xE5\xA4\xB4",
    "\xE9\xAA\xBC",
    "\xE9\xAB\x93",
    "\xE6\x8A\x98",
    "\xE6\x9E\xB6",
    "\xE8\x82\x89",
    "\xE8\xB4\xA8",
    "\xE7\x81\xB0",
};

static const char* const t2706[] = {
    "\xE5\xAD\x90",
};

static const char* const t2707[] = {
    "\xE9\xAB\x85",
};

static const char* const t2708[] = {
    "\xE9\x80\x9F",
    "\xE5\xBA\xA6",
    "\xE7\xBA\xA7",
    "\xE5\x85\xB4",
    "\xE4\xB8\xAD",
    "\xE6\xA0\xA1",
    "\xE8\x80\x83",
    "\xE5\x8E\x9F",
    "\xE9\x80\x9F\xE5\x85\xAC\xE8\xB7\xAF",
    "\xE6\x96\xB0\xE6\x8A\x80\xE6\x9C\xAF",
    "\xE6\x89\x8B",
    "\xE7\xAD\x89",
    "\xE4\xBA\x8E",
    "\xE5\xA4\xA7",
    "\xE5\xB3\xB0",
    "\xE6\xB8\xA9",
    "\xE6\xBD\xAE",
    "\xE7\xAD\x89\xE6\x95\x99\xE8\x82\xB2",
    "\xE7\xBA\xA7\xE4\xB8\xAD\xE5\xAD\xA6",
    "\xE5\x87\xBA",
    "\xE5\xB1\x82",
    "\xE5\xB1\xB1",
    "\xE4\xBD\x8E",
    "\xE6\x95\x88",
    "\xE5\x91\xBC",
    "\xE5\xB0\x9A",
    "\xE5\xA3\xB0",
    "\xE5\x8E\x8B",
    "\xE8\xA1\x80\xE5\x8E\x8B",
    "\xE7\xAD\x89\xE5\xAD\xA6\xE6\xA0\xA1",
    "\xE4\xB8\xBE",
    "\xE6\x98\x8E",
    "\xE6\xB6\xA8",
    "\xE5\x9F\xBA\xE5\xBA\x99",
    "\xE4\xBA\xA7",
    "\xE6\xA1\xA3",
    "\xE7\xA9\xBA",
    "\xE5\x83\xA7",
    "\xE7\xAD\x89\xE9\x99\xA2\xE6\xA0\xA1",
    "\xE7\xB2\xB1",
    "\xE6\x96\xB0",
    "\xE9\xAB\x98",
    "\xE4\xBD\x8D",
    "\xE9\x99\xB5",
    "\xE4\xBA\xA2",
    "\xE7\xAB\xAF",
    "\xE4\xB8\x89",
    "\xE5\x88\x86\xE5\xAD\x90",
    "\xE7\xA8\x8B",
    "\xE6\x82\xAC",
    "\xE5\x9C\xB0",
    "\xE5\x88\x86",
    "\xE5\xA4\x84",
    "\xE8\x96\xAA",
    "\xE8\x81\x8C",
    "\xE8\x80\xB8",
    "\xE8\xB4\xB5",
    "\xE5\xB1\xB1\xE6\x97\x8F",
    "\xE9\xA2\x9D",
    "\xE9\x93\x81",
    "\xE6\x98\x82",
    "\xE8\xB6\x85",
    "\xE9\x9B\x85",
    "\xE5\x9D\xA1",
    "\xE5\xAE\xB6",
    "\xE5\x88\xA9\xE8\xB4\xB7",
    "\xE9\xAB\x98\xE7\x9A\x84",
    "\xE4\xB8\x80",
    "\xE6\x96\xB0\xE5\x8C\xBA",
    "\xE8\x83\xBD",
    "\xE5\x96\x8A",
    "\xE6\xB3\x95",
    "\xE6\xA3\x80",
    "\xE5\x8F\xB0",
    "\xE5\xAE\xB6\xE5\xB2\xAD",
    "\xE5\x87\x8C\xE9\xA3\x8E",
    "\xE9\x99\xB5\xE9\x95\x87",
    "\xE4\xBB\xB7",
    "\xE5\xAE\x98",
    "\xE5\x8A\xA0\xE7\xB4\xA2",
    "\xE4\xB8\x80\xE5\x8A\x9F",
    "\xE4\xB8\xBD",
    "\xE7\x82\xAE",
    "\xE9\xA2\x91",
    "\xE9\xBE\x84",
    "\xE5\xAE\x97",
    "\xE5\xAF\x92",
};

static const char* const t2709[] = {
    "\xE5\xAD\x90",
    "\xE7\xA5\x9E",
    "\xE9\xAC\xBC\xE7\xA5\x9F\xE7\xA5\x9F",
    "\xE9\xAD\x82",
};

static const char* const t2710[] = {
    "\xE6\xA2\xA7",
};

static const char* const t2711[] = {
    "\xE5\x8A\x9B",
};

static const char* const t2712[] = {
    "\xE5\xBF\xA0\xE8\xB4\xA4",
    "\xE6\x99\x8B",
    "\xE5\x85\xB4\xE9\x83\xA1",
    "\xE5\xA4\x8D\xE7\x9B\x9B",
    "\xE5\xB7\x8D",
    "\xE6\xB8\x85\xE6\x85\xA7",
};

static const char* const t2713[] = {
    "\xE6\x95\x99",
    "\xE9\xAC\xBC",
    "\xE5\xA4\xB4",
    "\xE7\x8E\x8B",
};

static const char* const t2714[] = {
    "\xE7\xB1\xBB",
    "\xE8\x82\x9A",
    "\xE8\x8B\x97",
    "\xE7\xA7\x8D",
    "\xE9\x9B\xB7",
    "\xE6\xB1\xA0",
    "\xE7\xBF\x85",
    "\xE5\xA4\xB4",
    "\xE5\xB0\xBE",
    "\xE6\xB1\x9B",
    "\xE6\x9D\xBE",
    "\xE8\x8A\xB1",
    "\xE5\x8E\x9F",
    "\xE6\xB0\xBD\xE5\x85\x83",
};

static const char* const t2715[] = {
    "\xE9\xB1\xBC",
};

static const char* const t2716[] = {
    "\xE8\xBF\x85",
    "\xE6\x99\xBA\xE6\xB7\xB1",
    "\xE6\xA1\x82\xE6\x88\x90",
    "\xE7\xA3\xA8\xE8\xB7\xAF",
    "\xE8\x8E\xBD",
};

static const char* const t2717[] = {
    "\xE9\xB1\xBC",
};

static const char* const t2718[] = {
    "\xE6\x98\xA5\xE6\x9D\xA5",
};

static const char* const t2719[] = {
    "\xE8\xA1\x80",
    "\xE6\x98\x8E",
    "\xE8\x8A\xB1",
    "\xE7\xBE\x8E",
    "\xE5\x8D\x91",
    "\xE8\x89\xB3",
    "\xE7\xBA\xA2",
    "\xE5\xAB\xA9",
    "\xE6\x9C\x89",
    "\xE5\x93\x81",
};

static const char* const t2720[] = {
    "\xE9\xB1\xBC",
};

static const char* const t2721[] = {
    "\xE9\xB1\xBC",
};

static const char* const t2722[] = {
    "\xE9\xB1\xBC",
};

static const char* const t2723[] = {
    "\xE9\xB1\xBC",
};

static const char* const t2724[] = {
    "\xE9\xB1\xBC",
};

static const char* const t2725[] = {
    "\xE9\xB1\xBC",
};

static const char* const t2726[] = {
    "\xE9\xB1\xBC",
};

static const char* const t2727[] = {
    "\xE9\xB1\xBC",
};

static const char* const t2728[] = {
    "\xE7\x89\x87",
};

static const char* const t2729[] = {
    "\xE7\xB1\xBB",
    "\xE7\x9E\xB0",
    "\xE5\x84\xBF",
};

static const char* const t2730[] = {
    "\xE8\x9B\x8B",
    "\xE6\xB1\xA4",
};

static const char* const t2731[] = {
    "\xE5\x8F\xAB",
};

static const char* const t2732[] = {
    "\xE7\x89\x87",
    "\xE7\x89\x87\xE6\x88\x98\xE4\xBA\x89",
};

static const char* const t2733[] = {
    "\xE5\xAD\x90",
    "\xE7\xBB\xBF\xE6\xB1\x9F",
};

static const char* const t2734[] = {
    "\xE5\x90\xBB",
};

static const char* const t2735[] = {
    "\xE9\xB8\xAF",
};

static const char* const t2736[] = {
    "\xE5\xAD\x90",
    "\xE5\xAD\x90\xE8\x8A\xB1",
};

static const char* const t2737[] = {
    "\xE5\xB3\xB0",
    "\xE5\xB3\xB0\xE5\x8E\xBF",
};

static const char* const t2738[] = {
    "\xE9\xB8\xAA",
};

static const char* const t2739[] = {
    "\xE8\xA7\x92",
    "\xE5\xAD\x90\xE9\x9C\x96",
    "\xE5\x85\x86\xE9\xB9\x8F",
    "\xE6\x9D\x96\xE5\xAE\xA2",
};

static const char* const t2740[] = {
    "\xE9\xB9\xBF",
};

static const char* const t2741[] = {
    "\xE5\xAD\x90",
    "\xE5\x8A\xA0",
};

static const char* const t2742[] = {
    "\xE7\x83\xA6",
    "\xE5\x9F\x8E",
    "\xE8\xA2\x8B",
    "\xE6\x9C\xA8",
    "\xE5\xB8\x83",
    "\xE9\x9B\x80",
    "\xE7\x97\xB9",
    "\xE9\x86\x89",
    "\xE7\xB3\x96",
    "\xE5\x9F\x8E\xE5\xB8\x82",
    "\xE8\xBE\xA3\xE9\x85\xB1",
    "\xE5\xB0\x86",
};

static const char* const t2743[] = {
    "\xE4\xB8\x8B",
};

static const char* const t2744[] = {
    "\xE6\xB2\xB3",
    "\xE9\x87\x91",
    "\xE5\x86\x88",
    "\xE7\x9F\xB3",
    "\xE7\x9F\xB3\xE5\xB8\x82",
    "\xE8\x89\xB2",
    "\xE5\x86\x88\xE5\xB8\x82",
    "\xE5\xAE\x97\xE7\xBE\xB2",
    "\xE5\xB7\x9E",
    "\xE9\x87\x91\xE5\x91\xA8",
    "\xE9\x99\x82",
    "\xE4\xBE\x9D\xE4\xBE\x9D",
    "\xE5\x9C\x9F",
    "\xE8\x8D\xAF\xE5\xB8\x88",
    "\xE6\x98\x8F",
    "\xE9\xB9\xA4\xE6\xA5\xBC",
    "\xE5\xAE\xB6",
    "\xE8\xBF\x9E",
    "\xE5\xBA\xAD\xE5\x9D\x9A",
    "\xE9\x99\xB5",
    "\xE6\x9D\xBE\xE9\xBE\x84",
    "\xE6\xB2\x99",
    "\xE5\xB1\xB1",
    "\xE9\xBE\x99",
    "\xE8\x8A\xB1",
    "\xE5\xAE\x89",
    "\xE6\xB5\xB7",
    "\xE5\xB8\x9D",
    "\xE7\x93\xA6\xE9\xA3\x9E",
    "\xE9\xB3\x9D",
    "\xE4\xB8\x80\xE5\xBD\xAA",
    "\xE8\xB1\x86",
    "\xE5\x8E\x9F",
    "\xE9\xAA\x85",
    "\xE6\xB0\xB8\xE8\x83\x9C",
    "\xE5\x9C\x9F\xE9\xAB\x98\xE5\x8E\x9F",
    "\xE6\x98\x8E\xE7\x94\x9F",
    "\xE5\x9C\x9F\xE5\xB2\x97",
    "\xE9\x99\x82\xE5\x8C\xBA",
    "\xE6\xA2\x85\xE5\x8E\xBF",
    "\xE7\x93\xA6\xE6\x9C\xB1",
    "\xE7\x9F\xB3\xE6\xB8\xAF\xE5\x8C\xBA",
    "\xE4\xBA\x8C\xE5\xB7\x9E",
    "\xE5\x8F\xA4\xE8\x92\xBF",
    "\xE5\xAE\xB6\xE6\xB9\x96",
    "\xE5\xAE\xB6\xE6\xBD\xAD",
    "\xE5\xB7\x9E\xE5\x8C\xBA",
    "\xE5\xB7\x9E\xE8\x8F\x9C",
    "\xE5\xBA\xB7\xE7\x94\x9F",
    "\xE6\x9C\x88\xE8\x8B\xB1",
    "\xE6\xA0\xBC\xE9\x80\x89",
    "\xE6\xA9\x99\xE5\xAD\x90",
    "\xE7\x9F\xA5\xE7\x9C\x9F",
    "\xE8\x8E\xB2\xE6\xB9\x96",
    "\xE9\x87\x91\xE6\xB9\xBE",
    "\xE7\xBA\xB8",
    "\xE6\xB2\xB3\xE6\xB5\x81\xE5\x9F\x9F",
    "\xE8\x93\x89\xE7\xAC\x91",
    "\xE9\x81\x93",
    "\xE7\x89\x8C",
    "\xE7\x89\x9B",
    "\xE5\x9F\x94\xE5\x86\x9B\xE6\xA0\xA1",
    "\xE7\x93\x9C",
};

static const char* const t2745[] = {
    "\xE6\x98\x8E",
    "\xE6\x97\x8F",
    "\xE5\x85\x83\xE6\xB4\xAA",
    "\xE5\xB7\xB4\xE5\xAB\xA9",
};

static const char* const t2746[] = {
    "\xE6\x9A\x97",
    "\xE8\x89\xB2",
    "\xE9\xB1\xBC",
    "\xE9\xBE\x99\xE6\xB1\x9F",
    "\xE4\xBA\xBA",
    "\xE5\xA4\x9C",
    "\xE7\x99\xBD",
    "\xE9\xBE\x99\xE6\xB1\x9F\xE7\x9C\x81",
    "\xE9\x99\xB6",
    "\xE6\xB5\xB7",
    "\xE8\xA1\xA3",
    "\xE5\xAE\xA2",
    "\xE5\xBD\xB1",
    "\xE7\x82\xB9",
    "\xE6\xA0\xBC\xE5\xB0\x94",
    "\xE8\xB1\x86",
    "\xE6\xB4\x9E",
    "\xE5\x8E\x8B\xE5\x8E\x8B",
};

static const char* const t2747[] = {
    "\xE9\xBB\x98\xE5\x9C\xB0",
    "\xE9\xBB\x98",
    "\xE7\x84\xB6",
    "\xE5\xA5\x91",
    "\xE8\xAE\xA4",
    "\xE4\xB8\x8D\xE4\xBD\x9C\xE5\xA3\xB0",
};

static const char* const t2748[] = {
    "\xE7\x84\xB6",
};

static const char* const t2749[] = {
    "\xE7\xAB\x8B",
    "\xE7\x9B\x9B",
};

static const char* const t2750[] = {
    "\xE5\x8A\xB1",
    "\xE8\x88\x9E",
    "\xE5\x90\xB9",
    "\xE4\xB9\x90",
    "\xE5\x8A\xA8",
    "\xE5\xA3\xB0",
    "\xE6\x8E\x8C",
};

static const char* const t2751[] = {
    "\xE6\xA0\x87",
};

static const char* const t2752[] = {
    "\xE5\xAD\x90",
    "\xE5\xAD\x94",
    "\xE6\xB6\x95",
    "\xE6\xA2\x81",
};

static const char* const t2753[] = {
    "\xE5\xA3\xB0",
};

static const char* const t2754[] = {
    "\xE5\xA3\xB0",
    "\xE5\x85\xA8",
    "\xE5\x90\x8D",
    "\xE5\x9B\xBD",
    "\xE8\xBE\xBE\xE5\x86\x85",
};

static const char* const t2755[] = {
    "\xE8\xBD\xAE",
};

static const char* const t2756[] = {
    "\xE5\xA4\xB4",
    "\xE9\x97\xA8",
    "\xE5\xA4\xA7",
    "\xE8\xA2\x8D",
    "\xE4\xBA\xAD",
    "\xE6\xB3\x89",
    "\xE7\x8E\x8B",
    "\xE5\xAE\xAB",
    "\xE8\x88\xB9",
    "\xE4\xB9\x90\xE8\xB1\xAA",
    "\xE5\x90\x88\xE7\x8E\xBA",
    "\xE4\xBA\x95",
    "\xE8\x88\x9F",
    "\xE9\xAA\xA8",
    "\xE5\xB1\xB1",
};

static const char* const t2757[] = {
    "\xE6\xB3\xBD\xE8\x89\xBA",
};

static const char* const t2758[] = {
    "\xE5\x85\xB9",
};

static const struct CjkWordGroup kCjkDict[] = {
    {"\xE4\xB8\x80", t0, 277},
    {"\xE4\xB8\x81", t1, 7},
    {"\xE4\xB8\x83", t2, 14},
    {"\xE4\xB8\x87", t3, 47},
    {"\xE4\xB8\x88", t4, 2},
    {"\xE4\xB8\x89", t5, 80},
    {"\xE4\xB8\x8A", t6, 84},
    {"\xE4\xB8\x8B", t7, 60},
    {"\xE4\xB8\x8D", t8, 186},
    {"\xE4\xB8\x8E", t9, 7},
    {"\xE4\xB8\x90", t10, 1},
    {"\xE4\xB8\x91", t11, 2},
    {"\xE4\xB8\x93", t12, 28},
    {"\xE4\xB8\x94", t13, 2},
    {"\xE4\xB8\x96", t14, 19},
    {"\xE4\xB8\x98", t15, 3},
    {"\xE4\xB8\x9A", t16, 8},
    {"\xE4\xB8\x9B", t17, 4},
    {"\xE4\xB8\x9C", t18, 52},
    {"\xE4\xB8\x9D", t19, 3},
    {"\xE4\xB8\x9E", t20, 1},
    {"\xE4\xB8\xA2", t21, 3},
    {"\xE4\xB8\xA4", t22, 89},
    {"\xE4\xB8\xA5", t23, 21},
    {"\xE4\xB8\xA7", t24, 4},
    {"\xE4\xB8\xAA", t25, 12},
    {"\xE4\xB8\xAB", t26, 3},
    {"\xE4\xB8\xAD", t27, 116},
    {"\xE4\xB8\xB0", t28, 7},
    {"\xE4\xB8\xB2", t29, 1},
    {"\xE4\xB8\xB4", t30, 9},
    {"\xE4\xB8\xB9", t31, 7},
    {"\xE4\xB8\xBA", t32, 22},
    {"\xE4\xB8\xBB", t33, 50},
    {"\xE4\xB8\xBD", t34, 1},
    {"\xE4\xB8\xBE", t35, 14},
    {"\xE4\xB9\x83", t36, 2},
    {"\xE4\xB9\x85", t37, 5},
    {"\xE4\xB9\x89", t38, 9},
    {"\xE4\xB9\x8B", t39, 15},
    {"\xE4\xB9\x8C", t40, 10},
    {"\xE4\xB9\x8F", t41, 1},
    {"\xE4\xB9\x90", t42, 11},
    {"\xE4\xB9\x92", t43, 1},
    {"\xE4\xB9\x94", t44, 4},
    {"\xE4\xB9\x96", t45, 1},
    {"\xE4\xB9\x98", t46, 8},
    {"\xE4\xB9\x99", t47, 4},
    {"\xE4\xB9\x9D", t48, 22},
    {"\xE4\xB9\x9E", t49, 1},
    {"\xE4\xB9\x9F", t50, 5},
    {"\xE4\xB9\xA0", t51, 5},
    {"\xE4\xB9\xA1", t52, 11},
    {"\xE4\xB9\xA6", t53, 21},
    {"\xE4\xB9\xB0", t54, 9},
    {"\xE4\xB9\xB1", t55, 4},
    {"\xE4\xB9\xB3", t56, 6},
    {"\xE4\xB9\xBE", t57, 2},
    {"\xE4\xBA\x86", t58, 4},
    {"\xE4\xBA\x88", t59, 1},
    {"\xE4\xBA\x89", t60, 11},
    {"\xE4\xBA\x8B", t61, 21},
    {"\xE4\xBA\x8C", t62, 56},
    {"\xE4\xBA\x8E", t63, 6},
    {"\xE4\xBA\x8F", t64, 1},
    {"\xE4\xBA\x91", t65, 10},
    {"\xE4\xBA\x92", t66, 9},
    {"\xE4\xBA\x94", t67, 49},
    {"\xE4\xBA\x95", t68, 2},
    {"\xE4\xBA\x9A", t69, 11},
    {"\xE4\xBA\xA1", t70, 1},
    {"\xE4\xBA\xA4", t71, 39},
    {"\xE4\xBA\xA6", t72, 1},
    {"\xE4\xBA\xA7", t73, 19},
    {"\xE4\xBA\xA8", t74, 2},
    {"\xE4\xBA\xAB", t75, 3},
    {"\xE4\xBA\xAC", t76, 14},
    {"\xE4\xBA\xAD", t77, 1},
    {"\xE4\xBA\xAE", t78, 4},
    {"\xE4\xBA\xB2", t79, 28},
    {"\xE4\xBA\xBA", t80, 71},
    {"\xE4\xBA\xBF", t81, 9},
    {"\xE4\xBB\x80", t82, 2},
    {"\xE4\xBB\x81", t83, 3},
    {"\xE4\xBB\x85", t84, 3},
    {"\xE4\xBB\x86", t85, 1},
    {"\xE4\xBB\x87", t86, 2},
    {"\xE4\xBB\x8A", t87, 8},
    {"\xE4\xBB\x8B", t88, 5},
    {"\xE4\xBB\x8D", t89, 2},
    {"\xE4\xBB\x8E", t90, 21},
    {"\xE4\xBB\x93", t91, 2},
    {"\xE4\xBB\x94", t92, 1},
    {"\xE4\xBB\x95", t93, 1},
    {"\xE4\xBB\x96", t94, 7},
    {"\xE4\xBB\x98", t95, 3},
    {"\xE4\xBB\x99", t96, 4},
    {"\xE4\xBB\xA1", t97, 1},
    {"\xE4\xBB\xA3", t98, 17},
    {"\xE4\xBB\xA4", t99, 5},
    {"\xE4\xBB\xA5", t100, 25},
    {"\xE4\xBB\xAA", t101, 4},
    {"\xE4\xBB\xB0", t102, 3},
    {"\xE4\xBB\xB2", t103, 1},
    {"\xE4\xBB\xB7", t104, 6},
    {"\xE4\xBB\xBB", t105, 20},
    {"\xE4\xBB\xBD", t106, 1},
    {"\xE4\xBB\xBF", t107, 5},
    {"\xE4\xBC\x81", t108, 4},
    {"\xE4\xBC\x8A", t109, 9},
    {"\xE4\xBC\x8D", t110, 4},
    {"\xE4\xBC\x8F", t111, 3},
    {"\xE4\xBC\x91", t112, 5},
    {"\xE4\xBC\x97", t113, 6},
    {"\xE4\xBC\x98", t114, 18},
    {"\xE4\xBC\x99", t115, 2},
    {"\xE4\xBC\x9A", t116, 24},
    {"\xE4\xBC\x9E", t117, 1},
    {"\xE4\xBC\x9F", t118, 1},
    {"\xE4\xBC\xA0", t119, 34},
    {"\xE4\xBC\xA4", t120, 11},
    {"\xE4\xBC\xA6", t121, 4},
    {"\xE4\xBC\xAA", t122, 3},
    {"\xE4\xBC\xAF", t123, 4},
    {"\xE4\xBC\xB0", t124, 3},
    {"\xE4\xBC\xB4", t125, 5},
    {"\xE4\xBC\xB8", t126, 5},
    {"\xE4\xBC\xBA", t127, 1},
    {"\xE4\xBC\xBC", t128, 3},
    {"\xE4\xBC\xBD", t129, 1},
    {"\xE4\xBD\x86", t130, 3},
    {"\xE4\xBD\x8D", t131, 5},
    {"\xE4\xBD\x8E", t132, 17},
    {"\xE4\xBD\x8F", t133, 6},
    {"\xE4\xBD\x93", t134, 30},
    {"\xE4\xBD\x95", t135, 25},
    {"\xE4\xBD\x99", t136, 16},
    {"\xE4\xBD\x9B", t137, 10},
    {"\xE4\xBD\x9C", t138, 20},
    {"\xE4\xBD\xA0", t139, 5},
    {"\xE4\xBD\xA3", t140, 1},
    {"\xE4\xBD\xA9", t141, 2},
    {"\xE4\xBD\xB3", t142, 1},
    {"\xE4\xBD\xBF", t143, 13},
    {"\xE4\xBE\x84", t144, 2},
    {"\xE4\xBE\x8B", t145, 4},
    {"\xE4\xBE\x8D", t146, 5},
    {"\xE4\xBE\x97", t147, 1},
    {"\xE4\xBE\x9B", t148, 9},
    {"\xE4\xBE\x9D", t149, 13},
    {"\xE4\xBE\xA0", t150, 2},
    {"\xE4\xBE\xA5", t151, 1},
    {"\xE4\xBE\xA6", t152, 3},
    {"\xE4\xBE\xA7", t153, 4},
    {"\xE4\xBE\xA8", t154, 1},
    {"\xE4\xBE\xAE", t155, 1},
    {"\xE4\xBE\xAF", t156, 4},
    {"\xE4\xBE\xB5", t157, 11},
    {"\xE4\xBE\xBF", t158, 9},
    {"\xE4\xBF\x83", t159, 4},
    {"\xE4\xBF\x84", t160, 5},
    {"\xE4\xBF\x97", t161, 3},
    {"\xE4\xBF\x98", t162, 2},
    {"\xE4\xBF\x9D", t163, 28},
    {"\xE4\xBF\x9E", t164, 4},
    {"\xE4\xBF\xA1", t165, 22},
    {"\xE4\xBF\xA8", t166, 1},
    {"\xE4\xBF\xAD", t167, 1},
    {"\xE4\xBF\xAE", t168, 17},
    {"\xE4\xBF\xAF", t169, 2},
    {"\xE4\xBF\xB1", t170, 2},
    {"\xE4\xBF\xB8", t171, 1},
    {"\xE4\xBF\xBA", t172, 1},
    {"\xE5\x80\x8F", t173, 1},
    {"\xE5\x80\x92", t174, 10},
    {"\xE5\x80\x94", t175, 1},
    {"\xE5\x80\x98", t176, 3},
    {"\xE5\x80\x99", t177, 3},
    {"\xE5\x80\x9F", t178, 12},
    {"\xE5\x80\xA1", t179, 2},
    {"\xE5\x80\xAA", t180, 2},
    {"\xE5\x80\xAD", t181, 1},
    {"\xE5\x80\xBA", t182, 4},
    {"\xE5\x80\xBC", t183, 3},
    {"\xE5\x80\xBE", t184, 7},
    {"\xE5\x81\x87", t185, 12},
    {"\xE5\x81\x8C", t186, 1},
    {"\xE5\x81\x8F", t187, 10},
    {"\xE5\x81\x9A", t188, 15},
    {"\xE5\x81\x9C", t189, 14},
    {"\xE5\x81\xA5", t190, 5},
    {"\xE5\x81\xB6", t191, 3},
    {"\xE5\x81\xB7", t192, 2},
    {"\xE5\x81\xBF", t193, 1},
    {"\xE5\x82\x80", t194, 1},
    {"\xE5\x82\x85", t195, 4},
    {"\xE5\x82\x8D", t196, 1},
    {"\xE5\x82\xA3", t197, 1},
    {"\xE5\x82\xA8", t198, 6},
    {"\xE5\x82\xAC", t199, 3},
    {"\xE5\x82\xB2", t200, 1},
    {"\xE5\x82\xBB", t201, 3},
    {"\xE5\x83\x8F", t202, 1},
    {"\xE5\x83\xA7", t203, 3},
    {"\xE5\x83\xB5", t204, 5},
    {"\xE5\x84\x92", t205, 3},
    {"\xE5\x84\xBF", t206, 5},
    {"\xE5\x85\x80", t207, 1},
    {"\xE5\x85\x81", t208, 1},
    {"\xE5\x85\x83", t209, 13},
    {"\xE5\x85\x84", t210, 3},
    {"\xE5\x85\x85", t211, 11},
    {"\xE5\x85\x88", t212, 19},
    {"\xE5\x85\x89", t213, 35},
    {"\xE5\x85\x8B", t214, 9},
    {"\xE5\x85\x8D", t215, 8},
    {"\xE5\x85\x91", t216, 2},
    {"\xE5\x85\x94", t217, 1},
    {"\xE5\x85\x9A", t218, 15},
    {"\xE5\x85\xA5", t219, 20},
    {"\xE5\x85\xA8", t220, 60},
    {"\xE5\x85\xAB", t221, 21},
    {"\xE5\x85\xAC", t222, 73},
    {"\xE5\x85\xAD", t223, 16},
    {"\xE5\x85\xB0", t224, 4},
    {"\xE5\x85\xB1", t225, 20},
    {"\xE5\x85\xB3", t226, 30},
    {"\xE5\x85\xB4", t227, 16},
    {"\xE5\x85\xB5", t228, 13},
    {"\xE5\x85\xB6", t229, 15},
    {"\xE5\x85\xB7", t230, 3},
    {"\xE5\x85\xB8", t231, 6},
    {"\xE5\x85\xBB", t232, 9},
    {"\xE5\x85\xBC", t233, 8},
    {"\xE5\x86\x85", t234, 29},
    {"\xE5\x86\x89", t235, 1},
    {"\xE5\x86\x8C", t236, 2},
    {"\xE5\x86\x8D", t237, 12},
    {"\xE5\x86\x92", t238, 5},
    {"\xE5\x86\x99", t239, 7},
    {"\xE5\x86\x9B", t240, 47},
    {"\xE5\x86\x9C", t241, 27},
    {"\xE5\x86\xA0", t242, 3},
    {"\xE5\x86\xA4", t243, 1},
    {"\xE5\x86\xAC", t244, 4},
    {"\xE5\x86\xAF", t245, 5},
    {"\xE5\x86\xB0", t246, 9},
    {"\xE5\x86\xB2", t247, 19},
    {"\xE5\x86\xB3", t248, 17},
    {"\xE5\x86\xB5", t249, 1},
    {"\xE5\x86\xB6", t250, 2},
    {"\xE5\x86\xB7", t251, 13},
    {"\xE5\x86\xBB", t252, 2},
    {"\xE5\x87\x80", t253, 2},
    {"\xE5\x87\x84", t254, 2},
    {"\xE5\x87\x86", t255, 7},
    {"\xE5\x87\x89", t256, 3},
    {"\xE5\x87\x8C", t257, 4},
    {"\xE5\x87\x8F", t258, 9},
    {"\xE5\x87\x91", t259, 3},
    {"\xE5\x87\x9B", t260, 1},
    {"\xE5\x87\x9D", t261, 8},
    {"\xE5\x87\xA0", t262, 51},
    {"\xE5\x87\xA1", t263, 2},
    {"\xE5\x87\xA4", t264, 6},
    {"\xE5\x87\xAD", t265, 3},
    {"\xE5\x87\xAF", t266, 2},
    {"\xE5\x87\xB3", t267, 1},
    {"\xE5\x87\xB6", t268, 5},
    {"\xE5\x87\xB8", t269, 1},
    {"\xE5\x87\xBA", t270, 79},
    {"\xE5\x87\xBB", t271, 7},
    {"\xE5\x87\xBD", t272, 1},
    {"\xE5\x88\x80", t273, 6},
    {"\xE5\x88\x86", t274, 65},
    {"\xE5\x88\x87", t275, 6},
    {"\xE5\x88\x8A", t276, 2},
    {"\xE5\x88\x91", t277, 5},
    {"\xE5\x88\x92", t278, 6},
    {"\xE5\x88\x97", t279, 11},
    {"\xE5\x88\x98", t280, 37},
    {"\xE5\x88\x9A", t281, 6},
    {"\xE5\x88\x9B", t282, 20},
    {"\xE5\x88\x9D", t283, 14},
    {"\xE5\x88\xA0", t284, 1},
    {"\xE5\x88\xA4", t285, 6},
    {"\xE5\x88\xA9", t286, 17},
    {"\xE5\x88\xAB", t287, 11},
    {"\xE5\x88\xAE", t288, 1},
    {"\xE5\x88\xB0", t289, 10},
    {"\xE5\x88\xB6", t290, 22},
    {"\xE5\x88\xB7", t291, 2},
    {"\xE5\x88\xB8", t292, 2},
    {"\xE5\x88\xB9", t293, 1},
    {"\xE5\x88\xBA", t294, 8},
    {"\xE5\x88\xBB", t295, 5},
    {"\xE5\x89\x82", t296, 1},
    {"\xE5\x89\x8A", t297, 2},
    {"\xE5\x89\x8D", t298, 43},
    {"\xE5\x89\x91", t299, 4},
    {"\xE5\x89\x96", t300, 1},
    {"\xE5\x89\xA5", t301, 4},
    {"\xE5\x89\xA7", t302, 15},
    {"\xE5\x89\xA9", t303, 5},
    {"\xE5\x89\xAA", t304, 1},
    {"\xE5\x89\xAF", t305, 6},
    {"\xE5\x89\xB2", t306, 3},
    {"\xE5\x89\xBF", t307, 1},
    {"\xE5\x8A\x9B", t308, 9},
    {"\xE5\x8A\x9D", t309, 3},
    {"\xE5\x8A\x9E", t310, 11},
    {"\xE5\x8A\x9F", t311, 14},
    {"\xE5\x8A\xA0", t312, 32},
    {"\xE5\x8A\xA1", t313, 2},
    {"\xE5\x8A\xA3", t314, 1},
    {"\xE5\x8A\xA8", t315, 29},
    {"\xE5\x8A\xA9", t316, 5},
    {"\xE5\x8A\xAA", t317, 2},
    {"\xE5\x8A\xB2", t318, 5},
    {"\xE5\x8A\xB3", t319, 11},
    {"\xE5\x8A\xBF", t320, 3},
    {"\xE5\x8B\x87", t321, 5},
    {"\xE5\x8B\x89", t322, 1},
    {"\xE5\x8B\x8B", t323, 1},
    {"\xE5\x8B\x92", t324, 1},
    {"\xE5\x8B\x98", t325, 2},
    {"\xE5\x8B\x9F", t326, 3},
    {"\xE5\x8B\xA4", t327, 3},
    {"\xE5\x8B\xBE", t328, 2},
    {"\xE5\x8C\x80", t329, 1},
    {"\xE5\x8C\x85", t330, 12},
    {"\xE5\x8C\x86", t331, 2},
    {"\xE5\x8C\x88", t332, 2},
    {"\xE5\x8C\x95", t333, 1},
    {"\xE5\x8C\x96", t334, 20},
    {"\xE5\x8C\x97", t335, 50},
    {"\xE5\x8C\xA3", t336, 1},
    {"\xE5\x8C\xAA", t337, 1},
    {"\xE5\x8C\xAE", t338, 1},
    {"\xE5\x8C\xB9", t339, 1},
    {"\xE5\x8C\xBA", t340, 12},
    {"\xE5\x8C\xBB", t341, 11},
    {"\xE5\x8C\xBE", t342, 1},
    {"\xE5\x8D\x81", t343, 61},
    {"\xE5\x8D\x83", t344, 22},
    {"\xE5\x8D\x87", t345, 15},
    {"\xE5\x8D\x88", t346, 5},
    {"\xE5\x8D\x8A", t347, 27},
    {"\xE5\x8D\x8E", t348, 22},
    {"\xE5\x8D\x8F", t349, 10},
    {"\xE5\x8D\x91", t350, 2},
    {"\xE5\x8D\x93", t351, 3},
    {"\xE5\x8D\x95", t352, 24},
    {"\xE5\x8D\x96", t353, 5},
    {"\xE5\x8D\x97", t354, 59},
    {"\xE5\x8D\x9A", t355, 7},
    {"\xE5\x8D\x9C", t356, 1},
    {"\xE5\x8D\xA0", t357, 7},
    {"\xE5\x8D\xA1", t358, 3},
    {"\xE5\x8D\xA2", t359, 6},
    {"\xE5\x8D\xA4", t360, 1},
    {"\xE5\x8D\xA7", t361, 2},
    {"\xE5\x8D\xAB", t362, 11},
    {"\xE5\x8D\xB0", t363, 14},
    {"\xE5\x8D\xB1", t364, 9},
    {"\xE5\x8D\xB3", t365, 9},
    {"\xE5\x8D\xB4", t366, 2},
    {"\xE5\x8D\xB5", t367, 1},
    {"\xE5\x8D\xB7", t368, 4},
    {"\xE5\x8E\x82", t369, 5},
    {"\xE5\x8E\x84", t370, 1},
    {"\xE5\x8E\x85", t371, 2},
    {"\xE5\x8E\x86", t372, 13},
    {"\xE5\x8E\x89", t373, 3},
    {"\xE5\x8E\x8B", t374, 9},
    {"\xE5\x8E\x8C", t375, 3},
    {"\xE5\x8E\x95", t376, 1},
    {"\xE5\x8E\x98", t377, 1},
    {"\xE5\x8E\x9A", t378, 3},
    {"\xE5\x8E\x9F", t379, 36},
    {"\xE5\x8E\xA2", t380, 1},
    {"\xE5\x8E\xA6", t381, 1},
    {"\xE5\x8E\xA8", t382, 2},
    {"\xE5\x8E\xAE", t383, 1},
    {"\xE5\x8E\xBB", t384, 9},
    {"\xE5\x8E\xBF", t385, 14},
    {"\xE5\x8F\x82", t386, 18},
    {"\xE5\x8F\x88", t387, 3},
    {"\xE5\x8F\x8A", t388, 4},
    {"\xE5\x8F\x8B", t389, 5},
    {"\xE5\x8F\x8C", t390, 23},
    {"\xE5\x8F\x8D", t391, 37},
    {"\xE5\x8F\x91", t392, 66},
    {"\xE5\x8F\x94", t393, 3},
    {"\xE5\x8F\x96", t394, 16},
    {"\xE5\x8F\x97", t395, 19},
    {"\xE5\x8F\x98", t396, 23},
    {"\xE5\x8F\x99", t397, 3},
    {"\xE5\x8F\x9B", t398, 5},
    {"\xE5\x8F\xA0", t399, 1},
    {"\xE5\x8F\xA3", t400, 17},
    {"\xE5\x8F\xA4", t401, 36},
    {"\xE5\x8F\xA5", t402, 1},
    {"\xE5\x8F\xA6", t403, 3},
    {"\xE5\x8F\xA9", t404, 1},
    {"\xE5\x8F\xAA", t405, 15},
    {"\xE5\x8F\xAB", t406, 9},
    {"\xE5\x8F\xAC", t407, 5},
    {"\xE5\x8F\xAE", t408, 1},
    {"\xE5\x8F\xAF", t409, 40},
    {"\xE5\x8F\xB0", t410, 14},
    {"\xE5\x8F\xB2", t411, 14},
    {"\xE5\x8F\xB3", t412, 10},
    {"\xE5\x8F\xB6", t413, 10},
    {"\xE5\x8F\xB7", t414, 5},
    {"\xE5\x8F\xB8", t415, 13},
    {"\xE5\x8F\xB9", t416, 2},
    {"\xE5\x90\x83", t417, 9},
    {"\xE5\x90\x84", t418, 35},
    {"\xE5\x90\x86", t419, 1},
    {"\xE5\x90\x88", t420, 27},
    {"\xE5\x90\x89", t421, 10},
    {"\xE5\x90\x8A", t422, 3},
    {"\xE5\x90\x8C", t423, 33},
    {"\xE5\x90\x8D", t424, 43},
    {"\xE5\x90\x8E", t425, 40},
    {"\xE5\x90\x8F", t426, 1},
    {"\xE5\x90\x90", t427, 3},
    {"\xE5\x90\x91", t428, 11},
    {"\xE5\x90\x93", t429, 4},
    {"\xE5\x90\x95", t430, 2},
    {"\xE5\x90\x9B", t431, 6},
    {"\xE5\x90\x9E", t432, 3},
    {"\xE5\x90\xA6", t433, 4},
    {"\xE5\x90\xA8", t434, 1},
    {"\xE5\x90\xA9", t435, 1},
    {"\xE5\x90\xAB", t436, 8},
    {"\xE5\x90\xAC", t437, 13},
    {"\xE5\x90\xAD", t438, 1},
    {"\xE5\x90\xAF", t439, 8},
    {"\xE5\x90\xB4", t440, 17},
    {"\xE5\x90\xB5", t441, 2},
    {"\xE5\x90\xB8", t442, 9},
    {"\xE5\x90\xB9", t443, 1},
    {"\xE5\x90\xBB", t444, 1},
    {"\xE5\x90\xBC", t445, 2},
    {"\xE5\x91\x86", t446, 2},
    {"\xE5\x91\x88", t447, 1},
    {"\xE5\x91\x8A", t448, 8},
    {"\xE5\x91\x90", t449, 1},
    {"\xE5\x91\x95", t450, 1},
    {"\xE5\x91\x98", t451, 1},
    {"\xE5\x91\x9C", t452, 1},
    {"\xE5\x91\xA8", t453, 42},
    {"\xE5\x91\xB3", t454, 2},
    {"\xE5\x91\xBB", t455, 1},
    {"\xE5\x91\xBC", t456, 14},
    {"\xE5\x91\xBD", t457, 7},
    {"\xE5\x92\x80", t458, 1},
    {"\xE5\x92\x86", t459, 1},
    {"\xE5\x92\x8C", t460, 10},
    {"\xE5\x92\x92", t461, 1},
    {"\xE5\x92\x95", t462, 2},
    {"\xE5\x92\x96", t463, 1},
    {"\xE5\x92\x9A", t464, 1},
    {"\xE5\x92\xA8", t465, 1},
    {"\xE5\x92\xAC", t466, 2},
    {"\xE5\x92\xB1", t467, 3},
    {"\xE5\x92\xB3", t468, 1},
    {"\xE5\x92\xB8", t469, 7},
    {"\xE5\x92\xBD", t470, 1},
    {"\xE5\x93\x80", t471, 1},
    {"\xE5\x93\x81", t472, 10},
    {"\xE5\x93\x86", t473, 1},
    {"\xE5\x93\x87", t474, 1},
    {"\xE5\x93\x88", t475, 10},
    {"\xE5\x93\x8D", t476, 6},
    {"\xE5\x93\x8E", t477, 2},
    {"\xE5\x93\x91", t478, 1},
    {"\xE5\x93\xA5", t479, 4},
    {"\xE5\x93\xA8", t480, 1},
    {"\xE5\x93\xAA", t481, 5},
    {"\xE5\x93\xAD", t482, 2},
    {"\xE5\x93\xAE", t483, 1},
    {"\xE5\x93\xB2", t484, 3},
    {"\xE5\x93\xBA", t485, 1},
    {"\xE5\x93\xBC", t486, 1},
    {"\xE5\x93\xBD", t487, 1},
    {"\xE5\x94\x86", t488, 1},
    {"\xE5\x94\x90", t489, 13},
    {"\xE5\x94\xA4", t490, 2},
    {"\xE5\x94\xA7", t491, 1},
    {"\xE5\x94\xAE", t492, 1},
    {"\xE5\x94\xAF", t493, 6},
    {"\xE5\x94\xB1", t494, 4},
    {"\xE5\x94\xBE", t495, 1},
    {"\xE5\x95\x86", t496, 33},
    {"\xE5\x95\x8A", t497, 1},
    {"\xE5\x95\xA4", t498, 1},
    {"\xE5\x95\xBC", t499, 1},
    {"\xE5\x96\x80", t500, 2},
    {"\xE5\x96\x82", t501, 1},
    {"\xE5\x96\x83", t502, 1},
    {"\xE5\x96\x84", t503, 6},
    {"\xE5\x96\x87", t504, 2},
    {"\xE5\x96\x89", t505, 2},
    {"\xE5\x96\x8A", t506, 3},
    {"\xE5\x96\x98", t507, 2},
    {"\xE5\x96\x9C", t508, 9},
    {"\xE5\x96\x9D", t509, 8},
    {"\xE5\x96\xA7", t510, 2},
    {"\xE5\x96\xB7", t511, 4},
    {"\xE5\x96\xBB", t512, 2},
    {"\xE5\x96\xBD", t513, 1},
    {"\xE5\x97\x85", t514, 1},
    {"\xE5\x97\x93", t515, 3},
    {"\xE5\x97\xA1", t516, 1},
    {"\xE5\x98\x80", t517, 1},
    {"\xE5\x98\x88", t518, 1},
    {"\xE5\x98\x89", t519, 6},
    {"\xE5\x98\xB1", t520, 1},
    {"\xE5\x98\xB2", t521, 2},
    {"\xE5\x98\xB4", t522, 5},
    {"\xE5\x98\xB6", t523, 1},
    {"\xE5\x98\xBF", t524, 1},
    {"\xE5\x99\xA8", t525, 8},
    {"\xE5\x99\xA9", t526, 1},
    {"\xE5\x99\xAA", t527, 2},
    {"\xE5\x9A\xA3", t528, 1},
    {"\xE5\x9A\xB7", t529, 1},
    {"\xE5\x9B\x9A", t530, 2},
    {"\xE5\x9B\x9B", t531, 44},
    {"\xE5\x9B\x9E", t532, 37},
    {"\xE5\x9B\xA0", t533, 8},
    {"\xE5\x9B\xA2", t534, 9},
    {"\xE5\x9B\xAD", t535, 7},
    {"\xE5\x9B\xB0", t536, 4},
    {"\xE5\x9B\xB4", t537, 10},
    {"\xE5\x9B\xBA", t538, 8},
    {"\xE5\x9B\xBD", t539, 63},
    {"\xE5\x9B\xBE", t540, 15},
    {"\xE5\x9C\x86", t541, 7},
    {"\xE5\x9C\x88", t542, 2},
    {"\xE5\x9C\x9F", t543, 22},
    {"\xE5\x9C\xA3", t544, 10},
    {"\xE5\x9C\xA8", t545, 16},
    {"\xE5\x9C\xAA", t546, 1},
    {"\xE5\x9C\xB0", t547, 58},
    {"\xE5\x9C\xBA", t548, 6},
    {"\xE5\x9D\x87", t549, 2},
    {"\xE5\x9D\x8E", t550, 1},
    {"\xE5\x9D\x8F", t551, 3},
    {"\xE5\x9D\x90", t552, 7},
    {"\xE5\x9D\x91", t553, 2},
    {"\xE5\x9D\x9A", t554, 11},
    {"\xE5\x9D\x9F", t555, 1},
    {"\xE5\x9D\xA1", t556, 1},
    {"\xE5\x9D\xA4", t557, 1},
    {"\xE5\x9D\xA6", t558, 7},
    {"\xE5\x9E\x82", t559, 4},
    {"\xE5\x9E\x83", t560, 1},
    {"\xE5\x9E\x84", t561, 1},
    {"\xE5\x9E\x8B", t562, 3},
    {"\xE5\x9E\x9B", t563, 1},
    {"\xE5\x9F\x83", t564, 1},
    {"\xE5\x9F\x8B", t565, 5},
    {"\xE5\x9F\x8E", t566, 26},
    {"\xE5\x9F\x9F", t567, 1},
    {"\xE5\x9F\xB9", t568, 5},
    {"\xE5\x9F\xBA", t569, 20},
    {"\xE5\xA0\x82", t570, 3},
    {"\xE5\xA0\x86", t571, 1},
    {"\xE5\xA0\x95", t572, 1},
    {"\xE5\xA0\xA1", t573, 1},
    {"\xE5\xA0\xA4", t574, 1},
    {"\xE5\xA0\xAA", t575, 1},
    {"\xE5\xA0\xB0", t576, 2},
    {"\xE5\xA0\xB5", t577, 3},
    {"\xE5\xA1\x91", t578, 4},
    {"\xE5\xA1\x94", t579, 1},
    {"\xE5\xA1\x98", t580, 1},
    {"\xE5\xA1\x9E", t581, 1},
    {"\xE5\xA1\xAB", t582, 4},
    {"\xE5\xA2\x83", t583, 5},
    {"\xE5\xA2\x93", t584, 6},
    {"\xE5\xA2\x99", t585, 3},
    {"\xE5\xA2\x9E", t586, 25},
    {"\xE5\xA2\xA8", t587, 3},
    {"\xE5\xA2\xA9", t588, 1},
    {"\xE5\xA3\x81", t589, 2},
    {"\xE5\xA3\xAB", t590, 6},
    {"\xE5\xA3\xAC", t591, 1},
    {"\xE5\xA3\xAE", t592, 7},
    {"\xE5\xA3\xB0", t593, 17},
    {"\xE5\xA4\x84", t594, 13},
    {"\xE5\xA4\x87", t595, 8},
    {"\xE5\xA4\x8D", t596, 20},
    {"\xE5\xA4\x8F", t597, 10},
    {"\xE5\xA4\x95", t598, 1},
    {"\xE5\xA4\x96", t599, 53},
    {"\xE5\xA4\x9A", t600, 56},
    {"\xE5\xA4\x9C", t601, 7},
    {"\xE5\xA4\xA7", t602, 232},
    {"\xE5\xA4\xA9", t603, 68},
    {"\xE5\xA4\xAA", t604, 35},
    {"\xE5\xA4\xAB", t605, 5},
    {"\xE5\xA4\xAE", t606, 2},
    {"\xE5\xA4\xB1", t607, 21},
    {"\xE5\xA4\xB4", t608, 24},
    {"\xE5\xA4\xB7", t609, 2},
    {"\xE5\xA4\xB8", t610, 4},
    {"\xE5\xA4\xB9", t611, 3},
    {"\xE5\xA4\xBA", t612, 6},
    {"\xE5\xA5\x87", t613, 8},
    {"\xE5\xA5\x88", t614, 1},
    {"\xE5\xA5\x89", t615, 7},
    {"\xE5\xA5\x8B", t616, 6},
    {"\xE5\xA5\x8F", t617, 3},
    {"\xE5\xA5\x91", t618, 3},
    {"\xE5\xA5\x94", t619, 6},
    {"\xE5\xA5\x96", t620, 6},
    {"\xE5\xA5\x97", t621, 1},
    {"\xE5\xA5\xA0", t622, 2},
    {"\xE5\xA5\xA2", t623, 3},
    {"\xE5\xA5\xA5", t624, 8},
    {"\xE5\xA5\xB3", t625, 23},
    {"\xE5\xA5\xB4", t626, 8},
    {"\xE5\xA5\xB6", t627, 2},
    {"\xE5\xA5\xB8", t628, 4},
    {"\xE5\xA5\xB9", t629, 2},
    {"\xE5\xA5\xBD", t630, 36},
    {"\xE5\xA6\x82", t631, 16},
    {"\xE5\xA6\x84", t632, 2},
    {"\xE5\xA6\x87", t633, 5},
    {"\xE5\xA6\x88", t634, 1},
    {"\xE5\xA6\x8A", t635, 1},
    {"\xE5\xA6\x93", t636, 2},
    {"\xE5\xA6\x96", t637, 3},
    {"\xE5\xA6\x99", t638, 1},
    {"\xE5\xA6\xA5", t639, 3},
    {"\xE5\xA6\xA8", t640, 1},
    {"\xE5\xA6\xA9", t641, 1},
    {"\xE5\xA6\xB9", t642, 3},
    {"\xE5\xA6\xBB", t643, 1},
    {"\xE5\xA7\x8A", t644, 2},
    {"\xE5\xA7\x8B", t645, 4},
    {"\xE5\xA7\x90", t646, 3},
    {"\xE5\xA7\x91", t647, 5},
    {"\xE5\xA7\x93", t648, 2},
    {"\xE5\xA7\x94", t649, 12},
    {"\xE5\xA7\x9A", t650, 4},
    {"\xE5\xA7\x9C", t651, 2},
    {"\xE5\xA7\xA5", t652, 1},
    {"\xE5\xA7\xA8", t653, 2},
    {"\xE5\xA7\xBF", t654, 2},
    {"\xE5\xA8\x81", t655, 12},
    {"\xE5\xA8\x83", t656, 2},
    {"\xE5\xA8\x98", t657, 4},
    {"\xE5\xA8\xB1", t658, 1},
    {"\xE5\xA8\xB4", t659, 1},
    {"\xE5\xA9\x86", t660, 3},
    {"\xE5\xA9\x89", t661, 1},
    {"\xE5\xA9\x8A", t662, 1},
    {"\xE5\xA9\x9A", t663, 5},
    {"\xE5\xA9\xB4", t664, 1},
    {"\xE5\xA9\xB6", t665, 1},
    {"\xE5\xAA\x92", t666, 2},
    {"\xE5\xAA\x9A", t667, 1},
    {"\xE5\xAA\xB2", t668, 1},
    {"\xE5\xAA\xB3", t669, 1},
    {"\xE5\xAB\x82", t670, 2},
    {"\xE5\xAB\x89", t671, 1},
    {"\xE5\xAB\x8C", t672, 1},
    {"\xE5\xAB\x94", t673, 1},
    {"\xE5\xAB\x98", t674, 1},
    {"\xE5\xAB\xA6", t675, 1},
    {"\xE5\xAD\x90", t676, 11},
    {"\xE5\xAD\x94", t677, 5},
    {"\xE5\xAD\x95", t678, 2},
    {"\xE5\xAD\x97", t679, 15},
    {"\xE5\xAD\x98", t680, 8},
    {"\xE5\xAD\x99", t681, 21},
    {"\xE5\xAD\x9D", t682, 8},
    {"\xE5\xAD\x9F", t683, 6},
    {"\xE5\xAD\xA2", t684, 1},
    {"\xE5\xAD\xA3", t685, 9},
    {"\xE5\xAD\xA4", t686, 4},
    {"\xE5\xAD\xA6", t687, 37},
    {"\xE5\xAD\xA9", t688, 2},
    {"\xE5\xAD\xB5", t689, 1},
    {"\xE5\xAE\x81", t690, 6},
    {"\xE5\xAE\x83", t691, 1},
    {"\xE5\xAE\x85", t692, 1},
    {"\xE5\xAE\x87", t693, 2},
    {"\xE5\xAE\x88", t694, 7},
    {"\xE5\xAE\x89", t695, 35},
    {"\xE5\xAE\x8B", t696, 10},
    {"\xE5\xAE\x8C", t697, 13},
    {"\xE5\xAE\x8F", t698, 4},
    {"\xE5\xAE\x97", t699, 9},
    {"\xE5\xAE\x98", t700, 22},
    {"\xE5\xAE\x99", t701, 1},
    {"\xE5\xAE\x9A", t702, 22},
    {"\xE5\xAE\x9B", t703, 1},
    {"\xE5\xAE\x9C", t704, 9},
    {"\xE5\xAE\x9D", t705, 15},
    {"\xE5\xAE\x9E", t706, 39},
    {"\xE5\xAE\xA0", t707, 2},
    {"\xE5\xAE\xA1", t708, 17},
    {"\xE5\xAE\xA2", t709, 16},
    {"\xE5\xAE\xA3", t710, 18},
    {"\xE5\xAE\xA4", t711, 2},
    {"\xE5\xAE\xA6", t712, 1},
    {"\xE5\xAE\xAA", t713, 5},
    {"\xE5\xAE\xAB", t714, 12},
    {"\xE5\xAE\xB0", t715, 2},
    {"\xE5\xAE\xB3", t716, 5},
    {"\xE5\xAE\xB4", t717, 2},
    {"\xE5\xAE\xB6", t718, 28},
    {"\xE5\xAE\xB9", t719, 9},
    {"\xE5\xAE\xBD", t720, 9},
    {"\xE5\xAE\xBE", t721, 2},
    {"\xE5\xAE\xBF", t722, 2},
    {"\xE5\xAF\x82", t723, 2},
    {"\xE5\xAF\x84", t724, 4},
    {"\xE5\xAF\x86", t725, 10},
    {"\xE5\xAF\x8C", t726, 15},
    {"\xE5\xAF\x92", t727, 6},
    {"\xE5\xAF\x93", t728, 2},
    {"\xE5\xAF\x9D", t729, 2},
    {"\xE5\xAF\x9F", t730, 3},
    {"\xE5\xAF\xA1", t731, 2},
    {"\xE5\xAF\xA8", t732, 1},
    {"\xE5\xAF\xB9", t733, 32},
    {"\xE5\xAF\xBA", t734, 3},
    {"\xE5\xAF\xBB", t735, 6},
    {"\xE5\xAF\xBC", t736, 13},
    {"\xE5\xAF\xBF", t737, 1},
    {"\xE5\xB0\x81", t738, 13},
    {"\xE5\xB0\x84", t739, 8},
    {"\xE5\xB0\x86", t740, 8},
    {"\xE5\xB0\x89", t741, 2},
    {"\xE5\xB0\x8A", t742, 5},
    {"\xE5\xB0\x8F", t743, 78},
    {"\xE5\xB0\x91", t744, 16},
    {"\xE5\xB0\x94", t745, 1},
    {"\xE5\xB0\x96", t746, 5},
    {"\xE5\xB0\x98", t747, 2},
    {"\xE5\xB0\x9A", t748, 6},
    {"\xE5\xB0\x9D", t749, 2},
    {"\xE5\xB0\xA4", t750, 3},
    {"\xE5\xB0\xB1", t751, 14},
    {"\xE5\xB0\xB4", t752, 1},
    {"\xE5\xB0\xB8", t753, 4},
    {"\xE5\xB0\xB9", t754, 5},
    {"\xE5\xB0\xBA", t755, 2},
    {"\xE5\xB0\xBC", t756, 6},
    {"\xE5\xB0\xBD", t757, 11},
    {"\xE5\xB0\xBE", t758, 5},
    {"\xE5\xB0\xBF", t759, 1},
    {"\xE5\xB1\x80", t760, 6},
    {"\xE5\xB1\x81", t761, 1},
    {"\xE5\xB1\x82", t762, 4},
    {"\xE5\xB1\x85", t763, 10},
    {"\xE5\xB1\x88", t764, 4},
    {"\xE5\xB1\x8A", t765, 1},
    {"\xE5\xB1\x8B", t766, 7},
    {"\xE5\xB1\x8F", t767, 3},
    {"\xE5\xB1\x95", t768, 7},
    {"\xE5\xB1\x9E", t769, 4},
    {"\xE5\xB1\xA0", t770, 3},
    {"\xE5\xB1\xA1", t771, 2},
    {"\xE5\xB1\xA5", t772, 2},
    {"\xE5\xB1\xAF", t773, 3},
    {"\xE5\xB1\xB1", t774, 51},
    {"\xE5\xB2\x81", t775, 1},
    {"\xE5\xB2\x82", t776, 3},
    {"\xE5\xB2\x91", t777, 1},
    {"\xE5\xB2\x97", t778, 2},
    {"\xE5\xB2\x9B", t779, 5},
    {"\xE5\xB2\xA9", t780, 5},
    {"\xE5\xB2\xAD", t781, 2},
    {"\xE5\xB2\xB3", t782, 6},
    {"\xE5\xB2\xB8", t783, 2},
    {"\xE5\xB3\xA1", t784, 1},
    {"\xE5\xB3\xA8", t785, 1},
    {"\xE5\xB3\xAD", t786, 1},
    {"\xE5\xB3\xB0", t787, 1},
    {"\xE5\xB4\x86", t788, 1},
    {"\xE5\xB4\x87", t789, 6},
    {"\xE5\xB4\x8E", t790, 1},
    {"\xE5\xB4\x9B", t791, 1},
    {"\xE5\xB4\xA9", t792, 1},
    {"\xE5\xB4\xAD", t793, 1},
    {"\xE5\xB5\xA9", t794, 1},
    {"\xE5\xB7\x8D", t795, 1},
    {"\xE5\xB7\x9E", t796, 3},
    {"\xE5\xB7\xA1", t797, 8},
    {"\xE5\xB7\xA5", t798, 44},
    {"\xE5\xB7\xA6", t799, 12},
    {"\xE5\xB7\xA7", t800, 4},
    {"\xE5\xB7\xA8", t801, 8},
    {"\xE5\xB7\xA9", t802, 1},
    {"\xE5\xB7\xAB", t803, 1},
    {"\xE5\xB7\xAE", t804, 11},
    {"\xE5\xB7\xB1", t805, 1},
    {"\xE5\xB7\xB2", t806, 5},
    {"\xE5\xB7\xB4", t807, 16},
    {"\xE5\xB8\x82", t808, 18},
    {"\xE5\xB8\x83", t809, 12},
    {"\xE5\xB8\x86", t810, 1},
    {"\xE5\xB8\x88", t811, 22},
    {"\xE5\xB8\x8C", t812, 4},
    {"\xE5\xB8\x90", t813, 1},
    {"\xE5\xB8\x96", t814, 1},
    {"\xE5\xB8\x98", t815, 1},
    {"\xE5\xB8\x9D", t816, 5},
    {"\xE5\xB8\xA6", t817, 14},
    {"\xE5\xB8\xAD", t818, 2},
    {"\xE5\xB8\xAE", t819, 5},
    {"\xE5\xB8\xB7", t820, 1},
    {"\xE5\xB8\xB8", t821, 23},
    {"\xE5\xB8\xBD", t822, 1},
    {"\xE5\xB9\x85", t823, 1},
    {"\xE5\xB9\x95", t824, 3},
    {"\xE5\xB9\xB2", t825, 22},
    {"\xE5\xB9\xB3", t826, 43},
    {"\xE5\xB9\xB4", t827, 26},
    {"\xE5\xB9\xB6", t828, 12},
    {"\xE5\xB9\xB8", t829, 5},
    {"\xE5\xB9\xBB", t830, 2},
    {"\xE5\xB9\xBC", t831, 7},
    {"\xE5\xB9\xBD", t832, 5},
    {"\xE5\xB9\xBF", t833, 17},
    {"\xE5\xBA\x84", t834, 11},
    {"\xE5\xBA\x86", t835, 4},
    {"\xE5\xBA\x87", t836, 1},
    {"\xE5\xBA\x8A", t837, 4},
    {"\xE5\xBA\x8F", t838, 2},
    {"\xE5\xBA\x90", t839, 2},
    {"\xE5\xBA\x93", t840, 1},
    {"\xE5\xBA\x94", t841, 21},
    {"\xE5\xBA\x95", t842, 7},
    {"\xE5\xBA\x97", t843, 4},
    {"\xE5\xBA\x99", t844, 3},
    {"\xE5\xBA\x9C", t845, 1},
    {"\xE5\xBA\x9E", t846, 3},
    {"\xE5\xBA\x9F", t847, 7},
    {"\xE5\xBA\xA6", t848, 3},
    {"\xE5\xBA\xA7", t849, 4},
    {"\xE5\xBA\xAD", t850, 2},
    {"\xE5\xBA\xB5", t851, 1},
    {"\xE5\xBA\xB6", t852, 1},
    {"\xE5\xBA\xB7", t853, 4},
    {"\xE5\xBA\xB8", t854, 1},
    {"\xE5\xBA\xB9", t855, 2},
    {"\xE5\xBB\x89", t856, 3},
    {"\xE5\xBB\xB6", t857, 9},
    {"\xE5\xBB\xB7", t858, 1},
    {"\xE5\xBB\xBA", t859, 29},
    {"\xE5\xBC\x80", t860, 59},
    {"\xE5\xBC\x82", t861, 5},
    {"\xE5\xBC\x83", t862, 1},
    {"\xE5\xBC\x84", t863, 2},
    {"\xE5\xBC\x8A", t864, 1},
    {"\xE5\xBC\x8F", t865, 1},
    {"\xE5\xBC\x93", t866, 1},
    {"\xE5\xBC\x95", t867, 21},
    {"\xE5\xBC\x98", t868, 2},
    {"\xE5\xBC\x9F", t869, 3},
    {"\xE5\xBC\xA0", t870, 51},
    {"\xE5\xBC\xA5", t871, 2},
    {"\xE5\xBC\xA7", t872, 1},
    {"\xE5\xBC\xAF", t873, 2},
    {"\xE5\xBC\xB1", t874, 3},
    {"\xE5\xBC\xB9", t875, 10},
    {"\xE5\xBC\xBA", t876, 27},
    {"\xE5\xBD\x92", t877, 13},
    {"\xE5\xBD\x93", t878, 38},
    {"\xE5\xBD\x95", t879, 5},
    {"\xE5\xBD\x97", t880, 1},
    {"\xE5\xBD\x9D", t881, 1},
    {"\xE5\xBD\xA2", t882, 11},
    {"\xE5\xBD\xA9", t883, 9},
    {"\xE5\xBD\xAD", t884, 7},
    {"\xE5\xBD\xB1", t885, 8},
    {"\xE5\xBD\xBB", t886, 1},
    {"\xE5\xBD\xBC", t887, 3},
    {"\xE5\xBE\x80", t888, 10},
    {"\xE5\xBE\x81", t889, 9},
    {"\xE5\xBE\x84", t890, 4},
    {"\xE5\xBE\x85", t891, 3},
    {"\xE5\xBE\x88", t892, 7},
    {"\xE5\xBE\x8B", t893, 1},
    {"\xE5\xBE\x90", t894, 20},
    {"\xE5\xBE\x92", t895, 3},
    {"\xE5\xBE\x97", t896, 18},
    {"\xE5\xBE\x98", t897, 1},
    {"\xE5\xBE\xA1", t898, 4},
    {"\xE5\xBE\xAA", t899, 1},
    {"\xE5\xBE\xAD", t900, 1},
    {"\xE5\xBE\xAE", t901, 20},
    {"\xE5\xBE\xB7", t902, 13},
    {"\xE5\xBE\xBD", t903, 1},
    {"\xE5\xBF\x83", t904, 43},
    {"\xE5\xBF\x85", t905, 12},
    {"\xE5\xBF\x8C", t906, 2},
    {"\xE5\xBF\x8D", t907, 4},
    {"\xE5\xBF\x8F", t908, 1},
    {"\xE5\xBF\x97", t909, 4},
    {"\xE5\xBF\x98", t910, 3},
    {"\xE5\xBF\x99", t911, 3},
    {"\xE5\xBF\xA0", t912, 6},
    {"\xE5\xBF\xA7", t913, 5},
    {"\xE5\xBF\xAB", t914, 10},
    {"\xE5\xBF\xB5", t915, 5},
    {"\xE5\xBF\xBD", t916, 6},
    {"\xE6\x80\x80", t917, 8},
    {"\xE6\x80\x81", t918, 2},
    {"\xE6\x80\x8E", t919, 5},
    {"\xE6\x80\x92", t920, 4},
    {"\xE6\x80\x95", t921, 1},
    {"\xE6\x80\x9C", t922, 2},
    {"\xE6\x80\x9D", t923, 12},
    {"\xE6\x80\xA0", t924, 1},
    {"\xE6\x80\xA1", t925, 1},
    {"\xE6\x80\xA5", t926, 12},
    {"\xE6\x80\xA6", t927, 1},
    {"\xE6\x80\xA7", t928, 14},
    {"\xE6\x80\xA8", t929, 1},
    {"\xE6\x80\xAA", t930, 4},
    {"\xE6\x80\xBB", t931, 46},
    {"\xE6\x81\x8B", t932, 2},
    {"\xE6\x81\x8D", t933, 3},
    {"\xE6\x81\x90", t934, 6},
    {"\xE6\x81\x92", t935, 4},
    {"\xE6\x81\x95", t936, 1},
    {"\xE6\x81\xA2", t937, 1},
    {"\xE6\x81\xA8", t938, 1},
    {"\xE6\x81\xA9", t939, 6},
    {"\xE6\x81\xAA", t940, 1},
    {"\xE6\x81\xAD", t941, 4},
    {"\xE6\x81\xAF", t942, 1},
    {"\xE6\x81\xB0", t943, 4},
    {"\xE6\x81\xB3", t944, 1},
    {"\xE6\x81\xB6", t945, 12},
    {"\xE6\x81\xBB", t946, 1},
    {"\xE6\x81\xBC", t947, 2},
    {"\xE6\x82\x84", t948, 5},
    {"\xE6\x82\x89", t949, 1},
    {"\xE6\x82\x96", t950, 1},
    {"\xE6\x82\xA0", t951, 3},
    {"\xE6\x82\xA3", t952, 4},
    {"\xE6\x82\xAC", t953, 6},
    {"\xE6\x82\xB2", t954, 8},
    {"\xE6\x82\xBC", t955, 1},
    {"\xE6\x83\x85", t956, 21},
    {"\xE6\x83\x8A", t957, 21},
    {"\xE6\x83\x8B", t958, 1},
    {"\xE6\x83\x9F", t959, 3},
    {"\xE6\x83\xA6", t960, 1},
    {"\xE6\x83\xA7", t961, 1},
    {"\xE6\x83\xA8", t962, 7},
    {"\xE6\x83\xA9", t963, 4},
    {"\xE6\x83\xAC", t964, 1},
    {"\xE6\x83\xAD", t965, 1},
    {"\xE6\x83\xAF", t966, 2},
    {"\xE6\x83\xB3", t967, 15},
    {"\xE6\x83\xB6", t968, 1},
    {"\xE6\x84\x88", t969, 5},
    {"\xE6\x84\x89", t970, 2},
    {"\xE6\x84\x8F", t971, 21},
    {"\xE6\x84\x95", t972, 1},
    {"\xE6\x84\x9A", t973, 2},
    {"\xE6\x84\x9F", t974, 17},
    {"\xE6\x84\xA3", t975, 1},
    {"\xE6\x84\xA4", t976, 3},
    {"\xE6\x84\xBF", t977, 2},
    {"\xE6\x85\x88", t978, 5},
    {"\xE6\x85\x8C", t979, 3},
    {"\xE6\x85\x8E", t980, 1},
    {"\xE6\x85\x95", t981, 5},
    {"\xE6\x85\xA2", t982, 2},
    {"\xE6\x85\xB0", t983, 1},
    {"\xE6\x85\xB7", t984, 2},
    {"\xE6\x86\x8E", t985, 1},
    {"\xE6\x86\x94", t986, 1},
    {"\xE6\x86\xA7", t987, 1},
    {"\xE6\x87\x82", t988, 2},
    {"\xE6\x87\x8A", t989, 1},
    {"\xE6\x87\x92", t990, 1},
    {"\xE6\x88\x88", t991, 1},
    {"\xE6\x88\x8E", t992, 1},
    {"\xE6\x88\x8F", t993, 5},
    {"\xE6\x88\x90", t994, 45},
    {"\xE6\x88\x91", t995, 11},
    {"\xE6\x88\x92", t996, 4},
    {"\xE6\x88\x96", t997, 5},
    {"\xE6\x88\x98", t998, 39},
    {"\xE6\x88\x9A", t999, 1},
    {"\xE6\x88\xAA", t1000, 5},
    {"\xE6\x88\xB4", t1001, 2},
    {"\xE6\x88\xB7", t1002, 4},
    {"\xE6\x88\xBF", t1003, 12},
    {"\xE6\x89\x80", t1004, 23},
    {"\xE6\x89\x81", t1005, 2},
    {"\xE6\x89\x87", t1006, 2},
    {"\xE6\x89\x8B", t1007, 38},
    {"\xE6\x89\x8D", t1008, 2},
    {"\xE6\x89\x8E", t1009, 3},
    {"\xE6\x89\x91", t1010, 2},
    {"\xE6\x89\x93", t1011, 44},
    {"\xE6\x89\x94", t1012, 2},
    {"\xE6\x89\x98", t1013, 4},
    {"\xE6\x89\xA3", t1014, 2},
    {"\xE6\x89\xA7", t1015, 12},
    {"\xE6\x89\xA9", t1016, 6},
    {"\xE6\x89\xAB", t1017, 6},
    {"\xE6\x89\xAC", t1018, 4},
    {"\xE6\x89\xAD", t1019, 3},
    {"\xE6\x89\xAE", t1020, 1},
    {"\xE6\x89\xB0", t1021, 1},
    {"\xE6\x89\xB6", t1022, 3},
    {"\xE6\x89\xB9", t1023, 8},
    {"\xE6\x89\xBE", t1024, 3},
    {"\xE6\x89\xBF", t1025, 9},
    {"\xE6\x8A\x80", t1026, 8},
    {"\xE6\x8A\x84", t1027, 1},
    {"\xE6\x8A\x89", t1028, 1},
    {"\xE6\x8A\x8A", t1029, 5},
    {"\xE6\x8A\x91", t1030, 3},
    {"\xE6\x8A\x92", t1031, 2},
    {"\xE6\x8A\x93", t1032, 4},
    {"\xE6\x8A\x95", t1033, 18},
    {"\xE6\x8A\x96", t1034, 1},
    {"\xE6\x8A\x97", t1035, 19},
    {"\xE6\x8A\x98", t1036, 10},
    {"\xE6\x8A\x9A", t1037, 3},
    {"\xE6\x8A\x9B", t1038, 1},
    {"\xE6\x8A\xA2", t1039, 6},
    {"\xE6\x8A\xA4", t1040, 7},
    {"\xE6\x8A\xA5", t1041, 20},
    {"\xE6\x8A\xA8", t1042, 1},
    {"\xE6\x8A\xAB", t1043, 4},
    {"\xE6\x8A\xAC", t1044, 4},
    {"\xE6\x8A\xB1", t1045, 5},
    {"\xE6\x8A\xB5", t1046, 8},
    {"\xE6\x8A\xBD", t1047, 8},
    {"\xE6\x8B\x82", t1048, 1},
    {"\xE6\x8B\x85", t1049, 8},
    {"\xE6\x8B\x86", t1050, 4},
    {"\xE6\x8B\x87", t1051, 1},
    {"\xE6\x8B\x88", t1052, 1},
    {"\xE6\x8B\x89", t1053, 11},
    {"\xE6\x8B\x8D", t1054, 8},
    {"\xE6\x8B\x90", t1055, 1},
    {"\xE6\x8B\x92", t1056, 1},
    {"\xE6\x8B\x93", t1057, 3},
    {"\xE6\x8B\x94", t1058, 3},
    {"\xE6\x8B\x96", t1059, 3},
    {"\xE6\x8B\x98", t1060, 1},
    {"\xE6\x8B\x9A", t1061, 1},
    {"\xE6\x8B\x9B", t1062, 20},
    {"\xE6\x8B\x9C", t1063, 4},
    {"\xE6\x8B\x9F", t1064, 1},
    {"\xE6\x8B\xA5", t1065, 6},
    {"\xE6\x8B\xA6", t1066, 4},
    {"\xE6\x8B\xA8", t1067, 4},
    {"\xE6\x8B\xA9", t1068, 2},
    {"\xE6\x8B\xAF", t1069, 1},
    {"\xE6\x8B\xB1", t1070, 2},
    {"\xE6\x8B\xB3", t1071, 4},
    {"\xE6\x8B\xBC", t1072, 4},
    {"\xE6\x8B\xBE", t1073, 1},
    {"\xE6\x8B\xBF", t1074, 5},
    {"\xE6\x8C\x81", t1075, 5},
    {"\xE6\x8C\x82", t1076, 3},
    {"\xE6\x8C\x87", t1077, 30},
    {"\xE6\x8C\x89", t1078, 7},
    {"\xE6\x8C\x91", t1079, 5},
    {"\xE6\x8C\x96", t1080, 2},
    {"\xE6\x8C\xA1", t1081, 1},
    {"\xE6\x8C\xA3", t1082, 3},
    {"\xE6\x8C\xA4", t1083, 3},
    {"\xE6\x8C\xA5", t1084, 4},
    {"\xE6\x8C\xA8", t1085, 2},
    {"\xE6\x8C\xAA", t1086, 1},
    {"\xE6\x8C\xAB", t1087, 2},
    {"\xE6\x8C\xAF", t1088, 6},
    {"\xE6\x8C\xBA", t1089, 2},
    {"\xE6\x8C\xBD", t1090, 2},
    {"\xE6\x8D\x82", t1091, 1},
    {"\xE6\x8D\x86", t1092, 1},
    {"\xE6\x8D\x89", t1093, 2},
    {"\xE6\x8D\x8D", t1094, 1},
    {"\xE6\x8D\x90", t1095, 3},
    {"\xE6\x8D\x95", t1096, 6},
    {"\xE6\x8D\x9F", t1097, 5},
    {"\xE6\x8D\xA2", t1098, 7},
    {"\xE6\x8D\xA3", t1099, 2},
    {"\xE6\x8D\xAE", t1100, 5},
    {"\xE6\x8D\xB7", t1101, 2},
    {"\xE6\x8E\x80", t1102, 2},
    {"\xE6\x8E\x87", t1103, 1},
    {"\xE6\x8E\x88", t1104, 3},
    {"\xE6\x8E\x89", t1105, 1},
    {"\xE6\x8E\x8C", t1106, 11},
    {"\xE6\x8E\x8F", t1107, 1},
    {"\xE6\x8E\x92", t1108, 20},
    {"\xE6\x8E\xA0", t1109, 2},
    {"\xE6\x8E\xA2", t1110, 14},
    {"\xE6\x8E\xA5", t1111, 27},
    {"\xE6\x8E\xA7", t1112, 5},
    {"\xE6\x8E\xA8", t1113, 26},
    {"\xE6\x8E\xA9", t1114, 4},
    {"\xE6\x8E\xAA", t1115, 2},
    {"\xE6\x8E\xB3", t1116, 1},
    {"\xE6\x8F\x8F", t1117, 3},
    {"\xE6\x8F\x90", t1118, 26},
    {"\xE6\x8F\x92", t1119, 5},
    {"\xE6\x8F\xA1", t1120, 2},
    {"\xE6\x8F\xA3", t1121, 1},
    {"\xE6\x8F\xAD", t1122, 5},
    {"\xE6\x8F\xB4", t1123, 3},
    {"\xE6\x90\x80", t1124, 1},
    {"\xE6\x90\x85", t1125, 1},
    {"\xE6\x90\x8F", t1126, 1},
    {"\xE6\x90\x9C", t1127, 8},
    {"\xE6\x90\x9E", t1128, 2},
    {"\xE6\x90\xAC", t1129, 4},
    {"\xE6\x90\xAD", t1130, 3},
    {"\xE6\x90\xBA", t1131, 2},
    {"\xE6\x91\x84", t1132, 8},
    {"\xE6\x91\x86", t1133, 9},
    {"\xE6\x91\x87", t1134, 7},
    {"\xE6\x91\x8A", t1135, 2},
    {"\xE6\x91\x94", t1136, 2},
    {"\xE6\x91\x98", t1137, 1},
    {"\xE6\x91\xA7", t1138, 2},
    {"\xE6\x91\xA9", t1139, 4},
    {"\xE6\x91\xB8", t1140, 3},
    {"\xE6\x92\x87", t1141, 1},
    {"\xE6\x92\x92", t1142, 4},
    {"\xE6\x92\x95", t1143, 1},
    {"\xE6\x92\x9E", t1144, 2},
    {"\xE6\x92\xA4", t1145, 8},
    {"\xE6\x92\xAC", t1146, 1},
    {"\xE6\x92\xAD", t1147, 3},
    {"\xE6\x92\xB0", t1148, 2},
    {"\xE6\x93\x82", t1149, 2},
    {"\xE6\x93\x85", t1150, 2},
    {"\xE6\x93\x8D", t1151, 7},
    {"\xE6\x93\x92", t1152, 1},
    {"\xE6\x94\x80", t1153, 1},
    {"\xE6\x94\xAB", t1154, 1},
    {"\xE6\x94\xAF", t1155, 16},
    {"\xE6\x94\xB6", t1156, 23},
    {"\xE6\x94\xB8", t1157, 1},
    {"\xE6\x94\xB9", t1158, 25},
    {"\xE6\x94\xBB", t1159, 16},
    {"\xE6\x94\xBE", t1160, 34},
    {"\xE6\x94\xBF", t1161, 26},
    {"\xE6\x95\x85", t1162, 11},
    {"\xE6\x95\x88", t1163, 8},
    {"\xE6\x95\x8C", t1164, 10},
    {"\xE6\x95\x8F", t1165, 3},
    {"\xE6\x95\x91", t1166, 12},
    {"\xE6\x95\x99", t1167, 32},
    {"\xE6\x95\x9E", t1168, 1},
    {"\xE6\x95\xA2", t1169, 1},
    {"\xE6\x95\xA3", t1170, 10},
    {"\xE6\x95\xA6", t1171, 2},
    {"\xE6\x95\xAC", t1172, 7},
    {"\xE6\x95\xB0", t1173, 30},
    {"\xE6\x95\xB2", t1174, 1},
    {"\xE6\x95\xB4", t1175, 16},
    {"\xE6\x95\xB7", t1176, 1},
    {"\xE6\x96\x87", t1177, 53},
    {"\xE6\x96\x8B", t1178, 1},
    {"\xE6\x96\x91", t1179, 3},
    {"\xE6\x96\x97", t1180, 3},
    {"\xE6\x96\x99", t1181, 3},
    {"\xE6\x96\x9C", t1182, 2},
    {"\xE6\x96\x9F", t1183, 1},
    {"\xE6\x96\xA5", t1184, 1},
    {"\xE6\x96\xA9", t1185, 2},
    {"\xE6\x96\xAD", t1186, 8},
    {"\xE6\x96\xAF", t1187, 7},
    {"\xE6\x96\xB0", t1188, 64},
    {"\xE6\x96\xB9", t1189, 24},
    {"\xE6\x96\xBD", t1190, 9},
    {"\xE6\x97\x81", t1191, 4},
    {"\xE6\x97\x85", t1192, 13},
    {"\xE6\x97\x8B", t1193, 4},
    {"\xE6\x97\x8C", t1194, 1},
    {"\xE6\x97\x8F", t1195, 2},
    {"\xE6\x97\x97", t1196, 7},
    {"\xE6\x97\xA0", t1197, 74},
    {"\xE6\x97\xA2", t1198, 4},
    {"\xE6\x97\xA5", t1199, 31},
    {"\xE6\x97\xA7", t1200, 6},
    {"\xE6\x97\xA8", t1201, 2},
    {"\xE6\x97\xA9", t1202, 14},
    {"\xE6\x97\xB6", t1203, 28},
    {"\xE6\x97\xB7", t1204, 1},
    {"\xE6\x97\xBA", t1205, 1},
    {"\xE6\x98\x82", t1206, 1},
    {"\xE6\x98\x86", t1207, 4},
    {"\xE6\x98\x8E", t1208, 37},
    {"\xE6\x98\x8F", t1209, 2},
    {"\xE6\x98\x93", t1210, 3},
    {"\xE6\x98\x94", t1211, 1},
    {"\xE6\x98\x9F", t1212, 17},
    {"\xE6\x98\xA0", t1213, 1},
    {"\xE6\x98\xA5", t1214, 7},
    {"\xE6\x98\xA8", t1215, 5},
    {"\xE6\x98\xAD", t1216, 1},
    {"\xE6\x98\xAF", t1217, 5},
    {"\xE6\x98\xBC", t1218, 1},
    {"\xE6\x98\xBE", t1219, 12},
    {"\xE6\x99\x83", t1220, 1},
    {"\xE6\x99\x8B", t1221, 3},
    {"\xE6\x99\x92", t1222, 1},
    {"\xE6\x99\x93", t1223, 1},
    {"\xE6\x99\x95", t1224, 1},
    {"\xE6\x99\x9A", t1225, 10},
    {"\xE6\x99\xA6", t1226, 1},
    {"\xE6\x99\xA8", t1227, 1},
    {"\xE6\x99\xAE", t1228, 11},
    {"\xE6\x99\xAF", t1229, 8},
    {"\xE6\x99\xB4", t1230, 2},
    {"\xE6\x99\xB6", t1231, 4},
    {"\xE6\x99\xBA", t1232, 5},
    {"\xE6\x9A\x82", t1233, 4},
    {"\xE6\x9A\x91", t1234, 1},
    {"\xE6\x9A\x96", t1235, 3},
    {"\xE6\x9A\x97", t1236, 11},
    {"\xE6\x9A\xAE", t1237, 1},
    {"\xE6\x9A\xB4", t1238, 7},
    {"\xE6\x9B\x99", t1239, 1},
    {"\xE6\x9B\x9D", t1240, 1},
    {"\xE6\x9B\xB2", t1241, 8},
    {"\xE6\x9B\xB4", t1242, 13},
    {"\xE6\x9B\xB9", t1243, 7},
    {"\xE6\x9B\xBC", t1244, 2},
    {"\xE6\x9B\xBE", t1245, 8},
    {"\xE6\x9B\xBF", t1246, 3},
    {"\xE6\x9C\x80", t1247, 24},
    {"\xE6\x9C\x88", t1248, 13},
    {"\xE6\x9C\x89", t1249, 62},
    {"\xE6\x9C\x8B", t1250, 1},
    {"\xE6\x9C\x8D", t1251, 11},
    {"\xE6\x9C\x97", t1252, 1},
    {"\xE6\x9C\x9B", t1253, 4},
    {"\xE6\x9C\x9D", t1254, 16},
    {"\xE6\x9C\x9F", t1255, 8},
    {"\xE6\x9C\xA6", t1256, 1},
    {"\xE6\x9C\xA8", t1257, 19},
    {"\xE6\x9C\xAA", t1258, 13},
    {"\xE6\x9C\xAB", t1259, 3},
    {"\xE6\x9C\xAC", t1260, 41},
    {"\xE6\x9C\xAF", t1261, 2},
    {"\xE6\x9C\xB1", t1262, 21},
    {"\xE6\x9C\xB4", t1263, 2},
    {"\xE6\x9C\xBA", t1264, 34},
    {"\xE6\x9D\x80", t1265, 13},
    {"\xE6\x9D\x82", t1266, 8},
    {"\xE6\x9D\x83", t1267, 10},
    {"\xE6\x9D\x86", t1268, 2},
    {"\xE6\x9D\x89", t1269, 1},
    {"\xE6\x9D\x8E", t1270, 57},
    {"\xE6\x9D\x90", t1271, 1},
    {"\xE6\x9D\x91", t1272, 8},
    {"\xE6\x9D\x9C", t1273, 8},
    {"\xE6\x9D\x9E", t1274, 1},
    {"\xE6\x9D\x9F", t1275, 2},
    {"\xE6\x9D\xA0", t1276, 1},
    {"\xE6\x9D\xA1", t1277, 6},
    {"\xE6\x9D\xA5", t1278, 21},
    {"\xE6\x9D\xA8", t1279, 32},
    {"\xE6\x9D\xAD", t1280, 3},
    {"\xE6\x9D\xAF", t1281, 1},
    {"\xE6\x9D\xB0", t1282, 2},
    {"\xE6\x9D\xBE", t1283, 15},
    {"\xE6\x9D\xBF", t1284, 3},
    {"\xE6\x9E\x81", t1285, 17},
    {"\xE6\x9E\x84", t1286, 8},
    {"\xE6\x9E\x95", t1287, 1},
    {"\xE6\x9E\x97", t1288, 15},
    {"\xE6\x9E\x9C", t1289, 9},
    {"\xE6\x9E\x9D", t1290, 3},
    {"\xE6\x9E\xA2", t1291, 2},
    {"\xE6\x9E\xA3", t1292, 2},
    {"\xE6\x9E\xAA", t1293, 8},
    {"\xE6\x9E\xAF", t1294, 1},
    {"\xE6\x9E\xB6", t1295, 6},
    {"\xE6\x9E\xB8", t1296, 1},
    {"\xE6\x9F\x8F", t1297, 3},
    {"\xE6\x9F\x90", t1298, 5},
    {"\xE6\x9F\x91", t1299, 1},
    {"\xE6\x9F\x93", t1300, 5},
    {"\xE6\x9F\x94", t1301, 3},
    {"\xE6\x9F\x9C", t1302, 2},
    {"\xE6\x9F\xA5", t1303, 8},
    {"\xE6\x9F\xAC", t1304, 1},
    {"\xE6\x9F\xAF", t1305, 3},
    {"\xE6\x9F\xB1", t1306, 3},
    {"\xE6\x9F\xB3", t1307, 4},
    {"\xE6\x9F\xB4", t1308, 3},
    {"\xE6\xA0\x87", t1309, 12},
    {"\xE6\xA0\x8F", t1310, 2},
    {"\xE6\xA0\x91", t1311, 11},
    {"\xE6\xA0\x96", t1312, 1},
    {"\xE6\xA0\x97", t1313, 1},
    {"\xE6\xA0\xA1", t1314, 5},
    {"\xE6\xA0\xB7", t1315, 5},
    {"\xE6\xA0\xB8", t1316, 17},
    {"\xE6\xA0\xB9", t1317, 7},
    {"\xE6\xA0\xBC", t1318, 6},
    {"\xE6\xA0\xBD", t1319, 1},
    {"\xE6\xA1\x82", t1320, 4},
    {"\xE6\xA1\x83", t1321, 3},
    {"\xE6\xA1\x86", t1322, 1},
    {"\xE6\xA1\x88", t1323, 4},
    {"\xE6\xA1\x8C", t1324, 5},
    {"\xE6\xA1\x90", t1325, 1},
    {"\xE6\xA1\x91", t1326, 1},
    {"\xE6\xA1\xA3", t1327, 2},
    {"\xE6\xA1\xA5", t1328, 6},
    {"\xE6\xA2\x81", t1329, 7},
    {"\xE6\xA2\x85", t1330, 6},
    {"\xE6\xA2\x93", t1331, 1},
    {"\xE6\xA2\xA6", t1332, 5},
    {"\xE6\xA2\xAF", t1333, 2},
    {"\xE6\xA2\xB3", t1334, 1},
    {"\xE6\xA3\x80", t1335, 12},
    {"\xE6\xA3\x89", t1336, 7},
    {"\xE6\xA3\x8B", t1337, 3},
    {"\xE6\xA3\x8D", t1338, 2},
    {"\xE6\xA3\x95", t1339, 2},
    {"\xE6\xA3\x98", t1340, 1},
    {"\xE6\xA3\x9A", t1341, 1},
    {"\xE6\xA3\xAE", t1342, 3},
    {"\xE6\xA3\xB1", t1343, 1},
    {"\xE6\xA3\xBA", t1344, 3},
    {"\xE6\xA4\x85", t1345, 1},
    {"\xE6\xA4\x8D", t1346, 5},
    {"\xE6\xA4\xAD", t1347, 2},
    {"\xE6\xA4\xB0", t1348, 1},
    {"\xE6\xA5\x9A", t1349, 7},
    {"\xE6\xA5\xA0", t1350, 2},
    {"\xE6\xA5\xB7", t1351, 1},
    {"\xE6\xA5\xBC", t1352, 8},
    {"\xE6\xA6\x82", t1353, 8},
    {"\xE6\xA6\x9C", t1354, 2},
    {"\xE6\xA6\xA8", t1355, 2},
    {"\xE6\xA6\xB4", t1356, 2},
    {"\xE6\xA7\x90", t1357, 1},
    {"\xE6\xA8\x8A", t1358, 3},
    {"\xE6\xA8\xA1", t1359, 10},
    {"\xE6\xA8\xAA", t1360, 10},
    {"\xE6\xA8\xB1", t1361, 1},
    {"\xE6\xA9\xA1", t1362, 2},
    {"\xE6\xAC\xA0", t1363, 2},
    {"\xE6\xAC\xA1", t1364, 8},
    {"\xE6\xAC\xA2", t1365, 7},
    {"\xE6\xAC\xA3", t1366, 4},
    {"\xE6\xAC\xA7", t1367, 13},
    {"\xE6\xAC\xB2", t1368, 1},
    {"\xE6\xAC\xBA", t1369, 5},
    {"\xE6\xAC\xBE", t1370, 2},
    {"\xE6\xAD\x87", t1371, 2},
    {"\xE6\xAD\x8C", t1372, 10},
    {"\xE6\xAD\xA2", t1373, 3},
    {"\xE6\xAD\xA3", t1374, 36},
    {"\xE6\xAD\xA4", t1375, 24},
    {"\xE6\xAD\xA5", t1376, 9},
    {"\xE6\xAD\xA6", t1377, 41},
    {"\xE6\xAD\xA7", t1378, 1},
    {"\xE6\xAD\xAA", t1379, 1},
    {"\xE6\xAD\xBB", t1380, 12},
    {"\xE6\xAD\xBC", t1381, 3},
    {"\xE6\xAE\x86", t1382, 1},
    {"\xE6\xAE\x89", t1383, 1},
    {"\xE6\xAE\x8A", t1384, 2},
    {"\xE6\xAE\x8B", t1385, 10},
    {"\xE6\xAE\x96", t1386, 4},
    {"\xE6\xAE\xA1", t1387, 1},
    {"\xE6\xAE\xB5", t1388, 3},
    {"\xE6\xAE\xB7", t1389, 6},
    {"\xE6\xAE\xBF", t1390, 4},
    {"\xE6\xAF\x81", t1391, 4},
    {"\xE6\xAF\x85", t1392, 2},
    {"\xE6\xAF\x8B", t1393, 1},
    {"\xE6\xAF\x8D", t1394, 5},
    {"\xE6\xAF\x8F", t1395, 16},
    {"\xE6\xAF\x92", t1396, 9},
    {"\xE6\xAF\x94", t1397, 21},
    {"\xE6\xAF\x95", t1398, 7},
    {"\xE6\xAF\x97", t1399, 1},
    {"\xE6\xAF\x99", t1400, 1},
    {"\xE6\xAF\x9B", t1401, 11},
    {"\xE6\xAF\xAB", t1402, 7},
    {"\xE6\xB0\x8F", t1403, 1},
    {"\xE6\xB0\x91", t1404, 35},
    {"\xE6\xB0\x94", t1405, 26},
    {"\xE6\xB0\x9B", t1406, 1},
    {"\xE6\xB0\xA2", t1407, 1},
    {"\xE6\xB0\xA7", t1408, 4},
    {"\xE6\xB0\xA8", t1409, 3},
    {"\xE6\xB0\xB4", t1410, 62},
    {"\xE6\xB0\xB8", t1411, 11},
    {"\xE6\xB1\x82", t1412, 11},
    {"\xE6\xB1\x87", t1413, 10},
    {"\xE6\xB1\x89", t1414, 32},
    {"\xE6\xB1\x95", t1415, 1},
    {"\xE6\xB1\x97", t1416, 1},
    {"\xE6\xB1\x9B", t1417, 1},
    {"\xE6\xB1\x9F", t1418, 42},
    {"\xE6\xB1\xA0", t1419, 5},
    {"\xE6\xB1\xA1", t1420, 3},
    {"\xE6\xB1\xA4", t1421, 6},
    {"\xE6\xB1\xAA", t1422, 5},
    {"\xE6\xB1\xB2", t1423, 1},
    {"\xE6\xB1\xB6", t1424, 1},
    {"\xE6\xB1\xB9", t1425, 1},
    {"\xE6\xB1\xBD", t1426, 4},
    {"\xE6\xB2\x88", t1427, 6},
    {"\xE6\xB2\x89", t1428, 18},
    {"\xE6\xB2\x90", t1429, 1},
    {"\xE6\xB2\x94", t1430, 1},
    {"\xE6\xB2\x99", t1431, 23},
    {"\xE6\xB2\x9F", t1432, 2},
    {"\xE6\xB2\xA1", t1433, 10},
    {"\xE6\xB2\xA5", t1434, 1},
    {"\xE6\xB2\xA6", t1435, 2},
    {"\xE6\xB2\xA7", t1436, 3},
    {"\xE6\xB2\xAE", t1437, 1},
    {"\xE6\xB2\xB3", t1438, 33},
    {"\xE6\xB2\xB8", t1439, 2},
    {"\xE6\xB2\xB9", t1440, 14},
    {"\xE6\xB2\xBB", t1441, 8},
    {"\xE6\xB2\xBC", t1442, 2},
    {"\xE6\xB2\xBF", t1443, 10},
    {"\xE6\xB3\x84", t1444, 2},
    {"\xE6\xB3\x89", t1445, 2},
    {"\xE6\xB3\x8A", t1446, 1},
    {"\xE6\xB3\x95", t1447, 29},
    {"\xE6\xB3\x9B", t1448, 1},
    {"\xE6\xB3\xA1", t1449, 1},
    {"\xE6\xB3\xA2", t1450, 12},
    {"\xE6\xB3\xA5", t1451, 4},
    {"\xE6\xB3\xA8", t1452, 11},
    {"\xE6\xB3\xAA", t1453, 3},
    {"\xE6\xB3\xB0", t1454, 4},
    {"\xE6\xB4\x81", t1455, 2},
    {"\xE6\xB4\x8B", t1456, 5},
    {"\xE6\xB4\x97", t1457, 8},
    {"\xE6\xB4\x9B", t1458, 5},
    {"\xE6\xB4\x9E", t1459, 6},
    {"\xE6\xB4\xA5", t1460, 3},
    {"\xE6\xB4\xAA", t1461, 12},
    {"\xE6\xB4\xBB", t1462, 14},
    {"\xE6\xB4\xBC", t1463, 1},
    {"\xE6\xB4\xBE", t1464, 7},
    {"\xE6\xB5\x81", t1465, 38},
    {"\xE6\xB5\x85", t1466, 4},
    {"\xE6\xB5\x87", t1467, 1},
    {"\xE6\xB5\x8B", t1468, 7},
    {"\xE6\xB5\x8E", t1469, 2},
    {"\xE6\xB5\x8F", t1470, 1},
    {"\xE6\xB5\x91", t1471, 2},
    {"\xE6\xB5\x93", t1472, 7},
    {"\xE6\xB5\x99", t1473, 3},
    {"\xE6\xB5\xA0", t1474, 2},
    {"\xE6\xB5\xA6", t1475, 1},
    {"\xE6\xB5\xA9", t1476, 2},
    {"\xE6\xB5\xAA", t1477, 4},
    {"\xE6\xB5\xAE", t1478, 4},
    {"\xE6\xB5\xB7", t1479, 45},
    {"\xE6\xB5\xB8", t1480, 2},
    {"\xE6\xB6\x82", t1481, 4},
    {"\xE6\xB6\x88", t1482, 17},
    {"\xE6\xB6\x89", t1483, 4},
    {"\xE6\xB6\x8C", t1484, 3},
    {"\xE6\xB6\xA1", t1485, 1},
    {"\xE6\xB6\xA8", t1486, 3},
    {"\xE6\xB6\xB2", t1487, 5},
    {"\xE6\xB6\xB5", t1488, 1},
    {"\xE6\xB7\x80", t1489, 1},
    {"\xE6\xB7\x8B", t1490, 2},
    {"\xE6\xB7\x98", t1491, 1},
    {"\xE6\xB7\x99", t1492, 1},
    {"\xE6\xB7\xA1", t1493, 6},
    {"\xE6\xB7\xA4", t1494, 2},
    {"\xE6\xB7\xAE", t1495, 2},
    {"\xE6\xB7\xB1", t1496, 29},
    {"\xE6\xB7\xB7", t1497, 11},
    {"\xE6\xB7\xB9", t1498, 2},
    {"\xE6\xB7\xBB", t1499, 2},
    {"\xE6\xB8\x85", t1500, 44},
    {"\xE6\xB8\x8A", t1501, 1},
    {"\xE6\xB8\x90", t1502, 2},
    {"\xE6\xB8\x94", t1503, 6},
    {"\xE6\xB8\x97", t1504, 3},
    {"\xE6\xB8\xA0", t1505, 1},
    {"\xE6\xB8\xA1", t1506, 4},
    {"\xE6\xB8\xA4", t1507, 1},
    {"\xE6\xB8\xA9", t1508, 13},
    {"\xE6\xB8\xAF", t1509, 4},
    {"\xE6\xB8\xB2", t1510, 1},
    {"\xE6\xB8\xB4", t1511, 1},
    {"\xE6\xB8\xB8", t1512, 20},
    {"\xE6\xB8\xBA", t1513, 1},
    {"\xE6\xB9\x96", t1514, 16},
    {"\xE6\xB9\x98", t1515, 5},
    {"\xE6\xB9\xBF", t1516, 4},
    {"\xE6\xBA\x83", t1517, 2},
    {"\xE6\xBA\x90", t1518, 5},
    {"\xE6\xBA\xA5", t1519, 1},
    {"\xE6\xBA\xAA", t1520, 2},
    {"\xE6\xBA\xB6", t1521, 4},
    {"\xE6\xBB\x8B", t1522, 4},
    {"\xE6\xBB\x91", t1523, 2},
    {"\xE6\xBB\x94", t1524, 1},
    {"\xE6\xBB\x95", t1525, 1},
    {"\xE6\xBB\x9A", t1526, 2},
    {"\xE6\xBB\x9E", t1527, 1},
    {"\xE6\xBB\xA1", t1528, 17},
    {"\xE6\xBB\xA5", t1529, 1},
    {"\xE6\xBB\xA8", t1530, 1},
    {"\xE6\xBB\xB4", t1531, 1},
    {"\xE6\xBC\x82", t1532, 3},
    {"\xE6\xBC\x86", t1533, 3},
    {"\xE6\xBC\x8F", t1534, 1},
    {"\xE6\xBC\x94", t1535, 13},
    {"\xE6\xBC\x95", t1536, 1},
    {"\xE6\xBC\xA0", t1537, 1},
    {"\xE6\xBC\xAB", t1538, 5},
    {"\xE6\xBC\xB3", t1539, 1},
    {"\xE6\xBD\x87", t1540, 2},
    {"\xE6\xBD\x98", t1541, 1},
    {"\xE6\xBD\x9C", t1542, 10},
    {"\xE6\xBD\xAE", t1543, 4},
    {"\xE6\xBD\xBC", t1544, 1},
    {"\xE6\xBE\x84", t1545, 1},
    {"\xE6\xBE\xB3", t1546, 3},
    {"\xE6\xBF\x80", t1547, 17},
    {"\xE6\xBF\x92", t1548, 1},
    {"\xE7\x80\x91", t1549, 1},
    {"\xE7\x81\x8C", t1550, 3},
    {"\xE7\x81\xAB", t1551, 32},
    {"\xE7\x81\xAD", t1552, 3},
    {"\xE7\x81\xAF", t1553, 3},
    {"\xE7\x81\xB0", t1554, 4},
    {"\xE7\x81\xB5", t1555, 8},
    {"\xE7\x81\xB6", t1556, 1},
    {"\xE7\x81\xBE", t1557, 4},
    {"\xE7\x81\xBF", t1558, 1},
    {"\xE7\x82\x89", t1559, 2},
    {"\xE7\x82\x8E", t1560, 3},
    {"\xE7\x82\x92", t1561, 6},
    {"\xE7\x82\xAB", t1562, 1},
    {"\xE7\x82\xAD", t1563, 1},
    {"\xE7\x82\xAE", t1564, 8},
    {"\xE7\x82\xB8", t1565, 3},
    {"\xE7\x82\xB9", t1566, 18},
    {"\xE7\x82\xBC", t1567, 3},
    {"\xE7\x83\x88", t1568, 2},
    {"\xE7\x83\x98", t1569, 1},
    {"\xE7\x83\x9B", t1570, 1},
    {"\xE7\x83\x9F", t1571, 6},
    {"\xE7\x83\xA4", t1572, 2},
    {"\xE7\x83\xA6", t1573, 2},
    {"\xE7\x83\xA7", t1574, 8},
    {"\xE7\x83\xAD", t1575, 25},
    {"\xE7\x83\xB9", t1576, 3},
    {"\xE7\x84\x89", t1577, 1},
    {"\xE7\x84\x8A", t1578, 1},
    {"\xE7\x84\x95", t1579, 1},
    {"\xE7\x84\x9A", t1580, 2},
    {"\xE7\x84\xA6", t1581, 9},
    {"\xE7\x84\xB6", t1582, 2},
    {"\xE7\x85\x8E", t1583, 1},
    {"\xE7\x85\xA4", t1584, 4},
    {"\xE7\x85\xA7", t1585, 14},
    {"\xE7\x85\xBD", t1586, 1},
    {"\xE7\x86\x84", t1587, 1},
    {"\xE7\x86\x8A", t1588, 6},
    {"\xE7\x86\x8F", t1589, 1},
    {"\xE7\x86\x94", t1590, 3},
    {"\xE7\x86\x9F", t1591, 4},
    {"\xE7\x86\xA0", t1592, 1},
    {"\xE7\x87\x83", t1593, 5},
    {"\xE7\x87\x95", t1594, 4},
    {"\xE7\x88\x86", t1595, 4},
    {"\xE7\x88\xAA", t1596, 1},
    {"\xE7\x88\xAC", t1597, 1},
    {"\xE7\x88\xB1", t1598, 12},
    {"\xE7\x88\xB5", t1599, 2},
    {"\xE7\x88\xB6", t1600, 4},
    {"\xE7\x88\xB7", t1601, 1},
    {"\xE7\x88\xB8", t1602, 1},
    {"\xE7\x88\xB9", t1603, 2},
    {"\xE7\x88\xBD", t1604, 2},
    {"\xE7\x89\x87", t1605, 4},
    {"\xE7\x89\x88", t1606, 3},
    {"\xE7\x89\x8C", t1607, 5},
    {"\xE7\x89\x99", t1608, 3},
    {"\xE7\x89\x9B", t1609, 11},
    {"\xE7\x89\xA1", t1610, 1},
    {"\xE7\x89\xA2", t1611, 4},
    {"\xE7\x89\xA6", t1612, 1},
    {"\xE7\x89\xA7", t1613, 7},
    {"\xE7\x89\xA9", t1614, 17},
    {"\xE7\x89\xB2", t1615, 2},
    {"\xE7\x89\xB5", t1616, 8},
    {"\xE7\x89\xB9", t1617, 33},
    {"\xE7\x89\xBA", t1618, 1},
    {"\xE7\x8A\x81", t1619, 1},
    {"\xE7\x8A\xAF", t1620, 4},
    {"\xE7\x8A\xB6", t1621, 3},
    {"\xE7\x8A\xB9", t1622, 4},
    {"\xE7\x8B\x82", t1623, 5},
    {"\xE7\x8B\x90", t1624, 1},
    {"\xE7\x8B\xA0", t1625, 3},
    {"\xE7\x8B\xA1", t1626, 1},
    {"\xE7\x8B\xA9", t1627, 1},
    {"\xE7\x8B\xAC", t1628, 18},
    {"\xE7\x8B\xAD", t1629, 5},
    {"\xE7\x8B\xAE", t1630, 2},
    {"\xE7\x8B\xB1", t1631, 1},
    {"\xE7\x8B\xBC", t1632, 2},
    {"\xE7\x8C\x8E", t1633, 3},
    {"\xE7\x8C\x96", t1634, 1},
    {"\xE7\x8C\x9B", t1635, 7},
    {"\xE7\x8C\x9C", t1636, 3},
    {"\xE7\x8C\xAA", t1637, 1},
    {"\xE7\x8C\xAE", t1638, 5},
    {"\xE7\x8C\xB4", t1639, 5},
    {"\xE7\x8E\x84", t1640, 3},
    {"\xE7\x8E\x87", t1641, 3},
    {"\xE7\x8E\x89", t1642, 14},
    {"\xE7\x8E\x8B", t1643, 75},
    {"\xE7\x8E\x9B", t1644, 1},
    {"\xE7\x8E\xA9", t1645, 8},
    {"\xE7\x8E\xAB", t1646, 1},
    {"\xE7\x8E\xAF", t1647, 10},
    {"\xE7\x8E\xB0", t1648, 22},
    {"\xE7\x8E\xB2", t1649, 1},
    {"\xE7\x8E\xBB", t1650, 2},
    {"\xE7\x8F\x8A", t1651, 2},
    {"\xE7\x8F\x8D", t1652, 7},
    {"\xE7\x8F\x9E", t1653, 2},
    {"\xE7\x8F\xA0", t1654, 4},
    {"\xE7\x8F\xAD", t1655, 4},
    {"\xE7\x90\x83", t1656, 7},
    {"\xE7\x90\x86", t1657, 22},
    {"\xE7\x90\x89", t1658, 2},
    {"\xE7\x90\xA2", t1659, 1},
    {"\xE7\x90\xB4", t1660, 1},
    {"\xE7\x90\xB5", t1661, 1},
    {"\xE7\x90\xBC", t1662, 1},
    {"\xE7\x91\x9E", t1663, 2},
    {"\xE7\x91\xB6", t1664, 1},
    {"\xE7\x93\x9C", t1665, 2},
    {"\xE7\x93\xA6", t1666, 4},
    {"\xE7\x93\xB6", t1667, 2},
    {"\xE7\x93\xB7", t1668, 1},
    {"\xE7\x94\x84", t1669, 1},
    {"\xE7\x94\x98", t1670, 7},
    {"\xE7\x94\x9A", t1671, 3},
    {"\xE7\x94\x9C", t1672, 4},
    {"\xE7\x94\x9F", t1673, 56},
    {"\xE7\x94\xA8", t1674, 25},
    {"\xE7\x94\xA9", t1675, 1},
    {"\xE7\x94\xAC", t1676, 1},
    {"\xE7\x94\xB0", t1677, 17},
    {"\xE7\x94\xB1", t1678, 5},
    {"\xE7\x94\xB2", t1679, 10},
    {"\xE7\x94\xB3", t1680, 6},
    {"\xE7\x94\xB5", t1681, 50},
    {"\xE7\x94\xB7", t1682, 12},
    {"\xE7\x94\xBB", t1683, 6},
    {"\xE7\x95\x85", t1684, 3},
    {"\xE7\x95\x8C", t1685, 5},
    {"\xE7\x95\x8F", t1686, 1},
    {"\xE7\x95\x99", t1687, 15},
    {"\xE7\x95\x9C", t1688, 4},
    {"\xE7\x95\xA5", t1689, 3},
    {"\xE7\x95\xB2", t1690, 1},
    {"\xE7\x95\xB8", t1691, 1},
    {"\xE7\x96\x86", t1692, 1},
    {"\xE7\x96\x8F", t1693, 5},
    {"\xE7\x96\x91", t1694, 5},
    {"\xE7\x96\x97", t1695, 2},
    {"\xE7\x96\x99", t1696, 1},
    {"\xE7\x96\xAB", t1697, 2},
    {"\xE7\x96\xAF", t1698, 2},
    {"\xE7\x96\xB2", t1699, 4},
    {"\xE7\x96\xBC", t1700, 1},
    {"\xE7\x96\xBE", t1701, 4},
    {"\xE7\x97\x85", t1702, 12},
    {"\xE7\x97\x87", t1703, 1},
    {"\xE7\x97\x89", t1704, 1},
    {"\xE7\x97\x8A", t1705, 1},
    {"\xE7\x97\x95", t1706, 1},
    {"\xE7\x97\x9B", t1707, 6},
    {"\xE7\x98\x9F", t1708, 1},
    {"\xE7\x98\xA6", t1709, 2},
    {"\xE7\x98\xAB", t1710, 1},
    {"\xE7\x99\x8C", t1711, 1},
    {"\xE7\x99\xBB", t1712, 13},
    {"\xE7\x99\xBD", t1713, 41},
    {"\xE7\x99\xBE", t1714, 17},
    {"\xE7\x9A\x84", t1715, 2},
    {"\xE7\x9A\x87", t1716, 19},
    {"\xE7\x9A\x88", t1717, 1},
    {"\xE7\x9A\xAE", t1718, 11},
    {"\xE7\x9A\xB1", t1719, 2},
    {"\xE7\x9B\x86", t1720, 1},
    {"\xE7\x9B\x88", t1721, 2},
    {"\xE7\x9B\x90", t1722, 2},
    {"\xE7\x9B\x91", t1723, 14},
    {"\xE7\x9B\x92", t1724, 1},
    {"\xE7\x9B\x94", t1725, 1},
    {"\xE7\x9B\x96", t1726, 3},
    {"\xE7\x9B\x97", t1727, 4},
    {"\xE7\x9B\x98", t1728, 5},
    {"\xE7\x9B\x9B", t1729, 10},
    {"\xE7\x9B\x9F", t1730, 4},
    {"\xE7\x9B\xAE", t1731, 9},
    {"\xE7\x9B\xAF", t1732, 1},
    {"\xE7\x9B\xB2", t1733, 2},
    {"\xE7\x9B\xB4", t1734, 22},
    {"\xE7\x9B\xB8", t1735, 50},
    {"\xE7\x9B\xBC", t1736, 1},
    {"\xE7\x9C\x81", t1737, 18},
    {"\xE7\x9C\x89", t1738, 3},
    {"\xE7\x9C\x8B", t1739, 26},
    {"\xE7\x9C\x9F", t1740, 21},
    {"\xE7\x9C\xA9", t1741, 1},
    {"\xE7\x9C\xB7", t1742, 1},
    {"\xE7\x9C\xBA", t1743, 1},
    {"\xE7\x9C\xBC", t1744, 20},
    {"\xE7\x9D\x80", t1745, 10},
    {"\xE7\x9D\xA1", t1746, 4},
    {"\xE7\x9D\xA3", t1747, 4},
    {"\xE7\x9D\xAB", t1748, 1},
    {"\xE7\x9D\xBE", t1749, 1},
    {"\xE7\x9E\x84", t1750, 1},
    {"\xE7\x9E\x8E", t1751, 2},
    {"\xE7\x9E\xA7", t1752, 3},
    {"\xE7\x9E\xA9", t1753, 1},
    {"\xE7\x9E\xAC", t1754, 1},
    {"\xE7\x9E\xB3", t1755, 1},
    {"\xE7\x9E\xBB", t1756, 1},
    {"\xE7\x9E\xBF", t1757, 1},
    {"\xE7\x9F\x97", t1758, 1},
    {"\xE7\x9F\x9B", t1759, 2},
    {"\xE7\x9F\xA5", t1760, 16},
    {"\xE7\x9F\xA9", t1761, 2},
    {"\xE7\x9F\xAD", t1762, 13},
    {"\xE7\x9F\xAE", t1763, 3},
    {"\xE7\x9F\xB3", t1764, 45},
    {"\xE7\x9F\xBF", t1765, 13},
    {"\xE7\xA0\x81", t1766, 1},
    {"\xE7\xA0\x82", t1767, 2},
    {"\xE7\xA0\x94", t1768, 13},
    {"\xE7\xA0\x96", t1769, 3},
    {"\xE7\xA0\xB4", t1770, 16},
    {"\xE7\xA1\x85", t1771, 2},
    {"\xE7\xA1\x95", t1772, 1},
    {"\xE7\xA1\x9A", t1773, 1},
    {"\xE7\xA1\x9D", t1774, 2},
    {"\xE7\xA1\xAB", t1775, 1},
    {"\xE7\xA1\xAC", t1776, 6},
    {"\xE7\xA1\xAE", t1777, 9},
    {"\xE7\xA2\x8E", t1778, 2},
    {"\xE7\xA2\x91", t1779, 1},
    {"\xE7\xA2\xA7", t1780, 1},
    {"\xE7\xA2\xB0", t1781, 4},
    {"\xE7\xA2\xB1", t1782, 1},
    {"\xE7\xA2\xBE", t1783, 1},
    {"\xE7\xA3\x81", t1784, 5},
    {"\xE7\xA3\x8B", t1785, 1},
    {"\xE7\xA3\x95", t1786, 1},
    {"\xE7\xA3\xA8", t1787, 3},
    {"\xE7\xA3\xB7", t1788, 5},
    {"\xE7\xA4\xBA", t1789, 5},
    {"\xE7\xA4\xBC", t1790, 11},
    {"\xE7\xA4\xBE", t1791, 17},
    {"\xE7\xA5\x88", t1792, 2},
    {"\xE7\xA5\x96", t1793, 12},
    {"\xE7\xA5\x9D", t1794, 4},
    {"\xE7\xA5\x9E", t1795, 33},
    {"\xE7\xA5\xA0", t1796, 1},
    {"\xE7\xA5\xA5", t1797, 1},
    {"\xE7\xA5\xA8", t1798, 2},
    {"\xE7\xA5\xAD", t1799, 4},
    {"\xE7\xA5\xB8", t1800, 1},
    {"\xE7\xA6\x80", t1801, 2},
    {"\xE7\xA6\x81", t1802, 9},
    {"\xE7\xA6\x85", t1803, 2},
    {"\xE7\xA6\x8F", t1804, 10},
    {"\xE7\xA6\xBB", t1805, 9},
    {"\xE7\xA6\xBD", t1806, 2},
    {"\xE7\xA7\x80", t1807, 2},
    {"\xE7\xA7\x81", t1808, 11},
    {"\xE7\xA7\x8B", t1809, 4},
    {"\xE7\xA7\x8D", t1810, 11},
    {"\xE7\xA7\x91", t1811, 18},
    {"\xE7\xA7\x92", t1812, 1},
    {"\xE7\xA7\x98", t1813, 5},
    {"\xE7\xA7\x9F", t1814, 4},
    {"\xE7\xA7\xA6", t1815, 14},
    {"\xE7\xA7\xA9", t1816, 1},
    {"\xE7\xA7\xAD", t1817, 2},
    {"\xE7\xA7\xAF", t1818, 9},
    {"\xE7\xA7\xB0", t1819, 12},
    {"\xE7\xA7\xBB", t1820, 5},
    {"\xE7\xA8\x80", t1821, 6},
    {"\xE7\xA8\x8B", t1822, 5},
    {"\xE7\xA8\x8D", t1823, 2},
    {"\xE7\xA8\x8E", t1824, 3},
    {"\xE7\xA8\xA0", t1825, 1},
    {"\xE7\xA8\xB3", t1826, 8},
    {"\xE7\xA8\xBB", t1827, 3},
    {"\xE7\xA8\xBF", t1828, 1},
    {"\xE7\xA9\x86", t1829, 3},
    {"\xE7\xA9\xB4", t1830, 2},
    {"\xE7\xA9\xB6", t1831, 1},
    {"\xE7\xA9\xB7", t1832, 1},
    {"\xE7\xA9\xBA", t1833, 24},
    {"\xE7\xA9\xBF", t1834, 6},
    {"\xE7\xAA\x81", t1835, 14},
    {"\xE7\xAA\x8D", t1836, 1},
    {"\xE7\xAA\x91", t1837, 1},
    {"\xE7\xAA\x92", t1838, 1},
    {"\xE7\xAA\x97", t1839, 6},
    {"\xE7\xAA\x9F", t1840, 1},
    {"\xE7\xAB\x8B", t1841, 21},
    {"\xE7\xAB\x96", t1842, 2},
    {"\xE7\xAB\x99", t1843, 6},
    {"\xE7\xAB\x9E", t1844, 6},
    {"\xE7\xAB\x9F", t1845, 4},
    {"\xE7\xAB\xA0", t1846, 4},
    {"\xE7\xAB\xA3", t1847, 1},
    {"\xE7\xAB\xA5", t1848, 5},
    {"\xE7\xAB\xAD", t1849, 1},
    {"\xE7\xAB\xAF", t1850, 7},
    {"\xE7\xAB\xB9", t1851, 9},
    {"\xE7\xAC\x91", t1852, 9},
    {"\xE7\xAC\x94", t1853, 10},
    {"\xE7\xAC\xA6", t1854, 2},
    {"\xE7\xAC\xAC", t1855, 89},
    {"\xE7\xAC\xBC", t1856, 2},
    {"\xE7\xAD\x89", t1857, 10},
    {"\xE7\xAD\x8B", t1858, 2},
    {"\xE7\xAD\x91", t1859, 2},
    {"\xE7\xAD\x94", t1860, 7},
    {"\xE7\xAD\x96", t1861, 3},
    {"\xE7\xAD\x9B", t1862, 1},
    {"\xE7\xAD\xB5", t1863, 1},
    {"\xE7\xAD\xB7", t1864, 1},
    {"\xE7\xAD\xB9", t1865, 5},
    {"\xE7\xAD\xBE", t1866, 6},
    {"\xE7\xAE\x80", t1867, 15},
    {"\xE7\xAE\x97", t1868, 8},
    {"\xE7\xAE\xA1", t1869, 16},
    {"\xE7\xAE\xB1", t1870, 1},
    {"\xE7\xAF\x87", t1871, 2},
    {"\xE7\xAF\xAE", t1872, 3},
    {"\xE7\xAF\xB1", t1873, 1},
    {"\xE7\xB0\x87", t1874, 1},
    {"\xE7\xB1\xB3", t1875, 7},
    {"\xE7\xB1\xBB", t1876, 3},
    {"\xE7\xB2\x89", t1877, 6},
    {"\xE7\xB2\x92", t1878, 1},
    {"\xE7\xB2\x97", t1879, 5},
    {"\xE7\xB2\x98", t1880, 4},
    {"\xE7\xB2\x9F", t1881, 1},
    {"\xE7\xB2\xAA", t1882, 1},
    {"\xE7\xB2\xAE", t1883, 3},
    {"\xE7\xB2\xB3", t1884, 1},
    {"\xE7\xB2\xBD", t1885, 1},
    {"\xE7\xB2\xBE", t1886, 31},
    {"\xE7\xB3\x8A", t1887, 1},
    {"\xE7\xB3\x8D", t1888, 1},
    {"\xE7\xB3\x96", t1889, 3},
    {"\xE7\xB3\x9F", t1890, 2},
    {"\xE7\xB3\xAF", t1891, 3},
    {"\xE7\xB3\xBB", t1892, 6},
    {"\xE7\xB4\x8A", t1893, 1},
    {"\xE7\xB4\xA0", t1894, 6},
    {"\xE7\xB4\xA2", t1895, 5},
    {"\xE7\xB4\xA7", t1896, 11},
    {"\xE7\xB4\xAB", t1897, 4},
    {"\xE7\xB4\xAF", t1898, 2},
    {"\xE7\xB9\x81", t1899, 13},
    {"\xE7\xBA\xA0", t1900, 5},
    {"\xE7\xBA\xA2", t1901, 27},
    {"\xE7\xBA\xA4", t1902, 4},
    {"\xE7\xBA\xA6", t1903, 7},
    {"\xE7\xBA\xA7", t1904, 3},
    {"\xE7\xBA\xAA", t1905, 12},
    {"\xE7\xBA\xAC", t1906, 1},
    {"\xE7\xBA\xAF", t1907, 9},
    {"\xE7\xBA\xB2", t1908, 2},
    {"\xE7\xBA\xB3", t1909, 8},
    {"\xE7\xBA\xB5", t1910, 8},
    {"\xE7\xBA\xB7", t1911, 2},
    {"\xE7\xBA\xB8", t1912, 5},
    {"\xE7\xBA\xB9", t1913, 1},
    {"\xE7\xBA\xBA", t1914, 4},
    {"\xE7\xBA\xBD", t1915, 2},
    {"\xE7\xBA\xBF", t1916, 4},
    {"\xE7\xBB\x83", t1917, 4},
    {"\xE7\xBB\x84", t1918, 12},
    {"\xE7\xBB\x85", t1919, 1},
    {"\xE7\xBB\x86", t1920, 14},
    {"\xE7\xBB\x87", t1921, 3},
    {"\xE7\xBB\x88", t1922, 12},
    {"\xE7\xBB\x8D", t1923, 1},
    {"\xE7\xBB\x8F", t1924, 37},
    {"\xE7\xBB\x92", t1925, 1},
    {"\xE7\xBB\x93", t1926, 18},
    {"\xE7\xBB\x95", t1927, 3},
    {"\xE7\xBB\x98", t1928, 2},
    {"\xE7\xBB\x99", t1929, 3},
    {"\xE7\xBB\x9A", t1930, 1},
    {"\xE7\xBB\x9D", t1931, 15},
    {"\xE7\xBB\x9F", t1932, 17},
    {"\xE7\xBB\xA3", t1933, 1},
    {"\xE7\xBB\xA7", t1934, 6},
    {"\xE7\xBB\xA9", t1935, 1},
    {"\xE7\xBB\xB0", t1936, 1},
    {"\xE7\xBB\xB3", t1937, 2},
    {"\xE7\xBB\xB4", t1938, 10},
    {"\xE7\xBB\xB5", t1939, 2},
    {"\xE7\xBB\xB8", t1940, 1},
    {"\xE7\xBB\xBC", t1941, 5},
    {"\xE7\xBB\xBF", t1942, 7},
    {"\xE7\xBC\x85", t1943, 2},
    {"\xE7\xBC\x93", t1944, 6},
    {"\xE7\xBC\x94", t1945, 2},
    {"\xE7\xBC\x96", t1946, 21},
    {"\xE7\xBC\x98", t1947, 2},
    {"\xE7\xBC\x9D", t1948, 1},
    {"\xE7\xBC\xA0", t1949, 3},
    {"\xE7\xBC\xA9", t1950, 5},
    {"\xE7\xBC\xB0", t1951, 1},
    {"\xE7\xBC\xB4", t1952, 2},
    {"\xE7\xBC\xBA", t1953, 8},
    {"\xE7\xBD\x90", t1954, 2},
    {"\xE7\xBD\x91", t1955, 13},
    {"\xE7\xBD\x95", t1956, 1},
    {"\xE7\xBD\x97", t1957, 15},
    {"\xE7\xBD\x9A", t1958, 1},
    {"\xE7\xBD\xA2", t1959, 6},
    {"\xE7\xBD\xAA", t1960, 6},
    {"\xE7\xBD\xAE", t1961, 2},
    {"\xE7\xBD\xB2", t1962, 1},
    {"\xE7\xBE\x81", t1963, 1},
    {"\xE7\xBE\x8A", t1964, 4},
    {"\xE7\xBE\x8C", t1965, 1},
    {"\xE7\xBE\x8E", t1966, 29},
    {"\xE7\xBE\x9A", t1967, 1},
    {"\xE7\xBE\x9E", t1968, 3},
    {"\xE7\xBE\x9F", t1969, 1},
    {"\xE7\xBE\xA1", t1970, 1},
    {"\xE7\xBE\xA4", t1971, 9},
    {"\xE7\xBE\xBD", t1972, 3},
    {"\xE7\xBF\x85", t1973, 1},
    {"\xE7\xBF\x8C", t1974, 1},
    {"\xE7\xBF\xA1", t1975, 1},
    {"\xE7\xBF\xB0", t1976, 2},
    {"\xE7\xBF\xBB", t1977, 9},
    {"\xE8\x80\x80", t1978, 2},
    {"\xE8\x80\x81", t1979, 69},
    {"\xE8\x80\x83", t1980, 23},
    {"\xE8\x80\x8C", t1981, 8},
    {"\xE8\x80\x90", t1982, 1},
    {"\xE8\x80\x95", t1983, 6},
    {"\xE8\x80\x97", t1984, 4},
    {"\xE8\x80\xB3", t1985, 5},
    {"\xE8\x80\xB6", t1986, 4},
    {"\xE8\x80\xB8", t1987, 1},
    {"\xE8\x80\xBB", t1988, 1},
    {"\xE8\x80\xBD", t1989, 2},
    {"\xE8\x81\x82", t1990, 2},
    {"\xE8\x81\x8A", t1991, 2},
    {"\xE8\x81\x8C", t1992, 12},
    {"\xE8\x81\x94", t1993, 24},
    {"\xE8\x81\x98", t1994, 3},
    {"\xE8\x81\x9A", t1995, 7},
    {"\xE8\x81\xAA", t1996, 2},
    {"\xE8\x82\x83", t1997, 3},
    {"\xE8\x82\x84", t1998, 1},
    {"\xE8\x82\x86", t1999, 2},
    {"\xE8\x82\x89", t2000, 6},
    {"\xE8\x82\x8B", t2001, 1},
    {"\xE8\x82\x8C", t2002, 2},
    {"\xE8\x82\x96", t2003, 4},
    {"\xE8\x82\x9A", t2004, 3},
    {"\xE8\x82\x9B", t2005, 1},
    {"\xE8\x82\x9D", t2006, 2},
    {"\xE8\x82\xA0", t2007, 2},
    {"\xE8\x82\xA1", t2008, 12},
    {"\xE8\x82\xA2", t2009, 1},
    {"\xE8\x82\xA4", t2010, 1},
    {"\xE8\x82\xA5", t2011, 6},
    {"\xE8\x82\xA9", t2012, 4},
    {"\xE8\x82\xAE", t2013, 1},
    {"\xE8\x82\xAF", t2014, 2},
    {"\xE8\x82\xB2", t2015, 2},
    {"\xE8\x82\xBA", t2016, 2},
    {"\xE8\x82\xBE", t2017, 3},
    {"\xE8\x82\xBF", t2018, 2},
    {"\xE8\x83\x81", t2019, 1},
    {"\xE8\x83\x83", t2020, 2},
    {"\xE8\x83\x86", t2021, 7},
    {"\xE8\x83\x8C", t2022, 13},
    {"\xE8\x83\x8E", t2023, 2},
    {"\xE8\x83\x96", t2024, 1},
    {"\xE8\x83\x9A", t2025, 2},
    {"\xE8\x83\x9C", t2026, 8},
    {"\xE8\x83\xA1", t2027, 30},
    {"\xE8\x83\xAD", t2028, 1},
    {"\xE8\x83\xB0", t2029, 1},
    {"\xE8\x83\xB3", t2030, 1},
    {"\xE8\x83\xB6", t2031, 1},
    {"\xE8\x83\xB8", t2032, 8},
    {"\xE8\x83\xBD", t2033, 7},
    {"\xE8\x84\x82", t2034, 2},
    {"\xE8\x84\x86", t2035, 1},
    {"\xE8\x84\x89", t2036, 2},
    {"\xE8\x84\x8A", t2037, 3},
    {"\xE8\x84\x8F", t2038, 2},
    {"\xE8\x84\x91", t2039, 5},
    {"\xE8\x84\x96", t2040, 1},
    {"\xE8\x84\x9A", t2041, 6},
    {"\xE8\x84\xB1", t2042, 8},
    {"\xE8\x84\xB8", t2043, 9},
    {"\xE8\x84\xBE", t2044, 2},
    {"\xE8\x85\x8A", t2045, 2},
    {"\xE8\x85\x90", t2046, 4},
    {"\xE8\x85\x93", t2047, 1},
    {"\xE8\x85\xB0", t2048, 2},
    {"\xE8\x85\xB9", t2049, 6},
    {"\xE8\x85\xBA", t2050, 1},
    {"\xE8\x85\xBE", t2051, 1},
    {"\xE8\x86\x80", t2052, 1},
    {"\xE8\x86\x9D", t2053, 1},
    {"\xE8\x86\xA8", t2054, 1},
    {"\xE8\x86\xB3", t2055, 1},
    {"\xE8\x87\x80", t2056, 1},
    {"\xE8\x87\xA3", t2057, 2},
    {"\xE8\x87\xAA", t2058, 76},
    {"\xE8\x87\xAD", t2059, 1},
    {"\xE8\x87\xB3", t2060, 9},
    {"\xE8\x87\xB4", t2061, 11},
    {"\xE8\x88\x85", t2062, 1},
    {"\xE8\x88\x86", t2063, 1},
    {"\xE8\x88\x8C", t2064, 1},
    {"\xE8\x88\x8D", t2065, 5},
    {"\xE8\x88\x92", t2066, 5},
    {"\xE8\x88\x9E", t2067, 5},
    {"\xE8\x88\x9F", t2068, 1},
    {"\xE8\x88\xAA", t2069, 17},
    {"\xE8\x88\xAC", t2070, 3},
    {"\xE8\x88\xB0", t2071, 5},
    {"\xE8\x88\xB1", t2072, 1},
    {"\xE8\x88\xB5", t2073, 1},
    {"\xE8\x88\xB9", t2074, 8},
    {"\xE8\x89\xAF", t2075, 7},
    {"\xE8\x89\xB0", t2076, 6},
    {"\xE8\x89\xB2", t2077, 5},
    {"\xE8\x89\xB3", t2078, 1},
    {"\xE8\x89\xBA", t2079, 6},
    {"\xE8\x89\xBE", t2080, 2},
    {"\xE8\x8A\x82", t2081, 10},
    {"\xE8\x8A\x99", t2082, 2},
    {"\xE8\x8A\x9C", t2083, 1},
    {"\xE8\x8A\x9D", t2084, 2},
    {"\xE8\x8A\xA6", t2085, 2},
    {"\xE8\x8A\xAC", t2086, 1},
    {"\xE8\x8A\xAD", t2087, 1},
    {"\xE8\x8A\xAF", t2088, 1},
    {"\xE8\x8A\xB1", t2089, 24},
    {"\xE8\x8A\xB3", t2090, 1},
    {"\xE8\x8B\x87", t2091, 1},
    {"\xE8\x8B\x8D", t2092, 4},
    {"\xE8\x8B\x8F", t2093, 16},
    {"\xE8\x8B\x97", t2094, 3},
    {"\xE8\x8B\x9B", t2095, 1},
    {"\xE8\x8B\xA5", t2096, 3},
    {"\xE8\x8B\xA6", t2097, 11},
    {"\xE8\x8B\xB1", t2098, 24},
    {"\xE8\x8B\xB9", t2099, 1},
    {"\xE8\x8C\x82", t2100, 1},
    {"\xE8\x8C\x83", t2101, 7},
    {"\xE8\x8C\x84", t2102, 1},
    {"\xE8\x8C\x85", t2103, 4},
    {"\xE8\x8C\xAB", t2104, 2},
    {"\xE8\x8C\xAF", t2105, 1},
    {"\xE8\x8C\xB6", t2106, 11},
    {"\xE8\x8D\x86", t2107, 12},
    {"\xE8\x8D\x89", t2108, 10},
    {"\xE8\x8D\x92", t2109, 8},
    {"\xE8\x8D\x94", t2110, 1},
    {"\xE8\x8D\xA1", t2111, 2},
    {"\xE8\x8D\xA3", t2112, 4},
    {"\xE8\x8D\xA7", t2113, 1},
    {"\xE8\x8D\xAF", t2114, 13},
    {"\xE8\x8D\xB7", t2115, 6},
    {"\xE8\x8E\x8E", t2116, 1},
    {"\xE8\x8E\xAB", t2117, 9},
    {"\xE8\x8E\xB1", t2118, 3},
    {"\xE8\x8E\xB2", t2119, 4},
    {"\xE8\x8E\xB7", t2120, 8},
    {"\xE8\x8E\xBC", t2121, 1},
    {"\xE8\x8F\x8A", t2122, 1},
    {"\xE8\x8F\x8F", t2123, 1},
    {"\xE8\x8F\x9C", t2124, 4},
    {"\xE8\x8F\xA0", t2125, 1},
    {"\xE8\x8F\xA9", t2126, 1},
    {"\xE8\x8F\xB1", t2127, 3},
    {"\xE8\x8F\xB2", t2128, 1},
    {"\xE8\x90\x8C", t2129, 2},
    {"\xE8\x90\x8E", t2130, 1},
    {"\xE8\x90\x9D", t2131, 1},
    {"\xE8\x90\xA4", t2132, 1},
    {"\xE8\x90\xA5", t2133, 12},
    {"\xE8\x90\xA7", t2134, 1},
    {"\xE8\x90\xBD", t2135, 11},
    {"\xE8\x91\x97", t2136, 5},
    {"\xE8\x91\x9B", t2137, 1},
    {"\xE8\x91\xA1", t2138, 5},
    {"\xE8\x91\xA3", t2139, 6},
    {"\xE8\x91\xAB", t2140, 1},
    {"\xE8\x91\xAC", t2141, 1},
    {"\xE8\x91\xB5", t2142, 1},
    {"\xE8\x92\x8B", t2143, 10},
    {"\xE8\x92\x99", t2144, 5},
    {"\xE8\x92\xAF", t2145, 2},
    {"\xE8\x92\xB2", t2146, 1},
    {"\xE8\x92\xB8", t2147, 6},
    {"\xE8\x92\xBD", t2148, 1},
    {"\xE8\x93\x84", t2149, 1},
    {"\xE8\x93\x9D", t2150, 4},
    {"\xE8\x93\xA6", t2151, 1},
    {"\xE8\x93\xAC", t2152, 1},
    {"\xE8\x94\x91", t2153, 1},
    {"\xE8\x94\x93", t2154, 1},
    {"\xE8\x94\x97", t2155, 1},
    {"\xE8\x94\xA1", t2156, 5},
    {"\xE8\x94\xAC", t2157, 1},
    {"\xE8\x95\xB2", t2158, 2},
    {"\xE8\x95\xB4", t2159, 3},
    {"\xE8\x96\x84", t2160, 3},
    {"\xE8\x96\x9B", t2161, 2},
    {"\xE8\x96\xAA", t2162, 4},
    {"\xE8\x97\x8F", t2163, 4},
    {"\xE8\x97\x90", t2164, 1},
    {"\xE8\x97\xBB", t2165, 2},
    {"\xE8\x98\x91", t2166, 1},
    {"\xE8\x99\x8E", t2167, 3},
    {"\xE8\x99\x90", t2168, 1},
    {"\xE8\x99\x94", t2169, 1},
    {"\xE8\x99\x9A", t2170, 7},
    {"\xE8\x99\xBD", t2171, 2},
    {"\xE8\x99\xBE", t2172, 1},
    {"\xE8\x9A\x82", t2173, 1},
    {"\xE8\x9A\x8A", t2174, 1},
    {"\xE8\x9A\x95", t2175, 1},
    {"\xE8\x9A\xAF", t2176, 1},
    {"\xE8\x9B\x8B", t2177, 4},
    {"\xE8\x9B\xA4", t2178, 1},
    {"\xE8\x9C\x82", t2179, 1},
    {"\xE8\x9C\x88", t2180, 1},
    {"\xE8\x9C\x98", t2181, 1},
    {"\xE8\x9C\x9C", t2182, 2},
    {"\xE8\x9C\xA1", t2183, 1},
    {"\xE8\x9C\xBF", t2184, 1},
    {"\xE8\x9D\x8C", t2185, 1},
    {"\xE8\x9D\x99", t2186, 1},
    {"\xE8\x9D\xB4", t2187, 1},
    {"\xE8\x9E\x8D", t2188, 6},
    {"\xE8\x9E\xBA", t2189, 2},
    {"\xE8\x9F\x8B", t2190, 1},
    {"\xE8\x9F\xA0", t2191, 1},
    {"\xE8\xA0\x95", t2192, 1},
    {"\xE8\xA1\x80", t2193, 18},
    {"\xE8\xA1\x8C", t2194, 41},
    {"\xE8\xA1\x8D", t2195, 3},
    {"\xE8\xA1\x94", t2196, 1},
    {"\xE8\xA1\x97", t2197, 6},
    {"\xE8\xA1\x99", t2198, 3},
    {"\xE8\xA1\xA1", t2199, 2},
    {"\xE8\xA1\xA3", t2200, 9},
    {"\xE8\xA1\xA5", t2201, 8},
    {"\xE8\xA1\xA8", t2202, 18},
    {"\xE8\xA1\xAC", t2203, 2},
    {"\xE8\xA1\xB0", t2204, 7},
    {"\xE8\xA1\xB7", t2205, 1},
    {"\xE8\xA2\x81", t2206, 14},
    {"\xE8\xA2\x88", t2207, 1},
    {"\xE8\xA2\x8D", t2208, 1},
    {"\xE8\xA2\x96", t2209, 1},
    {"\xE8\xA2\x9C", t2210, 1},
    {"\xE8\xA2\xAB", t2211, 13},
    {"\xE8\xA2\xAD", t2212, 1},
    {"\xE8\xA3\x81", t2213, 7},
    {"\xE8\xA3\x82", t2214, 4},
    {"\xE8\xA3\x85", t2215, 19},
    {"\xE8\xA3\x98", t2216, 1},
    {"\xE8\xA3\x99", t2217, 1},
    {"\xE8\xA3\xA4", t2218, 1},
    {"\xE8\xA3\xB4", t2219, 1},
    {"\xE8\xA3\xB8", t2220, 2},
    {"\xE8\xA4\x90", t2221, 1},
    {"\xE8\xA4\xB6", t2222, 1},
    {"\xE8\xA5\x84", t2223, 7},
    {"\xE8\xA5\xBF", t2224, 59},
    {"\xE8\xA6\x81", t2225, 20},
    {"\xE8\xA6\x86", t2226, 3},
    {"\xE8\xA7\x81", t2227, 11},
    {"\xE8\xA7\x82", t2228, 14},
    {"\xE8\xA7\x84", t2229, 16},
    {"\xE8\xA7\x85", t2230, 1},
    {"\xE8\xA7\x86", t2231, 8},
    {"\xE8\xA7\x89", t2232, 5},
    {"\xE8\xA7\x92", t2233, 6},
    {"\xE8\xA7\xA3", t2234, 24},
    {"\xE8\xA7\xA6", t2235, 6},
    {"\xE8\xA8\x80", t2236, 4},
    {"\xE8\xA9\xB9", t2237, 1},
    {"\xE8\xAA\x89", t2238, 1},
    {"\xE8\xAA\x93", t2239, 2},
    {"\xE8\xAD\xA6", t2240, 11},
    {"\xE8\xAD\xAC", t2241, 1},
    {"\xE8\xAE\xA1", t2242, 10},
    {"\xE8\xAE\xA2", t2243, 4},
    {"\xE8\xAE\xA4", t2244, 15},
    {"\xE8\xAE\xA8", t2245, 4},
    {"\xE8\xAE\xA9", t2246, 2},
    {"\xE8\xAE\xAD", t2247, 5},
    {"\xE8\xAE\xAE", t2248, 12},
    {"\xE8\xAE\xAF", t2249, 1},
    {"\xE8\xAE\xB0", t2250, 9},
    {"\xE8\xAE\xB2", t2251, 13},
    {"\xE8\xAE\xB8", t2252, 13},
    {"\xE8\xAE\xBA", t2253, 10},
    {"\xE8\xAE\xBD", t2254, 1},
    {"\xE8\xAE\xBE", t2255, 13},
    {"\xE8\xAE\xBF", t2256, 3},
    {"\xE8\xAF\x81", t2257, 9},
    {"\xE8\xAF\x84", t2258, 12},
    {"\xE8\xAF\x85", t2259, 1},
    {"\xE8\xAF\x86", t2260, 3},
    {"\xE8\xAF\x88", t2261, 1},
    {"\xE8\xAF\x89", t2262, 2},
    {"\xE8\xAF\x8A", t2263, 2},
    {"\xE8\xAF\x8D", t2264, 4},
    {"\xE8\xAF\x8F", t2265, 2},
    {"\xE8\xAF\x91", t2266, 3},
    {"\xE8\xAF\x95", t2267, 15},
    {"\xE8\xAF\x97", t2268, 10},
    {"\xE8\xAF\x9A", t2269, 6},
    {"\xE8\xAF\x9D", t2270, 6},
    {"\xE8\xAF\x9E", t2271, 2},
    {"\xE8\xAF\xA1", t2272, 2},
    {"\xE8\xAF\xA2", t2273, 1},
    {"\xE8\xAF\xA5", t2274, 14},
    {"\xE8\xAF\xA6", t2275, 4},
    {"\xE8\xAF\xA7", t2276, 1},
    {"\xE8\xAF\xAC", t2277, 1},
    {"\xE8\xAF\xAD", t2278, 11},
    {"\xE8\xAF\xAF", t2279, 5},
    {"\xE8\xAF\xB1", t2280, 4},
    {"\xE8\xAF\xB4", t2281, 19},
    {"\xE8\xAF\xB7", t2282, 9},
    {"\xE8\xAF\xB8", t2283, 9},
    {"\xE8\xAF\xBA", t2284, 3},
    {"\xE8\xAF\xBB", t2285, 5},
    {"\xE8\xAF\xBE", t2286, 5},
    {"\xE8\xB0\x81", t2287, 2},
    {"\xE8\xB0\x83", t2288, 21},
    {"\xE8\xB0\x85", t2289, 1},
    {"\xE8\xB0\x88", t2290, 8},
    {"\xE8\xB0\x8B", t2291, 7},
    {"\xE8\xB0\x8C", t2292, 1},
    {"\xE8\xB0\x8E", t2293, 1},
    {"\xE8\xB0\x95", t2294, 1},
    {"\xE8\xB0\x9A", t2295, 1},
    {"\xE8\xB0\xA2", t2296, 11},
    {"\xE8\xB0\xA3", t2297, 1},
    {"\xE8\xB0\xA6", t2298, 2},
    {"\xE8\xB0\xA8", t2299, 1},
    {"\xE8\xB0\xAC", t2300, 1},
    {"\xE8\xB0\xAD", t2301, 6},
    {"\xE8\xB0\xB4", t2302, 1},
    {"\xE8\xB0\xB7", t2303, 9},
    {"\xE8\xB1\x86", t2304, 2},
    {"\xE8\xB1\x8C", t2305, 1},
    {"\xE8\xB1\xA1", t2306, 4},
    {"\xE8\xB1\xAA", t2307, 4},
    {"\xE8\xB1\xAB", t2308, 1},
    {"\xE8\xB1\xB9", t2309, 1},
    {"\xE8\xB4\x9D", t2310, 6},
    {"\xE8\xB4\x9E", t2311, 1},
    {"\xE8\xB4\x9F", t2312, 10},
    {"\xE8\xB4\xA1", t2313, 5},
    {"\xE8\xB4\xA2", t2314, 12},
    {"\xE8\xB4\xA3", t2315, 8},
    {"\xE8\xB4\xA4", t2316, 2},
    {"\xE8\xB4\xA5", t2317, 2},
    {"\xE8\xB4\xA6", t2318, 2},
    {"\xE8\xB4\xA7", t2319, 4},
    {"\xE8\xB4\xA8", t2320, 9},
    {"\xE8\xB4\xA9", t2321, 1},
    {"\xE8\xB4\xAA", t2322, 4},
    {"\xE8\xB4\xAB", t2323, 10},
    {"\xE8\xB4\xAC", t2324, 1},
    {"\xE8\xB4\xAD", t2325, 4},
    {"\xE8\xB4\xAE", t2326, 2},
    {"\xE8\xB4\xAF", t2327, 3},
    {"\xE8\xB4\xB1", t2328, 1},
    {"\xE8\xB4\xB4", t2329, 5},
    {"\xE8\xB4\xB5", t2330, 9},
    {"\xE8\xB4\xB7", t2331, 1},
    {"\xE8\xB4\xB8", t2332, 2},
    {"\xE8\xB4\xB9", t2333, 4},
    {"\xE8\xB4\xBA", t2334, 5},
    {"\xE8\xB4\xBC", t2335, 1},
    {"\xE8\xB4\xBE", t2336, 3},
    {"\xE8\xB4\xBF", t2337, 1},
    {"\xE8\xB5\x84", t2338, 17},
    {"\xE8\xB5\x8B", t2339, 3},
    {"\xE8\xB5\x8C", t2340, 3},
    {"\xE8\xB5\x8F", t2341, 3},
    {"\xE8\xB5\x90", t2342, 1},
    {"\xE8\xB5\x94", t2343, 2},
    {"\xE8\xB5\x96", t2344, 1},
    {"\xE8\xB5\x9A", t2345, 1},
    {"\xE8\xB5\x9B", t2346, 5},
    {"\xE8\xB5\x9E", t2347, 8},
    {"\xE8\xB5\xA0", t2348, 1},
    {"\xE8\xB5\xA2", t2349, 2},
    {"\xE8\xB5\xA4", t2350, 5},
    {"\xE8\xB5\xAB", t2351, 2},
    {"\xE8\xB5\xB0", t2352, 19},
    {"\xE8\xB5\xB5", t2353, 12},
    {"\xE8\xB5\xB6", t2354, 11},
    {"\xE8\xB5\xB7", t2355, 23},
    {"\xE8\xB6\x81", t2356, 2},
    {"\xE8\xB6\x85", t2357, 13},
    {"\xE8\xB6\x8A", t2358, 8},
    {"\xE8\xB6\x8B", t2359, 3},
    {"\xE8\xB6\xA3", t2360, 1},
    {"\xE8\xB6\xB3", t2361, 8},
    {"\xE8\xB6\xB4", t2362, 1},
    {"\xE8\xB7\x83", t2363, 4},
    {"\xE8\xB7\x8C", t2364, 2},
    {"\xE8\xB7\x91", t2365, 1},
    {"\xE8\xB7\x9D", t2366, 1},
    {"\xE8\xB7\x9F", t2367, 6},
    {"\xE8\xB7\xA8", t2368, 5},
    {"\xE8\xB7\xAA", t2369, 3},
    {"\xE8\xB7\xAF", t2370, 14},
    {"\xE8\xB7\xB3", t2371, 10},
    {"\xE8\xB7\xB5", t2372, 1},
    {"\xE8\xB7\xBA", t2373, 1},
    {"\xE8\xB7\xBB", t2374, 1},
    {"\xE8\xB8\x89", t2375, 1},
    {"\xE8\xB8\x8A", t2376, 1},
    {"\xE8\xB8\x8C", t2377, 1},
    {"\xE8\xB8\x8F", t2378, 3},
    {"\xE8\xB8\xAA", t2379, 2},
    {"\xE8\xB9\x82", t2380, 1},
    {"\xE8\xB9\x84", t2381, 2},
    {"\xE8\xB9\x8A", t2382, 1},
    {"\xE8\xB9\xB2", t2383, 1},
    {"\xE8\xBA\xAB", t2384, 27},
    {"\xE8\xBA\xAC", t2385, 1},
    {"\xE8\xBA\xAF", t2386, 2},
    {"\xE8\xBA\xB2", t2387, 4},
    {"\xE8\xBD\xA6", t2388, 17},
    {"\xE8\xBD\xA8", t2389, 2},
    {"\xE8\xBD\xA9", t2390, 1},
    {"\xE8\xBD\xAC", t2391, 29},
    {"\xE8\xBD\xAE", t2392, 9},
    {"\xE8\xBD\xAF", t2393, 4},
    {"\xE8\xBD\xB0", t2394, 6},
    {"\xE8\xBD\xB4", t2395, 1},
    {"\xE8\xBD\xBB", t2396, 17},
    {"\xE8\xBD\xBD", t2397, 6},
    {"\xE8\xBD\xBF", t2398, 2},
    {"\xE8\xBE\x83", t2399, 5},
    {"\xE8\xBE\x85", t2400, 5},
    {"\xE8\xBE\x88", t2401, 2},
    {"\xE8\xBE\x89", t2402, 2},
    {"\xE8\xBE\x8D", t2403, 1},
    {"\xE8\xBE\x90", t2404, 2},
    {"\xE8\xBE\x93", t2405, 6},
    {"\xE8\xBE\x96", t2406, 1},
    {"\xE8\xBE\x97", t2407, 1},
    {"\xE8\xBE\x9B", t2408, 3},
    {"\xE8\xBE\x9C", t2409, 3},
    {"\xE8\xBE\x9E", t2410, 2},
    {"\xE8\xBE\x9F", t2411, 1},
    {"\xE8\xBE\xA3", t2412, 3},
    {"\xE8\xBE\xA8", t2413, 3},
    {"\xE8\xBE\xA9", t2414, 5},
    {"\xE8\xBE\xAB", t2415, 1},
    {"\xE8\xBE\xB9", t2416, 12},
    {"\xE8\xBE\xBD", t2417, 7},
    {"\xE8\xBE\xBE", t2418, 6},
    {"\xE8\xBF\x81", t2419, 5},
    {"\xE8\xBF\x82", t2420, 1},
    {"\xE8\xBF\x84", t2421, 2},
    {"\xE8\xBF\x85", t2422, 3},
    {"\xE8\xBF\x87", t2423, 35},
    {"\xE8\xBF\x88", t2424, 2},
    {"\xE8\xBF\x8E", t2425, 9},
    {"\xE8\xBF\x90", t2426, 22},
    {"\xE8\xBF\x91", t2427, 18},
    {"\xE8\xBF\x94", t2428, 1},
    {"\xE8\xBF\x98", t2429, 7},
    {"\xE8\xBF\x99", t2430, 36},
    {"\xE8\xBF\x9B", t2431, 36},
    {"\xE8\xBF\x9C", t2432, 17},
    {"\xE8\xBF\x9D", t2433, 7},
    {"\xE8\xBF\x9E", t2434, 20},
    {"\xE8\xBF\x9F", t2435, 6},
    {"\xE8\xBF\xA6", t2436, 1},
    {"\xE8\xBF\xAA", t2437, 1},
    {"\xE8\xBF\xAB", t2438, 6},
    {"\xE8\xBF\xB0", t2439, 1},
    {"\xE8\xBF\xB7", t2440, 9},
    {"\xE8\xBF\xB9", t2441, 1},
    {"\xE8\xBF\xBD", t2442, 13},
    {"\xE9\x80\x80", t2443, 14},
    {"\xE9\x80\x81", t2444, 10},
    {"\xE9\x80\x82", t2445, 13},
    {"\xE9\x80\x83", t2446, 11},
    {"\xE9\x80\x86", t2447, 1},
    {"\xE9\x80\x89", t2448, 22},
    {"\xE9\x80\x8D", t2449, 1},
    {"\xE9\x80\x8F", t2450, 7},
    {"\xE9\x80\x90", t2451, 5},
    {"\xE9\x80\x92", t2452, 4},
    {"\xE9\x80\x94", t2453, 2},
    {"\xE9\x80\x97", t2454, 1},
    {"\xE9\x80\x9A", t2455, 36},
    {"\xE9\x80\x9D", t2456, 1},
    {"\xE9\x80\x9F", t2457, 2},
    {"\xE9\x80\xA0", t2458, 14},
    {"\xE9\x80\xAE", t2459, 1},
    {"\xE9\x80\xBB", t2460, 1},
    {"\xE9\x80\xBC", t2461, 4},
    {"\xE9\x81\x82", t2462, 1},
    {"\xE9\x81\x87", t2463, 5},
    {"\xE9\x81\x8D", t2464, 3},
    {"\xE9\x81\x8F", t2465, 1},
    {"\xE9\x81\x93", t2466, 17},
    {"\xE9\x81\x97", t2467, 15},
    {"\xE9\x81\xA3", t2468, 1},
    {"\xE9\x81\xA5", t2469, 4},
    {"\xE9\x81\xAD", t2470, 4},
    {"\xE9\x81\xAE", t2471, 2},
    {"\xE9\x81\xB5", t2472, 4},
    {"\xE9\x81\xBF", t2473, 7},
    {"\xE9\x82\x80", t2474, 1},
    {"\xE9\x82\x93", t2475, 4},
    {"\xE9\x82\xA2", t2476, 3},
    {"\xE9\x82\xA3", t2477, 24},
    {"\xE9\x82\xAA", t2478, 1},
    {"\xE9\x82\xAE", t2479, 8},
    {"\xE9\x82\xAF", t2480, 1},
    {"\xE9\x82\xB0", t2481, 1},
    {"\xE9\x82\xB1", t2482, 1},
    {"\xE9\x82\xB5", t2483, 1},
    {"\xE9\x82\xB9", t2484, 2},
    {"\xE9\x82\xBB", t2485, 4},
    {"\xE9\x83\x81", t2486, 1},
    {"\xE9\x83\x8A", t2487, 2},
    {"\xE9\x83\x8E", t2488, 2},
    {"\xE9\x83\x91", t2489, 10},
    {"\xE9\x83\x9D", t2490, 2},
    {"\xE9\x83\xA1", t2491, 4},
    {"\xE9\x83\xA2", t2492, 1},
    {"\xE9\x83\xA7", t2493, 3},
    {"\xE9\x83\xA8", t2494, 14},
    {"\xE9\x83\xAD", t2495, 13},
    {"\xE9\x83\xBD", t2496, 6},
    {"\xE9\x84\x82", t2497, 12},
    {"\xE9\x84\x99", t2498, 3},
    {"\xE9\x84\xB1", t2499, 1},
    {"\xE9\x85\x8B", t2500, 1},
    {"\xE9\x85\x8D", t2501, 13},
    {"\xE9\x85\x92", t2502, 10},
    {"\xE9\x85\x9D", t2503, 1},
    {"\xE9\x85\xB1", t2504, 1},
    {"\xE9\x85\xB8", t2505, 3},
    {"\xE9\x85\xBF", t2506, 2},
    {"\xE9\x86\x87", t2507, 1},
    {"\xE9\x86\x92", t2508, 3},
    {"\xE9\x86\xB4", t2509, 1},
    {"\xE9\x87\x87", t2510, 11},
    {"\xE9\x87\x8A", t2511, 1},
    {"\xE9\x87\x8C", t2512, 8},
    {"\xE9\x87\x8D", t2513, 36},
    {"\xE9\x87\x8E", t2514, 11},
    {"\xE9\x87\x8F", t2515, 2},
    {"\xE9\x87\x91", t2516, 50},
    {"\xE9\x89\xB4", t2517, 4},
    {"\xE9\x92\x88", t2518, 5},
    {"\xE9\x92\x89", t2519, 1},
    {"\xE9\x92\x93", t2520, 2},
    {"\xE9\x92\x9E", t2521, 1},
    {"\xE9\x92\x9F", t2522, 8},
    {"\xE9\x92\xA2", t2523, 8},
    {"\xE9\x92\xA5", t2524, 1},
    {"\xE9\x92\xA6", t2525, 3},
    {"\xE9\x92\xB1", t2526, 7},
    {"\xE9\x92\xBB", t2527, 4},
    {"\xE9\x92\xBE", t2528, 1},
    {"\xE9\x93\x81", t2529, 22},
    {"\xE9\x93\x83", t2530, 1},
    {"\xE9\x93\x85", t2531, 1},
    {"\xE9\x93\x9C", t2532, 5},
    {"\xE9\x93\xAD", t2533, 1},
    {"\xE9\x93\xB6", t2534, 17},
    {"\xE9\x93\xB8", t2535, 4},
    {"\xE9\x93\xBA", t2536, 2},
    {"\xE9\x93\xBE", t2537, 1},
    {"\xE9\x94\x80", t2538, 4},
    {"\xE9\x94\x81", t2539, 1},
    {"\xE9\x94\x85", t2540, 2},
    {"\xE9\x94\x8B", t2541, 1},
    {"\xE9\x94\x90", t2542, 3},
    {"\xE9\x94\x99", t2543, 4},
    {"\xE9\x94\xA1", t2544, 1},
    {"\xE9\x94\xA3", t2545, 1},
    {"\xE9\x94\xA6", t2546, 4},
    {"\xE9\x94\xAE", t2547, 1},
    {"\xE9\x94\xAF", t2548, 1},
    {"\xE9\x94\xBB", t2549, 1},
    {"\xE9\x95\x87", t2550, 7},
    {"\xE9\x95\x96", t2551, 1},
    {"\xE9\x95\x9C", t2552, 2},
    {"\xE9\x95\xB6", t2553, 1},
    {"\xE9\x95\xBF", t2554, 56},
    {"\xE9\x97\xA8", t2555, 24},
    {"\xE9\x97\xAA", t2556, 9},
    {"\xE9\x97\xAD", t2557, 5},
    {"\xE9\x97\xAE", t2558, 8},
    {"\xE9\x97\xAF", t2559, 3},
    {"\xE9\x97\xB2", t2560, 5},
    {"\xE9\x97\xB4", t2561, 6},
    {"\xE9\x97\xB8", t2562, 1},
    {"\xE9\x97\xB9", t2563, 1},
    {"\xE9\x97\xBA", t2564, 1},
    {"\xE9\x97\xBB", t2565, 6},
    {"\xE9\x97\xBD", t2566, 1},
    {"\xE9\x98\x81", t2567, 2},
    {"\xE9\x98\x85", t2568, 3},
    {"\xE9\x98\x89", t2569, 1},
    {"\xE9\x98\x8E", t2570, 2},
    {"\xE9\x98\x90", t2571, 3},
    {"\xE9\x98\x94", t2572, 2},
    {"\xE9\x98\x9F", t2573, 6},
    {"\xE9\x98\xAE", t2574, 2},
    {"\xE9\x98\xB2", t2575, 17},
    {"\xE9\x98\xB3", t2576, 7},
    {"\xE9\x98\xB4", t2577, 8},
    {"\xE9\x98\xB5", t2578, 9},
    {"\xE9\x98\xB6", t2579, 5},
    {"\xE9\x98\xBB", t2580, 8},
    {"\xE9\x98\xBF", t2581, 15},
    {"\xE9\x99\x80", t2582, 1},
    {"\xE9\x99\x84", t2583, 9},
    {"\xE9\x99\x86", t2584, 13},
    {"\xE9\x99\x88", t2585, 41},
    {"\xE9\x99\x8C", t2586, 2},
    {"\xE9\x99\x8D", t2587, 10},
    {"\xE9\x99\x90", t2588, 6},
    {"\xE9\x99\x95", t2589, 4},
    {"\xE9\x99\x9B", t2590, 1},
    {"\xE9\x99\xA1", t2591, 3},
    {"\xE9\x99\xA2", t2592, 9},
    {"\xE9\x99\xA4", t2593, 6},
    {"\xE9\x99\xA8", t2594, 1},
    {"\xE9\x99\xA9", t2595, 4},
    {"\xE9\x99\xAA", t2596, 3},
    {"\xE9\x99\xB5", t2597, 2},
    {"\xE9\x99\xB6", t2598, 5},
    {"\xE9\x99\xB7", t2599, 5},
    {"\xE9\x9A\x86", t2600, 6},
    {"\xE9\x9A\x8B", t2601, 3},
    {"\xE9\x9A\x8F", t2602, 18},
    {"\xE9\x9A\x90", t2603, 12},
    {"\xE9\x9A\x94", t2604, 5},
    {"\xE9\x9A\x97", t2605, 1},
    {"\xE9\x9A\x9C", t2606, 1},
    {"\xE9\x9A\xA7", t2607, 1},
    {"\xE9\x9A\xB6", t2608, 1},
    {"\xE9\x9A\xBE", t2609, 20},
    {"\xE9\x9B\x81", t2610, 1},
    {"\xE9\x9B\x84", t2611, 6},
    {"\xE9\x9B\x85", t2612, 3},
    {"\xE9\x9B\x86", t2613, 19},
    {"\xE9\x9B\x87", t2614, 4},
    {"\xE9\x9B\x8C", t2615, 3},
    {"\xE9\x9B\x8D", t2616, 1},
    {"\xE9\x9B\x95", t2617, 4},
    {"\xE9\x9B\xA8", t2618, 3},
    {"\xE9\x9B\xAA", t2619, 4},
    {"\xE9\x9B\xB6", t2620, 6},
    {"\xE9\x9B\xB7", t2621, 8},
    {"\xE9\x9B\xBE", t2622, 1},
    {"\xE9\x9C\x80", t2623, 3},
    {"\xE9\x9C\x87", t2624, 6},
    {"\xE9\x9C\x8D", t2625, 2},
    {"\xE9\x9C\x8E", t2626, 2},
    {"\xE9\x9C\xB2", t2627, 3},
    {"\xE9\x9C\xB8", t2628, 4},
    {"\xE9\x9C\xB9", t2629, 1},
    {"\xE9\x9D\x92", t2630, 26},
    {"\xE9\x9D\x99", t2631, 8},
    {"\xE9\x9D\x9E", t2632, 12},
    {"\xE9\x9D\xA0", t2633, 4},
    {"\xE9\x9D\xA2", t2634, 25},
    {"\xE9\x9D\xA9", t2635, 5},
    {"\xE9\x9E\x8B", t2636, 1},
    {"\xE9\x9E\x91", t2637, 1},
    {"\xE9\x9E\xAD", t2638, 2},
    {"\xE9\x9F\xA6", t2639, 4},
    {"\xE9\x9F\xA7", t2640, 1},
    {"\xE9\x9F\xA9", t2641, 7},
    {"\xE9\x9F\xB3", t2642, 11},
    {"\xE9\x9F\xB5", t2643, 1},
    {"\xE9\xA1\xB6", t2644, 8},
    {"\xE9\xA1\xB7", t2645, 3},
    {"\xE9\xA1\xB9", t2646, 2},
    {"\xE9\xA1\xBA", t2647, 9},
    {"\xE9\xA1\xBB", t2648, 3},
    {"\xE9\xA1\xBD", t2649, 5},
    {"\xE9\xA1\xBE", t2650, 11},
    {"\xE9\xA1\xBF", t2651, 2},
    {"\xE9\xA2\x81", t2652, 4},
    {"\xE9\xA2\x82", t2653, 1},
    {"\xE9\xA2\x84", t2654, 21},
    {"\xE9\xA2\x86", t2655, 24},
    {"\xE9\xA2\x87", t2656, 1},
    {"\xE9\xA2\x88", t2657, 1},
    {"\xE9\xA2\x90", t2658, 1},
    {"\xE9\xA2\x91", t2659, 4},
    {"\xE9\xA2\x97", t2660, 1},
    {"\xE9\xA2\x98", t2661, 6},
    {"\xE9\xA2\x9C", t2662, 5},
    {"\xE9\xA2\x9D", t2663, 2},
    {"\xE9\xA2\xA0", t2664, 3},
    {"\xE9\xA2\xA4", t2665, 2},
    {"\xE9\xA3\x8E", t2666, 30},
    {"\xE9\xA3\x93", t2667, 1},
    {"\xE9\xA3\x9E", t2668, 21},
    {"\xE9\xA3\x9F", t2669, 8},
    {"\xE9\xA4\x90", t2670, 4},
    {"\xE9\xA5\xA5", t2671, 2},
    {"\xE9\xA5\xAD", t2672, 7},
    {"\xE9\xA5\xAE", t2673, 6},
    {"\xE9\xA5\xB0", t2674, 1},
    {"\xE9\xA5\xB1", t2675, 3},
    {"\xE9\xA5\xB2", t2676, 2},
    {"\xE9\xA5\xB4", t2677, 1},
    {"\xE9\xA5\xBA", t2678, 1},
    {"\xE9\xA5\xBC", t2679, 1},
    {"\xE9\xA5\xBF", t2680, 1},
    {"\xE9\xA6\x86", t2681, 1},
    {"\xE9\xA6\x92", t2682, 1},
    {"\xE9\xA6\x96", t2683, 23},
    {"\xE9\xA6\x99", t2684, 13},
    {"\xE9\xA9\xAC", t2685, 39},
    {"\xE9\xA9\xAF", t2686, 1},
    {"\xE9\xA9\xB0", t2687, 2},
    {"\xE9\xA9\xB1", t2688, 6},
    {"\xE9\xA9\xB4", t2689, 1},
    {"\xE9\xA9\xB8", t2690, 1},
    {"\xE9\xA9\xBB", t2691, 8},
    {"\xE9\xA9\xBE", t2692, 4},
    {"\xE9\xA9\xBF", t2693, 1},
    {"\xE9\xAA\x82", t2694, 1},
    {"\xE9\xAA\x84", t2695, 1},
    {"\xE9\xAA\x86", t2696, 1},
    {"\xE9\xAA\x87", t2697, 2},
    {"\xE9\xAA\x8C", t2698, 2},
    {"\xE9\xAA\x8F", t2699, 1},
    {"\xE9\xAA\x91", t2700, 3},
    {"\xE9\xAA\x97", t2701, 2},
    {"\xE9\xAA\x9A", t2702, 3},
    {"\xE9\xAA\xA1", t2703, 2},
    {"\xE9\xAA\xA4", t2704, 1},
    {"\xE9\xAA\xA8", t2705, 9},
    {"\xE9\xAA\xB0", t2706, 1},
    {"\xE9\xAA\xB7", t2707, 1},
    {"\xE9\xAB\x98", t2708, 87},
    {"\xE9\xAC\xBC", t2709, 4},
    {"\xE9\xAD\x81", t2710, 1},
    {"\xE9\xAD\x85", t2711, 1},
    {"\xE9\xAD\x8F", t2712, 6},
    {"\xE9\xAD\x94", t2713, 4},
    {"\xE9\xB1\xBC", t2714, 14},
    {"\xE9\xB1\xBF", t2715, 1},
    {"\xE9\xB2\x81", t2716, 5},
    {"\xE9\xB2\x87", t2717, 1},
    {"\xE9\xB2\x8D", t2718, 1},
    {"\xE9\xB2\x9C", t2719, 10},
    {"\xE9\xB2\x9F", t2720, 1},
    {"\xE9\xB2\xA4", t2721, 1},
    {"\xE9\xB2\xA5", t2722, 1},
    {"\xE9\xB2\xA8", t2723, 1},
    {"\xE9\xB2\xB6", t2724, 1},
    {"\xE9\xB3\x87", t2725, 1},
    {"\xE9\xB3\x8A", t2726, 1},
    {"\xE9\xB3\x9C", t2727, 1},
    {"\xE9\xB3\x9E", t2728, 1},
    {"\xE9\xB8\x9F", t2729, 3},
    {"\xE9\xB8\xA1", t2730, 2},
    {"\xE9\xB8\xA3", t2731, 1},
    {"\xE9\xB8\xA6", t2732, 2},
    {"\xE9\xB8\xAD", t2733, 2},
    {"\xE9\xB8\xB1", t2734, 1},
    {"\xE9\xB8\xB3", t2735, 1},
    {"\xE9\xB8\xBD", t2736, 2},
    {"\xE9\xB9\xA4", t2737, 2},
    {"\xE9\xB9\xA7", t2738, 1},
    {"\xE9\xB9\xBF", t2739, 4},
    {"\xE9\xBA\x8B", t2740, 1},
    {"\xE9\xBA\xA6", t2741, 2},
    {"\xE9\xBA\xBB", t2742, 12},
    {"\xE9\xBA\xBE", t2743, 1},
    {"\xE9\xBB\x84", t2744, 63},
    {"\xE9\xBB\x8E", t2745, 4},
    {"\xE9\xBB\x91", t2746, 18},
    {"\xE9\xBB\x98", t2747, 6},
    {"\xE9\xBB\xAF", t2748, 1},
    {"\xE9\xBC\x8E", t2749, 2},
    {"\xE9\xBC\x93", t2750, 7},
    {"\xE9\xBC\xA0", t2751, 1},
    {"\xE9\xBC\xBB", t2752, 4},
    {"\xE9\xBC\xBE", t2753, 1},
    {"\xE9\xBD\x90", t2754, 5},
    {"\xE9\xBD\xBF", t2755, 1},
    {"\xE9\xBE\x99", t2756, 15},
    {"\xE9\xBE\x9A", t2757, 1},
    {"\xE9\xBE\x9F", t2758, 1},
};
static const int kCjkGroupCount = 2759;

#endif /* WHALEUI_CJK_DICT_FULL_H */
